file_name,pred_eform,true_eform,material_id,e_hull,true_label,pred_label
mp-727248.cif,-1.3417523,-1.2039232,mp-727248,0.5951537091337737,Stable,Stable
mp-864887.cif,-1.457617,-1.3194934,mp-864887,0.0052346487777752415,Stable,Stable
mp-1245856.cif,-1.1263353,-0.86299986,mp-1245856,0.03568654249999881,Stable,Stable
mp-1428795.cif,0.0527715,-0.14103907,mp-1428795,0.3744327469999966,Stable,Unstable
mp-776212.cif,-2.8218925,-2.5292504,mp-776212,0.1295248295000011,Stable,Stable
mp-1106163.cif,-0.78043747,-0.5293085,mp-1106163,1.3698039407638873,Stable,Stable
mp-1029832.cif,-1.2432694,-1.2667731,mp-1029832,0.0,Stable,Stable
mp-1181105.cif,-0.4878005,-0.49824595,mp-1181105,0.17512676107638647,Stable,Stable
mp-1019743.cif,-0.7427051,-0.63229287,mp-1019743,0.2234889624999994,Stable,Stable
mp-1247100.cif,-0.50399035,-0.48115614,mp-1247100,0.03846265814814842,Stable,Stable
mp-1246749.cif,-0.46470138,-0.45135495,mp-1246749,0.11373015505050432,Stable,Stable
mp-1181093.cif,-0.81301016,-0.7378855,mp-1181093,0.2038277038157874,Stable,Stable
mp-605860.cif,-0.37065837,-0.3641581,mp-605860,0.05486756677083493,Stable,Stable
mp-556430.cif,-0.16350716,0.08420891,mp-556430,0.4215904067389449,Unstable,Stable
mp-776466.cif,-3.2421224,-3.1849384,mp-776466,0.06253987978573505,Stable,Stable
mp-1246615.cif,-0.7591926,-0.5487742,mp-1246615,0.38517526985713957,Stable,Stable
mp-1198019.cif,-1.4761562,-1.6385127,mp-1198019,0.0,Stable,Stable
mp-21327.cif,0.7447879,0.6869435,mp-21327,1.874561988295448,Unstable,Unstable
mp-1228943.cif,-1.1004246,-0.9194223,mp-1228943,0.003032757499999761,Stable,Stable
mp-1194847.cif,-0.37389657,-0.37893367,mp-1194847,0.0056640455965997205,Stable,Stable
mp-1219270.cif,-0.24916092,-0.19670345,mp-1219270,0.1431928514285694,Stable,Stable
mp-1198510.cif,-1.5344013,-1.6361829,mp-1198510,0.0,Stable,Stable
mp-1246274.cif,-0.27214232,0.13976212,mp-1246274,0.3323155952107282,Unstable,Stable
mp-1246180.cif,-0.7422917,-0.6686778,mp-1246180,0.24563143111111074,Stable,Stable
mp-643123.cif,-0.1891514,-0.18685247,mp-643123,0.7354487118611104,Stable,Stable
mp-1096968.cif,0.08401314,-0.13182916,mp-1096968,0.3676287164583325,Stable,Unstable
mp-1247510.cif,0.095797665,0.3385368,mp-1247510,0.4076725443681326,Unstable,Unstable
mp-37550.cif,-1.0367022,-1.2515666,mp-37550,0.09153768583332322,Stable,Stable
mp-1246933.cif,-0.5699463,-0.15944523,mp-1246933,0.4942257983333356,Stable,Stable
mp-1247282.cif,-1.1681932,-1.058536,mp-1247282,0.09599881486110995,Stable,Stable
mp-726709.cif,0.3515163,0.29210943,mp-726709,1.2510394744444477,Unstable,Unstable
mp-29156.cif,-1.2953575,-1.1911929,mp-29156,0.0380106026190461,Stable,Stable
mp-1419.cif,0.44328523,0.45019734,mp-1419,0.4501973490340916,Unstable,Unstable
mp-1229212.cif,-0.52487737,-0.4187777,mp-1229212,0.34586170461538224,Stable,Stable
mp-776321.cif,-0.5466679,-0.31741327,mp-776321,0.14700750083333247,Stable,Stable
mp-1029574.cif,-0.0929539,-0.17029625,mp-1029574,0.017569250097702493,Stable,Stable
mp-1246519.cif,-0.6470675,-0.6859712,mp-1246519,0.12449259646052546,Stable,Stable
mp-22631.cif,0.13664526,0.17786528,mp-22631,0.17786528208333507,Unstable,Unstable
mp-1238356.cif,-0.501528,-0.21223266,mp-1238356,0.3979377357812499,Stable,Stable
mp-601326.cif,-0.77476454,-0.7010682,mp-601326,0.0,Stable,Stable
mp-626542.cif,0.0642958,-0.07531711,mp-626542,0.8769928056666663,Stable,Unstable
mp-1079486.cif,2.899684,2.4633703,mp-1079486,2.4623492563888885,Unstable,Unstable
mp-11670.cif,-1.5153681,-1.4360827,mp-11670,0.0,Stable,Stable
mp-1246076.cif,-0.21923912,-0.12764907,mp-1246076,0.3465357596153851,Stable,Stable
mp-1078929.cif,0.13474968,-0.015045646,mp-1078929,0.7498316949999997,Stable,Unstable
mp-1247225.cif,-0.8188622,-0.6695537,mp-1247225,0.19210678874999942,Stable,Stable
mp-1228339.cif,-1.9871562,-1.7416664,mp-1228339,0.2658820272916671,Stable,Stable
mp-1223097.cif,-0.7737453,-0.573988,mp-1223097,0.008584822812499837,Stable,Stable
mp-707274.cif,-0.90737617,-0.907063,mp-707274,0.1944709083007803,Stable,Stable
mp-510380.cif,-0.16824305,-0.20966135,mp-510380,0.06883214624999923,Stable,Stable
mp-552185.cif,-0.651869,-0.6806635,mp-552185,0.0,Stable,Stable
mp-1246609.cif,-0.4186748,-0.24216267,mp-1246609,0.03854832699999733,Stable,Stable
mp-1212631.cif,-0.70635885,-1.1339371,mp-1212631,0.5506877583680545,Stable,Stable
mp-759161.cif,-0.31040522,-0.36708102,mp-759161,0.08723175328124988,Stable,Stable
mp-1245876.cif,-0.63027906,-0.28706118,mp-1245876,0.38920278187499946,Stable,Stable
mp-604245.cif,-1.6675667,-1.5553647,mp-604245,0.009732543000000149,Stable,Stable
mp-6825.cif,-1.4189138,-1.377012,mp-6825,0.0,Stable,Stable
mp-560716.cif,-1.2032976,-1.2484245,mp-560716,0.0,Stable,Stable
mp-9499.cif,-2.3787112,-2.4170752,mp-9499,0.025937065833330664,Stable,Stable
mp-1246402.cif,-0.98184466,-0.7416239,mp-1246402,0.30344018305555664,Stable,Stable
mp-1197085.cif,-0.6198034,-0.92084587,mp-1197085,0.8963390172500034,Stable,Stable
mp-1182706.cif,1.6563649,2.3226786,mp-1182706,3.089854534583333,Unstable,Unstable
mp-30148.cif,-0.046981283,-0.16350679,mp-30148,0.5429827012500006,Stable,Stable
mp-4678.cif,-1.4533584,-1.2573208,mp-4678,0.020636522083336217,Stable,Stable
mp-1189871.cif,-0.9692906,-0.96590966,mp-1189871,0.0,Stable,Stable
mp-561502.cif,-1.4070599,-1.3700258,mp-561502,0.144262260416669,Stable,Stable
mp-1245678.cif,-1.7390096,-1.5827153,mp-1245678,0.25692945609375073,Stable,Stable
mp-1246450.cif,0.15488304,0.30257252,mp-1246450,0.36307585833333267,Unstable,Unstable
mp-699469.cif,-0.8555808,-0.8116166,mp-699469,0.0,Stable,Stable
mp-541712.cif,-1.8376408,-1.5301495,mp-541712,0.0,Stable,Stable
mp-976247.cif,0.6328049,0.4105809,mp-976247,0.4649287656746015,Unstable,Unstable
mp-1245486.cif,-0.59801954,-0.55080426,mp-1245486,0.2890318050000005,Stable,Stable
mp-569580.cif,-1.92677,-1.8325698,mp-569580,0.04372773589285739,Stable,Stable
mp-773830.cif,-0.7778959,-0.5790105,mp-773830,0.21727048974999974,Stable,Stable
mp-1019378.cif,-1.7659843,-1.409948,mp-1019378,0.017318488749999972,Stable,Stable
mp-570315.cif,-0.725276,-0.6812591,mp-570315,0.26315332487499177,Stable,Stable
mp-1080799.cif,0.07687984,-0.24628071,mp-1080799,0.9402272565000009,Stable,Unstable
mp-1246275.cif,-0.49198458,-0.24944954,mp-1246275,0.1447163583333282,Stable,Stable
mp-1360641.cif,-0.15163052,1.2516769,mp-1360641,2.152743505564705,Unstable,Stable
mp-1196230.cif,-0.8586242,-0.7911865,mp-1196230,0.355157582173911,Stable,Stable
mp-1078389.cif,-0.6332199,-0.53546226,mp-1078389,0.010758138749999091,Stable,Stable
mp-1018099.cif,-1.8674668,-1.5439935,mp-1018099,0.015742234791666476,Stable,Stable
mp-1247051.cif,-0.0034327134,-0.07974134,mp-1247051,0.21248991158333386,Stable,Stable
mp-1208340.cif,0.14882633,0.5711334,mp-1208340,2.073906894375,Unstable,Unstable
mp-605821.cif,-2.079119,-1.8245722,mp-605821,0.15121970517857175,Stable,Stable
mp-1245538.cif,-0.26346815,-0.20507258,mp-1245538,0.032032299999999125,Stable,Stable
mp-13098.cif,-1.230084,-1.0635793,mp-13098,0.9360380049999986,Stable,Stable
mp-1029517.cif,-0.53815985,-0.40573376,mp-1029517,0.1162830578125007,Stable,Stable
mp-1247394.cif,-0.13410187,-0.12159061,mp-1247394,0.09615111416666622,Stable,Stable
mp-679983.cif,-0.721799,-0.6629188,mp-679983,0.007183700694458395,Stable,Stable
mp-1245596.cif,-0.1309754,0.07934669,mp-1245596,0.2960599271264357,Unstable,Stable
mp-1189295.cif,-0.3322374,-0.39651558,mp-1189295,1.2076156122222237,Stable,Stable
mp-27970.cif,-0.016966015,0.07976953,mp-27970,0.05397993733333628,Unstable,Stable
mp-1219350.cif,-1.1090162,-1.1374401,mp-1219350,0.028990906449270604,Stable,Stable
mp-607806.cif,-2.2895174,-2.1640408,mp-607806,0.0,Stable,Stable
mp-1217099.cif,-1.2977226,-1.1170639,mp-1217099,0.002745354999998284,Stable,Stable
mp-703444.cif,-1.7011852,-1.8442161,mp-703444,0.0,Stable,Stable
mp-1246612.cif,-0.5106654,-0.45334926,mp-1246612,0.2562688637500017,Stable,Stable
mp-1245480.cif,-0.9398489,-0.7599215,mp-1245480,0.21226373097222329,Stable,Stable
mp-1180345.cif,-0.08314303,-0.059301794,mp-1180345,0.39156547662499985,Stable,Stable
mp-1391177.cif,-0.9532683,-0.6724595,mp-1391177,0.13227267600000037,Stable,Stable
mp-776452.cif,-3.301067,-3.1635885,mp-776452,0.09467033101190836,Stable,Stable
mp-2718.cif,0.5697433,0.37373745,mp-2718,0.37373745291666616,Unstable,Unstable
mp-868032.cif,-1.1532446,-1.1362761,mp-868032,0.15855172639535198,Stable,Stable
mp-1097065.cif,-1.3230107,-1.4318192,mp-1097065,0.0,Stable,Stable
mp-648211.cif,-1.0208755,-0.9576256,mp-648211,0.02243096619791718,Stable,Stable
mp-1246014.cif,-0.40776882,-0.32868868,mp-1246014,0.19134684041666628,Stable,Stable
mp-706430.cif,-1.1049436,-1.0124336,mp-706430,0.04156773000000058,Stable,Stable
mp-1202072.cif,-1.0695204,-0.9191792,mp-1202072,0.27558607326922946,Stable,Stable
mp-1029619.cif,-0.65788245,-0.44699836,mp-1029619,0.08901903880953022,Stable,Stable
mp-1194108.cif,-1.169548,-1.1281319,mp-1194108,0.0,Stable,Stable
mp-1200895.cif,-0.36581445,-0.33560386,mp-1200895,0.039933175216051886,Stable,Stable
mp-1225717.cif,0.38081646,0.38914827,mp-1225717,0.38914827374999916,Unstable,Unstable
mp-1220939.cif,-2.0496771,-1.8016781,mp-1220939,0.10507952406250087,Stable,Stable
mp-1218704.cif,-3.0827167,-2.8309057,mp-1218704,0.04340295928571791,Stable,Stable
mp-8102.cif,-0.18434593,-0.16570918,mp-8102,0.36505740142857235,Stable,Stable
mp-1194674.cif,-0.49140295,-0.5124463,mp-1194674,0.0,Stable,Stable
mp-1009601.cif,1.2549781,1.1390628,mp-1009601,1.1390627124999995,Unstable,Unstable
mp-1245473.cif,-0.107714914,-0.11910247,mp-1245473,0.3104531984999994,Stable,Stable
mp-1225528.cif,-1.0742214,-1.1740572,mp-1225528,0.05166429749999679,Stable,Stable
mp-1245584.cif,-0.17166322,-0.06912931,mp-1245584,0.31151733555555516,Stable,Stable
mp-1244975.cif,-0.059698455,-0.052312035,mp-1244975,0.6177373734000007,Stable,Stable
mp-1197127.cif,0.75311565,1.0154068,mp-1197127,1.1620918630555526,Unstable,Unstable
mp-1206884.cif,-0.37313822,-0.1559953,mp-1206884,0.04054900744444545,Stable,Stable
mp-1247475.cif,0.07974442,0.15376131,mp-1247475,0.18953030909090884,Unstable,Unstable
mp-740754.cif,-1.2663196,-1.1095319,mp-740754,0.15947028242284844,Stable,Stable
mp-1358821.cif,-1.1046543,0.94655865,mp-1358821,3.4105202025000017,Unstable,Stable
mp-1245422.cif,-0.028731689,0.068098836,mp-1245422,0.28584056125000146,Unstable,Stable
mp-1192944.cif,-0.98134995,-0.66757464,mp-1192944,0.0,Stable,Stable
mp-1245772.cif,-0.41139597,-0.39465526,mp-1245772,0.19299558403097006,Stable,Stable
mp-1194039.cif,-1.1954666,-1.2540843,mp-1194039,0.2935187325000017,Stable,Stable
mp-567459.cif,0.25816873,0.2276421,mp-567459,0.22764210597222245,Unstable,Unstable
mp-1225746.cif,0.45485952,0.51445395,mp-1225746,0.514453951250001,Unstable,Unstable
mp-1217108.cif,-1.2567464,-0.85878134,mp-1217108,0.8028528866666669,Stable,Stable
mp-1210601.cif,-0.83920693,-0.25934738,mp-1210601,1.2967223603846136,Stable,Stable
mp-1359894.cif,-0.8545585,0.8621038,mp-1359894,3.1965880672499996,Unstable,Stable
mp-1119132.cif,0.0017149076,-0.14748839,mp-1119132,0.21786460492241133,Stable,Unstable
mp-636056.cif,0.8160006,0.8158648,mp-636056,1.0369771337499998,Unstable,Unstable
mp-1228663.cif,-1.1735973,-1.180992,mp-1228663,0.0,Stable,Stable
mp-1247461.cif,-0.5379513,-0.4594192,mp-1247461,0.3602444335000001,Stable,Stable
mp-754668.cif,-3.2252088,-3.0737143,mp-754668,0.09546812406249927,Stable,Stable
mp-752863.cif,-1.3979546,-1.2796537,mp-752863,0.008970973465908472,Stable,Stable
mp-28065.cif,-2.438106,-2.4208777,mp-28065,0.0,Stable,Stable
mp-1246515.cif,-1.6295936,-1.5512998,mp-1246515,0.0,Stable,Stable
mp-1212266.cif,-1.2075623,-1.4369329,mp-1212266,0.0,Stable,Stable
mp-1219585.cif,1.4188353,1.4744838,mp-1219585,2.2884659598437502,Unstable,Unstable
mp-1189989.cif,1.0306923,1.6043923,mp-1189989,1.7282288607031244,Unstable,Unstable
mp-1202727.cif,0.49513572,0.53618586,mp-1202727,0.5610695978124998,Unstable,Unstable
mp-1245574.cif,-0.43831208,-0.5064498,mp-1245574,0.06185921133332872,Stable,Stable
mp-754512.cif,-0.9167115,-0.6222418,mp-754512,0.2998357197685193,Stable,Stable
mp-637256.cif,-0.24348825,-0.15301302,mp-637256,0.12030490777777203,Stable,Stable
mp-1197141.cif,-1.3392259,-0.899519,mp-1197141,0.5982964733014686,Stable,Stable
mp-1246424.cif,-0.20343074,-0.4141496,mp-1246424,0.29128505611111066,Stable,Stable
mp-562172.cif,-0.5902744,-0.8487504,mp-562172,0.0,Stable,Stable
mp-1246668.cif,-0.12698808,-0.100262076,mp-1246668,0.21587460592105323,Stable,Stable
mp-1246298.cif,-0.58934397,-0.598389,mp-1246298,0.11228546111111015,Stable,Stable
mp-1246032.cif,-0.76304495,-0.45457226,mp-1246032,0.36476610166666656,Stable,Stable
mp-1001079.cif,0.2781745,0.01053579,mp-1001079,0.41196654675000133,Unstable,Unstable
mp-568498.cif,-1.0675806,-0.9334202,mp-568498,0.0,Stable,Stable
mp-1245787.cif,-0.08804444,0.16899021,mp-1245787,0.33847711433333316,Unstable,Stable
mp-1233979.cif,-2.4573255,-2.2019224,mp-1233979,0.38813792142857473,Stable,Stable
mp-1245922.cif,-0.9811474,-0.95876056,mp-1245922,0.08168255092592602,Stable,Stable
mp-1029359.cif,-1.9633534,-1.8755447,mp-1029359,0.0,Stable,Stable
mp-1200374.cif,-0.39018756,-0.008173352,mp-1200374,0.6108433949652756,Stable,Stable
mp-1209746.cif,-2.1659741,-2.08358,mp-1209746,0.0,Stable,Stable
mp-675089.cif,-1.6415013,-0.6645366,mp-675089,0.994766616486114,Stable,Stable
mp-1080727.cif,-0.5511377,-0.9641816,mp-1080727,1.2380933960000045,Stable,Stable
mp-1236949.cif,0.8196066,0.516616,mp-1236949,1.7969885478431271,Unstable,Unstable
mp-1192067.cif,0.31795368,0.12239641,mp-1192067,0.1657570781381139,Unstable,Unstable
mp-653586.cif,0.028447755,0.12717707,mp-653586,0.44183242590909,Unstable,Unstable
mp-1180048.cif,-0.6312041,-1.0645365,mp-1180048,0.19299444833333457,Stable,Stable
mp-1216011.cif,-0.3031213,-0.19875433,mp-1216011,0.12556332785714552,Stable,Stable
mp-1203953.cif,-1.9524484,-1.7612109,mp-1203953,0.08576379237501897,Stable,Stable
mp-1218989.cif,-0.99542797,-1.0667776,mp-1218989,0.04410884145833194,Stable,Stable
mp-1245380.cif,-0.34074137,-0.27978736,mp-1245380,0.29963810035714467,Stable,Stable
mp-1245932.cif,0.04966086,0.11401198,mp-1245932,0.304925613,Unstable,Unstable
mp-1193817.cif,-0.080172814,-0.105932645,mp-1193817,0.3294079221428552,Stable,Stable
mp-579496.cif,-0.1828694,-0.25132987,mp-579496,0.0,Stable,Stable
mp-1214251.cif,0.09592145,-0.006496415,mp-1214251,0.10764074121093792,Stable,Unstable
mp-1245355.cif,-1.1982439,-1.2206464,mp-1245355,0.1776229770312483,Stable,Stable
mp-29754.cif,-0.6512073,-0.6219862,mp-29754,0.0,Stable,Stable
mp-23745.cif,-1.0012802,-0.8736371,mp-23745,0.19849864584374988,Stable,Stable
mp-6977.cif,-1.6633308,-1.1858389,mp-6977,0.03151386449999993,Stable,Stable
mp-1029737.cif,-1.2692637,-1.2383715,mp-1029737,0.042143475416672516,Stable,Stable
mp-542791.cif,-2.3582785,-2.108394,mp-542791,1.4276666666646065e-05,Stable,Stable
mp-1030704.cif,-0.64083827,-0.6170554,mp-1030704,0.0,Stable,Stable
mp-1246387.cif,-0.5908011,-0.53351736,mp-1246387,0.363773620937506,Stable,Stable
mp-13099.cif,-1.9061944,-1.751906,mp-13099,0.24771123500000058,Stable,Stable
mp-27989.cif,0.27271762,0.19297484,mp-27989,0.46096180703125,Unstable,Unstable
mp-1201225.cif,-1.1433344,-0.9524186,mp-1201225,0.9905609520499947,Stable,Stable
mp-1208230.cif,-1.0673552,-0.25148168,mp-1208230,1.4850656248333305,Stable,Stable
mp-775788.cif,-2.6110444,-2.4465926,mp-775788,0.21221269399999976,Stable,Stable
mp-726756.cif,0.28077358,-0.23065324,mp-726756,0.4907913812878766,Stable,Unstable
mp-775824.cif,-2.620964,-2.3320818,mp-775824,0.13227990675000179,Stable,Stable
mp-1191312.cif,-0.16915724,-0.28767,mp-1191312,1.4267195375000004,Stable,Stable
mp-1018733.cif,0.8687072,0.7493382,mp-1018733,0.7493382050000008,Unstable,Unstable
mp-1199676.cif,-1.4575715,-1.1565918,mp-1199676,0.0,Stable,Stable
mp-1207397.cif,0.3242486,0.24666914,mp-1207397,1.3843922361666667,Unstable,Unstable
mp-1246049.cif,-0.24342883,-0.16020507,mp-1246049,0.15931765888888805,Stable,Stable
mp-1246444.cif,0.5290944,0.35778275,mp-1246444,0.35778275340909005,Unstable,Unstable
mp-757652.cif,-1.1576948,-1.1562548,mp-757652,0.004657284924086902,Stable,Stable
mp-1246742.cif,0.22345874,0.39965692,mp-1246742,0.3996569113043478,Unstable,Unstable
mp-560230.cif,-0.71825206,-0.9194113,mp-560230,0.0,Stable,Stable
mp-1247064.cif,-0.646755,-0.59023666,mp-1247064,0.08428642083333404,Stable,Stable
mp-1182015.cif,3.2456734,2.4414456,mp-1182015,2.4689282725000012,Unstable,Unstable
mp-14763.cif,-0.9668802,-1.0252004,mp-14763,0.0,Stable,Stable
mp-1247511.cif,-0.19901618,-0.025898084,mp-1247511,0.44363368157566985,Stable,Stable
mp-1193689.cif,0.1958786,-0.19019371,mp-1193689,0.1653499130803553,Stable,Unstable
mp-1200941.cif,-0.25311002,-0.24922718,mp-1200941,0.17415784708333248,Stable,Stable
mp-1212696.cif,-0.6084094,-0.55148363,mp-1212696,0.07928757981481294,Stable,Stable
mp-1193813.cif,-2.193168,-2.3107226,mp-1193813,0.45199737589101296,Stable,Stable
mp-24019.cif,-0.67765224,-0.7409287,mp-24019,0.30225145297618994,Stable,Stable
mp-625686.cif,-0.67627037,-0.46598402,mp-625686,0.5061067662222198,Stable,Stable
mp-1181463.cif,-0.22663754,0.044471025,mp-1181463,0.7165065872265615,Unstable,Stable
mp-1191221.cif,0.20747542,0.53862274,mp-1191221,1.1030690036363637,Unstable,Unstable
mp-1182073.cif,-1.2896135,-1.0630468,mp-1182073,0.544181025851449,Stable,Stable
mp-1009541.cif,0.74401253,0.64689857,mp-1009541,0.8307409131321837,Unstable,Unstable
mp-565428.cif,-1.771394,-1.6372601,mp-565428,0.010062201304347873,Stable,Stable
mp-1192810.cif,-1.3180405,-0.65481704,mp-1192810,0.9534650335833428,Stable,Stable
mp-1217103.cif,-1.0910769,-1.237827,mp-1217103,0.0,Stable,Stable
mp-1245746.cif,0.0386096,-0.06594502,mp-1245746,0.26651128135416613,Stable,Unstable
mp-849229.cif,-1.2963154,-1.1064585,mp-849229,0.009179653181815794,Stable,Stable
mp-1106104.cif,1.1413984,1.052633,mp-1106104,1.6951203604273486,Unstable,Unstable
mp-1245812.cif,-0.2623764,0.053952917,mp-1245812,0.4224157989285704,Unstable,Stable
mp-504828.cif,-1.5176032,-1.3577954,mp-504828,0.0,Stable,Stable
mp-1246649.cif,-0.6111051,-0.6155401,mp-1246649,0.0,Stable,Stable
mp-1246747.cif,-0.16413969,-0.002617298,mp-1246747,0.2212542750333295,Stable,Stable
mp-728567.cif,0.4154985,1.3133903,mp-728567,1.6920674398214306,Unstable,Unstable
mp-618375.cif,-0.25327113,-0.46854466,mp-618375,0.2666433397435899,Stable,Stable
mp-20419.cif,-0.6752639,-0.6883297,mp-20419,0.0,Stable,Stable
mp-1245733.cif,-1.6491561,-1.2665677,mp-1245733,0.346976541250001,Stable,Stable
mp-1194636.cif,-1.6999933,-1.4143019,mp-1194636,0.09054443950215241,Stable,Stable
mp-1246857.cif,-1.333579,-1.2343932,mp-1246857,0.1611756813636358,Stable,Stable
mp-568293.cif,-1.1899471,-0.9283448,mp-568293,0.031375908249998474,Stable,Stable
mp-1180300.cif,-0.1778462,-0.42467532,mp-1180300,0.09692177300001958,Stable,Stable
mp-36903.cif,-1.2335837,-1.414639,mp-36903,0.007499554500000727,Stable,Stable
mp-1247459.cif,-0.88223034,-0.89936364,mp-1247459,0.06338541491228078,Stable,Stable
mp-1095503.cif,-0.5313263,-0.83261204,mp-1095503,0.5736897292708338,Stable,Stable
mp-1179042.cif,0.3601194,0.43310636,mp-1179042,0.5034397010763882,Unstable,Unstable
mp-662551.cif,-0.5688503,-0.30429515,mp-662551,0.6832117195,Stable,Stable
mp-1228031.cif,-1.1132041,-1.1820813,mp-1228031,0.00384072946502112,Stable,Stable
mp-707784.cif,-1.4267555,-1.2915772,mp-707784,0.0017794620625011248,Stable,Stable
mp-1246347.cif,-0.40926903,-0.4463012,mp-1246347,0.3165146516714561,Stable,Stable
mp-1102371.cif,1.3546537,1.3050746,mp-1102371,2.056778179166667,Unstable,Unstable
mp-1246782.cif,-1.0116489,-0.79672605,mp-1246782,0.32305538555555735,Stable,Stable
mp-1204820.cif,-0.91248494,-0.6767392,mp-1204820,0.5009906395312509,Stable,Stable
mp-4396.cif,-1.4338298,-1.5901766,mp-4396,0.0,Stable,Stable
mp-1246848.cif,-0.7633465,-0.42775768,mp-1246848,0.20149393785714587,Stable,Stable
mp-861914.cif,-0.6489082,-0.69386554,mp-861914,0.0,Stable,Stable
mp-726636.cif,-0.19828895,0.26043597,mp-726636,0.6757843012916664,Unstable,Stable
mp-1246890.cif,-0.47928956,-0.44293356,mp-1246890,0.29406526,Stable,Stable
mp-1205028.cif,-0.6613299,-0.60524,mp-1205028,0.0,Stable,Stable
mp-1223479.cif,-1.0916697,-0.869032,mp-1223479,0.17915558378205176,Stable,Stable
mp-625385.cif,-0.3058978,-0.36215535,mp-625385,0.5156459934999988,Stable,Stable
mp-560323.cif,-1.289576,-1.2421364,mp-560323,0.05375843432692129,Stable,Stable
mp-1246691.cif,-0.5691166,-0.64436036,mp-1246691,0.1153347852777813,Stable,Stable
mp-1208917.cif,-1.0866449,-0.18256141,mp-1208917,1.4827827981666646,Stable,Stable
mp-1206642.cif,-0.73382473,-0.62926275,mp-1206642,0.1058532247983841,Stable,Stable
mp-1190850.cif,0.07329535,-0.22601897,mp-1190850,0.5772788132954467,Stable,Unstable
mp-1203459.cif,-1.3453958,-1.3661606,mp-1203459,0.0,Stable,Stable
mp-24741.cif,-1.4983815,-1.5716877,mp-24741,0.0,Stable,Stable
mp-559044.cif,0.13509974,0.02394814,mp-559044,0.16284084895833395,Unstable,Unstable
mp-1246210.cif,-0.82230884,-0.5548836,mp-1246210,0.3424633295370372,Stable,Stable
mp-1213900.cif,-0.60724115,-0.8572282,mp-1213900,0.6267964347807027,Stable,Stable
mp-1245233.cif,0.029620431,-0.021195648,mp-1245233,0.6488537591999997,Stable,Unstable
mp-574060.cif,-0.17037469,-0.13486756,mp-574060,0.38589190141666485,Stable,Stable
mp-1219842.cif,-2.5831716,-2.2693715,mp-1219842,0.15607073879629496,Stable,Stable
mp-1245349.cif,-0.056637593,0.00070038356,mp-1245349,0.39703447361111,Unstable,Stable
mp-1246147.cif,-0.08608771,-0.023237439,mp-1246147,0.2693604464473722,Stable,Stable
mp-1246323.cif,-1.244347,-0.736369,mp-1246323,0.34470936829629295,Stable,Stable
mp-1247183.cif,-0.35756454,-0.25049704,mp-1247183,0.29932068583333216,Stable,Stable
mp-1246536.cif,0.25227642,0.29527587,mp-1246536,0.2952758708695651,Unstable,Unstable
mp-1246041.cif,-0.74658316,-0.6330837,mp-1246041,0.14549080597222108,Stable,Stable
mp-1015065.cif,-0.056313418,-0.37600687,mp-1015065,0.2661532685714274,Stable,Stable
mp-854026.cif,-1.5131316,1.1869539,mp-854026,3.650915492250002,Unstable,Stable
mp-1246980.cif,-1.3046207,-1.2034316,mp-1246980,0.10380364611111226,Stable,Stable
mp-1412630.cif,1.4749557,5.8220587,mp-1412630,5.488827683461539,Unstable,Unstable
mp-1198441.cif,0.27134222,-0.004210831,mp-1198441,0.865084159854649,Stable,Unstable
mp-1245488.cif,-1.253211,-1.1247221,mp-1245488,0.022117702638887238,Stable,Stable
mp-8845.cif,-0.09310826,-0.4068937,mp-8845,0.4159495994749145,Stable,Stable
mp-1246945.cif,-0.7638335,-0.9555995,mp-1246945,0.15395467799999807,Stable,Stable
mp-1245661.cif,-0.2240574,0.0050910697,mp-1245661,0.3850716936363696,Unstable,Stable
mp-1245471.cif,-0.15213189,-0.052876394,mp-1245471,0.22908221880268087,Stable,Stable
mp-1201037.cif,-0.05024162,0.015788766,mp-1201037,0.2024977409288944,Unstable,Stable
mp-28946.cif,-2.4870446,-2.1895583,mp-28946,0.06805123474999952,Stable,Stable
mp-1245560.cif,-0.9347446,-1.0213481,mp-1245560,0.1469222650000006,Stable,Stable
mp-1246574.cif,-1.0410075,-0.9971437,mp-1246574,0.052953390500001696,Stable,Stable
mp-11009.cif,-0.7696145,-0.60442597,mp-11009,0.09159942823979428,Stable,Stable
mp-1096918.cif,0.07041495,-0.12577997,mp-1096918,0.37367790125000155,Stable,Unstable
mp-1245344.cif,-0.9350493,-0.939539,mp-1245344,0.22357596468749996,Stable,Stable
mp-1245677.cif,1.4904993,1.689672,mp-1245677,1.9509620949999977,Unstable,Unstable
mp-10556.cif,-1.0303226,-1.0025743,mp-10556,0.0,Stable,Stable
mp-722329.cif,-0.2571395,-0.22371663,mp-722329,0.1071649819444449,Stable,Stable
mp-707981.cif,-2.525078,-2.2445707,mp-707981,0.0,Stable,Stable
mp-568653.cif,-0.567496,-0.54117364,mp-568653,0.30846621320454615,Stable,Stable
mp-1188940.cif,0.3490204,0.3966109,mp-1188940,1.1723420846666661,Unstable,Unstable
mp-1147771.cif,0.0497298,-0.08210951,mp-1147771,0.3977968221428583,Stable,Unstable
mp-647275.cif,0.024570785,-0.06781626,mp-647275,0.06091367011067694,Stable,Unstable
mp-1199387.cif,-1.5826324,-1.1734549,mp-1199387,0.4108162439856571,Stable,Stable
mp-1245761.cif,0.1390793,0.50098616,mp-1245761,0.9722843092272715,Unstable,Unstable
mp-1237219.cif,1.330079,0.808388,mp-1237219,1.364042332989512,Unstable,Unstable
mp-1178776.cif,-0.76355994,-0.5785202,mp-1178776,0.4683508006944441,Stable,Stable
mp-1190039.cif,0.75138986,0.81203073,mp-1190039,0.8703145109374999,Unstable,Unstable
mp-1191227.cif,0.9780183,1.0797404,mp-1191227,1.449846810555556,Unstable,Unstable
mp-2493.cif,-1.7474873,-1.7461655,mp-2493,0.0,Stable,Stable
mp-1006616.cif,-0.7513552,-0.6818947,mp-1006616,0.3105341334210534,Stable,Stable
mp-1209053.cif,0.9951583,0.54518,mp-1209053,1.1422165894444456,Unstable,Unstable
mp-1245727.cif,-0.57052934,-0.49959347,mp-1245727,0.20683099250000048,Stable,Stable
mp-1245903.cif,-0.46480814,-0.38630033,mp-1245903,0.1692701483333341,Stable,Stable
mp-989407.cif,-1.5833197,-1.1830134,mp-989407,0.038582182500004336,Stable,Stable
mp-1238430.cif,-0.21229577,-0.2586155,mp-1238430,0.12149756375000109,Stable,Stable
mp-726169.cif,-0.7466188,-0.79461193,mp-726169,0.7851368685000009,Stable,Stable
mp-20362.cif,-0.22096992,-0.34521207,mp-20362,0.06109294566666357,Stable,Stable
mp-1245432.cif,-0.6694787,-0.5783221,mp-1245432,0.11395964948717996,Stable,Stable
mp-1245373.cif,-1.0958829,-0.7879748,mp-1245373,0.21069252196428323,Stable,Stable
mp-1101868.cif,0.6563357,0.6336481,mp-1101868,0.6336481266666674,Unstable,Unstable
mp-1385921.cif,-0.9194355,-0.74327284,mp-1385921,0.07766859637500101,Stable,Stable
mp-726898.cif,0.17606704,0.22847614,mp-726898,1.0204304310000012,Unstable,Unstable
mp-1224688.cif,-1.0043042,-0.9530274,mp-1224688,0.18859490801491408,Stable,Stable
mp-1193346.cif,-0.84478563,-0.7541379,mp-1193346,0.0,Stable,Stable
mp-1097803.cif,0.41899773,0.24301855,mp-1097803,0.8423680153333333,Unstable,Unstable
mp-1246335.cif,-0.37215286,-0.21981284,mp-1246335,0.25059898555555726,Stable,Stable
mp-1246162.cif,-0.61087507,-0.30174795,mp-1246162,0.3362293212962939,Stable,Stable
mp-541932.cif,-1.1241453,-1.1547348,mp-541932,0.002479529924086954,Stable,Stable
mp-570061.cif,-2.595375,-2.4567795,mp-570061,0.008755668750001,Stable,Stable
mp-989527.cif,-1.9935548,-1.7979237,mp-989527,0.07040541349999963,Stable,Stable
mp-1105968.cif,-0.31453386,-0.30631065,mp-1105968,0.04693410062500014,Stable,Stable
mp-1224153.cif,-1.9846442,-2.1471896,mp-1224153,0.02093456312499864,Stable,Stable
mp-1247283.cif,-0.5617602,-0.32098538,mp-1247283,0.27687923899999767,Stable,Stable
mp-7522.cif,-1.8361769,-1.7656734,mp-7522,0.0,Stable,Stable
mp-557333.cif,-0.26275837,-0.20771174,mp-557333,0.10246882236956445,Stable,Stable
mp-1204351.cif,0.659688,0.6272479,mp-1204351,1.1814688519444427,Unstable,Unstable
mp-1202911.cif,-1.4062276,-1.4589504,mp-1202911,0.7235594866304371,Stable,Stable
mp-1195939.cif,-2.3459864,-2.1111782,mp-1195939,0.0,Stable,Stable
mp-1245616.cif,-0.7109318,-0.47468334,mp-1245616,0.1373085946666679,Stable,Stable
mp-1202654.cif,-0.78228444,-0.23420039,mp-1202654,1.21529862311111,Stable,Stable
mp-1189646.cif,-0.6254358,-0.50681776,mp-1189646,0.08371796124999964,Stable,Stable
mp-1147701.cif,-0.7454886,-0.8824095,mp-1147701,0.33360603357142793,Stable,Stable
mp-567933.cif,-0.03152389,0.058425035,mp-567933,0.2152977487500003,Unstable,Stable
mp-1194494.cif,-1.2130327,-1.0631872,mp-1194494,0.08307051959999878,Stable,Stable
mp-30063.cif,-0.19129133,0.13964407,mp-30063,0.13964406762362636,Unstable,Stable
mp-1212539.cif,-0.2685065,-0.3371536,mp-1212539,0.3518603346666662,Stable,Stable
mp-782034.cif,-3.161207,-2.9357448,mp-782034,0.11698113749424799,Stable,Stable
mp-32590.cif,-2.03978,-1.739993,mp-32590,0.0,Stable,Stable
mp-1224571.cif,-2.0874388,-1.7942132,mp-1224571,0.0,Stable,Stable
mp-2646978.cif,-0.12416301,-0.24444503,mp-2646978,0.42560438375000054,Stable,Stable
mp-1246407.cif,-0.026263379,0.22653975,mp-1246407,0.4175651797437734,Unstable,Stable
mp-1246047.cif,0.38792986,0.3804696,mp-1246047,0.38046958145833365,Unstable,Unstable
mp-555122.cif,-0.8953967,-1.133998,mp-555122,0.0,Stable,Stable
mp-27461.cif,0.51416487,0.5111094,mp-27461,0.5111094381249988,Unstable,Unstable
mp-4644.cif,-1.8794361,-1.7297904,mp-4644,0.3054607934166711,Stable,Stable
mp-1194379.cif,1.2711306,1.0639815,mp-1194379,1.3325861996666664,Unstable,Unstable
mp-1198261.cif,-1.0235006,-1.0652456,mp-1198261,0.9197109545535751,Stable,Stable
mp-1180015.cif,1.2310758,1.0264022,mp-1180015,1.5788398036875,Unstable,Unstable
mp-557954.cif,-0.60702705,-0.88244045,mp-557954,0.0020198360000014404,Stable,Stable
mp-540798.cif,-1.0011854,-1.2551268,mp-540798,0.0,Stable,Stable
mp-1229230.cif,-0.45768514,-0.51276034,mp-1229230,0.2721590547058801,Stable,Stable
mp-1226573.cif,-1.7011487,-1.5424236,mp-1226573,0.0,Stable,Stable
mp-559123.cif,-2.9830801,-2.947512,mp-559123,0.08012543006251605,Stable,Stable
mp-1417640.cif,-0.91909605,-0.7788639,mp-1417640,0.7380262589999997,Stable,Stable
mp-1182274.cif,-0.31986395,-0.43053356,mp-1182274,0.9029182288235287,Stable,Stable
mp-1218106.cif,-1.1470671,-0.96115917,mp-1218106,0.20644976651041347,Stable,Stable
mp-740364.cif,-1.5531962,-1.6863191,mp-740364,0.5382728133333359,Stable,Stable
mp-1220030.cif,0.40903425,0.33292064,mp-1220030,1.0171905136640618,Unstable,Unstable
mp-1207840.cif,-3.866775,-3.360424,mp-1207840,0.12565817833334947,Stable,Stable
mp-1222900.cif,-3.0938656,-3.062917,mp-1222900,0.1255613331874983,Stable,Stable
mp-579919.cif,0.054738663,0.040191967,mp-579919,0.016217053722220598,Unstable,Unstable
mp-13178.cif,-1.7279148,-1.564382,mp-13178,0.11529023000000116,Stable,Stable
mp-720847.cif,-1.0963783,-1.0965972,mp-720847,0.0361241744444456,Stable,Stable
mp-2767672.cif,-1.1018722,-0.9946139,mp-2767672,0.0,Stable,Stable
mp-1204124.cif,-0.81160927,-0.5196667,mp-1204124,0.4845961542647057,Stable,Stable
mp-1209413.cif,0.09190748,0.25892898,mp-1209413,0.25892899546875014,Unstable,Unstable
mp-1179735.cif,0.2431452,0.12451799,mp-1179735,0.9458926075000003,Unstable,Unstable
mp-2219268.cif,-1.8977319,-1.8601795,mp-2219268,0.2991605913384614,Stable,Stable
mp-555292.cif,-2.313466,-2.05145,mp-555292,0.004872929375000723,Stable,Stable
mp-1079657.cif,-0.31893864,-0.40374303,mp-1079657,1.2003881772222238,Stable,Stable
mp-1211974.cif,-0.8936577,-1.1298527,mp-1211974,0.54046741503472,Stable,Stable
mp-696658.cif,-0.66993046,-0.7780853,mp-696658,0.26944118369444503,Stable,Stable
mp-1202436.cif,-0.5008896,-0.51204437,mp-1202436,0.05188814923913032,Stable,Stable
mp-1247324.cif,-0.012491696,0.2476777,mp-1247324,0.27404001740740824,Unstable,Stable
mp-642331.cif,-0.82888114,-0.76125985,mp-642331,0.0,Stable,Stable
mp-1207105.cif,-0.25449166,-0.17473106,mp-1207105,1.2422788762500003,Stable,Stable
mp-1245736.cif,-0.54781014,-0.4812318,mp-1245736,0.3059954060416672,Stable,Stable
mp-28892.cif,-0.37879673,-0.45626423,mp-28892,0.0,Stable,Stable
mp-1246187.cif,0.31985873,0.24383895,mp-1246187,0.2581465526666662,Unstable,Unstable
mp-1210562.cif,0.46007344,0.49475917,mp-1210562,0.6075308616666675,Unstable,Unstable
mp-1245858.cif,0.29444668,0.36262983,mp-1245858,0.362629830625,Unstable,Unstable
mp-1196452.cif,-0.36496446,-0.41512555,mp-1196452,0.5418967236666647,Stable,Stable
mp-32652.cif,0.058841936,0.13482547,mp-32652,0.5718018090000001,Unstable,Unstable
mp-1194133.cif,-0.23727271,-0.3408457,mp-1194133,0.012731679821428088,Stable,Stable
mp-1211010.cif,-0.50768954,-0.31769162,mp-1211010,0.8217945158653777,Stable,Stable
mp-1247130.cif,-0.7246121,-0.76441914,mp-1247130,0.16674257407408,Stable,Stable
mp-722290.cif,-1.1893804,-0.87849504,mp-722290,0.6284224128869047,Stable,Stable
mp-866650.cif,-1.3936585,-1.3312513,mp-866650,0.0,Stable,Stable
mp-1002117.cif,0.48978022,0.58994246,mp-1002117,0.7646614933333318,Unstable,Unstable
mp-574424.cif,0.724557,0.6347714,mp-574424,0.6347714082031253,Unstable,Unstable
mp-1227210.cif,-1.6161091,-1.3563573,mp-1227210,0.06804072954017393,Stable,Stable
mp-1245443.cif,-0.9226371,-0.7526711,mp-1245443,0.12419524250000169,Stable,Stable
mp-1008929.cif,0.08360412,0.07805097,mp-1008929,0.3917963950000001,Unstable,Unstable
mp-560460.cif,0.09999091,-0.019256933,mp-560460,0.7387673608333332,Stable,Unstable
mp-729886.cif,1.4720426,1.4510291,mp-729886,2.186911007999999,Unstable,Unstable
mp-722862.cif,-1.3836664,-1.1760702,mp-722862,0.0,Stable,Stable
mp-1214309.cif,0.20891309,-0.23582406,mp-1214309,1.09071844921875,Stable,Unstable
mp-989606.cif,-0.7447072,-0.73511326,mp-989606,0.0,Stable,Stable
mp-1247337.cif,0.13335067,0.058255818,mp-1247337,0.14406164586956471,Unstable,Unstable
mp-727931.cif,0.2592641,0.35569057,mp-727931,0.3556905646093753,Unstable,Unstable
mp-1247413.cif,0.14968783,0.14925127,mp-1247413,0.33903632425287356,Unstable,Unstable
mp-11733.cif,-1.0147282,-1.2188013,mp-11733,0.0,Stable,Stable
mp-1182482.cif,-0.21689221,-0.5078414,mp-1182482,0.4913126516071449,Stable,Stable
mp-1197816.cif,0.65961206,0.9277242,mp-1197816,1.0491384710714293,Unstable,Unstable
mp-1069193.cif,0.991662,0.8687361,mp-1069193,1.365849834999997,Unstable,Unstable
mp-1096872.cif,-0.06918142,0.1261457,mp-1096872,0.6399562493181801,Unstable,Stable
mp-1202398.cif,1.0542016,1.1082796,mp-1202398,1.5803823478703691,Unstable,Unstable
mp-754891.cif,-2.5415282,-2.1996918,mp-754891,0.19356891750000038,Stable,Stable
mp-729405.cif,-2.2661982,-2.0641494,mp-729405,0.009120517777777337,Stable,Stable
mp-999117.cif,-0.030822776,-0.040995013,mp-999117,0.1337240383333338,Stable,Stable
mp-1200850.cif,-1.579037,-1.4049785,mp-1200850,0.360279732361116,Stable,Stable
mp-1105809.cif,-2.205696,-1.9753683,mp-1105809,0.10934262333333855,Stable,Stable
mp-1246446.cif,-0.25682724,-0.31744823,mp-1246446,0.0844752084210505,Stable,Stable
mp-1245896.cif,-0.13042367,-0.1926167,mp-1245896,0.016546919540229688,Stable,Stable
mp-555443.cif,-2.2928813,-2.0510228,mp-555443,0.0053003851250004175,Stable,Stable
mp-775863.cif,-2.612223,-2.2668777,mp-775863,0.19708393950000058,Stable,Stable
mp-1029770.cif,-0.9580414,-0.98478186,mp-1029770,0.0,Stable,Stable
mp-683966.cif,-1.1493108,-1.1139165,mp-683966,0.013093947734373224,Stable,Stable
mp-989631.cif,-1.2412496,-1.1135275,mp-989631,0.0,Stable,Stable
mp-1205195.cif,-0.20030704,-0.17344293,mp-1205195,0.16308230273648672,Stable,Stable
mp-1245998.cif,-0.02726861,0.3049552,mp-1245998,0.45991017807710843,Unstable,Stable
mp-1191482.cif,-0.12706554,-0.27433404,mp-1191482,0.0947149954545452,Stable,Stable
mp-1025221.cif,-0.13300359,-0.45132434,mp-1025221,0.8059885292857158,Stable,Stable
mp-1006615.cif,1.8816454,1.273727,mp-1006615,1.867800557884614,Unstable,Unstable
mp-1016108.cif,-1.3341727,-1.0280007,mp-1016108,0.0,Stable,Stable
mp-1246902.cif,-0.122964,0.027801253,mp-1246902,0.20256104675926245,Unstable,Stable
mp-680309.cif,-1.0330249,-1.2138246,mp-680309,0.019714676969692313,Stable,Stable
mp-1245709.cif,-0.534623,-0.25492543,mp-1245709,0.3169238762407396,Stable,Stable
mp-1246801.cif,0.60076076,0.36920595,mp-1246801,0.3692059426666674,Unstable,Unstable
mp-695894.cif,-1.4959576,-1.3423805,mp-695894,0.015414742741935328,Stable,Stable
mp-1245567.cif,0.081503965,0.1308284,mp-1245567,0.2805033140000006,Unstable,Unstable
mp-1096903.cif,0.047452398,-0.11306635,mp-1096903,0.3863915275000007,Stable,Unstable
mp-675418.cif,-0.4170529,-0.30212954,mp-675418,0.05111521020833365,Stable,Stable
mp-1193587.cif,-0.81152093,-0.84164673,mp-1193587,0.6016095310576928,Stable,Stable
mp-726720.cif,0.8502665,0.586393,mp-726720,1.2035102935,Unstable,Unstable
mp-1245409.cif,-0.6596292,-0.47557166,mp-1245409,0.22065708212499935,Stable,Stable
mp-1102642.cif,-0.4721777,0.13843355,mp-1102642,1.0636620118489568,Unstable,Stable
mp-867987.cif,-0.8349882,-0.6417549,mp-867987,0.6066222224671041,Stable,Stable
mp-29466.cif,-1.7614892,-1.4897115,mp-29466,0.0,Stable,Stable
mp-1070242.cif,1.9772366,1.625474,mp-1070242,1.9039674502499988,Unstable,Unstable
mp-1245944.cif,-0.30749124,-0.25967097,mp-1245944,0.2477228713888877,Stable,Stable
mp-1181522.cif,2.370544,1.9803053,mp-1181522,2.204385982222222,Unstable,Unstable
mp-34381.cif,-0.5047728,-0.5665511,mp-34381,0.006155149999999665,Stable,Stable
mp-1216967.cif,-0.33541906,-0.28291202,mp-1216967,0.1457840680769209,Stable,Stable
mp-690555.cif,-1.0918183,-1.2686164,mp-690555,0.5971971049652787,Stable,Stable
mp-1246708.cif,-0.43454346,-0.5149079,mp-1246708,0.10163444217948836,Stable,Stable
mp-1245630.cif,0.25105688,0.35197282,mp-1245630,0.3519728224999987,Unstable,Unstable
mp-569655.cif,-0.9790201,-1.0918114,mp-569655,0.32116762250000086,Stable,Stable
mp-1245672.cif,0.17987245,-0.080665834,mp-1245672,0.12148522618182156,Stable,Unstable
mp-1246676.cif,-1.273538,-1.0919538,mp-1246676,0.09887856152777807,Stable,Stable
mp-755205.cif,-2.5398638,-2.235008,mp-755205,0.22895343000000246,Stable,Stable
mp-1009493.cif,-1.295349,-0.9943797,mp-1009493,0.6341778849999997,Stable,Stable
mp-1220138.cif,-0.4858612,-0.36106712,mp-1220138,0.09155154260000131,Stable,Stable
mp-1205588.cif,-0.20924285,-0.28397363,mp-1205588,0.007051795500000679,Stable,Stable
mp-1246154.cif,-0.017824806,-0.15973453,mp-1246154,0.24891282545454274,Stable,Stable
mp-1029705.cif,-0.45363274,-0.5034321,mp-1029705,0.0,Stable,Stable
mp-504769.cif,-0.4544839,-0.6082905,mp-504769,0.00762293973214323,Stable,Stable
mp-729795.cif,0.90285987,0.70644,mp-729795,0.854264330535714,Unstable,Unstable
mp-1192675.cif,-0.10948407,-0.09890889,mp-1192675,0.418392092272728,Stable,Stable
mp-625868.cif,-1.2648948,-1.1103908,mp-625868,0.04046837285714133,Stable,Stable
mp-720615.cif,-0.39497957,-0.6218112,mp-720615,0.3761581783806802,Stable,Stable
mp-1197974.cif,-0.24015638,-0.90846694,mp-1197974,0.6456306074999905,Stable,Stable
mp-1246388.cif,-0.20258126,-0.28305915,mp-1246388,0.3591009842857158,Stable,Stable
mp-604295.cif,-0.72581995,-0.6868044,mp-604295,0.06150970555555624,Stable,Stable
mp-1368835.cif,0.45100927,1.0489498,mp-1368835,1.2886125545178562,Unstable,Unstable
mp-1029251.cif,-0.31502843,-0.36544886,mp-1029251,0.0,Stable,Stable
mp-1191304.cif,-1.352267,-1.4006078,mp-1191304,0.7164324417333336,Stable,Stable
mp-1246009.cif,-1.2686515,-1.2050581,mp-1246009,0.1887586692592631,Stable,Stable
mp-6610.cif,-0.4811735,-0.3311911,mp-6610,0.057603166163195496,Stable,Stable
mp-1029763.cif,-0.7890477,-0.53444463,mp-1029763,0.4600247087499998,Stable,Stable
mp-17129.cif,-1.2491846,-1.232597,mp-17129,0.0,Stable,Stable
mp-756444.cif,-3.3197572,-3.1494436,mp-756444,0.10881507482143071,Stable,Stable
mp-1029791.cif,-0.594782,-0.52526385,mp-1029791,0.0,Stable,Stable
mp-1212274.cif,0.8957193,1.0394679,mp-1212274,1.332091059999998,Unstable,Unstable
mp-570693.cif,-0.40571824,-0.24927096,mp-570693,0.23164514560096183,Stable,Stable
mp-1190940.cif,-0.086665235,-0.2542207,mp-1190940,0.08030492604166461,Stable,Stable
mp-726332.cif,1.4790306,1.1264524,mp-726332,1.1264524434375005,Unstable,Unstable
mp-1246690.cif,-0.79264075,-0.85728556,mp-1246690,0.018299528681318122,Stable,Stable
mp-1246000.cif,-0.4612045,-0.5178703,mp-1246000,0.009751612222224537,Stable,Stable
mp-570155.cif,0.37846926,0.25356686,mp-570155,0.25356685500000253,Unstable,Unstable
mp-726503.cif,-0.63417834,-0.18733548,mp-726503,0.3071845731534082,Stable,Stable
mp-1245559.cif,-0.93068564,-0.6828261,mp-1245559,0.08772426421875146,Stable,Stable
mp-1246911.cif,0.157731,0.05984495,mp-1246911,0.22315124125000096,Unstable,Unstable
mp-996940.cif,-0.7006657,-0.71938336,mp-996940,0.08140965366666819,Stable,Stable
mp-558863.cif,-0.60830104,-0.6929838,mp-558863,0.26906196774999813,Stable,Stable
mp-1202898.cif,-1.03616,-1.1663699,mp-1202898,0.3247212557954544,Stable,Stable
mp-1247393.cif,-0.10789616,0.06260038,mp-1247393,0.36467138437500957,Unstable,Stable
mp-1222727.cif,-0.9482341,-0.9545697,mp-1222727,0.09818025916666429,Stable,Stable
mp-1189239.cif,0.53188854,0.28966424,mp-1189239,0.28966424062500096,Unstable,Unstable
mp-684007.cif,-0.5279078,-0.5103759,mp-684007,0.023355482963963503,Stable,Stable
mp-1360261.cif,-0.9562068,0.8845601,mp-1360261,3.543365325,Unstable,Stable
mp-2901810.cif,0.38268575,0.35168245,mp-2901810,1.1599734192187512,Unstable,Unstable
mp-643052.cif,-0.69079566,-0.54392093,mp-643052,0.3497868264999999,Stable,Stable
mp-2964.cif,-0.9534955,-1.2261921,mp-2964,0.018363367343749992,Stable,Stable
mp-1247353.cif,-0.9519315,-0.66953903,mp-1247353,0.32339416008928445,Stable,Stable
mp-1007778.cif,0.9577104,0.73373884,mp-1007778,0.733738815833334,Unstable,Unstable
mp-1246731.cif,-0.70289844,-0.66505235,mp-1246731,0.007088450238093458,Stable,Stable
mp-505794.cif,-1.2513094,-1.2238063,mp-505794,0.0,Stable,Stable
mp-1179090.cif,-0.57665944,0.12699193,mp-1179090,1.2587183369999968,Unstable,Stable
mp-504722.cif,-0.71606076,-0.9114177,mp-504722,0.0,Stable,Stable
mp-1245757.cif,-0.5253901,-0.3995245,mp-1245757,0.15981268353535238,Stable,Stable
mp-29123.cif,-0.10103767,-0.17763881,mp-29123,0.4492101375846347,Stable,Stable
mp-1202729.cif,-1.518184,-1.3730111,mp-1202729,0.010922710238093991,Stable,Stable
mp-780737.cif,-2.8182251,-2.7367015,mp-780737,0.04451027283333708,Stable,Stable
mp-1245803.cif,-0.25202242,-0.1498421,mp-1245803,0.27568228231800784,Stable,Stable
mp-1215184.cif,-1.3089797,-1.4612046,mp-1215184,0.06122452125000066,Stable,Stable
mp-1016081.cif,0.090475895,-0.12179791,mp-1016081,0.37765997041666743,Stable,Unstable
mp-1190991.cif,0.9065728,0.88242745,mp-1190991,1.4281342075694496,Unstable,Unstable
mp-23993.cif,-0.4312754,-0.3532995,mp-23993,0.031750242500001136,Stable,Stable
mp-1203058.cif,-0.91092765,-0.8785279,mp-1203058,0.0332190715909082,Stable,Stable
mp-1189472.cif,-1.2428343,-1.047893,mp-1189472,0.18425119270833257,Stable,Stable
mp-1246063.cif,-0.17919749,-0.13714723,mp-1246063,0.20117615722222126,Stable,Stable
mp-1246203.cif,-0.975158,-0.7246631,mp-1246203,0.10770081625000039,Stable,Stable
mp-1225439.cif,-0.31058463,-0.28021422,mp-1225439,0.008871205868057785,Stable,Stable
mp-1246301.cif,0.30860412,-0.004130774,mp-1246301,0.3707521738666735,Stable,Unstable
mp-1029330.cif,-2.3104188,-1.9508561,mp-1029330,0.0,Stable,Stable
mp-1245523.cif,-0.98763037,-0.8668589,mp-1245523,0.2698707835416698,Stable,Stable
mp-1009657.cif,-0.72846794,-0.6392657,mp-1009657,0.0,Stable,Stable
mp-8046.cif,-1.2311578,-1.2691365,mp-8046,0.05758220472221964,Stable,Stable
mp-601178.cif,-0.36297932,-0.29267892,mp-601178,0.3270795536250013,Stable,Stable
mp-1247280.cif,-0.9016038,-0.8248409,mp-1247280,0.2560821733333327,Stable,Stable
mp-1225107.cif,-0.019323431,0.06771118,mp-1225107,0.34418313986842186,Unstable,Stable
mp-1179212.cif,-2.2911398,-2.039572,mp-1179212,0.7004045828125021,Stable,Stable
mp-725605.cif,0.03598153,0.14365456,mp-725605,0.27308928919642916,Unstable,Unstable
mp-1201036.cif,-1.3619363,-1.7491423,mp-1201036,0.6569034897685206,Stable,Stable
mp-1020625.cif,0.36215636,0.1960238,mp-1020625,0.7247868555208332,Unstable,Unstable
mp-1008489.cif,1.3320888,1.1736887,mp-1008489,1.1736887024999998,Unstable,Unstable
mp-1018648.cif,0.59148425,0.43068016,mp-1018648,0.43068015166667095,Unstable,Unstable
mp-776448.cif,-2.966634,-2.8263745,mp-776448,0.10348978312070045,Stable,Stable
mp-1196482.cif,-0.46253082,-0.56012934,mp-1196482,0.1561950961111105,Stable,Stable
mp-1224501.cif,0.13056079,-0.04022639,mp-1224501,0.1923862111458332,Stable,Unstable
mp-567157.cif,-0.21824145,-0.25610077,mp-567157,0.03771640399206433,Stable,Stable
mp-779974.cif,-2.8368022,-2.532518,mp-779974,0.1263265472499988,Stable,Stable
mp-1207841.cif,-0.5572314,-0.77276844,mp-1207841,0.0340006015686285,Stable,Stable
mp-569228.cif,-0.2936616,0.22925135,mp-569228,0.6936721124999963,Unstable,Stable
mp-623837.cif,0.5593496,0.5109181,mp-623837,0.5109181082142857,Unstable,Unstable
mp-1019281.cif,-1.7691996,-1.1712432,mp-1019281,0.7369392698333357,Stable,Stable
mp-1197524.cif,0.62090516,0.71293384,mp-1197524,1.1850365709259245,Unstable,Unstable
mp-1246235.cif,0.07832996,0.12829874,mp-1246235,0.23252423000000189,Unstable,Unstable
mp-1245353.cif,-0.2919631,-0.05086405,mp-1245353,0.34792919184722226,Stable,Stable
mp-989641.cif,-0.5891371,-0.58746463,mp-989641,0.024898527000008386,Stable,Stable
mp-28668.cif,-0.038640395,-0.04378958,mp-28668,0.4715854318134447,Stable,Stable
mp-1245939.cif,-1.1294427,-0.93858594,mp-1245939,0.26004792666666887,Stable,Stable
mp-972036.cif,0.496698,-0.17412528,mp-972036,0.29029547749999907,Stable,Unstable
mp-1066162.cif,1.5519179,1.0120218,mp-1066162,1.0120217275000023,Unstable,Unstable
mp-1245558.cif,-0.2615555,-0.2764871,mp-1245558,0.09801140371647499,Stable,Stable
mp-1246236.cif,-1.0437821,-1.0951741,mp-1246236,0.19779806305555425,Stable,Stable
mp-415.cif,0.46774253,0.16517825,mp-415,0.16517825166666356,Unstable,Unstable
mp-685609.cif,-0.62079966,-0.58361477,mp-685609,0.0,Stable,Stable
mp-1222039.cif,-0.32774717,-0.3269485,mp-1222039,0.02263746900459651,Stable,Stable
mp-1246664.cif,-0.17357463,-0.19624071,mp-1246664,0.2504553382142909,Stable,Stable
mp-1246670.cif,-0.51918674,-0.5226176,mp-1246670,0.31721852687500096,Stable,Stable
mp-734944.cif,0.31655675,0.31464705,mp-734944,0.662932645397726,Unstable,Unstable
mp-1245879.cif,-0.016199328,-0.0997469,mp-1245879,0.2820803600000019,Stable,Stable
mp-1101975.cif,-0.24395046,0.18662483,mp-1101975,0.6510455875000005,Unstable,Stable
mp-1245394.cif,-0.25594607,-0.17816623,mp-1245394,0.1581568329999996,Stable,Stable
mp-1212059.cif,-1.440753,-1.4236293,mp-1212059,0.0,Stable,Stable
mp-1182627.cif,-1.4541767,-0.89101106,mp-1182627,0.6908506682427564,Stable,Stable
mp-721182.cif,-1.0414416,-1.1041287,mp-721182,0.008283502986092373,Stable,Stable
mp-625790.cif,-0.60020834,-0.6090448,mp-625790,0.11143268545454443,Stable,Stable
mp-1181855.cif,0.013574645,0.02420284,mp-1181855,0.24778724055555923,Unstable,Unstable
mp-1247269.cif,-0.04834921,0.04191137,mp-1247269,0.216671165575395,Unstable,Stable
mp-1029378.cif,-0.7884486,-0.54654115,mp-1029378,0.0,Stable,Stable
mp-504768.cif,0.4595725,0.29702598,mp-504768,0.29702596562500005,Unstable,Unstable
mp-1205483.cif,-1.1362939,-0.9774283,mp-1205483,0.0,Stable,Stable
mp-1179538.cif,2.0242655,2.597931,mp-1179538,3.269897336666668,Unstable,Unstable
mp-531773.cif,-0.6417558,-0.74011827,mp-531773,0.03267447883333219,Stable,Stable
mp-10233.cif,-2.2668185,-2.0795698,mp-10233,0.09869350666666588,Stable,Stable
mp-571333.cif,-1.4399555,-1.3126647,mp-571333,0.0,Stable,Stable
mp-1245688.cif,-1.2230129,-0.99412817,mp-1245688,0.20450574083333528,Stable,Stable
mp-644385.cif,0.18354678,0.19717892,mp-644385,0.46071078249999786,Unstable,Unstable
mp-1192649.cif,0.81615776,0.9197281,mp-1192649,1.254290430138889,Unstable,Unstable
mp-1245802.cif,-0.24217156,-0.11222081,mp-1245802,0.22075110944444631,Stable,Stable
mp-722050.cif,2.017325,5.4745426,mp-722050,6.23815184471875,Unstable,Unstable
mp-530081.cif,-0.6564683,-0.53798264,mp-530081,0.0,Stable,Stable
mp-1203259.cif,-0.42618838,-0.4295854,mp-1203259,0.0038289800925941364,Stable,Stable
mp-1246646.cif,-0.32222313,-0.27799618,mp-1246646,0.049825114639703294,Stable,Stable
mp-7913.cif,-1.6459534,-1.4004158,mp-7913,0.0,Stable,Stable
mp-1245737.cif,-0.34971988,-0.28507817,mp-1245737,0.33828114287356303,Stable,Stable
mp-777314.cif,-0.7709556,-0.58856905,mp-777314,0.207711923249998,Stable,Stable
mp-818716.cif,-1.7126185,-1.5350032,mp-818716,0.3361747179999943,Stable,Stable
mp-558548.cif,-2.2596526,-2.4828558,mp-558548,0.0,Stable,Stable
mp-1245148.cif,-0.059198774,0.0073867356,mp-1245148,0.6774361425999995,Unstable,Stable
mp-757595.cif,-1.138123,-1.1161567,mp-757595,0.10655193480698522,Stable,Stable
mp-707454.cif,-0.42766973,-0.4166279,mp-707454,0.028140178529412196,Stable,Stable
mp-27351.cif,-0.16881347,-0.18861264,mp-27351,0.32820412359374895,Stable,Stable
mp-1188888.cif,-1.1849015,-1.0055395,mp-1188888,0.18531439125000304,Stable,Stable
mp-6802.cif,-0.2922012,-0.13716972,mp-6802,0.1276751494097237,Stable,Stable
mp-1077140.cif,-1.3280115,-1.1372676,mp-1077140,0.6326387644444438,Stable,Stable
mp-707535.cif,-0.45788792,-0.47501418,mp-707535,0.38428662493939747,Stable,Stable
mp-684024.cif,-1.1097149,-1.1069524,mp-684024,0.0,Stable,Stable
mp-1226544.cif,-1.8941966,-1.7699181,mp-1226544,0.010755612500002343,Stable,Stable
mp-558270.cif,-0.3673083,-0.30322734,mp-558270,0.2921578624166701,Stable,Stable
mp-1059879.cif,1.311737,1.2090737,mp-1059879,1.534143505689654,Unstable,Unstable
mp-22517.cif,-1.5136535,-1.4274169,mp-22517,0.0,Stable,Stable
mp-1178163.cif,-1.5979316,-1.3858892,mp-1178163,0.11121971571428535,Stable,Stable
mp-1096907.cif,0.050039656,-0.117974505,mp-1096907,0.3814833772222226,Stable,Unstable
mp-1201891.cif,-0.28653884,-0.30285266,mp-1201891,0.7583262389144672,Stable,Stable
mp-724470.cif,0.70398116,1.0811186,mp-724470,2.1992703329285774,Unstable,Unstable
mp-1080000.cif,-0.06354172,-0.17111737,mp-1080000,0.5939485110000007,Stable,Stable
mp-1207449.cif,0.38119525,0.16676839,mp-1207449,0.24752318571428322,Unstable,Unstable
mp-1245359.cif,-0.38629612,-0.24167697,mp-1245359,0.37147661676470634,Stable,Stable
mp-1200893.cif,1.6831495,1.361625,mp-1200893,1.5118409335000003,Unstable,Unstable
mp-1197652.cif,-0.61618114,-0.83365935,mp-1197652,0.34603620761363585,Stable,Stable
mp-1245852.cif,-0.5207137,-0.5640897,mp-1245852,0.3225281696590834,Stable,Stable
mp-723393.cif,0.84275764,0.7226781,mp-723393,1.0785010548611136,Unstable,Unstable
mp-1200646.cif,-0.74596906,-0.8141797,mp-1200646,0.12318593687500101,Stable,Stable
mp-554353.cif,-0.47973344,-0.45907772,mp-554353,0.41811919633333083,Stable,Stable
mp-1193559.cif,-0.6849855,-0.8293602,mp-1193559,0.9067139098214252,Stable,Stable
mp-1181262.cif,-1.5221679,-1.7026842,mp-1181262,0.5034404326315851,Stable,Stable
mp-1094090.cif,0.10584167,0.06668798,mp-1094090,0.06668797600000076,Unstable,Unstable
mp-759651.cif,-1.1517059,-1.0796312,mp-759651,0.026588641041665362,Stable,Stable
mp-1201695.cif,-0.22359502,-0.14936034,mp-1201695,0.14260204936363685,Stable,Stable
mp-1245615.cif,-1.0755506,-0.7636861,mp-1245615,0.3206109856458328,Stable,Stable
mp-1197477.cif,-0.15402591,-0.19457458,mp-1197477,0.7091595247500013,Stable,Stable
mp-1246149.cif,-1.1757224,-0.8339635,mp-1246149,0.29361148430555595,Stable,Stable
mp-1247533.cif,0.8412941,0.43661517,mp-1247533,0.4308224925000026,Unstable,Unstable
mp-1247549.cif,-0.9539299,-0.7141274,mp-1247549,0.5204020300543455,Stable,Stable
mp-554079.cif,-0.48557195,-0.5340493,mp-554079,0.15799549818181813,Stable,Stable
mp-1245905.cif,-0.96406794,-0.5195917,mp-1245905,0.5232240802951367,Stable,Stable
mp-1181559.cif,-0.75489247,-0.79135144,mp-1181559,0.049024384464285475,Stable,Stable
mp-1245462.cif,0.34704328,0.29249525,mp-1245462,0.3368183267222218,Unstable,Unstable
mp-1212710.cif,-0.15005893,-0.29100478,mp-1212710,0.3855382104583356,Stable,Stable
mp-1247118.cif,-0.05310663,0.07947242,mp-1247118,0.5896310106944469,Unstable,Stable
mp-1183019.cif,-0.23587152,-0.053597156,mp-1183019,0.6966251548958331,Stable,Stable
mp-1180397.cif,-1.1556767,-0.7975956,mp-1180397,0.6956465736363695,Stable,Stable
mp-1219234.cif,-0.09379471,-0.08165117,mp-1219234,0.08396371175000183,Stable,Stable
mp-1193353.cif,-0.79854715,-0.8423587,mp-1193353,0.6008975449038472,Stable,Stable
mp-1030657.cif,-0.7327468,-0.89752203,mp-1030657,0.0,Stable,Stable
mp-1245435.cif,-0.99913204,-0.997455,mp-1245435,0.1992285528571447,Stable,Stable
mp-1194559.cif,0.46166506,0.8537747,mp-1194559,1.4641799052040794,Unstable,Unstable
mp-1228340.cif,-1.8254566,-1.6057094,mp-1228340,0.4018389722916673,Stable,Stable
mp-780230.cif,-2.8473055,-2.5290377,mp-780230,0.12913516075000153,Stable,Stable
mp-1096917.cif,0.07644851,-0.08895503,mp-1096917,0.4105028491666669,Stable,Unstable
mp-1245726.cif,-0.013534732,-0.035250846,mp-1245726,0.17880253142857505,Stable,Stable
mp-1104128.cif,1.6058995,1.3213619,mp-1104128,1.7107927975677653,Unstable,Unstable
mp-999294.cif,0.610751,0.37050375,mp-999294,0.3705037412500012,Unstable,Unstable
mp-706624.cif,-0.3670878,-0.21610679,mp-706624,0.38889941872806855,Stable,Stable
mp-1246217.cif,-0.35998097,-0.1867773,mp-1246217,0.2591076878160923,Stable,Stable
mp-6574.cif,-2.5282426,-2.511803,mp-6574,0.0,Stable,Stable
mp-1001117.cif,-0.08384595,-0.19631287,mp-1001117,0.19562223049999972,Stable,Stable
mp-722025.cif,2.2073004,1.6309673,mp-722025,1.75339428825,Unstable,Unstable
mp-1207876.cif,-0.53700304,-0.0666193,mp-1207876,1.0890368223666638,Stable,Stable
mp-1188007.cif,0.62225115,0.5010475,mp-1188007,1.5590948650000023,Unstable,Unstable
mp-1214325.cif,0.53460026,0.8981167,mp-1214325,1.9593506962500022,Unstable,Unstable
mp-1198548.cif,-0.5084824,-0.53697634,mp-1198548,0.04200155280952167,Stable,Stable
mp-1246132.cif,-0.4907935,-0.28570688,mp-1246132,0.49013497727777455,Stable,Stable
mp-1247395.cif,-0.93421316,-0.6671288,mp-1247395,0.35940650826923815,Stable,Stable
mp-1214883.cif,-0.8663859,-1.4228202,mp-1214883,0.5374327796180554,Stable,Stable
mp-775785.cif,-2.8255844,-2.5289652,mp-775785,0.12941696450000073,Stable,Stable
mp-1202907.cif,-1.7563853,-1.9984748,mp-1202907,0.4913560539285706,Stable,Stable
mp-1246105.cif,-1.0969486,-0.8629705,mp-1246105,0.034059534821428095,Stable,Stable
mp-555972.cif,-0.3819415,-0.7798785,mp-555972,0.4424298563636304,Stable,Stable
mp-1247124.cif,-0.14320952,-0.21971503,mp-1247124,0.1750432710000016,Stable,Stable
mp-1246065.cif,-0.9088622,-0.8674679,mp-1246065,0.11334338280000011,Stable,Stable
mp-1246422.cif,-0.13447198,0.089006886,mp-1246422,0.24058602499999893,Unstable,Stable
mp-29463.cif,-1.2365189,-0.993899,mp-29463,0.0,Stable,Stable
mp-999197.cif,1.7050569,1.4292425,mp-999197,1.4292424741666672,Unstable,Unstable
mp-1246606.cif,-0.8332293,-0.5487941,mp-1246606,0.26624544630434777,Stable,Stable
mp-1198776.cif,-0.102626346,-0.18366176,mp-1198776,0.006555719305548102,Stable,Stable
mp-569085.cif,-1.3861341,-1.2746139,mp-569085,0.16966156849999914,Stable,Stable
mp-1204312.cif,1.0839792,1.4601356,mp-1204312,1.654396011750002,Unstable,Unstable
mp-1197468.cif,-0.048627205,0.15501767,mp-1197468,0.7542633570000001,Unstable,Stable
mp-761019.cif,-2.7363384,-2.4374404,mp-761019,0.2213649034999996,Stable,Stable
mp-1271278.cif,-0.16209093,-0.019501071,mp-1271278,0.018494859821428733,Stable,Stable
mp-1446325.cif,-0.67781067,-0.36433998,mp-1446325,0.458060547000005,Stable,Stable
mp-721006.cif,-0.4933174,-0.4740787,mp-721006,1.131033290312498,Stable,Stable
mp-776360.cif,-2.6324184,-2.3343253,mp-776360,0.13028976624999977,Stable,Stable
mp-1246923.cif,-0.1302006,-0.08066468,mp-1246923,0.24594790275000022,Stable,Stable
mp-1195806.cif,-0.6348411,-0.6810086,mp-1195806,0.7036185324999993,Stable,Stable
mp-1058019.cif,2.516404,2.0806522,mp-1058019,2.0806523249999995,Unstable,Unstable
mp-1209584.cif,-1.2390618,-1.441377,mp-1209584,0.0,Stable,Stable
mp-1193778.cif,-0.6268723,-0.59946615,mp-1193778,0.0,Stable,Stable
mp-696231.cif,-0.27615842,-0.30913863,mp-696231,0.2499801975378766,Stable,Stable
mp-1214102.cif,0.3356532,0.27875453,mp-1214102,0.27875454191964444,Unstable,Unstable
mp-1181573.cif,-0.81302595,-0.85134035,mp-1181573,0.38150011340909007,Stable,Stable
mp-1219668.cif,-1.8741227,-1.673682,mp-1219668,0.0,Stable,Stable
mp-697087.cif,-1.3030307,-1.1724327,mp-697087,0.5617866585267874,Stable,Stable
mp-1105961.cif,-1.9766014,-1.7388828,mp-1105961,0.0,Stable,Stable
mp-1245831.cif,-1.036313,-0.7299444,mp-1245831,0.27518256119047635,Stable,Stable
mp-1225232.cif,-0.24031773,0.12581363,mp-1225232,0.27926628140000354,Unstable,Stable
mp-1204464.cif,-0.24546888,-0.53752035,mp-1204464,0.5522170357608633,Stable,Stable
mp-1197839.cif,-0.3615929,-0.20755938,mp-1197839,0.0758166882954523,Stable,Stable
mp-14433.cif,-0.32349005,-0.38333565,mp-14433,0.0,Stable,Stable
mp-29089.cif,-1.0034553,-0.8044764,mp-29089,0.0,Stable,Stable
mp-17701.cif,-1.1746142,-1.2210691,mp-17701,0.0,Stable,Stable
mp-1188352.cif,-1.2112768,-1.0309275,mp-1188352,0.2012166927083321,Stable,Stable
mp-1013537.cif,0.19490415,0.11122314,mp-1013537,1.1632821380000014,Unstable,Unstable
mp-1201709.cif,0.41435662,0.29948032,mp-1201709,1.309093369999998,Unstable,Unstable
mp-4674.cif,-1.8550489,-1.7526937,mp-4674,0.0,Stable,Stable
mp-1179550.cif,-0.17382708,-0.7513637,mp-1179550,1.1169374932500045,Stable,Stable
mp-1210418.cif,-0.4597861,-0.23445287,mp-1210418,0.48207411836206937,Stable,Stable
mp-6051.cif,0.13582139,-0.031882573,mp-6051,0.25703910844696765,Stable,Unstable
mp-1245721.cif,-0.86571103,-0.7658201,mp-1245721,0.3854847495039646,Stable,Stable
mp-729513.cif,-0.36648485,-0.39632803,mp-729513,0.3872765618749998,Stable,Stable
mp-1105104.cif,0.91361564,1.0270563,mp-1105104,1.3172499106666664,Unstable,Unstable
mp-1029782.cif,-0.79454273,-0.8640134,mp-1029782,0.002666948181815343,Stable,Stable
mp-1245322.cif,0.38791502,0.21205111,mp-1245322,0.2120511129000029,Unstable,Unstable
mp-1182750.cif,0.34913808,0.3861927,mp-1182750,1.2035387613254303,Unstable,Unstable
mp-3346792.cif,-0.99627876,-0.68005323,mp-3346792,0.0,Stable,Stable
mp-1018852.cif,1.0125612,0.92462265,mp-1018852,0.924622636666669,Unstable,Unstable
mp-1443809.cif,0.58019793,4.63758,mp-1443809,5.137037845833334,Unstable,Unstable
mp-1069841.cif,-1.0365088,-0.98600954,mp-1069841,0.09601281100000136,Stable,Stable
mp-559569.cif,-2.9814627,-2.9502845,mp-559569,0.07735295672918241,Stable,Stable
mp-1213485.cif,-0.17789102,-0.3622015,mp-1213485,0.8998327250641038,Stable,Stable
mp-1246325.cif,-0.51850593,-0.5693626,mp-1246325,0.22026108444444148,Stable,Stable
mp-23906.cif,-1.4596359,-1.3082349,mp-23906,0.009896489107148021,Stable,Stable
mp-1195303.cif,-0.6300598,-0.5857966,mp-1195303,0.2786632064999992,Stable,Stable
mp-1219905.cif,-2.3302934,-1.9991477,mp-1219905,0.13624791499999933,Stable,Stable
mp-1029336.cif,-0.21621615,-0.072579436,mp-1029336,0.18027621182478804,Stable,Stable
mp-1180351.cif,-0.31233555,-0.11267833,mp-1180351,1.1340497191071508,Stable,Stable
mp-1196445.cif,-1.189318,-1.1870464,mp-1196445,0.17369988534999692,Stable,Stable
mp-1423472.cif,-0.21036789,-0.086437725,mp-1423472,0.48209368699999633,Stable,Stable
mp-1245919.cif,-0.31984943,-0.25572333,mp-1245919,0.215560277045455,Stable,Stable
mp-732350.cif,0.40601128,0.6067213,mp-732350,0.8901032033680565,Unstable,Unstable
mp-1385807.cif,-0.8272015,-0.7417711,mp-1385807,0.05755899833333267,Stable,Stable
mp-1195987.cif,-0.46849164,-0.8699651,mp-1195987,1.1388493637083403,Stable,Stable
mp-758989.cif,-2.1058667,-1.9296558,mp-758989,0.06708320013988,Stable,Stable
mp-6781.cif,-0.41606167,-0.50947803,mp-6781,0.24404320395833334,Stable,Stable
mp-734031.cif,-1.0946145,-0.7860248,mp-734031,0.4514651774603209,Stable,Stable
mp-1247343.cif,-1.4041685,-1.3303041,mp-1247343,0.04815567884615568,Stable,Stable
mp-1245826.cif,-0.15844023,-0.12819636,mp-1245826,0.1920344690000002,Stable,Stable
mp-1246427.cif,-1.4333916,-1.2549689,mp-1246427,0.19312234305555442,Stable,Stable
mp-1246082.cif,-1.9124081,-1.7141297,mp-1246082,0.1788392266666694,Stable,Stable
mp-775939.cif,-3.185642,-2.9414911,mp-775939,0.11123486666091509,Stable,Stable
mp-1224340.cif,-1.1346283,-1.2415897,mp-1224340,0.05347734843750018,Stable,Stable
mp-570971.cif,-0.8966948,-0.7763979,mp-570971,0.0,Stable,Stable
mp-606338.cif,-0.6688911,-0.7755393,mp-606338,0.0,Stable,Stable
mp-1215256.cif,-1.5593333,-1.5218749,mp-1215256,0.08927395499999946,Stable,Stable
mp-1077223.cif,-0.87230885,-1.1003315,mp-1077223,0.21418068458333384,Stable,Stable
mp-1104471.cif,0.9930292,0.8150771,mp-1104471,1.6792359157142864,Unstable,Unstable
mp-24290.cif,-0.29524776,0.002471287,mp-24290,0.10055891605034795,Unstable,Stable
mp-1224399.cif,-1.3620778,-1.3944505,mp-1224399,0.0,Stable,Stable
mp-1246199.cif,-0.4356598,-0.2265533,mp-1246199,0.29458072298610993,Stable,Stable
mp-1940.cif,-1.9341664,-1.6392558,mp-1940,0.11960623633333967,Stable,Stable
mp-1247365.cif,-0.83603084,-0.90387523,mp-1247365,0.03801247466239044,Stable,Stable
mp-1196144.cif,-1.550652,-1.4596555,mp-1196144,0.0,Stable,Stable
mp-999292.cif,1.5636911,1.1082717,mp-999292,1.1082717562500015,Unstable,Unstable
mp-1182317.cif,1.1567473,1.0978969,mp-1182317,1.4692244158333332,Unstable,Unstable
mp-559129.cif,-1.3732744,-1.4270854,mp-559129,0.0,Stable,Stable
mp-1097039.cif,0.06451922,-0.12057491,mp-1097039,0.3788829709259254,Stable,Unstable
mp-707289.cif,-0.40878937,-0.35096523,mp-707289,0.2010106273437513,Stable,Stable
mp-1200557.cif,-1.4670722,-1.4904431,mp-1200557,0.0,Stable,Stable
mp-1200439.cif,-0.20606717,-0.35032275,mp-1200439,0.0,Stable,Stable
mp-555229.cif,-0.90755725,-0.91412795,mp-555229,0.06716244361111112,Stable,Stable
mp-556273.cif,0.25764474,0.39990184,mp-556273,0.6157623426249996,Unstable,Unstable
mp-1202349.cif,-0.23150063,-0.29034618,mp-1202349,0.12795089762499678,Stable,Stable
mp-731917.cif,0.78695023,1.039495,mp-731917,1.6156357368014715,Unstable,Unstable
mp-1020059.cif,-0.510462,-0.50848025,mp-1020059,0.0,Stable,Stable
mp-28583.cif,-1.5865154,-1.3304721,mp-28583,0.054187725859375035,Stable,Stable
mp-778194.cif,-0.85853076,-0.7831105,mp-778194,0.18101984950000016,Stable,Stable
mp-583606.cif,-0.43039492,-0.43484962,mp-583606,0.4460217780882374,Stable,Stable
mp-1201420.cif,-1.4803103,-1.4620175,mp-1201420,0.001040519565218112,Stable,Stable
mp-1106142.cif,0.7830967,0.77736574,mp-1106142,0.7773657374999994,Unstable,Unstable
mp-1246724.cif,-0.3625823,-0.21661389,mp-1246724,0.18918796774025903,Stable,Stable
mp-626392.cif,-0.757991,-0.72372216,mp-626392,0.21799101565789236,Stable,Stable
mp-1194055.cif,0.11841682,0.49085703,mp-1194055,1.6344955673333326,Unstable,Unstable
mp-1189694.cif,0.50412345,0.75206566,mp-1189694,1.0109991614999991,Unstable,Unstable
mp-1246156.cif,-0.8222529,-0.516616,mp-1246156,0.26001595972222535,Stable,Stable
mp-558847.cif,-0.7890974,-0.94308347,mp-558847,0.33595008124999914,Stable,Stable
mp-1103631.cif,-0.8137946,-0.5863004,mp-1103631,1.0188116619791643,Stable,Stable
mp-1179462.cif,0.73970807,0.7106187,mp-1179462,1.2407423914285705,Unstable,Unstable
mp-5798.cif,-0.7960639,-0.53481805,mp-5798,0.09845387181818399,Stable,Stable
mp-559296.cif,-0.9772887,-0.8945071,mp-559296,0.3718081147991068,Stable,Stable
mp-754453.cif,-2.9657671,-3.0093534,mp-754453,0.14243443525000998,Stable,Stable
mp-562550.cif,0.17010358,0.11042549,mp-562550,0.15481568408482183,Unstable,Unstable
mp-22936.cif,-2.2287867,-1.7965876,mp-22936,0.0,Stable,Stable
mp-18164.cif,-2.5132656,-2.3020575,mp-18164,0.0020475860714412875,Stable,Stable
mp-1245441.cif,-0.21670836,-0.39250442,mp-1245441,0.14539527937500019,Stable,Stable
mp-676894.cif,-1.246001,-1.1259449,mp-676894,0.5418804648141862,Stable,Stable
mp-1212209.cif,1.2736545,1.1366752,mp-1212209,1.3989833264999998,Unstable,Unstable
mp-1210233.cif,-0.022950001,-0.17303962,mp-1210233,0.6581003165909154,Stable,Stable
mp-29928.cif,-0.17697468,-0.12716895,mp-29928,0.18628931406609173,Stable,Stable
mp-1017567.cif,-2.4949577,-2.048512,mp-1017567,0.0,Stable,Stable
mp-677509.cif,-1.2968873,-1.2489593,mp-677509,0.039665253920453836,Stable,Stable
mp-758953.cif,-0.4504145,-0.55305684,mp-758953,0.008160494545454533,Stable,Stable
mp-766262.cif,-1.0913604,-1.0870428,mp-766262,0.01644269528378217,Stable,Stable
mp-1201971.cif,-0.83392084,-0.6300825,mp-1201971,0.7479755828333348,Stable,Stable
mp-1180449.cif,-1.7174003,-1.9702065,mp-1180449,0.06201049415179227,Stable,Stable
mp-2355.cif,0.762293,1.3146236,mp-2355,1.8608440037499996,Unstable,Unstable
mp-703486.cif,0.11566193,0.08049039,mp-703486,0.5038552343452389,Unstable,Unstable
mp-1246226.cif,-0.39844403,-0.21308842,mp-1246226,0.21861541611111335,Stable,Stable
mp-556406.cif,-1.7062321,-1.9326038,mp-556406,0.06603195977111476,Stable,Stable
mp-1204481.cif,-0.8630723,-0.62460595,mp-1204481,1.1816200619230601,Stable,Stable
mp-1247380.cif,0.120940655,0.24249803,mp-1247380,0.31103968800000104,Unstable,Unstable
mp-1246995.cif,-0.24967283,-0.14795908,mp-1246995,0.024181729125001716,Stable,Stable
mp-707727.cif,-0.56234,-0.422284,mp-707727,0.29456329980519147,Stable,Stable
mp-1008922.cif,1.2592113,0.84196806,mp-1008922,0.8419680825000011,Unstable,Unstable
mp-1019734.cif,-1.7411563,-1.2607154,mp-1019734,0.0,Stable,Stable
mp-504574.cif,0.09665993,0.12042473,mp-504574,0.807867053999999,Unstable,Unstable
mp-1195586.cif,0.13049066,-0.030833006,mp-1195586,0.2872314370394715,Stable,Unstable
mp-1101156.cif,-2.5464811,-2.2055533,mp-1101156,0.18770751125000018,Stable,Stable
mp-569889.cif,0.012127362,-0.08998666,mp-569889,0.40711796631249975,Stable,Unstable
mp-1226931.cif,0.7455107,0.45055854,mp-1226931,0.4505585572413775,Unstable,Unstable
mp-1245252.cif,0.44140947,0.23308723,mp-1245252,0.23308723180000257,Unstable,Unstable
mp-1245482.cif,-0.75988704,-0.5019548,mp-1245482,0.28063175642857274,Stable,Stable
mp-28124.cif,-1.6798047,-1.5144832,mp-28124,0.0,Stable,Stable
mp-1400762.cif,-0.43226436,-0.20750722,mp-1400762,0.282555295499999,Stable,Stable
mp-1190668.cif,1.0281868,1.1556168,mp-1190668,1.7251484807575759,Unstable,Unstable
mp-1225097.cif,-0.29521072,-0.25032875,mp-1225097,0.010726925069443283,Stable,Stable
mp-621921.cif,-0.51711863,-0.24679564,mp-621921,0.12539527010416762,Stable,Stable
mp-1228894.cif,-1.5103337,-1.1676878,mp-1228894,0.00717303000000058,Stable,Stable
mp-1247297.cif,-0.60645556,-0.67027706,mp-1247297,0.11773994330720328,Stable,Stable
mp-1202324.cif,-0.4925405,-0.50853676,mp-1202324,0.004279424407914512,Stable,Stable
mp-1245650.cif,-0.36797652,-0.32394263,mp-1245650,0.15550662249999903,Stable,Stable
mp-13039.cif,-2.581836,-2.5268242,mp-13039,0.04131628738095117,Stable,Stable
mp-755488.cif,-2.8279793,-2.7437155,mp-755488,0.037496380833337284,Stable,Stable
mp-1246971.cif,-0.80887806,-0.5992577,mp-1246971,0.23798205888888724,Stable,Stable
mp-21244.cif,-0.2174224,-0.3122957,mp-21244,0.026633222666667677,Stable,Stable
mp-1246727.cif,-0.17294848,0.051092524,mp-1246727,0.17071623236842015,Unstable,Stable
mp-1184048.cif,-1.1547015,-0.84046096,mp-1184048,0.06670249083333246,Stable,Stable
mp-1215589.cif,-1.6179738,-1.7112043,mp-1215589,0.19034357187499928,Stable,Stable
mp-1245541.cif,-0.5745889,-0.3947494,mp-1245541,0.4674849860416668,Stable,Stable
mp-1246865.cif,0.12789086,0.36333582,mp-1246865,0.36333581499999923,Unstable,Unstable
mp-1180282.cif,0.15751201,0.038732275,mp-1180282,0.5529967037499999,Unstable,Unstable
mp-1245513.cif,-0.16512433,-0.13927549,mp-1245513,0.3719318287500002,Stable,Stable
mp-1247530.cif,-0.5721871,-0.51481265,mp-1247530,0.053069074266666405,Stable,Stable
mp-555541.cif,-0.5156096,-0.8559482,mp-555541,0.5244260495624982,Stable,Stable
mp-1181896.cif,0.8427307,1.16804,mp-1181896,1.7324863777272723,Unstable,Unstable
mp-1221793.cif,-0.22391027,-0.3653045,mp-1221793,0.07017895083333237,Stable,Stable
mp-866308.cif,-0.5327738,-0.40680692,mp-866308,0.047124788421053054,Stable,Stable
mp-1245840.cif,-0.7392983,-0.46605468,mp-1245840,0.14231580266666644,Stable,Stable
mp-1029655.cif,-0.89583427,-0.9706059,mp-1029655,0.0222710456122428,Stable,Stable
mp-1213124.cif,0.56065094,0.26948512,mp-1213124,0.3113178516666668,Unstable,Unstable
mp-1246004.cif,-1.3349389,-0.83217967,mp-1246004,0.45528086619791885,Stable,Stable
mp-555282.cif,-0.5998743,-0.40255928,mp-555282,0.22575293578947342,Stable,Stable
mp-1179426.cif,-1.8809788,-2.287032,mp-1179426,0.4171676677678624,Stable,Stable
mp-1079581.cif,3.2228284,2.5798326,mp-1079581,2.877646267777777,Unstable,Unstable
mp-1211113.cif,-1.720644,-1.8342849,mp-1211113,0.1336552516015619,Stable,Stable
mp-1246238.cif,0.28399986,0.41592017,mp-1246238,0.4159201772222261,Unstable,Unstable
mp-1246131.cif,-0.7367279,-0.5912935,mp-1246131,0.17925681437499996,Stable,Stable
mp-1179660.cif,-0.83600074,-0.6162462,mp-1179660,1.069325648333332,Stable,Stable
mp-1246781.cif,-0.52952325,-0.38883844,mp-1246781,0.30966604288461674,Stable,Stable
mp-10371.cif,-0.48154637,-0.3786012,mp-10371,0.028803957500000976,Stable,Stable
mp-1245904.cif,-1.3292636,-1.3638306,mp-1245904,0.15922215075757506,Stable,Stable
mp-1029267.cif,-1.7949305,-1.7961893,mp-1029267,0.0,Stable,Stable
mp-1247495.cif,-1.1690483,-0.9388616,mp-1247495,0.0885388856666669,Stable,Stable
mp-1245641.cif,-0.09363254,-0.028678196,mp-1245641,0.253029297500003,Stable,Stable
mp-1247437.cif,-1.2452843,-1.2292508,mp-1247437,0.13454681499999843,Stable,Stable
mp-707175.cif,-1.8680557,-1.5857421,mp-707175,0.1035228386751994,Stable,Stable
mp-1214254.cif,-0.104280554,-0.05577328,mp-1214254,0.6516141085119047,Stable,Stable
mp-626529.cif,-1.256622,-1.1192012,mp-626529,0.03165806482142752,Stable,Stable
mp-675682.cif,-3.211486,-3.2478492,mp-675682,0.055550307407407296,Stable,Stable
mp-1246950.cif,0.4323261,0.2569436,mp-1246950,0.3004919509999997,Unstable,Unstable
mp-1019578.cif,-1.4753673,-1.3107102,mp-1019578,0.0019546176923075365,Stable,Stable
mp-989613.cif,-1.0456066,-1.026881,mp-989613,0.03016874133333225,Stable,Stable
mp-29092.cif,-0.79360944,-0.68572384,mp-29092,0.0,Stable,Stable
mp-560121.cif,-1.1683733,-1.1560898,mp-560121,0.0,Stable,Stable
mp-1247042.cif,-0.60568357,-0.17590718,mp-1247042,0.18911965748263793,Stable,Stable
mp-568862.cif,0.35089514,0.28541717,mp-568862,0.2854171774999976,Unstable,Unstable
mp-567763.cif,-0.23521557,-0.04827093,mp-567763,0.2611092710937495,Stable,Stable
mp-989534.cif,-1.3067529,-1.090725,mp-989534,0.022802566000006408,Stable,Stable
mp-558481.cif,-1.2727404,-1.165363,mp-558481,0.14829934499999986,Stable,Stable
mp-1198991.cif,-0.4573374,-0.4275251,mp-1198991,0.0,Stable,Stable
mp-1225051.cif,-0.1664241,-0.23821788,mp-1225051,0.001100841527778229,Stable,Stable
mp-1105650.cif,-0.3123329,0.81571966,mp-1105650,1.1486235950694423,Unstable,Stable
mp-721442.cif,-0.8413577,-0.97612685,mp-721442,0.46418105409721466,Stable,Stable
mp-12335.cif,-0.14697081,-0.09281004,mp-12335,0.07049624937499921,Stable,Stable
mp-555.cif,0.03893789,-0.06903248,mp-555,0.0010915550000003549,Stable,Unstable
mp-20812.cif,0.12684825,0.09314462,mp-20812,0.21084528749999976,Unstable,Unstable
mp-1214997.cif,-0.1065549,0.08178286,mp-1214997,0.13877947807942714,Unstable,Stable
mp-1246905.cif,-0.7657569,-0.63066226,mp-1246905,0.1858382167948731,Stable,Stable
mp-1103604.cif,-2.7412107,-2.5098069,mp-1103604,0.0,Stable,Stable
mp-1247088.cif,-0.08462138,0.081045225,mp-1247088,0.31415197055555666,Unstable,Stable
mp-1399099.cif,0.5195202,0.33418563,mp-1399099,0.5851819819999999,Unstable,Unstable
mp-28553.cif,-1.6758671,-1.3582389,mp-28553,0.02984112343750045,Stable,Stable
mp-641541.cif,-0.18222997,0.01543049,mp-641541,0.20802291535714446,Unstable,Stable
mp-570931.cif,-0.74546677,-0.75286174,mp-570931,0.0,Stable,Stable
mp-1214733.cif,-1.1353749,-0.90681785,mp-1214733,0.2161132708928557,Stable,Stable
mp-1247243.cif,-0.6213572,-0.6290496,mp-1247243,0.05042905974867917,Stable,Stable
mp-1246448.cif,-0.86456287,-0.9097562,mp-1246448,0.032328946071428,Stable,Stable
mp-1192890.cif,-2.7891104,-2.0472121,mp-1192890,0.7857571269166694,Stable,Stable
mp-1195226.cif,-0.43038127,-0.68908924,mp-1195226,0.20491446166666893,Stable,Stable
mp-1212618.cif,-0.33939594,-0.5990959,mp-1212618,0.6621671335833277,Stable,Stable
mp-1245587.cif,-0.40206632,-0.27573147,mp-1245587,0.2038858225757565,Stable,Stable
mp-1191621.cif,0.48171246,0.45613536,mp-1191621,1.2848726694907402,Unstable,Unstable
mp-1029920.cif,-1.1319162,-0.9857423,mp-1029920,0.0,Stable,Stable
mp-754790.cif,-2.9389994,-2.6748745,mp-754790,0.09969899015624861,Stable,Stable
mp-1247409.cif,0.2796105,0.26037866,mp-1247409,0.26037867200000164,Unstable,Unstable
mp-1198500.cif,-0.3838307,-0.28990316,mp-1198500,0.06334157281249997,Stable,Stable
mp-1197250.cif,0.2651782,0.43619666,mp-1197250,1.2975734237499994,Unstable,Unstable
mp-1245863.cif,-0.21240878,-0.12537138,mp-1245863,0.19397544778508902,Stable,Stable
mp-1246544.cif,-0.85940015,-0.7554838,mp-1246544,0.3002355364999971,Stable,Stable
mp-1218149.cif,-2.5975196,-2.4775019,mp-1218149,0.14341356534058214,Stable,Stable
mp-1217736.cif,-0.21226385,-0.12686373,mp-1217736,0.08108476107141982,Stable,Stable
mp-1180215.cif,0.37378117,0.7861454,mp-1180215,1.128988316388888,Unstable,Unstable
mp-1219615.cif,-0.604933,-0.9966891,mp-1219615,0.4240937899999988,Stable,Stable
mp-1199578.cif,0.3261209,0.42717275,mp-1199578,0.9916190390909092,Unstable,Unstable
mp-1217932.cif,-1.0870364,-1.0533503,mp-1217932,0.24939833416666346,Stable,Stable
mp-728777.cif,-1.647384,-1.7294124,mp-728777,0.19869775153408575,Stable,Stable
mp-725997.cif,-1.6171062,-1.6727778,mp-725997,0.12917991671874862,Stable,Stable
mp-24026.cif,-0.21603224,-0.16309565,mp-24026,0.15000608096153734,Stable,Stable
mp-728225.cif,-0.67004937,-0.5971238,mp-728225,0.0229976539668586,Stable,Stable
mp-1191322.cif,-0.0851052,-0.13528474,mp-1191322,0.4291615609090913,Stable,Stable
mp-29596.cif,-1.3999745,-1.2290885,mp-29596,0.0,Stable,Stable
mp-1008965.cif,1.29174,0.99491787,mp-1008965,0.9949178624999995,Unstable,Unstable
mp-1224558.cif,-0.91955256,-0.86563694,mp-1224558,0.08172316600877583,Stable,Stable
mp-1246276.cif,-0.48851928,-0.3818833,mp-1246276,0.2872817619137926,Stable,Stable
mp-1194044.cif,-0.462486,-0.56829864,mp-1194044,0.0,Stable,Stable
mp-557991.cif,-0.5319561,-0.43541667,mp-557991,0.3932447984999978,Stable,Stable
mp-1247545.cif,-0.7076905,-0.5634068,mp-1247545,0.189774252400003,Stable,Stable
mp-1202899.cif,1.0156989,0.9303794,mp-1202899,1.460681304038462,Unstable,Unstable
mp-775944.cif,-3.2966993,-3.1814678,mp-775944,0.06601034883335366,Stable,Stable
mp-1245427.cif,-0.041331187,0.11222029,mp-1245427,0.2490459400833327,Unstable,Stable
mp-568532.cif,0.15338385,0.19981253,mp-568532,0.49728179210526413,Unstable,Unstable
mp-734390.cif,-0.9142818,-1.4820958,mp-734390,0.5072159983333355,Stable,Stable
mp-6633.cif,-0.5086356,-0.46063793,mp-6633,0.04149737343750104,Stable,Stable
mp-1246631.cif,-1.0498126,-0.84419805,mp-1246631,0.19042940849999823,Stable,Stable
mp-1246760.cif,-0.36742637,-0.21075924,mp-1246760,0.10403399875000119,Stable,Stable
mp-1093992.cif,-1.8189422,-1.9359097,mp-1093992,0.039596682500000924,Stable,Stable
mp-1194150.cif,-0.04344458,-0.37644628,mp-1194150,0.4698384724999993,Stable,Stable
mp-1185888.cif,-0.83439875,-0.73586464,mp-1185888,0.0,Stable,Stable
mp-510619.cif,-0.25661528,-0.185535,mp-510619,0.0,Stable,Stable
mp-1147700.cif,0.41867077,0.3512178,mp-1147700,0.3512178016666674,Unstable,Unstable
mp-1214850.cif,-0.58445907,-0.7242809,mp-1214850,0.9400278220238114,Stable,Stable
mp-776608.cif,-3.2765627,-3.15365,mp-776608,0.10460880577381282,Stable,Stable
mp-1210158.cif,-0.38038525,0.0008124004,mp-1210158,0.19975045849999873,Unstable,Stable
mp-1246090.cif,-0.38649794,-0.2683107,mp-1246090,0.2028682601851859,Stable,Stable
mp-1247065.cif,-0.0743567,-0.12259808,mp-1247065,0.2178619972727267,Stable,Stable
mp-1199218.cif,-0.5487533,-0.4249425,mp-1199218,0.0,Stable,Stable
mp-1201867.cif,-1.8183763,-2.191487,mp-1201867,0.5990791621333349,Stable,Stable
mp-1245544.cif,-0.15806705,-0.12932172,mp-1245544,0.24517678204980875,Stable,Stable
mp-1205069.cif,0.22418046,0.34170315,mp-1205069,1.0077290361538456,Unstable,Unstable
mp-723704.cif,0.15581313,-0.012831333,mp-723704,1.1205115458333363,Stable,Unstable
mp-1246850.cif,0.45195833,0.36574948,mp-1246850,0.36574947049999906,Unstable,Unstable
mp-573523.cif,-0.8061354,-0.76995564,mp-573523,0.0,Stable,Stable
mp-569340.cif,0.008896247,0.09194503,mp-569340,0.0257906877777776,Unstable,Unstable
mp-1213906.cif,0.26677045,0.4692709,mp-1213906,2.0321730948214274,Unstable,Unstable
mp-755526.cif,-3.2637484,-3.1945448,mp-755526,0.05293334645240222,Stable,Stable
mp-1078469.cif,-0.26384217,-0.3148887,mp-1078469,0.01169306635416767,Stable,Stable
mp-1245334.cif,-0.07081098,0.023151504,mp-1245334,0.3355635409782636,Unstable,Stable
mp-729466.cif,-0.13324037,-0.58426815,mp-729466,0.4615833218518546,Stable,Stable
mp-571412.cif,-0.6012769,-0.5999449,mp-571412,0.0,Stable,Stable
mp-1247261.cif,-0.37061206,-0.29336342,mp-1247261,0.18608584249999893,Stable,Stable
mp-777569.cif,-2.697241,-2.6715322,mp-777569,0.17924780166666743,Stable,Stable
mp-1246121.cif,-0.62675524,-0.5836548,mp-1246121,0.056346538641973254,Stable,Stable
mp-1228833.cif,0.14189021,-0.16891856,mp-1228833,0.6151400945000001,Stable,Unstable
mp-1213393.cif,-0.30120084,-0.30021253,mp-1213393,0.0,Stable,Stable
mp-1245468.cif,0.049408652,-0.02912469,mp-1245468,0.23052271744444397,Stable,Unstable
mp-1246805.cif,-0.16286182,0.13635078,mp-1246805,0.4121693105000013,Unstable,Stable
mp-989603.cif,-1.2943146,-1.0931915,mp-989603,0.02033604850000259,Stable,Stable
mp-1180220.cif,0.16603172,0.030297754,mp-1180220,0.5445621837499992,Unstable,Unstable
mp-1246655.cif,-0.012839489,0.24157688,mp-1246655,0.34392527876811485,Unstable,Stable
mp-1102530.cif,-1.6599491,-1.2074274,mp-1102530,0.997214539722223,Stable,Stable
mp-1198000.cif,-1.0672904,-1.2541797,mp-1198000,0.05342350450833333,Stable,Stable
mp-1029811.cif,-1.9474134,-1.7370502,mp-1029811,0.15084865472222386,Stable,Stable
mp-690667.cif,0.31869206,0.4579782,mp-690667,0.9511527818749999,Unstable,Unstable
mp-1246493.cif,-1.532835,-1.4190681,mp-1246493,0.14616170431817999,Stable,Stable
mp-1246909.cif,-2.4065487,-2.245457,mp-1246909,0.0,Stable,Stable
mp-1234366.cif,-0.6775451,-0.5989889,mp-1234366,0.15731143338889275,Stable,Stable
mp-1350358.cif,-0.62047756,-0.2877103,mp-1350358,0.40711268583333293,Stable,Stable
mp-1214899.cif,1.6515448,1.2177638,mp-1214899,1.8602511454273492,Unstable,Unstable
mp-645346.cif,-0.40413448,-0.26072532,mp-645346,0.18912727072916447,Stable,Stable
mp-722937.cif,-1.1853489,-0.8587921,mp-722937,0.0,Stable,Stable
mp-653562.cif,-0.28870717,-0.41081184,mp-653562,0.26595109499999925,Stable,Stable
mp-1246116.cif,-0.26180008,-0.3509526,mp-1246116,0.06439389802631723,Stable,Stable
mp-1200492.cif,0.8991343,1.0309775,mp-1200492,1.6922648920535717,Unstable,Unstable
mp-1204236.cif,-1.4640781,-1.6324446,mp-1204236,0.3284852208999913,Stable,Stable
mp-1245046.cif,0.021243654,0.034414683,mp-1245046,0.7044640895000001,Unstable,Unstable
mp-1190961.cif,-0.7697197,-0.52609074,mp-1190961,0.881380925132575,Stable,Stable
mp-864647.cif,-1.1697042,-1.4078242,mp-864647,0.0,Stable,Stable
mp-818685.cif,-1.4088045,-0.89946395,mp-818685,0.66558001435184,Stable,Stable
mp-985299.cif,0.9371394,0.9805402,mp-985299,0.9805402187500007,Unstable,Unstable
mp-1245952.cif,-0.30881432,-0.19311984,mp-1245952,0.293932237638888,Stable,Stable
mp-1247364.cif,-0.3155872,-0.20609668,mp-1247364,0.21087746347222147,Stable,Stable
mp-1202649.cif,-0.44398692,-0.5267228,mp-1202649,0.5748834254583333,Stable,Stable
mp-1078291.cif,-0.6636519,-0.78852105,mp-1078291,0.0,Stable,Stable
mp-1188861.cif,-0.5983818,-0.58296037,mp-1188861,0.04100961794642899,Stable,Stable
mp-1246636.cif,-0.4403105,-0.31977066,mp-1246636,0.22938378712963114,Stable,Stable
mp-1246892.cif,-1.0204451,-0.8106144,mp-1246892,0.29123602000000126,Stable,Stable
mp-1244870.cif,-1.2140576,-0.8953932,mp-1244870,0.4633129509333287,Stable,Stable
mp-1245442.cif,-0.10623922,-0.058248915,mp-1245442,0.17151673402777767,Stable,Stable
mp-1245699.cif,-0.90070575,-1.1248875,mp-1245699,0.061810911874999874,Stable,Stable
mp-23568.cif,-0.6055708,-0.8198095,mp-23568,0.0,Stable,Stable
mp-1245928.cif,-0.32760254,-0.46289298,mp-1245928,0.12799106749999645,Stable,Stable
mp-669462.cif,-0.31255987,-0.018501958,mp-669462,0.30386499608617523,Stable,Stable
mp-1245690.cif,0.42386833,0.23056218,mp-1245690,0.23056217749999952,Unstable,Unstable
mp-1194217.cif,-1.7022095,-1.925763,mp-1194217,0.6051382139999903,Stable,Stable
mp-1376593.cif,-0.2441082,-0.2103861,mp-1376593,0.3034244402272712,Stable,Stable
mp-974591.cif,-0.2290596,-0.2334529,mp-974591,0.5089360519444437,Stable,Stable
mp-1080194.cif,0.05172778,0.10932228,mp-1080194,0.15380868749999976,Unstable,Unstable
mp-1097757.cif,0.21924096,0.07247471,mp-1097757,0.5719325927777774,Unstable,Unstable
mp-1019082.cif,0.8341129,0.61273646,mp-1019082,0.6127364483333331,Unstable,Unstable
mp-757336.cif,-2.7859347,-2.5294724,mp-757336,0.12972544275000075,Stable,Stable
mp-1204359.cif,1.0835637,0.9919074,mp-1204359,1.2369822728749993,Unstable,Unstable
mp-643905.cif,-0.8273915,-0.651188,mp-643905,0.0,Stable,Stable
mp-1247150.cif,-0.14532179,-0.2843276,mp-1247150,0.20733873974206318,Stable,Stable
mp-1179193.cif,0.42553043,0.40845707,mp-1179193,0.6481198455178561,Unstable,Unstable
mp-24067.cif,-2.188155,-1.7697583,mp-24067,0.15169357843750042,Stable,Stable
mp-1212793.cif,-1.9872797,-1.9072566,mp-1212793,0.009626775448713154,Stable,Stable
mp-30068.cif,0.9076382,0.30176494,mp-30068,0.5058100020833329,Unstable,Unstable
mp-1201297.cif,-0.4750366,-0.49655005,mp-1201297,0.673147416644734,Stable,Stable
mp-1202445.cif,-1.6409316,-1.647788,mp-1202445,0.0,Stable,Stable
mp-667318.cif,-1.3061634,-1.4513556,mp-667318,0.031502096272356006,Stable,Stable
mp-1196295.cif,-0.44011286,-0.51899177,mp-1196295,1.272518332410712,Stable,Stable
mp-1247474.cif,-0.37594312,-0.11442485,mp-1247474,0.4067091852777782,Stable,Stable
mp-778905.cif,-3.1948411,-3.0549445,mp-778905,0.08159002404255133,Stable,Stable
mp-35327.cif,0.46565208,-0.13521287,mp-35327,0.3435342671428554,Stable,Unstable
mp-1217723.cif,-0.20280614,-0.19521505,mp-1217723,0.15396589857142473,Stable,Stable
mp-1198753.cif,-1.0764105,-1.0680254,mp-1198753,0.020824852122809823,Stable,Stable
mp-1247081.cif,-0.39088902,-0.27738976,mp-1247081,0.48214153198275866,Stable,Stable
mp-1200524.cif,-0.28572085,-0.28596187,mp-1200524,0.28066175323529396,Stable,Stable
mp-570755.cif,-1.0126692,-1.1355535,mp-570755,0.0,Stable,Stable
mp-505495.cif,-0.80550164,-0.7048705,mp-505495,0.0,Stable,Stable
mp-28067.cif,-2.322345,-2.03484,mp-28067,0.0,Stable,Stable
mp-775822.cif,-2.6197574,-2.3363388,mp-775822,0.12818195250000208,Stable,Stable
mp-1203544.cif,-0.56721866,-0.5958023,mp-1203544,0.17213687384615461,Stable,Stable
mp-558217.cif,-1.070689,-1.0600014,mp-558217,0.0,Stable,Stable
mp-1353700.cif,-0.2894164,1.2812614,mp-1353700,2.274217511776315,Unstable,Stable
mp-1245499.cif,-0.057830192,0.07241193,mp-1245499,0.18475751557291886,Unstable,Stable
mp-1246879.cif,-1.205985,-0.9372713,mp-1246879,0.12203631229999878,Stable,Stable
mp-23019.cif,-2.4444115,-2.0029192,mp-23019,0.06563434861110551,Stable,Stable
mp-1244916.cif,-0.013155453,-0.020918319,mp-1244916,0.6491310883000008,Stable,Stable
mp-1246113.cif,-0.17986071,-0.21412952,mp-1246113,0.34108716527777894,Stable,Stable
mp-1029975.cif,-0.5555909,-0.6093145,mp-1029975,0.0,Stable,Stable
mp-1203456.cif,-0.6948884,-0.69832814,mp-1203456,0.04998598611111138,Stable,Stable
mp-1209071.cif,-0.7955419,0.05400681,mp-1209071,1.4776265442499978,Unstable,Stable
mp-676851.cif,-1.2433614,-1.3927642,mp-676851,0.02937441350000025,Stable,Stable
mp-699485.cif,-1.4299666,-1.2928275,mp-699485,0.004406057419354958,Stable,Stable
mp-1025352.cif,-2.3693821,-2.3285775,mp-1025352,0.08318757305555202,Stable,Stable
mp-2925199.cif,1.0613495,0.7782255,mp-2925199,0.9451877874999992,Unstable,Unstable
mp-1103484.cif,1.185631,1.205429,mp-1103484,1.771172119999998,Unstable,Unstable
mp-867219.cif,-0.93297255,-0.7310471,mp-867219,0.0,Stable,Stable
mp-1200086.cif,-0.6374562,-0.43616286,mp-1200086,0.0,Stable,Stable
mp-1245589.cif,-0.3096824,-0.28882045,mp-1245589,0.29564205516666675,Stable,Stable
mp-1414602.cif,0.12705883,-0.2552774,mp-1414602,0.4849308137500046,Stable,Unstable
mp-1246719.cif,0.14354634,0.14597441,mp-1246719,0.1943279019999995,Unstable,Unstable
mp-580962.cif,0.1548278,-0.21220495,mp-580962,0.49698681078124896,Stable,Unstable
mp-1105312.cif,0.9544591,0.9737712,mp-1105312,1.3149760973214284,Unstable,Unstable
mp-1212815.cif,0.04113414,0.9898078,mp-1212815,1.0380763126923078,Unstable,Unstable
mp-1195508.cif,-1.9036713,-1.8257265,mp-1195508,0.1187433383333314,Stable,Stable
mp-1193097.cif,-0.83875155,-0.66631985,mp-1193097,0.026813895785712916,Stable,Stable
mp-1080197.cif,-0.09952069,-0.12126027,mp-1080197,0.15869337142857098,Stable,Stable
mp-555721.cif,-1.3563133,-1.2221173,mp-555721,0.19387357805555183,Stable,Stable
mp-734003.cif,-1.9702306,-1.9889104,mp-734003,0.41863609180555184,Stable,Stable
mp-558183.cif,-0.6246636,-0.7019046,mp-558183,0.2109504841999943,Stable,Stable
mp-722666.cif,1.4860585,1.3710157,mp-722666,2.136438127999999,Unstable,Unstable
mp-1193572.cif,-0.9861754,-0.3189524,mp-1193572,1.3763597287333287,Stable,Stable
mp-1246561.cif,0.06932426,0.18503796,mp-1246561,0.40519519678571214,Unstable,Unstable
mp-1220542.cif,-0.14492354,-0.15752679,mp-1220542,0.134682175238094,Stable,Stable
mp-1220797.cif,-2.5029202,-2.0094273,mp-1220797,0.05400067380000095,Stable,Stable
mp-1009596.cif,1.5750744,1.3342854,mp-1009596,1.3342853325000004,Unstable,Unstable
mp-779982.cif,-2.7772896,-2.5225205,mp-779982,0.13614657675000075,Stable,Stable
mp-722212.cif,-1.5455105,1.1298747,mp-722212,3.593836252250002,Unstable,Stable
mp-36800.cif,-1.0664455,-1.2638143,mp-36800,0.037747409583332114,Stable,Stable
mp-1244884.cif,0.0066011325,0.02224242,mp-1244884,0.6922918271,Unstable,Unstable
mp-531317.cif,-0.8395603,-0.7788064,mp-531317,0.1848819920303031,Stable,Stable
mp-1215288.cif,-1.2825559,-1.352838,mp-1215288,0.4747513287500009,Stable,Stable
mp-1245648.cif,0.08919022,0.21694516,mp-1245648,0.24079116043859727,Unstable,Unstable
mp-723835.cif,1.173472,1.1771736,mp-723835,1.4291120064285714,Unstable,Unstable
mp-560409.cif,-1.2235615,-1.1330125,mp-560409,0.23680344780811957,Stable,Stable
mp-733838.cif,-0.9122919,-1.036028,mp-733838,0.2898475004924288,Stable,Stable
mp-743935.cif,-0.23985186,-0.21379112,mp-743935,0.570211276925285,Stable,Stable
mp-542496.cif,-0.4811761,-0.31511325,mp-542496,0.0,Stable,Stable
mp-1029492.cif,-0.34244308,-0.38909748,mp-1029492,0.020552375208334972,Stable,Stable
mp-1203637.cif,-0.5191692,-0.41492084,mp-1203637,0.20409590468749794,Stable,Stable
mp-1237055.cif,-0.55436295,-0.5691335,mp-1237055,0.6068915826666643,Stable,Stable
mp-1201218.cif,-1.9377587,-1.5250607,mp-1201218,0.9446834491216238,Stable,Stable
mp-21264.cif,0.35172307,0.28772563,mp-21264,0.2877256166666662,Unstable,Unstable
mp-1246145.cif,-0.4339992,-0.35899654,mp-1246145,0.07554021173610792,Stable,Stable
mp-1246989.cif,-0.2164351,-0.14931323,mp-1246989,0.2579185505952397,Stable,Stable
mp-1191860.cif,0.48347968,0.6387644,mp-1191860,0.9941348234782623,Unstable,Unstable
mp-29930.cif,0.11824231,0.09500611,mp-29930,0.29576893469348686,Unstable,Unstable
mp-1204126.cif,-0.9009497,-0.32609427,mp-1204126,1.1768006127777646,Stable,Stable
mp-1245465.cif,-0.14172351,-0.067219004,mp-1245465,0.24229590456439443,Stable,Stable
mp-1182597.cif,1.0351213,1.0851601,mp-1182597,1.3439001756818163,Unstable,Unstable
mp-1225195.cif,0.26732984,0.6967863,mp-1225195,1.5030793968518505,Unstable,Unstable
mp-552674.cif,-1.8333132,-1.3817587,mp-552674,0.989674603125005,Stable,Stable
mp-1218378.cif,-1.9177746,-1.5845857,mp-1218378,0.04930728000000073,Stable,Stable
mp-35695.cif,-0.68982613,-0.49678704,mp-35695,0.08578581187499967,Stable,Stable
mp-1208996.cif,-1.0921726,-0.1835802,mp-1208996,1.4817640081666648,Stable,Stable
mp-674456.cif,-1.6485323,-1.7324234,mp-674456,0.015005051578945938,Stable,Stable
mp-1442753.cif,-0.2688172,1.3233998,mp-1442753,2.3189006705263155,Unstable,Stable
mp-683949.cif,-1.2147315,-1.2174567,mp-683949,0.009037823593748051,Stable,Stable
mp-567371.cif,-0.85845697,-0.7205221,mp-567371,0.0,Stable,Stable
mp-1245368.cif,-1.4567072,-1.0875783,mp-1245368,0.1679699236764698,Stable,Stable
mp-1195832.cif,-1.1966097,-1.2306892,mp-1195832,0.029204334047618907,Stable,Stable
mp-1195678.cif,-1.575667,-1.5429027,mp-1195678,0.023216556190476467,Stable,Stable
mp-29175.cif,-1.236923,-0.923506,mp-29175,0.0,Stable,Stable
mp-1191105.cif,0.11097159,0.27391425,mp-1191105,0.8624468977294688,Unstable,Unstable
mp-1246020.cif,0.10485973,0.08327514,mp-1246020,0.09359233350000018,Unstable,Unstable
mp-560224.cif,-0.95758533,-0.9893303,mp-560224,0.2717710072500008,Stable,Stable
mp-20820.cif,-0.9527439,-1.0686415,mp-20820,0.0,Stable,Stable
mp-1209941.cif,-0.70755464,-0.81276965,mp-1209941,0.02674026629629367,Stable,Stable
mp-1205982.cif,1.1440771,1.2169963,mp-1205982,1.8045866911111106,Unstable,Unstable
mp-1207754.cif,-0.32586464,-0.27160126,mp-1207754,0.09256688068181873,Stable,Stable
mp-1246437.cif,0.19323206,0.24285097,mp-1246437,0.23980749613636299,Unstable,Unstable
mp-1220479.cif,-0.6943127,-0.9449762,mp-1220479,0.11912370230768943,Stable,Stable
mp-1213831.cif,-1.0628496,-0.4780017,mp-1213831,0.8997938034536048,Stable,Stable
mp-1198745.cif,-2.0726032,-2.0713081,mp-1198745,0.21294309901316044,Stable,Stable
mp-567575.cif,-0.14392534,-0.25606945,mp-567575,0.03852613027777885,Stable,Stable
mp-1198813.cif,-1.2290022,-1.0597258,mp-1198813,0.08653202776666546,Stable,Stable
mp-1245582.cif,-0.2395865,0.05377448,mp-1245582,0.43442112888889106,Unstable,Stable
mp-1245963.cif,-0.54038477,-0.42777297,mp-1245963,0.030071778999997356,Stable,Stable
mp-695936.cif,-1.3121575,-1.256262,mp-695936,0.09645053797619418,Stable,Stable
mp-1246896.cif,-0.48949847,-0.4087568,mp-1246896,0.35284119250000145,Stable,Stable
mp-1209100.cif,0.76662964,0.88500684,mp-1209100,1.5296259401111136,Unstable,Unstable
mp-17518.cif,-1.2529696,-1.3632823,mp-17518,0.0,Stable,Stable
mp-683911.cif,-0.69948065,-0.65310425,mp-683911,0.37983871126116053,Stable,Stable
mp-1204637.cif,0.22529718,-0.043257423,mp-1204637,0.7282306965789491,Stable,Unstable
mp-1216049.cif,-1.9682932,-2.1219664,mp-1216049,0.0232022828472207,Stable,Stable
mp-1203978.cif,-0.5842107,-0.37474057,mp-1203978,0.15246011636393186,Stable,Stable
mp-1419585.cif,-0.3795749,-0.2909796,mp-1419585,0.2552408162499997,Stable,Stable
mp-1246410.cif,-0.33412936,-0.008995007,mp-1246410,0.29156675333333126,Stable,Stable
mp-555513.cif,-1.2316356,-1.1681585,mp-555513,0.3872572929305518,Stable,Stable
mp-1078568.cif,0.47996035,0.2386735,mp-1078568,0.23867349125000104,Unstable,Unstable
mp-1247319.cif,-0.051039353,0.11863405,mp-1247319,0.5295402109166645,Unstable,Stable
mp-1014251.cif,-1.513596,-1.2424049,mp-1014251,0.0,Stable,Stable
mp-1106114.cif,1.1426609,1.2800727,mp-1106114,1.860861588333334,Unstable,Unstable
mp-1232306.cif,-0.4107094,-0.15187523,mp-1232306,0.4459400699999989,Stable,Stable
mp-20781.cif,0.46547666,-0.06414005,mp-20781,0.9216338945454519,Stable,Unstable
mp-1245847.cif,-0.005314365,-0.061871935,mp-1245847,0.3127214765624977,Stable,Stable
mp-1804.cif,-0.32029447,-0.15777908,mp-1804,0.0,Stable,Stable
mp-1246754.cif,-0.37662303,-0.17748426,mp-1246754,0.2058056290972221,Stable,Stable
mp-36066.cif,-1.4429222,-1.4767684,mp-36066,0.062477948000000616,Stable,Stable
mp-1096994.cif,-1.8857315,-1.9617267,mp-1096994,0.020751347500002737,Stable,Stable
mp-1212560.cif,-0.16857222,-0.100704014,mp-1212560,0.4764112429111087,Stable,Stable
mp-696666.cif,-0.5355905,-0.5659842,mp-696666,0.4695653969374973,Stable,Stable
mp-1423059.cif,0.25484258,0.22292972,mp-1423059,0.22292971999999978,Unstable,Unstable
mp-1078734.cif,2.3063643,1.8002741,mp-1078734,2.108234565750002,Unstable,Unstable
mp-1246329.cif,-2.0067167,-1.7655845,mp-1246329,0.14102544833333752,Stable,Stable
mp-1238508.cif,-1.0511997,-0.94181293,mp-1238508,0.4816957025156272,Stable,Stable
mp-600226.cif,0.099633224,-0.026941922,mp-600226,0.3214457817129617,Stable,Unstable
mp-1201733.cif,-1.7784245,-1.5519037,mp-1201733,0.0008011545529900133,Stable,Stable
mp-1245519.cif,-0.83754694,-0.7666482,mp-1245519,0.38482054062499316,Stable,Stable
mp-1079695.cif,-0.7170547,-0.7924901,mp-1079695,0.0,Stable,Stable
mp-1203950.cif,-0.7594939,0.017708993,mp-1203950,1.589756503203132,Unstable,Stable
mp-555493.cif,-0.790156,-0.84351426,mp-555493,0.09538995578275067,Stable,Stable
mp-1201962.cif,-1.880275,-1.848569,mp-1201962,0.0,Stable,Stable
mp-773667.cif,-0.9401996,-0.73011315,mp-773667,0.2340171729999998,Stable,Stable
mp-1220830.cif,-0.93656933,-1.0500157,mp-1220830,0.16235548086956086,Stable,Stable
mp-775918.cif,-2.9352326,-3.039748,mp-775918,0.11203982475000984,Stable,Stable
mp-33046.cif,-2.0323846,-1.8681855,mp-33046,0.07448175613636465,Stable,Stable
mp-1014160.cif,-1.9213369,-1.9263537,mp-1014160,0.04915273249999785,Stable,Stable
mp-1072204.cif,-1.8472306,-0.83685195,mp-1072204,0.6288663844444464,Stable,Stable
mp-1202926.cif,0.78711975,0.2977453,mp-1202926,1.2010256783750002,Unstable,Unstable
mp-989513.cif,-1.0186207,-0.80789596,mp-989513,0.07413227512502019,Stable,Stable
mp-672675.cif,-0.039773114,-0.18044709,mp-672675,0.9575237197619124,Stable,Stable
mp-24354.cif,-1.0736617,-1.0608968,mp-24354,0.07217005121826148,Stable,Stable
mp-1172825.cif,-1.9746282,-1.6461217,mp-1172825,0.25798652145833056,Stable,Stable
mp-1105760.cif,0.77411884,1.274048,mp-1105760,1.8513787158333344,Unstable,Unstable
mp-1102074.cif,0.5033098,0.6385945,mp-1102074,0.6385945050000004,Unstable,Unstable
mp-707955.cif,-0.9941442,-0.87885284,mp-707955,0.25702152911290277,Stable,Stable
mp-1173578.cif,-1.213392,-0.90410584,mp-1173578,0.3086587689454454,Stable,Stable
mp-1246660.cif,0.005025804,0.10187451,mp-1246660,0.3805269659999979,Unstable,Unstable
mp-641183.cif,-1.8878464,-1.7241355,mp-641183,0.08646758829365098,Stable,Stable
mp-3421.cif,0.36336836,0.18792321,mp-3421,0.18792320062500067,Unstable,Unstable
mp-29491.cif,-0.2746912,0.029870648,mp-29491,0.11805472913281267,Unstable,Stable
mp-1246394.cif,-0.20494112,-0.13578735,mp-1246394,0.15512059285879154,Stable,Stable
mp-4531.cif,-1.1244292,-1.363197,mp-4531,0.0,Stable,Stable
mp-10674.cif,1.268467,1.0017962,mp-10674,1.9704026219999982,Unstable,Unstable
mp-1245703.cif,-0.27332798,-0.14749223,mp-1245703,0.30352990799999624,Stable,Stable
mp-1213238.cif,1.1986202,0.7321331,mp-1213238,1.439509167777779,Unstable,Unstable
mp-1059462.cif,1.0105304,0.7107845,mp-1059462,1.257004896249999,Unstable,Unstable
mp-1245959.cif,-0.056271695,0.006612053,mp-1245959,0.20948930928571574,Unstable,Stable
mp-1201095.cif,0.4099941,0.072670974,mp-1201095,0.3150975597426475,Unstable,Unstable
mp-448.cif,0.09174099,0.102861464,mp-448,0.10286146062500023,Unstable,Unstable
mp-24515.cif,-0.2513248,0.13068528,mp-24515,0.730151434642857,Unstable,Stable
mp-1247529.cif,-0.6567198,-0.45788926,mp-1247529,0.3327959422964559,Stable,Stable
mp-667353.cif,-1.3192492,-1.4548196,mp-667353,0.03479231052439147,Stable,Stable
mp-1211110.cif,-0.7777303,-1.0920203,mp-1211110,0.5908607593421102,Stable,Stable
mp-1223372.cif,-1.0592325,-1.2959021,mp-1223372,0.09060177535713887,Stable,Stable
mp-8926.cif,-0.95204186,-1.0023019,mp-8926,0.004483982083333338,Stable,Stable
mp-1430706.cif,-0.72950333,-0.10540396,mp-1430706,0.35901679999999914,Stable,Stable
mp-1100799.cif,-1.8869259,-1.5642816,mp-1100799,0.3352911260000013,Stable,Stable
mp-34584.cif,-3.3039424,-3.127777,mp-34584,0.0723605229545452,Stable,Stable
mp-1210367.cif,-1.5389442,-1.4575378,mp-1210367,0.6875063321031822,Stable,Stable
mp-23927.cif,-1.6853483,-1.5671283,mp-23927,0.09283296453331236,Stable,Stable
mp-1025333.cif,0.04483884,0.38834542,mp-1025333,0.7923883932589266,Unstable,Unstable
mp-1180460.cif,0.36267126,0.4507077,mp-1180460,1.029982122253604,Unstable,Unstable
mp-777297.cif,-0.46285668,-0.55518425,mp-777297,0.010157679166666433,Stable,Stable
mp-1079374.cif,-1.9647276,-1.6063738,mp-1079374,0.13250901249999814,Stable,Stable
mp-6404.cif,-1.2823937,-1.0571415,mp-6404,0.0,Stable,Stable
mp-1245667.cif,-0.8987543,-0.93509513,mp-1245667,0.03606766499999736,Stable,Stable
mp-1204044.cif,-0.47966895,-0.64945716,mp-1204044,0.4257376876041654,Stable,Stable
mp-1196420.cif,-0.69347,-0.5416353,mp-1196420,0.010717392698410322,Stable,Stable
mp-1193820.cif,-1.2011595,-1.4545062,mp-1193820,0.28089874910714574,Stable,Stable
mp-1208783.cif,-1.0108949,-0.75070435,mp-1208783,0.5699105572685168,Stable,Stable
mp-720712.cif,-0.56658053,-0.56016773,mp-720712,0.0,Stable,Stable
mp-1182159.cif,0.3560411,0.59464425,mp-1182159,1.2600672232142855,Unstable,Unstable
mp-1078456.cif,-0.3122332,-0.0326348,mp-1078456,1.0909799593333327,Stable,Stable
mp-23045.cif,-0.7380043,-0.68636495,mp-23045,0.3357368979166653,Stable,Stable
mp-1246675.cif,-0.3267593,-0.32599849,mp-1246675,0.21970579636363308,Stable,Stable
mp-1220438.cif,-0.5191925,-0.5922129,mp-1220438,0.304552055624999,Stable,Stable
mp-733932.cif,-1.1074004,-1.1312032,mp-733932,0.0,Stable,Stable
mp-541569.cif,-0.96219194,-1.0581757,mp-541569,0.0,Stable,Stable
mp-1228351.cif,0.3431596,0.3861049,mp-1228351,0.9832845117307691,Unstable,Unstable
mp-1245504.cif,-0.24330544,-0.3243825,mp-1245504,0.1964607408333361,Stable,Stable
mp-1201090.cif,-0.10697196,-0.26278976,mp-1201090,0.041847390477443014,Stable,Stable
mp-755998.cif,-3.0981774,-2.901034,mp-755998,0.06714341531249879,Stable,Stable
mp-9382.cif,-1.6924722,-1.5829083,mp-9382,0.007313204999999101,Stable,Stable
mp-1223825.cif,-0.99415135,-1.1016392,mp-1223825,0.14932131171052632,Stable,Stable
mp-1246608.cif,-0.3353766,0.02295043,mp-1246608,0.4903829562499986,Unstable,Stable
mp-581833.cif,-0.03129629,-0.12086828,mp-581833,0.019336026250000415,Stable,Stable
mp-1208182.cif,-0.3141283,-0.23570466,mp-1208182,0.7040172342447892,Stable,Stable
mp-1029677.cif,0.24380183,-0.06218884,mp-1029677,0.0,Stable,Unstable
mp-1029420.cif,0.08003473,-0.103491925,mp-1029420,0.07915443388888921,Stable,Unstable
mp-1245448.cif,-0.41278055,-0.46689767,mp-1245448,0.18286736108333201,Stable,Stable
mp-1179627.cif,0.6884315,0.34508428,mp-1179627,0.8988844848214277,Unstable,Unstable
mp-1247014.cif,-1.0441308,-0.94774795,mp-1247014,0.062077258157899884,Stable,Stable
mp-1246081.cif,0.2497491,0.40430835,mp-1246081,0.40430833694444956,Unstable,Unstable
mp-1219293.cif,-1.5197252,-1.3226498,mp-1219293,0.0527499951442314,Stable,Stable
mp-1014565.cif,0.07036232,-0.14659613,mp-1014565,0.3528617468055568,Stable,Unstable
mp-567655.cif,-1.9012768,-1.8577654,mp-567655,0.07768771857142909,Stable,Stable
mp-1179379.cif,-1.4530702,-1.330881,mp-1179379,0.5650826965384548,Stable,Stable
mp-1190849.cif,-0.14568043,-0.1703246,mp-1190849,0.13628808681818239,Stable,Stable
mp-567666.cif,-0.89511764,-0.8488474,mp-567666,0.0,Stable,Stable
mp-1246762.cif,-0.7063697,-0.50648713,mp-1246762,0.351335843072917,Stable,Stable
mp-1212770.cif,-0.22511783,-0.2665662,mp-1212770,0.11740436810571886,Stable,Stable
mp-759183.cif,-0.67695624,-0.53051597,mp-759183,0.0,Stable,Stable
mp-1245708.cif,-0.7051741,-0.39145634,mp-1245708,0.5332040830000011,Stable,Stable
mp-1198730.cif,0.61810136,0.530498,mp-1198730,1.4021569265277778,Unstable,Unstable
mp-1221037.cif,-0.018743008,-0.22336763,mp-1221037,0.5799301355681736,Stable,Stable
mp-1014373.cif,0.06045831,-0.15003927,mp-1014373,0.3494186050000003,Stable,Unstable
mp-1245707.cif,0.138601,0.055664603,mp-1245707,0.41112867119047625,Unstable,Unstable
mp-1104760.cif,-1.2993416,-1.1468351,mp-1104760,0.04443870766666791,Stable,Stable
mp-35082.cif,-0.35874125,-0.30003574,mp-35082,0.053209002812500295,Stable,Stable
mp-1192545.cif,-0.25268868,-0.22569685,mp-1192545,1.132089355227273,Stable,Stable
mp-844.cif,-1.1901708,-0.9597207,mp-844,0.0,Stable,Stable
mp-1014257.cif,-1.1994683,-0.9711554,mp-1014257,0.0,Stable,Stable
mp-1009078.cif,0.41002682,0.37416035,mp-1009078,0.37416034499999995,Unstable,Unstable
mp-1214597.cif,-1.1770039,-1.2114588,mp-1214597,0.0,Stable,Stable
mp-1245491.cif,0.422889,0.37460238,mp-1245491,0.3732678570454553,Unstable,Unstable
mp-1195596.cif,-0.53026897,-0.6520433,mp-1195596,0.0,Stable,Stable
mp-1103104.cif,-0.7095802,-0.46142462,mp-1103104,0.6290871933333335,Stable,Stable
mp-1029640.cif,-0.6705818,-0.63965386,mp-1029640,0.0,Stable,Stable
mp-1202918.cif,-0.2743888,0.08462464,mp-1202918,1.2990648708749992,Unstable,Stable
mp-1246498.cif,0.06693607,0.009507551,mp-1246498,0.21867116916666696,Unstable,Unstable
mp-1199610.cif,-0.03945949,0.25105453,mp-1199610,1.357093569313724,Unstable,Stable
mp-1245503.cif,-2.039801,-1.7222176,mp-1245503,0.14327797064815506,Stable,Stable
mp-1204454.cif,0.77012205,0.56205565,mp-1204454,1.0862835380555573,Unstable,Unstable
mp-23778.cif,-0.69874406,-0.7079299,mp-23778,0.05997010156250049,Stable,Stable
mp-1218385.cif,-2.0422032,-1.6675955,mp-1218385,0.011980543749999129,Stable,Stable
mp-1246125.cif,-0.90755796,-0.99496317,mp-1246125,0.12384522209259519,Stable,Stable
mp-1204540.cif,-0.6729803,-0.8436642,mp-1204540,0.41388420016203664,Stable,Stable
mp-1245451.cif,-0.8771321,-0.7647696,mp-1245451,0.0521488963571457,Stable,Stable
mp-695866.cif,-1.6266918,-1.4985561,mp-695866,0.06654115366666691,Stable,Stable
mp-505381.cif,-0.6283028,-0.5574403,mp-505381,0.0,Stable,Stable
mp-749.cif,-1.7529675,-1.767473,mp-749,0.0,Stable,Stable
mp-1247264.cif,-1.0880756,-0.93666005,mp-1247264,0.11973292722222162,Stable,Stable
mp-1064715.cif,1.8648013,1.578803,mp-1064715,1.7457652549999993,Unstable,Unstable
mp-1180567.cif,-0.7374057,-0.10769761,mp-1180567,0.703480722500001,Stable,Stable
mp-1199223.cif,-1.2309031,-1.1260635,mp-1199223,0.08627576873839526,Stable,Stable
mp-1220519.cif,0.10967382,0.06859192,mp-1220519,1.2022885457142856,Unstable,Unstable
mp-1245902.cif,0.15361899,0.38179132,mp-1245902,0.38179132954545736,Unstable,Unstable
mp-1017577.cif,-1.1372097,-1.098518,mp-1017577,0.0,Stable,Stable
mp-647096.cif,-2.2702124,-1.5765767,mp-647096,0.6097922953571384,Stable,Stable
mp-1120750.cif,-0.39264208,-0.23420684,mp-1120750,0.021581013125000936,Stable,Stable
mp-1245674.cif,-0.686042,-0.44739512,mp-1245674,0.0,Stable,Stable
mp-696815.cif,-2.3539631,-2.1971486,mp-696815,0.0,Stable,Stable
mp-649470.cif,-1.334264,-1.4676293,mp-649470,0.0,Stable,Stable
mp-1212470.cif,1.224991,1.179612,mp-1212470,1.582919048690477,Unstable,Unstable
mp-1080475.cif,1.336758,1.4748073,mp-1080475,2.2354028376250006,Unstable,Unstable
mp-1079723.cif,1.030913,1.1333684,mp-1079723,2.067235379,Unstable,Unstable
mp-1245968.cif,-0.35219538,-0.38788453,mp-1245968,0.15129675393939035,Stable,Stable
mp-570583.cif,-0.9013591,-1.0233624,mp-570583,0.008468125370368007,Stable,Stable
mp-1247397.cif,0.45699722,0.40096793,mp-1247397,0.4402014800000025,Unstable,Unstable
mp-1029799.cif,-1.1697338,-1.1431296,mp-1029799,0.0,Stable,Stable
mp-1245518.cif,-1.053342,-0.76302695,mp-1245518,0.28737142642857094,Stable,Stable
mp-653096.cif,-0.018249549,0.17094392,mp-653096,0.39953383645036133,Unstable,Stable
mp-1245810.cif,-0.53831536,-0.43804732,mp-1245810,0.13606905345454123,Stable,Stable
mp-2901870.cif,-0.33572623,-0.4251961,mp-2901870,0.792050298428034,Stable,Stable
mp-742874.cif,-1.1031716,-1.0036316,mp-742874,0.4408425018303683,Stable,Stable
mp-1247499.cif,-0.63784075,-0.5290275,mp-1247499,0.1156286905357149,Stable,Stable
mp-1399347.cif,0.041940637,0.12895645,mp-1399347,0.15757165127272543,Unstable,Unstable
mp-1246262.cif,0.29648873,0.21521148,mp-1246262,0.3397171049999983,Unstable,Unstable
mp-568883.cif,-1.9203216,-1.7867974,mp-568883,0.04313058712952067,Stable,Stable
mp-1245543.cif,-0.7499018,-0.60149753,mp-1245543,0.295118140192308,Stable,Stable
mp-15701.cif,-1.5827646,-1.3166643,mp-15701,0.029344369374999957,Stable,Stable
mp-1217880.cif,0.22148216,0.5089491,mp-1217880,1.4273337547999994,Unstable,Unstable
mp-1212134.cif,-0.27629903,-0.29871756,mp-1212134,0.3240257118849188,Stable,Stable
mp-1233710.cif,-2.531469,-2.3023171,mp-1233710,0.3338687865476153,Stable,Stable
mp-626006.cif,-0.17438242,-0.26047614,mp-626006,0.7116146409444424,Stable,Stable
mp-9475.cif,-1.1903794,-1.4210125,mp-9475,0.001126074000000088,Stable,Stable
mp-788090.cif,-0.17443573,2.1867402,mp-788090,5.164260750418184,Unstable,Stable
mp-1194646.cif,-2.3298361,-2.3301294,mp-1194646,0.09256288571428861,Stable,Stable
mp-1197760.cif,-0.48547444,-0.51191705,mp-1197760,0.012950295625000052,Stable,Stable
mp-1245705.cif,-0.26192108,-0.2846702,mp-1245705,0.23879612930555183,Stable,Stable
mp-559940.cif,-0.89661086,-0.76642287,mp-559940,0.04895222933333443,Stable,Stable
mp-1224097.cif,-1.3610127,-1.2656285,mp-1224097,0.02299615619318196,Stable,Stable
mp-675286.cif,-1.6401358,-1.5298864,mp-675286,0.0004945875000004207,Stable,Stable
mp-1222918.cif,-1.743628,-1.670387,mp-1222918,0.0,Stable,Stable
mp-1197337.cif,-1.6414413,-1.365176,mp-1197337,0.1250712968146761,Stable,Stable
mp-776315.cif,-2.6674411,-2.3345554,mp-776315,0.1295686474999993,Stable,Stable
mp-760506.cif,-1.3526857,-1.4134418,mp-760506,0.12788556188888744,Stable,Stable
mp-675101.cif,-1.2069995,-1.2376755,mp-675101,0.0,Stable,Stable
mp-1199829.cif,-0.77188534,-0.7502223,mp-1199829,0.0,Stable,Stable
mp-672348.cif,-0.11137878,-0.149171,mp-672348,0.11729980009722496,Stable,Stable
mp-759690.cif,-1.68437,-1.5228633,mp-759690,0.10378220877452105,Stable,Stable
mp-1246556.cif,-1.2651818,-1.2728517,mp-1246556,0.07595435093749714,Stable,Stable
mp-28922.cif,-1.5817428,-1.4065821,mp-28922,0.0,Stable,Stable
mp-1219740.cif,-1.6572165,-1.6207767,mp-1219740,0.0,Stable,Stable
mp-1245577.cif,-0.31972465,-0.14874129,mp-1245577,0.14905844166666782,Stable,Stable
mp-1181279.cif,0.9217168,0.99936944,mp-1181279,1.3274034355555555,Unstable,Unstable
mp-776220.cif,-2.8967016,-2.4566944,mp-776220,0.20211084233333132,Stable,Stable
mp-568157.cif,-0.4367973,-0.4023085,mp-568157,0.04955470624999947,Stable,Stable
mp-1383152.cif,-0.03501021,0.13115203,mp-1383152,0.19237081905128406,Unstable,Stable
mp-1203609.cif,-0.20727307,-0.23490472,mp-1203609,0.3482562801923077,Stable,Stable
mp-863731.cif,-0.9597678,-1.0950292,mp-863731,0.0,Stable,Stable
mp-775786.cif,-2.8166406,-2.530587,mp-775786,0.1284122292499994,Stable,Stable
mp-18772.cif,-1.1919732,-1.0933214,mp-18772,0.16667899888888726,Stable,Stable
mp-760697.cif,-1.605987,-1.4486132,mp-760697,0.018772463928554473,Stable,Stable
mp-752833.cif,-1.557803,-1.4290053,mp-752833,0.11016961600992126,Stable,Stable
mp-755920.cif,-3.2577188,-3.0661678,mp-755920,0.0840269781249976,Stable,Stable
mp-567658.cif,-0.91466147,-0.9247732,mp-567658,0.005577900976190264,Stable,Stable
mp-1247019.cif,0.32554293,0.38794807,mp-1247019,0.3879480538888913,Unstable,Unstable
mp-1246829.cif,0.036759604,0.01922403,mp-1246829,0.08163980714285657,Unstable,Unstable
mp-1216432.cif,-0.28974822,-0.2523745,mp-1216432,0.1656719847619046,Stable,Stable
mp-1217764.cif,-0.9943745,-0.8631313,mp-1217764,0.14595206416666429,Stable,Stable
mp-1246178.cif,-0.7086098,-0.88710004,mp-1246178,0.04247649441964274,Stable,Stable
mp-1245933.cif,-0.5048397,-0.6247789,mp-1245933,0.15655246642857268,Stable,Stable
mp-758272.cif,-3.3467574,-3.1333084,mp-758272,0.06682929704545515,Stable,Stable
mp-20684.cif,1.305619,1.0154258,mp-20684,1.8612687920000006,Unstable,Unstable
mp-1207909.cif,-1.4913384,-1.5216687,mp-1207909,0.0,Stable,Stable
mp-1245613.cif,0.21346,0.15600984,mp-1245613,0.4598229216666674,Unstable,Unstable
mp-1247212.cif,-0.5642015,-0.45907098,mp-1247212,0.08454453920454341,Stable,Stable
mp-1198908.cif,0.23311526,0.2588176,mp-1198908,1.1840173681250041,Unstable,Unstable
mp-1201967.cif,0.277934,0.5385158,mp-1201967,1.1401157188124973,Unstable,Unstable
mp-1246662.cif,-1.2184834,-1.0057614,mp-1246662,0.1928725277777783,Stable,Stable
mp-1179531.cif,-1.3941157,-1.2808486,mp-1179531,0.07558510258064466,Stable,Stable
mp-1247176.cif,-0.34095088,-0.2805655,mp-1247176,0.2048961938888887,Stable,Stable
mp-554776.cif,-2.2697217,-2.0496387,mp-554776,0.006684311249999908,Stable,Stable
mp-726668.cif,0.7859555,0.6418213,mp-726668,0.9344702326785681,Unstable,Unstable
mp-1210795.cif,-0.6954745,-0.38727912,mp-1210795,0.1840180797321418,Stable,Stable
mp-1207055.cif,-0.4325666,-0.4441549,mp-1207055,0.18924735424138106,Stable,Stable
mp-560042.cif,-1.3306384,-1.3886808,mp-560042,0.231889021490578,Stable,Stable
mp-1080172.cif,-0.82327974,-1.0192268,mp-1080172,0.27588472333333414,Stable,Stable
mp-1210306.cif,-1.011445,-0.8548015,mp-1210306,0.4999765921269814,Stable,Stable
mp-775929.cif,-2.9058702,-2.855776,mp-775929,0.12174463882727515,Stable,Stable
mp-10198.cif,-0.106208436,-0.30064955,mp-10198,0.02287505600000017,Stable,Stable
mp-1013533.cif,-0.7172542,-0.63627654,mp-1013533,0.1394114273333349,Stable,Stable
mp-1220562.cif,-1.8683056,-1.4593728,mp-1220562,0.7514522757142892,Stable,Stable
mp-1246716.cif,-1.162245,-1.1174052,mp-1246716,0.06600952783333369,Stable,Stable
mp-1104786.cif,-1.0523076,-1.0826508,mp-1104786,0.0,Stable,Stable
mp-1103907.cif,-1.0199109,-1.1355363,mp-1103907,0.5699283898295473,Stable,Stable
mp-1201354.cif,-0.16327482,-0.21489422,mp-1201354,1.2719638443749997,Stable,Stable
mp-1195817.cif,-0.5359758,-0.584008,mp-1195817,0.04471997096666325,Stable,Stable
mp-1068786.cif,0.06410807,-0.02455489,mp-1068786,0.022525376999999125,Stable,Unstable
mp-676.cif,-0.28439623,-0.23335803,mp-676,0.04061298999999963,Stable,Stable
mp-6137.cif,-1.1554409,-1.0484743,mp-6137,0.0,Stable,Stable
mp-1198983.cif,-0.8301574,-1.0020624,mp-1198983,0.212943915654761,Stable,Stable
mp-1247554.cif,-0.2401864,0.010671545,mp-1247554,0.16771144812499905,Unstable,Stable
mp-870.cif,0.26455438,0.31055483,mp-870,0.31055484468750194,Unstable,Unstable
mp-1212932.cif,0.739347,0.8223327,mp-1212932,1.2243811839999985,Unstable,Unstable
mp-570245.cif,-0.8090404,-0.65634626,mp-570245,0.0,Stable,Stable
mp-989402.cif,-0.8647011,-0.9959249,mp-989402,0.02493426342647176,Stable,Stable
mp-1203025.cif,-1.8964257,-1.6407781,mp-1203025,0.0,Stable,Stable
mp-1014910.cif,0.22971651,0.01956419,mp-1014910,0.5190220708333335,Unstable,Unstable
mp-755881.cif,-3.2712123,-3.1927373,mp-755881,0.05474090026192435,Stable,Stable
mp-531553.cif,-0.74731296,-0.59489053,mp-531553,0.0,Stable,Stable
mp-7769.cif,-2.4808729,-2.2967565,mp-7769,0.0,Stable,Stable
mp-706986.cif,-1.4627012,-1.5132322,mp-706986,0.0,Stable,Stable
mp-1198967.cif,-0.18713239,0.8277875,mp-1198967,1.1068407839236105,Unstable,Stable
mp-1246907.cif,-0.56550676,-0.4554613,mp-1246907,0.14156941027777403,Stable,Stable
mp-1405450.cif,-1.0731438,-1.0265169,mp-1405450,0.10602737423076825,Stable,Stable
mp-1181950.cif,-0.41477847,-0.55742824,mp-1181950,0.5311314427840923,Stable,Stable
mp-568346.cif,-2.2627256,-2.0056012,mp-568346,0.019124918124994394,Stable,Stable
mp-1228784.cif,-1.6167912,-1.3667144,mp-1228784,0.04345127697916773,Stable,Stable
mp-1198273.cif,-0.506836,-0.3812053,mp-1198273,0.0,Stable,Stable
mp-1029269.cif,-0.44417688,-0.27335164,mp-1029269,0.11717665833333424,Stable,Stable
mp-1029338.cif,-1.2493787,-1.1365745,mp-1029338,0.0,Stable,Stable
mp-728544.cif,-1.1492453,-1.3680137,mp-728544,0.0,Stable,Stable
mp-15833.cif,-0.7979506,-0.7335199,mp-15833,0.0,Stable,Stable
mp-1233743.cif,-0.70756716,-0.802106,mp-1233743,0.0768469668534486,Stable,Stable
mp-1245430.cif,-0.4195714,-0.4823709,mp-1245430,0.3574651807812508,Stable,Stable
mp-570950.cif,0.72530913,0.98765033,mp-570950,1.3574563118773941,Unstable,Unstable
mp-1245575.cif,0.24625963,0.25308606,mp-1245575,0.2530860555555563,Unstable,Unstable
mp-1245369.cif,-0.4104673,-0.38493165,mp-1245369,0.26310330570833074,Stable,Stable
mp-31000.cif,0.17167318,0.03097092,mp-31000,0.5452353487499995,Unstable,Unstable
mp-1219612.cif,-0.58690655,-0.49531925,mp-1219612,0.30981249787500165,Stable,Stable
mp-1221677.cif,-0.8084898,-0.7852548,mp-1221677,0.0047438359659137674,Stable,Stable
mp-1014995.cif,0.10990641,-0.13110076,mp-1014995,0.36835712500000106,Stable,Unstable
mp-1197496.cif,0.28857872,0.3061692,mp-1197496,0.8276914642417417,Unstable,Unstable
mp-989536.cif,-1.9777477,-1.7659304,mp-989536,0.10285586800000068,Stable,Stable
mp-1210764.cif,0.25349647,0.16827215,mp-1210764,0.33442795208333376,Unstable,Unstable
mp-1080191.cif,0.76921123,0.5341852,mp-1080191,0.534185174000001,Unstable,Unstable
mp-1105334.cif,-0.63041973,-0.57610583,mp-1105334,0.5999192879999979,Stable,Stable
mp-731744.cif,0.41123188,0.18286663,mp-731744,0.6562973164999999,Unstable,Unstable
mp-31468.cif,-0.8340797,-0.79787666,mp-31468,0.0,Stable,Stable
mp-707226.cif,-0.9102774,-0.91318285,mp-707226,0.13465548391084603,Stable,Stable
mp-706622.cif,-0.94992685,-1.0330735,mp-706622,0.038576127788310544,Stable,Stable
mp-1246771.cif,0.0027631745,0.22053295,mp-1246771,0.3185167226250023,Unstable,Unstable
mp-6941.cif,-2.6058843,-2.3634162,mp-6941,0.16186520531249826,Stable,Stable
mp-1247294.cif,-1.0014268,-0.9331686,mp-1247294,0.06259349569444428,Stable,Stable
mp-13117.cif,0.9387285,0.7959786,mp-13117,0.7959785775000014,Unstable,Unstable
mp-1219723.cif,-0.8713145,-0.96417713,mp-1219723,0.07099203333332937,Stable,Stable
mp-989455.cif,-1.7243842,-1.2101905,mp-989455,0.03409313100000233,Stable,Stable
mp-1173559.cif,-1.0671225,-1.2147053,mp-1173559,0.02985014609375014,Stable,Stable
mp-1204560.cif,-1.0054859,-1.0094103,mp-1204560,0.274595503703706,Stable,Stable
mp-1061298.cif,4.72857,3.6303177,mp-1061298,3.6303175850000002,Unstable,Unstable
mp-29594.cif,-1.8766327,-1.605601,mp-29594,0.01138557613426272,Stable,Stable
mp-1178610.cif,-0.9353703,-1.1064267,mp-1178610,0.635642405833333,Stable,Stable
mp-706654.cif,-0.05979488,-0.027050411,mp-706654,0.1860655965156246,Stable,Stable
mp-583712.cif,-1.0292552,-0.68606,mp-583712,0.6348834228571434,Stable,Stable
mp-679958.cif,-1.2358339,-1.4296057,mp-679958,0.0,Stable,Stable
mp-1203671.cif,-0.6253732,-0.43435875,mp-1203671,0.10251293494791724,Stable,Stable
mp-1063495.cif,1.0932508,0.8763406,mp-1063495,1.335738399999999,Unstable,Unstable
mp-676416.cif,-0.6291946,-0.84279704,mp-676416,0.12466663746528184,Stable,Stable
mp-1247537.cif,-0.8387617,-0.39192823,mp-1247537,0.37436875043750106,Stable,Stable
mp-1247412.cif,-0.3948502,-0.32477897,mp-1247412,0.25746125805555486,Stable,Stable
mp-1211655.cif,-0.23576477,-0.34400785,mp-1211655,0.014462388055553,Stable,Stable
mp-1245834.cif,-1.7660153,-1.6697178,mp-1245834,0.12440720722222665,Stable,Stable
mp-560120.cif,-0.8299626,-1.0911316,mp-560120,0.0,Stable,Stable
mp-1247485.cif,-1.2696841,-1.0817074,mp-1247485,0.1256450657407413,Stable,Stable
mp-1179831.cif,-0.9689338,-1.056527,mp-1179831,0.5061893703124962,Stable,Stable
mp-776245.cif,-2.5468915,-2.278323,mp-776245,0.185638653833335,Stable,Stable
mp-1247418.cif,-0.38530424,-0.57538384,mp-1247418,0.03315951144444362,Stable,Stable
mp-9519.cif,0.6041074,0.3441933,mp-9519,0.3441932969444448,Unstable,Unstable
mp-13132.cif,-1.2953641,-0.98015964,mp-13132,0.5952306725000014,Stable,Stable
mp-531184.cif,-2.024473,-2.044139,mp-531184,0.0,Stable,Stable
mp-1245485.cif,-0.40748978,-0.43615627,mp-1245485,0.08731005986111029,Stable,Stable
mp-559303.cif,-0.6959817,-0.70068884,mp-559303,0.12705915046428462,Stable,Stable
mp-1173557.cif,-1.3768029,-1.2972808,mp-1173557,0.21675392293886375,Stable,Stable
mp-1197554.cif,-1.2140163,-1.2125424,mp-1197554,0.26132066222221173,Stable,Stable
mp-1245474.cif,-1.3474237,-1.1607496,mp-1245474,0.14636735263888667,Stable,Stable
mp-1001844.cif,-1.2895794,-1.121465,mp-1001844,0.9381994200000001,Stable,Stable
mp-2646991.cif,-2.8938131,-2.2388847,mp-2646991,0.025346415729167404,Stable,Stable
mp-1245411.cif,-0.8320505,-0.6971841,mp-1245411,0.04434352253787921,Stable,Stable
mp-1202237.cif,-0.41507167,-0.42046952,mp-1202237,0.04322986011513397,Stable,Stable
mp-1246881.cif,0.01448708,0.087269224,mp-1246881,0.3382655639999985,Unstable,Unstable
mp-1204992.cif,-1.2348218,-1.1114106,mp-1204992,0.10070080875581588,Stable,Stable
mp-1214865.cif,0.12612057,-0.17872019,mp-1214865,0.9869595697916687,Stable,Unstable
mp-1245756.cif,-0.73116904,-0.56772906,mp-1245756,0.07026500749999975,Stable,Stable
mp-1245880.cif,-0.6903254,-0.87843823,mp-1245880,0.1512119486111132,Stable,Stable
mp-758097.cif,-0.51822424,-0.5058854,mp-758097,0.1438370176923076,Stable,Stable
mp-1199566.cif,-0.20866692,-0.18340011,mp-1199566,0.23770327083333243,Stable,Stable
mp-467.cif,-1.9549522,-1.884495,mp-467,0.0,Stable,Stable
mp-1245568.cif,0.48508283,0.59851277,mp-1245568,0.5985127877777803,Unstable,Unstable
mp-1233057.cif,-2.4911654,-2.3215585,mp-1233057,0.3146273917857112,Stable,Stable
mp-1008527.cif,-0.5820888,-0.42388383,mp-1008527,0.3234096225520844,Stable,Stable
mp-1247492.cif,-0.9512837,-0.6731178,mp-1247492,0.3071193714999989,Stable,Stable
mp-621930.cif,-0.2654794,-0.17258538,mp-621930,0.009009087999997334,Stable,Stable
mp-33090.cif,-0.98832107,-1.0829682,mp-33090,0.0,Stable,Stable
mp-734382.cif,0.6707837,0.33367604,mp-734382,0.8874762458333327,Unstable,Unstable
mp-1245407.cif,-0.9845412,-0.6935465,mp-1245407,0.04115342799999944,Stable,Stable
mp-864757.cif,-1.027159,-1.0447084,mp-864757,0.0,Stable,Stable
mp-1213399.cif,1.204973,1.3048104,mp-1213399,1.8063378862500006,Unstable,Unstable
mp-1181207.cif,-0.7547934,-1.0435572,mp-1181207,0.08985587500000314,Stable,Stable
mp-8927.cif,-0.8979213,-0.72941095,mp-8927,0.12841198916666485,Stable,Stable
mp-1207194.cif,0.5062732,0.253803,mp-1207194,0.25380301299999886,Unstable,Unstable
mp-1181520.cif,0.30538574,0.312808,mp-1181520,0.9354182417633927,Unstable,Unstable
mp-1244927.cif,-0.018509887,0.03212969,mp-1244927,0.7021790985000003,Unstable,Stable
mp-1245871.cif,-0.4081765,-0.29849595,mp-1245871,0.3343173331944431,Stable,Stable
mp-1199635.cif,1.541218,1.4017341,mp-1199635,1.602403325708332,Unstable,Unstable
mp-1245175.cif,-1.1461701,-0.8426125,mp-1245175,0.5160936390333326,Stable,Stable
mp-722281.cif,0.9476278,0.81958705,mp-722281,1.256229235000001,Unstable,Unstable
mp-1246548.cif,0.10820981,-0.004940051,mp-1246548,0.246056290666667,Stable,Unstable
mp-1245287.cif,-0.7985672,-0.69522035,mp-1245287,0.6257231337619054,Stable,Stable
mp-1013709.cif,0.3397769,0.29326606,mp-1013709,1.1172157440512809,Unstable,Unstable
mp-1178261.cif,-2.1063144,-1.7480611,mp-1178261,0.11162954214285481,Stable,Stable
mp-755353.cif,-3.3436644,-3.1871226,mp-755353,0.062276415892853265,Stable,Stable
mp-1213515.cif,-0.11721314,-0.15028112,mp-1213515,0.5692326241447354,Stable,Stable
mp-1246607.cif,-0.6935024,-0.5829877,mp-1246607,0.3656377865624991,Stable,Stable
mp-1246222.cif,-0.9233815,-0.6808418,mp-1246222,0.3561145149999998,Stable,Stable
mp-1192600.cif,-1.8723607,-1.793812,mp-1192600,0.0,Stable,Stable
mp-3000.cif,-0.42320904,-0.30379862,mp-3000,0.022125520833334633,Stable,Stable
mp-1247328.cif,0.29041103,0.23362486,mp-1247328,0.23362485981481385,Unstable,Unstable
mp-726023.cif,-0.4266505,-0.37975106,mp-726023,0.16835284833333386,Stable,Stable
mp-1077096.cif,0.12268119,0.120682545,mp-1077096,0.16022602444444445,Unstable,Unstable
mp-10374.cif,-0.21977451,-0.30180106,mp-10374,0.108209408000004,Stable,Stable
mp-1203640.cif,0.64245516,0.5271225,mp-1203640,1.1242254957142843,Unstable,Unstable
mp-854025.cif,-1.2662961,1.0210569,mp-854025,3.3555411182499997,Unstable,Stable
mp-1182399.cif,-0.7185395,-0.5559298,mp-1182399,0.4981144567307698,Stable,Stable
mp-29145.cif,-0.33988437,-0.3489189,mp-29145,0.0,Stable,Stable
mp-1195714.cif,-0.674436,-0.7376461,mp-1195714,0.0,Stable,Stable
mp-1247750.cif,-0.13931224,-0.17867075,mp-1247750,0.2486469108928553,Stable,Stable
mp-1009750.cif,-2.3342686,-1.789021,mp-1009750,0.3033325250000001,Stable,Stable
mp-558276.cif,-1.4242278,-1.4715623,mp-558276,0.0,Stable,Stable
mp-1245502.cif,-1.0292861,-1.1843634,mp-1245502,0.01230257945833202,Stable,Stable
mp-779864.cif,-2.7760518,-2.524549,mp-779864,0.13440199749999948,Stable,Stable
mp-1018142.cif,-0.7835228,-0.82655376,mp-1018142,0.42023749000000166,Stable,Stable
mp-1002209.cif,0.3114285,0.39072612,mp-1002209,0.4500413216666672,Unstable,Unstable
mp-1057979.cif,2.333204,1.8442441,mp-1057979,1.960811695625,Unstable,Unstable
mp-1246144.cif,-0.5603372,-0.4404309,mp-1246144,0.15874186533333212,Stable,Stable
mp-6606.cif,-1.6199085,-1.4983009,mp-6606,0.001232102596150142,Stable,Stable
mp-1207838.cif,-1.0504488,-1.2666622,mp-1207838,0.5185548168055556,Stable,Stable
mp-583581.cif,-1.2290282,-0.9223656,mp-583581,0.0,Stable,Stable
mp-2458726.cif,-0.44514832,-0.31117877,mp-2458726,0.07934951583333483,Stable,Stable
mp-731602.cif,-0.19792196,0.3476542,mp-731602,1.6455540038888863,Unstable,Stable
mp-1182373.cif,-0.5724902,-0.51781505,mp-1182373,0.29430285261363753,Stable,Stable
mp-722351.cif,-0.052621506,-0.13366766,mp-722351,0.28601307918518604,Stable,Stable
mp-971911.cif,0.7200153,0.5199673,mp-971911,0.5557363306249989,Unstable,Unstable
mp-685266.cif,-0.9266411,-0.83714503,mp-685266,0.07499090762820693,Stable,Stable
mp-1198663.cif,-0.72577405,-0.49021125,mp-1198663,0.0,Stable,Stable
mp-1252808.cif,-0.21875975,-0.005877316,mp-1252808,0.22448083953947506,Stable,Stable
mp-1020739.cif,0.3682395,0.47071186,mp-1020739,0.2941052316666646,Unstable,Unstable
mp-29124.cif,-0.4307408,-0.10965006,mp-29124,0.2089989734521489,Stable,Stable
mp-1180728.cif,-0.60802186,-0.386822,mp-1180728,0.7723428864423099,Stable,Stable
mp-1245531.cif,-0.07001952,-0.000673399,mp-1245531,0.2503229429999969,Stable,Stable
mp-1078541.cif,0.43893245,-0.06724388,mp-1078541,0.6392456137500009,Stable,Unstable
mp-1212536.cif,-0.21403897,-0.5374125,mp-1212536,0.5521356854710078,Stable,Stable
mp-1191080.cif,-0.7468637,0.01093066,mp-1191080,1.460662867272723,Unstable,Stable
mp-1182998.cif,0.17203376,0.1858753,mp-1182998,0.971419526958333,Unstable,Unstable
mp-569102.cif,-0.96349597,-0.68293667,mp-569102,0.09652503346153907,Stable,Stable
mp-1188955.cif,-1.4738147,-1.3547771,mp-1188955,0.8755615983333351,Stable,Stable
mp-1080096.cif,1.5623438,0.84520495,mp-1080096,0.9918899652777782,Unstable,Unstable
mp-1197693.cif,-1.0464146,-0.8968702,mp-1197693,0.5441221182916749,Stable,Stable
mp-1193886.cif,-1.2389735,-1.2360545,mp-1193886,0.0,Stable,Stable
mp-1203286.cif,0.6249577,0.54099065,mp-1203286,0.5409906518749992,Unstable,Unstable
mp-31025.cif,-2.4609292,-2.3123481,mp-31025,0.011549785969378057,Stable,Stable
mp-725219.cif,-0.15789044,-0.5711044,mp-725219,1.358894981562499,Stable,Stable
mp-676650.cif,-1.3337238,-1.2630144,mp-676650,0.1812609699999994,Stable,Stable
mp-1189292.cif,0.32955524,0.6666072,mp-1189292,0.9062699630178557,Unstable,Unstable
mp-1246435.cif,0.03531734,0.115500316,mp-1246435,0.3664966599999975,Unstable,Unstable
mp-974435.cif,-0.1393556,-0.08897282,mp-974435,0.0,Stable,Stable
mp-1247096.cif,0.22187367,0.30571327,mp-1247096,0.3057132649999996,Unstable,Unstable
mp-1246434.cif,-0.80403984,-0.5392663,mp-1246434,0.22182385631944168,Stable,Stable
mp-1029650.cif,-0.40982115,-0.40074986,mp-1029650,0.0,Stable,Stable
mp-568934.cif,-1.7875075,-1.6385825,mp-568934,0.0,Stable,Stable
mp-1190683.cif,1.1697552,1.0254962,mp-1190683,1.651260812272728,Unstable,Unstable
mp-557250.cif,-0.6223002,-0.7511069,mp-557250,0.013171872473958679,Stable,Stable
mp-6645.cif,-0.29744092,-0.31667143,mp-6645,0.0,Stable,Stable
mp-629397.cif,-0.12983441,-0.10460561,mp-629397,0.10455801000000164,Stable,Stable
mp-1190327.cif,1.5511457,1.4110289,mp-1190327,1.9281007927575757,Unstable,Unstable
mp-23702.cif,-0.6650368,-0.5905357,mp-23702,0.0,Stable,Stable
mp-1247323.cif,-0.2607933,0.004378987,mp-1247323,0.3067575301666672,Unstable,Stable
mp-1245426.cif,-0.1301345,0.18246146,mp-1245426,0.36863409619252874,Unstable,Stable
mp-1245418.cif,0.06724691,0.05639765,mp-1245418,0.05639764937500047,Unstable,Unstable
mp-1207994.cif,-0.82925534,-0.6759667,mp-1207994,1.2078585993333322,Stable,Stable
mp-722900.cif,-1.878133,-1.6246029,mp-722900,0.0,Stable,Stable
mp-1247431.cif,0.018682066,0.12358269,mp-1247431,0.3266420697222223,Unstable,Unstable
mp-1245095.cif,-0.007982336,0.012216114,mp-1245095,0.6822655215999998,Unstable,Stable
mp-997570.cif,-0.467948,-0.39360973,mp-997570,0.05818419944444475,Stable,Stable
mp-998900.cif,0.25947917,0.15579788,mp-998900,0.33051693333333176,Unstable,Unstable
mp-675601.cif,-2.932925,-2.8545814,mp-675601,0.09695661071428585,Stable,Stable
mp-1190987.cif,-0.29728544,-0.22898334,mp-1190987,0.5306013453030287,Stable,Stable
mp-1205274.cif,-1.8615578,-1.6299794,mp-1205274,0.5513166966428562,Stable,Stable
mp-1213494.cif,-0.2138617,-0.5350622,mp-1213494,0.5551419451449204,Stable,Stable
mp-1246537.cif,0.006304793,-0.08249377,mp-1246537,0.16850257399999613,Stable,Unstable
mp-1207913.cif,-1.5019628,-1.5117878,mp-1207913,0.0,Stable,Stable
mp-1221143.cif,-0.6391276,-0.561244,mp-1221143,0.002815341250003378,Stable,Stable
mp-1247321.cif,-0.44261697,-0.23303147,mp-1247321,0.16748715000000125,Stable,Stable
mp-28955.cif,-0.9947672,-1.0459834,mp-28955,0.030753059821428508,Stable,Stable
mp-1445439.cif,1.4740665,1.09076,mp-1445439,1.0907599377777792,Unstable,Unstable
mp-1247123.cif,-0.59363014,-0.5165182,mp-1247123,0.2659926579797851,Stable,Stable
mp-1247546.cif,0.090745464,0.15993789,mp-1247546,0.18855308533333215,Unstable,Unstable
mp-989623.cif,-0.7546452,-0.7261708,mp-989623,0.0,Stable,Stable
mp-1179967.cif,-1.0802135,-1.1177374,mp-1179967,0.4962985851562509,Stable,Stable
mp-1029978.cif,0.035131894,-0.109952636,mp-1029978,0.21795558558333283,Stable,Unstable
mp-1216717.cif,-1.1546851,-1.1580515,mp-1216717,0.1044818887152772,Stable,Stable
mp-755314.cif,-2.8623483,-2.4601219,mp-755314,0.19868340666666562,Stable,Stable
mp-557331.cif,-0.26258358,-0.18755068,mp-557331,0.37335344333333254,Stable,Stable
mp-697683.cif,-0.8758319,-0.9396968,mp-697683,0.03493010568451993,Stable,Stable
mp-1047.cif,-1.1929078,-0.943023,mp-1047,0.01669766374999959,Stable,Stable
mp-1029851.cif,-0.29339588,-0.29107273,mp-1029851,0.0,Stable,Stable
mp-1009496.cif,0.5153499,0.4918621,mp-1009496,0.4918620775000022,Unstable,Unstable
mp-672306.cif,-0.39711383,-0.4749398,mp-672306,0.0,Stable,Stable
mp-1029938.cif,-0.7139529,-0.6598372,mp-1029938,0.0,Stable,Stable
mp-776966.cif,-0.76480055,-0.5814314,mp-776966,0.2148495717499994,Stable,Stable
mp-558401.cif,-1.7643628,-1.6330794,mp-558401,0.08096734886363599,Stable,Stable
mp-780231.cif,-2.7930071,-2.528703,mp-780231,0.12987967050000293,Stable,Stable
mp-776470.cif,-2.1873982,-1.9739463,mp-776470,0.0,Stable,Stable
mp-1181174.cif,-1.4256537,-1.3318088,mp-1181174,0.6355493250833382,Stable,Stable
mp-1245662.cif,-0.26072168,-0.19283888,mp-1245662,0.238864970555559,Stable,Stable
mp-1245402.cif,-0.039307363,0.07754337,mp-1245402,0.29159674928571633,Unstable,Stable
mp-1220538.cif,-1.3909743,-1.3853031,mp-1220538,0.3242894325000023,Stable,Stable
mp-1213629.cif,-0.38068578,0.069402665,mp-1213629,0.9457768827604136,Unstable,Stable
mp-1079049.cif,1.0584382,1.0091428,mp-1079049,1.2875847846296304,Unstable,Unstable
mp-1245783.cif,-0.771977,-0.68305993,mp-1245783,0.15420715729166545,Stable,Stable
mp-1216732.cif,-1.4479578,-1.4844246,mp-1216732,0.11030467249999987,Stable,Stable
mp-1336696.cif,-0.16320166,-0.31772062,mp-1336696,0.23693706460714115,Stable,Stable
mp-556763.cif,-1.3081379,-1.3155937,mp-556763,0.21597885638346437,Stable,Stable
mp-636839.cif,0.7203646,0.5651998,mp-636839,0.2944497675000015,Unstable,Unstable
mp-552454.cif,-2.8018167,-2.7011302,mp-552454,0.08008170183333796,Stable,Stable
mp-1244998.cif,0.02593141,0.09814561,mp-1244998,0.768195017,Unstable,Unstable
mp-760489.cif,-0.9632131,-0.9683293,mp-760489,0.0328416248928578,Stable,Stable
mp-555526.cif,-1.0073876,-1.0563129,mp-555526,0.0,Stable,Stable
mp-1189126.cif,1.747253,1.5284697,mp-1189126,1.8727097166666615,Unstable,Unstable
mp-1103918.cif,-0.10728481,-0.32515565,mp-1103918,0.6362439614999955,Stable,Stable
mp-3048.cif,-2.108588,-1.7262422,mp-3048,0.0,Stable,Stable
mp-1180361.cif,-1.6748624,-1.2056853,mp-1180361,0.40259680858334246,Stable,Stable
mp-1245966.cif,-0.42943516,-0.15061685,mp-1245966,0.316815666250001,Stable,Stable
mp-555484.cif,-0.42712435,-0.41323212,mp-555484,0.3510392369485311,Stable,Stable
mp-1212530.cif,-0.9358779,0.04951448,mp-1212530,1.4533495968333314,Unstable,Stable
mp-600207.cif,0.1765436,-0.004000824,mp-600207,0.313292780864197,Stable,Unstable
mp-733522.cif,-1.3310174,-1.1229787,mp-733522,0.03724984259259223,Stable,Stable
mp-1246190.cif,-0.50601405,-0.61126506,mp-1246190,0.3527402751388884,Stable,Stable
mp-23934.cif,-1.3931015,-1.4708582,mp-23934,0.0027606006249998316,Stable,Stable
mp-1204579.cif,-0.48791042,-0.5635841,mp-1204579,0.0,Stable,Stable
mp-1078789.cif,-0.40479895,1.1297196,mp-1078789,1.9734908693749986,Unstable,Stable
mp-567907.cif,-0.46750227,-0.48987263,mp-567907,0.0,Stable,Stable
mp-1446497.cif,-0.7634174,-0.8981993,mp-1446497,0.05865431080459871,Stable,Stable
mp-626093.cif,-1.2978415,-1.1089127,mp-626093,0.041946481249998335,Stable,Stable
mp-1180463.cif,1.3738108,1.4429123,mp-1180463,1.8551137919791651,Unstable,Unstable
mp-621092.cif,0.30274743,0.03837031,mp-621092,0.06736085242424394,Unstable,Unstable
mp-1215903.cif,-0.85080636,-0.49587196,mp-1215903,1.2104261887499987,Stable,Stable
mp-569711.cif,-0.4674122,-0.35351008,mp-569711,0.14379175484090823,Stable,Stable
mp-1205044.cif,-1.3574183,-1.3476745,mp-1205044,0.0,Stable,Stable
mp-1247400.cif,0.15071702,0.24553475,mp-1247400,0.4208169030555524,Unstable,Unstable
mp-1246569.cif,-0.35823697,-0.41437975,mp-1246569,0.07267233930555506,Stable,Stable
mp-680462.cif,-0.17664313,-0.12396703,mp-680462,0.11312538947802508,Stable,Stable
mp-1245701.cif,-0.080765314,-0.03112298,mp-1245701,0.22004064021163927,Stable,Stable
mp-1975.cif,-2.241423,-2.1520562,mp-1975,0.0,Stable,Stable
mp-1225855.cif,0.17980465,0.20902136,mp-1225855,0.22146322656250028,Unstable,Unstable
mp-1245165.cif,0.010608755,0.04898949,mp-1245165,0.7190388972000008,Unstable,Unstable
mp-999473.cif,0.86745673,0.5529284,mp-999473,0.5886973806249998,Unstable,Unstable
mp-1246433.cif,0.26597467,0.19404583,mp-1246433,0.4611998132142858,Unstable,Unstable
mp-1192144.cif,-1.6240731,-1.5733794,mp-1192144,0.0,Stable,Stable
mp-1245446.cif,0.13466418,0.32161197,mp-1245446,0.3216119733333329,Unstable,Unstable
mp-1213404.cif,-0.7847662,-0.6028156,mp-1213404,0.4479908858333337,Stable,Stable
mp-1097773.cif,0.99379545,0.94433,mp-1097773,1.6329032480000008,Unstable,Unstable
mp-1103144.cif,1.2681148,1.2456847,mp-1103144,1.9133591230989575,Unstable,Unstable
mp-1196217.cif,0.50956637,0.5537657,mp-1196217,0.8371476758680565,Unstable,Unstable
mp-1212637.cif,-0.3142602,-0.22449191,mp-1212637,0.03787827700000079,Stable,Stable
mp-777942.cif,-0.35129765,-0.37435606,mp-777942,0.003928397709359377,Stable,Stable
mp-1097708.cif,-0.21772835,-0.063948296,mp-1097708,0.1645492712987,Stable,Stable
mp-1245460.cif,-0.26129818,0.019035747,mp-1245460,0.16882985694444486,Unstable,Stable
mp-708038.cif,-0.67674404,-0.61624014,mp-708038,0.4964551872698486,Stable,Stable
mp-1221849.cif,0.19030747,0.42606723,mp-1221849,0.9647861197554342,Unstable,Unstable
mp-1247375.cif,-0.31042847,-0.3621275,mp-1247375,0.02272717263888957,Stable,Stable
mp-1247330.cif,-0.8581285,-0.7473598,mp-1247330,0.16174221579544934,Stable,Stable
mp-727231.cif,0.5959987,0.6118177,mp-727231,0.7044128322916663,Unstable,Unstable
mp-1200773.cif,-0.47753188,-0.39122564,mp-1200773,0.10262529869047388,Stable,Stable
mp-1203360.cif,-0.7913446,-0.68670124,mp-1203360,1.0487077275781234,Stable,Stable
mp-779465.cif,-3.195772,-3.0547144,mp-779465,0.08182002691489387,Stable,Stable
mp-755491.cif,-3.2870872,-3.1850395,mp-755491,0.06435941160714087,Stable,Stable
mp-1247509.cif,0.152547,0.1841683,mp-1247509,0.18416828850000044,Unstable,Unstable
mp-1018027.cif,-1.4577913,-1.352528,mp-1018027,0.0,Stable,Stable
mp-7080.cif,-0.6048988,-0.44053745,mp-7080,0.0,Stable,Stable
mp-1106292.cif,0.20493963,0.45622894,mp-1106292,0.5506289450312494,Unstable,Unstable
mp-1246725.cif,-0.2581692,-0.35467243,mp-1246725,0.4601788911111102,Stable,Stable
mp-1183003.cif,0.6585647,0.6387051,mp-1183003,0.8800199700892852,Unstable,Unstable
mp-1228172.cif,-1.4918584,-1.8133421,mp-1228172,0.0,Stable,Stable
mp-1247488.cif,-0.6110836,-0.4805409,mp-1247488,0.1918479106944435,Stable,Stable
mp-1247289.cif,0.12195488,-0.05422768,mp-1247289,0.09987477250000065,Stable,Unstable
mp-695962.cif,-0.29121745,-0.26534918,mp-695962,0.3698220841071427,Stable,Stable
mp-567391.cif,-2.237758,-2.1528053,mp-567391,0.0,Stable,Stable
mp-1245539.cif,-0.6011901,-0.5376528,mp-1245539,0.13861114375000128,Stable,Stable
mp-570572.cif,0.31535098,0.14726765,mp-570572,0.14726764821428517,Unstable,Unstable
mp-1096900.cif,0.19240117,-0.013618964,mp-1096900,0.4858389158333356,Stable,Unstable
mp-559716.cif,-0.28874296,-0.30804002,mp-559716,0.2941983014285716,Stable,Stable
mp-1245685.cif,0.56371933,0.32784307,mp-1245685,0.3278430720000003,Unstable,Unstable
mp-1222451.cif,-1.5460724,-1.079748,mp-1222451,0.339577681406249,Stable,Stable
mp-1247535.cif,-0.8729016,-0.71378994,mp-1247535,0.1770301712500011,Stable,Stable
mp-1197786.cif,-0.46423826,-0.10429932,mp-1197786,0.33977087914062487,Stable,Stable
mp-754561.cif,-2.6855714,-2.6798928,mp-754561,0.17088713833333458,Stable,Stable
mp-22496.cif,1.7562215,1.2722011,mp-22496,2.0541159628333334,Unstable,Unstable
mp-1205100.cif,-0.6962761,-1.136807,mp-1205100,0.40584046023611364,Stable,Stable
mp-1182994.cif,0.8720242,0.77340716,mp-1182994,0.7734071722222229,Unstable,Unstable
mp-1193969.cif,-1.2547584,-0.9363735,mp-1193969,0.41772579187500103,Stable,Stable
mp-5158.cif,-1.2035482,-1.4221386,mp-5158,0.0,Stable,Stable
mp-1245573.cif,-0.34584156,-0.06843773,mp-1245573,0.4368495047222254,Stable,Stable
mp-1246713.cif,-0.59956753,-0.22957681,mp-1246713,0.19047520276923358,Stable,Stable
mp-1246851.cif,-0.8621565,-0.90321255,mp-1246851,0.21915317138888746,Stable,Stable
mp-1210409.cif,-1.2082055,-1.463346,mp-1210409,0.2616143437500007,Stable,Stable
mp-1246827.cif,-0.8460825,-0.48482233,mp-1246827,0.37611040428571485,Stable,Stable
mp-1245592.cif,-0.07191061,-0.096188426,mp-1245592,0.18340786951388832,Stable,Stable
mp-1247242.cif,-0.70953596,-0.61351466,mp-1247242,0.10821697909090933,Stable,Stable
mp-1245516.cif,-0.51218665,-0.44429767,mp-1245516,0.06809537361110252,Stable,Stable
mp-1245980.cif,0.2419714,-0.07844632,mp-1245980,0.15462356613636175,Stable,Unstable
mp-1226081.cif,0.008316152,-0.13319719,mp-1226081,0.08384398618750133,Stable,Unstable
mp-28202.cif,-1.5288143,-1.376361,mp-28202,0.0,Stable,Stable
mp-1246665.cif,-0.56168294,-0.6626264,mp-1246665,0.1716782887777768,Stable,Stable
mp-1237215.cif,-0.36381188,-0.43221155,mp-1237215,0.25430848150000074,Stable,Stable
mp-731306.cif,0.24382493,0.48261994,mp-731306,1.4712546860937499,Unstable,Unstable
mp-1192951.cif,-0.7318721,-1.1196218,mp-1192951,0.51002520474358,Stable,Stable
mp-1096899.cif,0.29137015,-0.017640153,mp-1096899,0.48181772583333426,Stable,Unstable
mp-1210425.cif,-1.8861204,-1.35141,mp-1210425,0.485946111350005,Stable,Stable
mp-1245472.cif,-0.9485645,-0.95542526,mp-1245472,0.10259332015625233,Stable,Stable
mp-1246084.cif,-0.7811971,-0.5506097,mp-1246084,0.3060996408888883,Stable,Stable
mp-761870.cif,-0.5290222,-0.4455678,mp-761870,0.09956717397058767,Stable,Stable
mp-1245976.cif,-0.15499851,-0.2465313,mp-1245976,0.3414586261458332,Stable,Stable
mp-1247129.cif,-1.5576012,-1.2296418,mp-1247129,0.28767056725000373,Stable,Stable
mp-696210.cif,-0.19568047,-0.3856025,mp-696210,0.2964991702777757,Stable,Stable
mp-1247445.cif,-0.4381325,-0.23650701,mp-1247445,0.36774554272222115,Stable,Stable
mp-1179087.cif,0.37318215,0.23533338,mp-1179087,1.378971900999999,Unstable,Unstable
mp-725221.cif,0.09327268,0.95003945,mp-725221,0.9729356796354169,Unstable,Unstable
mp-1206922.cif,-1.1007959,-1.0466956,mp-1206922,0.0,Stable,Stable
mp-16107.cif,-0.78991866,-0.7998633,mp-16107,0.0,Stable,Stable
mp-1245529.cif,-0.3329312,-0.12999962,mp-1245529,0.21686389465277767,Stable,Stable
mp-1227857.cif,-0.70336527,-0.35853067,mp-1227857,0.9784449883928543,Stable,Stable
mp-734137.cif,-0.7261613,-0.5570851,mp-734137,0.34771584729166527,Stable,Stable
mp-755047.cif,-2.896013,-2.628147,mp-755047,0.14642655328124832,Stable,Stable
mp-696812.cif,0.022500545,0.20626235,mp-696812,0.5161092147727278,Unstable,Unstable
mp-27908.cif,-0.2701387,-0.15898743,mp-27908,0.026315119264706865,Stable,Stable
mp-1205907.cif,1.0841049,0.6885022,mp-1205907,1.359379848333333,Unstable,Unstable
mp-1245030.cif,-0.040461175,0.03665839,mp-1245030,0.7067078000000002,Unstable,Stable
mp-643913.cif,-0.7582849,-0.6384287,mp-643913,0.0723974806818175,Stable,Stable
mp-1421453.cif,0.16386372,0.31207994,mp-1421453,0.3120799450000007,Unstable,Unstable
mp-727394.cif,-1.0457134,-0.76397026,mp-727394,0.6053841419444419,Stable,Stable
mp-1078939.cif,-0.74802184,-1.0923986,mp-1078939,1.1194662519999934,Stable,Stable
mp-729935.cif,-0.30095327,-0.35518667,mp-729935,0.5308846290625011,Stable,Stable
mp-1211782.cif,-2.009695,-2.2221365,mp-1211782,0.0,Stable,Stable
mp-1245354.cif,-0.6229562,-0.74468005,mp-1245354,0.0017922633680562683,Stable,Stable
mp-669466.cif,-0.69707125,-0.67563397,mp-669466,0.005029587999999308,Stable,Stable
mp-723034.cif,-0.42414758,-0.36356434,mp-723034,0.06770718427777744,Stable,Stable
