file_name,pred_eform,true_eform,material_id,e_hull,true_label,pred_label
mp-1197697.cif,-1.83431875705719,-1.6636993885040283,mp-1197697,0.1196520407870354,Stable,Stable
mp-19754.cif,-0.663908839225769,-0.3406106829643249,mp-19754,0.0,Stable,Stable
mp-734582.cif,0.2991015017032623,0.6584704518318176,mp-734582,0.6584704326339281,Unstable,Unstable
mp-2625.cif,-0.6952956318855286,-0.290364533662796,mp-2625,0.0,Stable,Stable
mp-758625.cif,-1.7181742191314695,-1.684834361076355,mp-758625,0.0555021316319424,Stable,Stable
mp-1194767.cif,-0.2162205278873443,-0.1385551542043686,mp-1194767,0.14336785438803457,Stable,Stable
mp-571244.cif,-0.5757195353507996,-0.4327984154224396,mp-571244,0.0368676593225743,Stable,Stable
mp-1181996.cif,3.5687472820281982,2.6368207931518555,mp-1181996,2.6368207524999994,Unstable,Unstable
mp-1034591.cif,-2.8417179584503174,-2.5669140815734863,mp-1034591,0.4146890304687503,Stable,Stable
mp-1179666.cif,1.9553451538085935,1.196492314338684,mp-1179666,1.3996221928571408,Unstable,Unstable
mp-1203337.cif,0.4316989481449127,0.2627068161964416,mp-1203337,0.2627068034948987,Unstable,Unstable
mp-1202349.cif,-0.2700245082378387,-0.2903461754322052,mp-1202349,0.12795089762499678,Stable,Stable
mp-1218639.cif,-2.832770109176636,-2.59928297996521,mp-1218639,0.0,Stable,Stable
mp-1200004.cif,-2.7122342586517334,-2.52616286277771,mp-1200004,0.03634851494212654,Stable,Stable
mp-739866.cif,1.174953579902649,1.5201202630996704,mp-739866,1.932321686979165,Unstable,Unstable
mp-1219568.cif,-1.0393571853637695,-1.2357341051101685,mp-1219568,0.08676629437500072,Stable,Stable
mp-1180486.cif,-0.1943193227052688,-0.1839770525693893,mp-1180486,0.9833417850189363,Stable,Stable
mp-1032503.cif,-2.3698999881744385,-2.230055809020996,mp-1032503,0.46421141421875145,Stable,Stable
mp-652326.cif,-1.0226423740386963,-0.5700196623802185,mp-652326,0.6645502807608663,Stable,Stable
mp-683660.cif,-0.8850418925285339,-0.8102575540542603,mp-683660,0.5850148483749917,Stable,Stable
mp-1215195.cif,-0.9979100823402404,-0.657386302947998,mp-1215195,0.0,Stable,Stable
mp-1229076.cif,0.4147212505340576,-0.1371305137872696,mp-1229076,0.3416166185714271,Stable,Unstable
mp-1009894.cif,-0.5149891376495361,-0.4004006087779999,mp-1009894,0.6132527400000001,Stable,Stable
mp-1001606.cif,-0.6053227186203003,-0.284732848405838,mp-1001606,0.0,Stable,Stable
mp-1103616.cif,2.085411787033081,1.8053505420684812,mp-1103616,1.8558570005465365,Unstable,Unstable
mp-567492.cif,-0.3471603393554687,-0.3485240936279297,mp-567492,0.0,Stable,Stable
mp-648264.cif,-0.753078818321228,-0.9262261986732484,mp-648264,0.19703434505952622,Stable,Stable
mp-995219.cif,-0.3819133341312408,-0.4495340883731842,mp-995219,0.18902546124999997,Stable,Stable
mp-759318.cif,-1.577111840248108,-1.4661036729812622,mp-759318,0.05045650934782486,Stable,Stable
mp-1214506.cif,0.3675394058227539,0.1240294203162193,mp-1214506,0.20992606682528336,Unstable,Unstable
mp-1189096.cif,-0.1586270183324813,-0.2075374126434326,mp-1189096,0.568612415625001,Stable,Stable
mp-1220750.cif,-0.5447841882705688,-0.5342615246772766,mp-1220750,0.0,Stable,Stable
mp-562018.cif,-1.249197244644165,-1.1905142068862915,mp-562018,0.5614602498281247,Stable,Stable
mp-555541.cif,-0.467978835105896,-0.8559482097625732,mp-555541,0.5244260495624982,Stable,Stable
mp-1203490.cif,0.2616904079914093,0.2905040383338928,mp-1203490,1.2584522393181832,Unstable,Unstable
mp-558982.cif,-1.416885256767273,-1.5708266496658323,mp-558982,0.12771069874999963,Stable,Stable
mp-29536.cif,-0.8865228295326233,-0.7373676300048828,mp-29536,0.25359428941666806,Stable,Stable
mp-1220685.cif,-0.2939975559711456,-0.1566918194293975,mp-1220685,0.23681716821428722,Stable,Stable
mp-546920.cif,-1.1874185800552368,-1.3510574102401731,mp-546920,0.26290205075000017,Stable,Stable
mp-1105327.cif,-0.2860203981399536,-0.2431620061397552,mp-1105327,0.029501759970759878,Stable,Stable
mp-722912.cif,-0.8598589301109314,-0.5499298572540283,mp-722912,0.0,Stable,Stable
mp-1183026.cif,1.6110037565231323,1.118459701538086,mp-1183026,1.1184596805555564,Unstable,Unstable
mp-1180014.cif,-0.4795026779174804,-0.4333176016807556,mp-1180014,0.5461281447560982,Stable,Stable
mp-1212744.cif,0.3788982331752777,0.8050850629806519,mp-1212744,1.214842525937497,Unstable,Unstable
mp-1181428.cif,-0.5648769736289978,-0.4000413715839386,mp-1181428,0.0,Stable,Stable
mp-1194133.cif,-0.0789360404014587,-0.3408457040786743,mp-1194133,0.012731679821428088,Stable,Stable
mp-1219074.cif,-0.4767482578754425,-0.3357242941856384,mp-1219074,0.03930781223611035,Stable,Stable
mp-754005.cif,-2.221435308456421,-2.038062334060669,mp-754005,0.08525750464285409,Stable,Stable
mp-20661.cif,-0.9093412160873412,-0.6623352766036987,mp-20661,0.0,Stable,Stable
mp-758565.cif,-1.9451079368591309,-1.893531322479248,mp-758565,0.08634820047618241,Stable,Stable
mp-9812.cif,-2.01366925239563,-1.8220148086547847,mp-9812,0.0,Stable,Stable
mp-1199463.cif,-0.9474307894706726,-0.8988540172576904,mp-1199463,0.23818245026785867,Stable,Stable
mp-1102227.cif,-1.5887792110443115,-1.751911759376526,mp-1102227,0.0168115783333338,Stable,Stable
mp-707110.cif,-0.8559027314186096,-0.7078181505203247,mp-707110,0.44136847023026426,Stable,Stable
mp-4798.cif,-0.717258870601654,-0.5009983777999878,mp-4798,0.0,Stable,Stable
mp-1098744.cif,-2.9089479446411133,-2.8387253284454346,mp-1098744,0.12112553230468759,Stable,Stable
mp-1216474.cif,-0.5877910256385803,-0.4951026141643524,mp-1216474,0.11964678851190413,Stable,Stable
mp-1568135.cif,-2.020937204360962,-1.9989787340164185,mp-1568135,0.04040492909090876,Stable,Stable
mp-1214172.cif,-0.7528865933418274,-0.8020395040512085,mp-1214172,0.38893293046875055,Stable,Stable
mp-1018048.cif,-0.4716648459434509,-0.2527042031288147,mp-1018048,0.0,Stable,Stable
mp-4249.cif,-1.1628687381744385,-1.2651244401931765,mp-4249,0.25092418964285645,Stable,Stable
mp-554085.cif,-1.81514573097229,-1.6282973289489746,mp-554085,0.24486864204545533,Stable,Stable
mp-2647048.cif,-0.5025373101234436,-0.4698025286197662,mp-2647048,0.5798041299999994,Stable,Stable
mp-1095030.cif,0.2162680923938751,0.2613164186477661,mp-1095030,0.2817183987760412,Unstable,Unstable
mp-573743.cif,-1.7647206783294678,-1.3865419626235962,mp-573743,0.0,Stable,Stable
mp-1201793.cif,-0.2947581112384796,-0.1997922509908676,mp-1201793,0.04717130738888908,Stable,Stable
mp-638236.cif,-1.1370291709899902,-1.0883389711380005,mp-638236,0.18700316409090867,Stable,Stable
mp-1207824.cif,-0.6319615840911865,-0.3320797085762024,mp-1207824,0.0,Stable,Stable
mp-6188.cif,-0.9138939380645752,-0.5651810169219971,mp-6188,0.0,Stable,Stable
mp-1077889.cif,1.137623310089111,1.2932254076004028,mp-1077889,1.293225439999997,Unstable,Unstable
mp-5439.cif,0.0862082540988922,-0.2261038720607757,mp-5439,0.013187745961534603,Stable,Unstable
mp-698476.cif,-0.29904505610466,-0.3232896625995636,mp-698476,0.14229435092171716,Stable,Stable
mp-568924.cif,-0.8234302401542664,-0.564958930015564,mp-568924,0.0,Stable,Stable
mp-1224932.cif,-0.1728799045085907,-0.0887526795268058,mp-1224932,0.031529653888891396,Stable,Stable
mp-1273900.cif,-1.8778215646743772,-1.746461033821106,mp-1273900,0.03970758295833221,Stable,Stable
mp-621092.cif,0.1590559482574463,0.0383703112602233,mp-621092,0.06736085242424394,Unstable,Unstable
mp-1196266.cif,-0.3158064782619476,-0.1401351392269134,mp-1196266,0.10661434158869199,Stable,Stable
mp-557143.cif,-1.6080121994018557,-1.4833446741104126,mp-557143,0.0,Stable,Stable
mp-995201.cif,-1.1024569272994995,-0.8566720485687256,mp-995201,0.0,Stable,Stable
mp-1008523.cif,0.2165856510400772,0.2876161336898803,mp-1008523,0.9941056325000002,Unstable,Unstable
mp-1202609.cif,-0.4542600512504577,-0.3339638710021972,mp-1202609,0.030492215886243734,Stable,Stable
mp-3347222.cif,-0.0016813706606626,-0.0239705499261617,mp-3347222,0.05838463912037106,Stable,Stable
mp-7024.cif,-0.5411461591720581,-0.4122985899448395,mp-7024,0.022598432666665502,Stable,Stable
mp-1205180.cif,-0.7240236401557922,-0.5446521043777466,mp-1205180,0.0,Stable,Stable
mp-998894.cif,0.2363556176424026,0.5168733596801758,mp-998894,0.8105841975000008,Unstable,Unstable
mp-1199462.cif,-1.2011981010437012,-1.0833033323287964,mp-1199462,0.22224869877314735,Stable,Stable
mp-723.cif,0.0368062257766723,-0.070768304169178,mp-723,0.0,Stable,Unstable
mp-558539.cif,-2.3975818157196045,-2.453567743301392,mp-558539,0.0,Stable,Stable
mp-619791.cif,-2.534616231918335,-2.3007736206054688,mp-619791,0.0,Stable,Stable
mp-1204728.cif,-0.4508385360240936,-0.3131855726242065,mp-1204728,0.0,Stable,Stable
mp-1228977.cif,0.0517284646630287,0.3289889991283417,mp-1228977,0.5131237501578951,Unstable,Unstable
mp-1080835.cif,-0.6426302790641785,-0.5695347189903259,mp-1080835,0.0,Stable,Stable
mp-558250.cif,-1.138962745666504,-1.0664256811141968,mp-558250,0.3288809419444476,Stable,Stable
mp-1177806.cif,-2.450111389160156,-2.287785768508911,mp-1177806,0.05153788555556549,Stable,Stable
mp-1105650.cif,-0.2280129045248031,0.8157196640968323,mp-1105650,1.1486235950694423,Unstable,Stable
mp-1200737.cif,0.315209686756134,0.8358655571937561,mp-1200737,1.2359251908881568,Unstable,Unstable
mp-21313.cif,-0.1961257606744766,-0.119667500257492,mp-21313,0.0,Stable,Stable
mp-1009878.cif,-0.0093361120671033,0.205763503909111,mp-1009878,1.219416865000003,Unstable,Stable
mp-761898.cif,-0.1690477281808853,-0.0539181642234325,mp-761898,0.17486508272321455,Stable,Stable
mp-1246784.cif,0.5224114656448364,0.3873469829559326,mp-1246784,0.38734696906250043,Unstable,Unstable
mp-22120.cif,-0.6899790167808533,-0.4758419096469879,mp-22120,0.0,Stable,Stable
mp-10185.cif,0.2183489352464676,0.1932562440633773,mp-10185,0.23575783591999988,Unstable,Unstable
mp-35327.cif,0.4932390749454498,-0.1352128684520721,mp-35327,0.3435342671428554,Stable,Unstable
mp-1203312.cif,-0.6126305460929871,-0.6346511244773865,mp-1203312,0.0,Stable,Stable
mp-644101.cif,-0.3708025813102722,-0.3176439702510834,mp-644101,0.0736937950000005,Stable,Stable
mp-1202855.cif,0.7960261702537537,0.8766387104988098,mp-1202855,0.9983763952941169,Unstable,Unstable
mp-1180198.cif,-1.5946552753448486,-1.5275484323501587,mp-1180198,0.057437505192307725,Stable,Stable
mp-1201037.cif,0.0081304777413606,0.0157887656241655,mp-1201037,0.2024977409288944,Unstable,Unstable
mp-1188244.cif,-0.8395993113517761,-0.4718287885189056,mp-1188244,0.0,Stable,Stable
mp-766019.cif,-1.8953988552093504,-1.920326828956604,mp-766019,0.05763731409090944,Stable,Stable
mp-760509.cif,-1.7946829795837402,-1.600897192955017,mp-760509,0.12628584555555467,Stable,Stable
mp-1206001.cif,-0.6619749665260315,-0.4871687293052673,mp-1206001,0.0,Stable,Stable
mp-29357.cif,-2.1841864585876465,-1.999984860420227,mp-29357,0.0,Stable,Stable
mp-1034077.cif,-2.605431079864502,-2.4532387256622314,mp-1034077,0.44861144441406253,Stable,Stable
mp-1215592.cif,-1.89153516292572,-1.551848292350769,mp-1215592,0.0,Stable,Stable
mp-985572.cif,-1.536184787750244,-1.4983421564102173,mp-985572,0.1736538058854178,Stable,Stable
mp-7167.cif,-0.6357033252716064,-0.4322063624858856,mp-7167,0.0,Stable,Stable
mp-1209054.cif,-0.4006868302822113,-0.4334935843944549,mp-1209054,0.0,Stable,Stable
mp-1207084.cif,-0.2068520784378051,-0.1752284318208694,mp-1207084,0.16590739049999925,Stable,Stable
mp-765146.cif,-2.2481894493103027,-2.147097110748291,mp-765146,0.05215951670454544,Stable,Stable
mp-1033459.cif,-2.5399744510650635,-2.199185371398926,mp-1033459,0.6437917478229194,Stable,Stable
mp-697242.cif,-0.5334634780883789,-0.5577684640884399,mp-697242,0.09585719638888968,Stable,Stable
mp-23733.cif,-1.302584886550903,-1.3357378244400024,mp-23733,0.004870122166669155,Stable,Stable
mp-1016428.cif,0.2840960025787353,0.3998675942420959,mp-1016428,0.4490829646875003,Unstable,Unstable
mp-1196720.cif,-1.457771062850952,-1.5689852237701416,mp-1196720,0.26523557306818546,Stable,Stable
mp-1290535.cif,-1.8974618911743164,-1.8449472188949585,mp-1290535,0.11629852156250031,Stable,Stable
mp-20495.cif,-2.0028889179229736,-2.0387985706329346,mp-20495,0.030466366111110865,Stable,Stable
mp-762225.cif,-2.5039632320404053,-2.6695423126220703,mp-762225,0.013236834000007747,Stable,Stable
mp-1245492.cif,-0.0686007738113403,0.2188086509704589,mp-1245492,0.34945369200000087,Unstable,Stable
mp-15607.cif,-0.4471170008182525,-0.2845703363418579,mp-15607,0.14494340400000105,Stable,Stable
mp-1079313.cif,-0.6656528115272522,-0.4726186096668243,mp-1079313,0.0,Stable,Stable
mp-568116.cif,-1.2502564191818235,-0.9862497448921204,mp-568116,0.045184600454543755,Stable,Stable
mp-1209204.cif,-1.6276650428771973,-1.2665026187896729,mp-1209204,0.0,Stable,Stable
mp-568966.cif,-0.5854284167289734,-0.4937664270401001,mp-568966,0.0,Stable,Stable
mp-28826.cif,-0.3269044160842895,-0.3275535702705383,mp-28826,0.0,Stable,Stable
mp-1179087.cif,0.4095758497714996,0.2353333830833435,mp-1179087,1.378971900999999,Unstable,Unstable
mp-1078325.cif,-0.2344400286674499,0.1475736498832702,mp-1078325,0.21995948160714462,Unstable,Stable
mp-29982.cif,-0.8679530024528503,-0.6925912499427795,mp-29982,0.01128563890625145,Stable,Stable
mp-1246742.cif,0.2853487133979797,0.3996569216251373,mp-1246742,0.3996569113043478,Unstable,Unstable
mp-556573.cif,-1.6217941045761108,-1.580231785774231,mp-556573,0.3431486064285716,Stable,Stable
mp-640748.cif,-0.8774431347846985,-0.964558482170105,mp-640748,0.21459039509259448,Stable,Stable
mp-1193557.cif,-0.8140066266059875,-0.8093605041503906,mp-1193557,0.31431114090659307,Stable,Stable
mp-1181830.cif,-1.8737367391586304,-1.4823004007339478,mp-1181830,0.8163864146428548,Stable,Stable
mp-647169.cif,-0.0244529079645872,-0.2256782501935959,mp-647169,0.3252490282371774,Stable,Stable
mp-725922.cif,-0.5697844624519348,-0.8647864460945129,mp-725922,0.17411376840909032,Stable,Stable
mp-753598.cif,-2.266427755355835,-2.129866600036621,mp-753598,0.05126401781250145,Stable,Stable
mp-5051.cif,-0.5907154679298401,-0.3588587343692779,mp-5051,0.0,Stable,Stable
mp-1194607.cif,-1.3723697662353516,-1.1644395589828491,mp-1194607,0.5285441878333348,Stable,Stable
mp-555646.cif,-1.9649931192398071,-1.7808432579040527,mp-555646,0.04584902711538508,Stable,Stable
mp-10600.cif,-0.3822260797023773,-0.2830682694911957,mp-10600,0.034530171499998374,Stable,Stable
mp-1194394.cif,-1.5969207286834717,-1.360791563987732,mp-1194394,0.2816571090705171,Stable,Stable
mp-1245820.cif,0.2669098079204559,0.1251784116029739,mp-1245820,0.34562692944444784,Unstable,Unstable
mp-1228936.cif,0.2716634571552276,0.5404917597770691,mp-1228936,0.735232673046875,Unstable,Unstable
mp-1181049.cif,-1.113151788711548,-0.9026941657066344,mp-1181049,0.7723555767763184,Stable,Stable
mp-1204402.cif,-0.7728878855705261,-0.7149645090103149,mp-1204402,0.0,Stable,Stable
mp-757660.cif,-1.8879315853118896,-1.8166595697402956,mp-757660,0.10485288062499976,Stable,Stable
mp-1192593.cif,-0.2051314413547516,-0.0682960748672485,mp-1192593,0.0018669484444435724,Stable,Stable
mp-1018629.cif,-0.4384143948554992,-0.2423236221075058,mp-1018629,0.4386327089999993,Stable,Stable
mp-758383.cif,-1.3955297470092771,-1.440867900848389,mp-758383,0.10579569104166886,Stable,Stable
mp-1245334.cif,-0.2822851836681366,0.0231515038758516,mp-1245334,0.3355635409782636,Unstable,Stable
mp-550593.cif,-1.9655985832214355,-1.8651456832885744,mp-550593,0.3205546911111119,Stable,Stable
mp-1031751.cif,-2.460171937942505,-2.0887646675109863,mp-1031751,0.5954513940624997,Stable,Stable
mp-1105430.cif,-1.1874953508377075,-1.1455810070037842,mp-1105430,0.8006772100000026,Stable,Stable
mp-1209156.cif,-1.5949983596801758,-1.483897089958191,mp-1209156,0.22424558921874382,Stable,Stable
mp-1206413.cif,0.0667230188846588,-0.3203438520431518,mp-1206413,0.0,Stable,Unstable
mp-1210942.cif,-0.2302936464548111,-0.1614989638328552,mp-1210942,0.04447014017080697,Stable,Stable
mp-1034502.cif,-2.8218348026275635,-2.6322927474975586,mp-1034502,0.3331973761328131,Stable,Stable
mp-15812.cif,0.0157024729996919,-0.1059276238083839,mp-15812,0.0,Stable,Unstable
mp-541840.cif,-0.4502367377281189,-0.3700226545333862,mp-541840,0.05398585083333174,Stable,Stable
mp-1147570.cif,0.2125899195671081,0.1402989625930786,mp-1147570,0.7341914057142827,Unstable,Unstable
mp-37919.cif,-0.6388468742370605,-0.2395275086164474,mp-37919,1.0034078766666799,Stable,Stable
mp-1069160.cif,-0.4879311025142669,-0.3700822293758392,mp-1069160,0.0,Stable,Stable
mp-571432.cif,-1.8826258182525637,-1.550940752029419,mp-571432,0.0,Stable,Stable
mp-20814.cif,-0.4821337759494781,-0.4013464450836181,mp-20814,0.14425887499999845,Stable,Stable
mp-1079546.cif,-0.5489720702171326,-0.5623769164085388,mp-1079546,0.0,Stable,Stable
mp-3182.cif,-0.7192884087562561,-0.5463429093360901,mp-3182,0.0016334206249979388,Stable,Stable
mp-569274.cif,-0.7762576341629028,-0.4717043042182922,mp-569274,0.02899386806451787,Stable,Stable
mp-1209101.cif,-0.5041679739952087,-0.416074275970459,mp-1209101,1.1821756584821417,Stable,Stable
mp-19756.cif,-0.8480499386787415,-0.5893658399581909,mp-19756,0.0,Stable,Stable
mp-1219040.cif,-2.8670742511749268,-2.549074649810791,mp-1219040,0.0,Stable,Stable
mp-3346392.cif,-2.748256206512451,-2.545376777648926,mp-3346392,0.023405942500000165,Stable,Stable
mp-763588.cif,-1.8317805528640747,-1.8305851221084597,mp-763588,0.08383985449999987,Stable,Stable
mp-556777.cif,-2.284069776535034,-2.180851936340332,mp-556777,0.06689953083333311,Stable,Stable
mp-675489.cif,0.0454726219177246,-0.115033634006977,mp-675489,0.3281919186111084,Stable,Unstable
mp-1213428.cif,-0.2199162989854812,-0.0905528962612152,mp-1213428,0.014026098949843302,Stable,Stable
mp-568286.cif,-0.0360985025763511,0.0081888297572731,mp-568286,0.008188829999999925,Unstable,Stable
mp-1080729.cif,-0.6285996437072754,-0.6447710990905762,mp-1080729,0.0,Stable,Stable
mp-3346526.cif,-2.7160086631774902,-2.545307159423828,mp-3346526,0.023475561499999742,Stable,Stable
mp-1200938.cif,-0.1562963277101516,0.0237033832818269,mp-1200938,0.256911123200001,Unstable,Stable
mp-1033873.cif,-2.740573644638061,-2.5233819484710693,mp-1033873,0.43296954765625006,Stable,Stable
mp-1246589.cif,0.1803866028785705,0.1370922476053238,mp-1246589,0.13709225451923146,Unstable,Unstable
mp-1227233.cif,-0.6657585501670837,-0.3192746937274933,mp-1227233,0.15632807611111144,Stable,Stable
mp-1208465.cif,-1.0638391971588137,-0.8371117115020752,mp-1208465,0.3568874987777768,Stable,Stable
mp-27919.cif,-1.1938927173614502,-0.8287010192871094,mp-27919,0.0,Stable,Stable
mp-1022081.cif,0.5412881374359131,0.4043623208999634,mp-1022081,0.4043623172916666,Unstable,Unstable
mp-569568.cif,-0.6755062937736511,-0.6346313953399658,mp-569568,0.0,Stable,Stable
mp-569096.cif,-0.3298719823360443,-0.1286524087190628,mp-569096,0.02429799425925694,Stable,Stable
mp-1025123.cif,-0.6754120588302612,-0.3793398141860962,mp-1025123,0.0,Stable,Stable
mp-1024975.cif,-0.7599430680274963,-0.7017772197723389,mp-1024975,0.033293183472217436,Stable,Stable
mp-563.cif,1.9580368995666504,1.511879563331604,mp-563,1.5118795946428563,Unstable,Unstable
mp-504477.cif,-1.1181703805923462,-0.8454623818397522,mp-504477,0.5603261936057677,Stable,Stable
mp-704489.cif,-0.9502018094062804,-0.7358341813087463,mp-704489,0.4488539767471593,Stable,Stable
mp-1009655.cif,0.2209767699241638,0.6067231297492981,mp-1009655,0.7447531916666659,Unstable,Unstable
mp-1173628.cif,-0.572724461555481,-0.5163841247558594,mp-1173628,0.08800169854452022,Stable,Stable
mp-554072.cif,-1.9889533519744875,-2.1073532104492188,mp-554072,0.002348562916665742,Stable,Stable
mp-2795.cif,-1.0600240230560305,-1.0136533975601196,mp-2795,0.0,Stable,Stable
mp-30200.cif,-1.6282298564910889,-1.6683508157730105,mp-30200,0.11588144531249966,Stable,Stable
mp-561205.cif,-1.494967699050903,-1.6389527320861816,mp-561205,0.17330379180555688,Stable,Stable
mp-1246536.cif,0.0238708574324846,0.295275866985321,mp-1246536,0.2952758708695651,Unstable,Unstable
mp-24714.cif,-1.6538619995117188,-1.4690072536468506,mp-24714,0.02662167057692333,Stable,Stable
mp-758087.cif,-2.484243154525757,-2.1001484394073486,mp-758087,0.05500124077621038,Stable,Stable
mp-5106.cif,-0.6569215655326843,-0.3299050629138946,mp-5106,0.0,Stable,Stable
mp-559331.cif,-1.627959370613098,-1.3555114269256592,mp-559331,0.5109630157142862,Stable,Stable
mp-29941.cif,-1.1295894384384155,-0.5190473198890686,mp-29941,0.0,Stable,Stable
mp-1024956.cif,-0.7425647377967834,-0.5513265132904053,mp-1024956,0.05851835874999978,Stable,Stable
mp-1199581.cif,0.4001122713088989,0.1019354164600372,mp-1199581,0.3696518988541664,Unstable,Unstable
mp-1199608.cif,-1.5278698205947876,-1.5748610496520996,mp-1199608,0.17052377891129034,Stable,Stable
mp-1009820.cif,1.0588332414627075,0.8178256750106812,mp-1009820,0.8178256637499999,Unstable,Unstable
mp-1216853.cif,-0.4340940117835998,-0.2018515467643737,mp-1216853,0.0,Stable,Stable
mp-28833.cif,-0.4972773492336273,-0.2832197844982147,mp-28833,0.0217527721400117,Stable,Stable
mp-546707.cif,-1.6679558753967283,-1.715266227722168,mp-546707,0.13948985310185247,Stable,Stable
mp-22015.cif,1.2171895503997805,0.4362574517726898,mp-22015,0.4942080196666687,Unstable,Unstable
mp-608206.cif,0.0676900222897529,-0.2120421677827835,mp-608206,0.5140080547656245,Stable,Unstable
mp-1188861.cif,-0.4544252157211303,-0.5829603672027588,mp-1188861,0.04100961794642899,Stable,Stable
mp-1191563.cif,-2.773538827896118,-2.3322365283966064,mp-1191563,0.3527271945833359,Stable,Stable
mp-757999.cif,-2.180823564529419,-2.0929689407348637,mp-757999,0.04809394124999855,Stable,Stable
mp-1217823.cif,-0.6839793920516968,-0.5516983270645142,mp-1217823,0.0263652237500267,Stable,Stable
mp-1226555.cif,-0.6079445481300354,-0.2799312770366668,mp-1226555,0.09246646208333331,Stable,Stable
mp-680286.cif,-0.751439094543457,-0.9451799392700196,mp-680286,0.22711344924418597,Stable,Stable
mp-1102647.cif,1.1624822616577148,1.1407424211502075,mp-1102647,1.1407424561494253,Unstable,Unstable
mp-707023.cif,-0.5754396915435791,-0.5612341165542603,mp-707023,0.06312767431818145,Stable,Stable
mp-6916.cif,-0.8295310139656067,-0.5288279056549072,mp-6916,0.0,Stable,Stable
mp-10497.cif,-0.059705302119255,-0.1273216307163238,mp-10497,0.0,Stable,Stable
mp-758717.cif,-1.5962237119674685,-1.5415178537368774,mp-758717,0.1305889180921067,Stable,Stable
mp-1202076.cif,-1.444732904434204,-1.34122633934021,mp-1202076,0.17087389794355,Stable,Stable
mp-1225588.cif,-0.4334258437156677,-0.1913676112890243,mp-1225588,0.06652416404166672,Stable,Stable
mp-1182542.cif,0.1476574391126632,0.1509415060281753,mp-1182542,0.5276194675260388,Unstable,Unstable
mp-1197268.cif,-0.3284361064434051,-0.1808579415082931,mp-1197268,0.9401745289999992,Stable,Stable
mp-1182715.cif,-1.200197696685791,-1.1093716621398926,mp-1182715,0.19512576934210557,Stable,Stable
mp-28551.cif,-0.040469005703926,-0.1335940510034561,mp-28551,0.196034937333331,Stable,Stable
mp-600174.cif,-1.512230634689331,-1.4225690364837646,mp-600174,0.06796302692307687,Stable,Stable
mp-1021392.cif,0.4079875349998474,0.3976143896579742,mp-1021392,0.4602764193749995,Unstable,Unstable
mp-557940.cif,-2.6079280376434326,-2.546365737915039,mp-557940,0.0,Stable,Stable
mp-1096986.cif,-0.0829053968191146,-0.1131453886628151,mp-1096986,0.0465817425000008,Stable,Stable
mp-561834.cif,-1.4226160049438477,-1.558645725250244,mp-561834,0.2102584913888892,Stable,Stable
mp-1197730.cif,-0.4026930034160614,-0.3057710826396942,mp-1197730,0.00017536472136292502,Stable,Stable
mp-11713.cif,-0.4126704633235931,-0.3058550655841827,mp-11713,9.136636842121959e-05,Stable,Stable
mp-9167.cif,-1.1349087953567505,-0.9920183420181274,mp-9167,0.0,Stable,Stable
mp-726668.cif,0.88045734167099,0.6418213248252869,mp-726668,0.9344702326785681,Unstable,Unstable
mp-2839.cif,-0.4169273674488067,-0.289388507604599,mp-2839,0.02466928375000421,Stable,Stable
mp-1023247.cif,0.1502118557691574,0.3340502977371216,mp-1023247,0.3819618856313767,Unstable,Unstable
mp-743752.cif,0.2707719504833221,0.3470656871795654,mp-743752,0.5853220485714292,Unstable,Unstable
mp-1224462.cif,-0.185945987701416,-0.464091420173645,mp-1224462,0.2470381804999997,Stable,Stable
mp-1545211.cif,-2.069168329238892,-1.4677937030792236,mp-1545211,0.06357067187500043,Stable,Stable
mp-1205734.cif,-0.745599627494812,-0.4544266760349273,mp-1205734,0.0,Stable,Stable
mp-1078219.cif,1.5346622467041016,2.3840343952178955,mp-1078219,2.384034308214285,Unstable,Unstable
mp-763059.cif,-2.2685816287994385,-2.044740676879883,mp-763059,0.09632212399999851,Stable,Stable
mp-1211517.cif,-2.614325761795044,-2.573716402053833,mp-1211517,0.0,Stable,Stable
mp-1247204.cif,0.13858562707901,0.1991068124771118,mp-1247204,0.26859624306249863,Unstable,Unstable
mp-1180042.cif,-0.3610577583312988,-0.2270255237817764,mp-1180042,0.848513521923075,Stable,Stable
mp-4079.cif,-0.8547514081001282,-0.6796489953994751,mp-4079,0.0,Stable,Stable
mp-9842.cif,-2.7257096767425537,-2.5559918880462646,mp-9842,0.0,Stable,Stable
mp-1247257.cif,0.4912610948085785,0.34791100025177,mp-1247257,0.3707135798055532,Unstable,Unstable
mp-1197626.cif,-1.7181036472320557,-1.5766911506652832,mp-1197626,0.04893088702205528,Stable,Stable
mp-1212079.cif,0.6412999033927917,0.4129290282726288,mp-1212079,0.4343064574218758,Unstable,Unstable
mp-862839.cif,-2.075094699859619,-1.7868880033493042,mp-862839,0.0,Stable,Stable
mp-1079908.cif,-1.120319962501526,-0.8487985730171204,mp-1079908,0.031157282812495524,Stable,Stable
mp-758191.cif,-1.7710988521575928,-1.8613073825836184,mp-758191,0.09993840812500032,Stable,Stable
mp-562663.cif,-1.2169549465179443,-0.9762489199638368,mp-562663,0.3431108522499997,Stable,Stable
mp-1218082.cif,-0.268120139837265,-0.1872828006744384,mp-1218082,0.10137267348809686,Stable,Stable
mp-1214179.cif,0.5740748047828674,-0.0386220179498195,mp-1214179,0.1296516751289678,Stable,Unstable
mp-561412.cif,-2.955552816390991,-2.680346965789795,mp-561412,0.007197419333341948,Stable,Stable
mp-1203505.cif,-1.435811996459961,-1.0983786582946775,mp-1203505,0.7077580369128773,Stable,Stable
mp-1246822.cif,0.0893644392490387,0.0158113352954387,mp-1246822,0.2691317515909084,Unstable,Unstable
mp-1077906.cif,-1.5927455425262451,-1.7614485025405884,mp-1077906,0.007274903333332361,Stable,Stable
mp-1247301.cif,0.3067014217376709,0.3933996856212616,mp-1247301,0.3933996747222235,Unstable,Unstable
mp-3070.cif,-2.06764817237854,-2.064169645309448,mp-3070,0.005095173611110226,Stable,Stable
mp-2032711.cif,-0.5030626058578491,-0.5721644163131714,mp-2032711,0.0,Stable,Stable
mp-725087.cif,1.3466119766235352,1.081002116203308,mp-725087,1.5358243384999994,Unstable,Unstable
mp-29655.cif,-0.0460227951407432,-0.1016415730118751,mp-29655,0.1768810391666671,Stable,Stable
mp-1223298.cif,-0.5338168144226074,-0.1609115004539489,mp-1223298,0.08065072149999253,Stable,Stable
mp-8475.cif,-0.6593682169914246,-0.3308412134647369,mp-8475,0.0,Stable,Stable
mp-1214051.cif,-3.266562223434448,-2.8926568031311035,mp-1214051,0.2448191097214334,Stable,Stable
mp-1207882.cif,-0.361912727355957,-0.1337780505418777,mp-1207882,0.0,Stable,Stable
mp-1227386.cif,0.0754118114709854,0.2906806766986847,mp-1227386,0.32809676913792885,Unstable,Unstable
mp-22542.cif,-0.7755005955696106,-0.5580291748046875,mp-22542,0.0,Stable,Stable
mp-1180460.cif,0.7393365502357483,0.4507077038288116,mp-1180460,1.029982122253604,Unstable,Unstable
mp-976707.cif,-0.5993098616600037,-0.6789156198501587,mp-976707,0.08336959281249978,Stable,Stable
mp-653602.cif,-0.6669027805328369,-0.9098169803619384,mp-653602,0.2032794166875025,Stable,Stable
mp-554491.cif,-1.715330958366394,-1.5018057823181152,mp-554491,0.5417325376562498,Stable,Stable
mp-1105616.cif,0.9661064743995668,0.4087656736373901,mp-1105616,1.4367949062499976,Unstable,Unstable
mp-1245918.cif,-0.1257208585739135,0.0495153293013572,mp-1245918,0.16360457545454565,Unstable,Stable
mp-621024.cif,-2.0178372859954834,-1.5923948287963867,mp-621024,0.0,Stable,Stable
mp-1199783.cif,-0.7929736375808716,-0.9075891971588136,mp-1199783,0.27086110633333327,Stable,Stable
mp-1204724.cif,-1.9138801097869875,-1.7326810359954834,mp-1204724,0.042595625200002374,Stable,Stable
mp-1213220.cif,-1.732656955718994,-1.9050499200820925,mp-1213220,0.1909706772727242,Stable,Stable
mp-559469.cif,-2.033101320266724,-1.6906620264053345,mp-559469,0.0350150593749996,Stable,Stable
mp-1190608.cif,-0.1881857514381408,-0.08161012083292,mp-1190608,0.001900138977273258,Stable,Stable
mp-1221305.cif,-1.883662700653076,-1.7319698333740234,mp-1221305,0.002087803996918325,Stable,Stable
mp-1071818.cif,-0.7843308448791504,-0.4499125480651855,mp-1071818,0.027345422777779405,Stable,Stable
mp-582618.cif,-2.084248781204224,-1.7883964776992798,mp-582618,0.0812422167857143,Stable,Stable
mp-648289.cif,-0.7573397755622864,-0.9175997972488404,mp-648289,0.19549663937500306,Stable,Stable
mp-21536.cif,-0.2773759067058563,-0.0982685014605522,mp-21536,0.0,Stable,Stable
mp-1025230.cif,-0.2670946419239044,-0.1768150329589843,mp-1025230,0.0,Stable,Stable
mp-1208199.cif,1.6961889266967771,1.29322350025177,mp-1208199,1.7758993862499999,Unstable,Unstable
mp-572674.cif,-0.5449411273002625,-0.8123157620429993,mp-572674,0.2144152901984171,Stable,Stable
mp-24232.cif,-0.7002872824668884,-0.7618221044540405,mp-24232,0.28977488596153744,Stable,Stable
mp-1218825.cif,-2.393218755722046,-2.314994096755981,mp-1218825,0.10784658194442631,Stable,Stable
mp-1213964.cif,0.4601813852787018,0.1948562413454055,mp-1213964,0.23593788785714231,Unstable,Unstable
mp-1219344.cif,0.0205929707735776,-0.0200527440756559,mp-1219344,0.021925215224404937,Stable,Unstable
mp-1203538.cif,-1.3882169723510742,-1.249701976776123,mp-1203538,0.5864316231944482,Stable,Stable
mp-1188096.cif,-0.8975171446800232,-0.7361656427383423,mp-1188096,0.0,Stable,Stable
mp-758948.cif,-1.852689504623413,-1.6034789085388184,mp-758948,0.0,Stable,Stable
mp-1208088.cif,-0.0806527733802795,-0.1780497580766677,mp-1208088,0.0730578564583313,Stable,Stable
mp-1222426.cif,-1.172055721282959,-1.2411319017410278,mp-1222426,0.14476552312499713,Stable,Stable
mp-1026782.cif,0.2105093598365783,0.286751925945282,mp-1026782,0.2992369848437493,Unstable,Unstable
mp-1207413.cif,-0.938801407814026,-0.7727407813072205,mp-1207413,0.0,Stable,Stable
mp-1180959.cif,1.147166132926941,1.3440078496932983,mp-1180959,1.5306596094852924,Unstable,Unstable
mp-1227890.cif,-2.053872585296631,-1.7044187784194946,mp-1227890,0.13966397004717024,Stable,Stable
mp-1181349.cif,-1.4310152530670166,-1.3098019361495972,mp-1181349,0.08157539785714363,Stable,Stable
mp-4248.cif,-0.6470733880996704,-0.3182675838470459,mp-4248,0.0,Stable,Stable
mp-555946.cif,-2.1620843410491943,-2.1334683895111084,mp-555946,0.002317971562500354,Stable,Stable
mp-1207812.cif,-0.6401932835578918,-0.3283721804618835,mp-1207812,0.0,Stable,Stable
mp-669435.cif,-2.047594785690308,-1.8986197710037231,mp-669435,0.8784475099404778,Stable,Stable
mp-1031643.cif,-2.430011987686157,-2.269182682037353,mp-1031643,0.5064801637239587,Stable,Stable
mp-47.cif,0.2701956331729889,0.1394772231578827,mp-47,0.13947721750000142,Unstable,Unstable
mp-1193340.cif,-1.689061999320984,-1.071032166481018,mp-1193340,0.5712405385833286,Stable,Stable
mp-1194953.cif,-2.296761512756348,-2.0547080039978027,mp-1194953,0.0,Stable,Stable
mp-836207.cif,-0.85643070936203,-0.768692672252655,mp-836207,0.5679241361956562,Stable,Stable
mp-1219519.cif,-0.0615217313170433,0.1911892294883728,mp-1219519,0.2679596037500005,Unstable,Stable
mp-1105382.cif,-1.5043187141418457,-1.1566461324691772,mp-1105382,0.7131589851822921,Stable,Stable
mp-1178768.cif,-0.9966794848442078,-0.718193769454956,mp-1178768,0.011989534488887621,Stable,Stable
mp-1179214.cif,1.5323050022125244,1.852103352546692,mp-1179214,2.037588496449275,Unstable,Unstable
mp-1219366.cif,-2.9263103008270264,-2.966525793075561,mp-1219366,0.21785076391891778,Stable,Stable
mp-6312.cif,-2.378631353378296,-2.3795242309570312,mp-6312,0.043316346388870386,Stable,Stable
mp-1208153.cif,0.1057333648204803,0.5769709348678589,mp-1208153,1.047963926875001,Unstable,Unstable
mp-1212734.cif,-1.1123639345169067,-0.812980055809021,mp-1212734,0.6475444013888891,Stable,Stable
mp-1100152.cif,0.0720504000782966,0.1877019554376602,mp-1100152,0.28541415171875073,Unstable,Unstable
mp-978595.cif,-0.3238853812217712,-0.1914486140012741,mp-978595,0.055514950611110336,Stable,Stable
mp-8129.cif,0.0885799005627632,-0.0275136455893516,mp-8129,0.2333858292176858,Stable,Unstable
mp-1079798.cif,0.1241447702050209,0.2398886531591415,mp-1079798,0.8741149099999994,Unstable,Unstable
mp-1026798.cif,0.2762315571308136,0.3115440309047699,mp-1026798,0.3604001177343754,Unstable,Unstable
mp-1279659.cif,-1.8350131511688232,-1.758153200149536,mp-1279659,0.028015511458331588,Stable,Stable
mp-1022713.cif,0.1089391112327575,0.3789616823196411,mp-1022713,0.45312764712499964,Unstable,Unstable
mp-1228641.cif,-0.2703789472579956,-0.2009952217340469,mp-1228641,0.13775676250000046,Stable,Stable
mp-758508.cif,-1.8285291194915767,-1.836209416389465,mp-758508,0.07821559624999974,Stable,Stable
mp-1211696.cif,-2.727325677871704,-2.314146041870117,mp-1211696,0.011330979166666033,Stable,Stable
mp-1103126.cif,-0.4056867063045501,-0.3368038535118103,mp-1103126,0.41513190416666657,Stable,Stable
mp-2646980.cif,0.7796609401702881,0.6426556706428528,mp-2646980,0.6426556741666669,Unstable,Unstable
mp-1025174.cif,-0.3489086925983429,-0.2796537280082702,mp-1025174,0.052841053571434315,Stable,Stable
mp-1222817.cif,-0.4247948825359344,-0.311488926410675,mp-1222817,0.0012900283333365792,Stable,Stable
mp-28321.cif,-1.860012769699097,-1.3581963777542114,mp-28321,0.0,Stable,Stable
mp-15177.cif,-0.5644581913948059,-0.28179532289505,mp-15177,0.004325589999999657,Stable,Stable
mp-562815.cif,-1.3282437324523926,-1.5191195011138916,mp-562815,0.2497846791666669,Stable,Stable
mp-1201032.cif,-0.1016167104244232,-0.0906678438186645,mp-1201032,0.12326313311320813,Stable,Stable
mp-1202637.cif,-1.6404259204864502,-1.2691092491149902,mp-1202637,0.34064439613636033,Stable,Stable
mp-9267.cif,-0.4348619282245636,-0.277533620595932,mp-9267,0.017250863241759617,Stable,Stable
mp-1222039.cif,-0.5000115633010864,-0.3269484937191009,mp-1222039,0.02263746900459651,Stable,Stable
mp-696695.cif,-2.3350861072540283,-2.1044585704803467,mp-696695,0.5859796750000017,Stable,Stable
mp-1197329.cif,0.416092574596405,0.6517714262008667,mp-1197329,1.2031662921406223,Unstable,Unstable
mp-1214383.cif,-1.1726176738739014,-0.7523453831672668,mp-1214383,0.3559265093181798,Stable,Stable
mp-1201042.cif,-1.2358125448226929,-1.1024904251098633,mp-1201042,0.20853887333333443,Stable,Stable
mp-567770.cif,-0.4140298664569855,-0.2351980060338974,mp-567770,0.3898957788888868,Stable,Stable
mp-557251.cif,-0.301228791475296,-0.3309957087039947,mp-557251,0.08606639851851572,Stable,Stable
mp-1215921.cif,-0.597745954990387,-0.1780954599380493,mp-1215921,0.07346381729166573,Stable,Stable
mp-35751.cif,0.1075914204120636,0.1218933910131454,mp-35751,0.2548625885,Unstable,Unstable
mp-1147763.cif,0.2177760004997253,0.6020976901054382,mp-1147763,0.602097679066091,Unstable,Unstable
mp-1221888.cif,-0.1033750176429748,0.0491948351263999,mp-1221888,0.07132227831521831,Unstable,Stable
mp-1225760.cif,-1.7828483581542969,-1.3478937149047852,mp-1225760,0.0,Stable,Stable
mp-1181520.cif,0.4530270993709564,0.3128080070018768,mp-1181520,0.9354182417633927,Unstable,Unstable
mp-1068389.cif,0.8250990509986877,0.8221461176872253,mp-1068389,1.6519124619999999,Unstable,Unstable
mp-696658.cif,-0.6877579092979431,-0.7780852913856506,mp-696658,0.26944118369444503,Stable,Stable
mp-1423.cif,-0.3971084952354431,-0.1871698051691055,mp-1423,0.07510770520833088,Stable,Stable
mp-557375.cif,-2.281290292739868,-2.1657700538635254,mp-557375,0.0002595996296284042,Stable,Stable
mp-648157.cif,-0.7936245799064636,-0.953000783920288,mp-648157,0.22614811233333398,Stable,Stable
mp-1225044.cif,-0.9352363348007202,-0.3186703324317932,mp-1225044,0.0,Stable,Stable
mp-28479.cif,-2.2501180171966557,-1.7566485404968262,mp-28479,0.0,Stable,Stable
mp-1034501.cif,-2.6250369548797607,-2.59822154045105,mp-1034501,0.25197192999999984,Stable,Stable
mp-722571.cif,-0.8059144616127014,-0.9016745686531068,mp-722571,0.27677575380000086,Stable,Stable
mp-1219408.cif,-0.4336631000041961,-0.3830453753471374,mp-1219408,0.1345324245833357,Stable,Stable
mp-1222954.cif,-0.6487736105918884,-0.148927167057991,mp-1222954,0.1140518377333315,Stable,Stable
mp-20808.cif,1.8380651473999023,1.4042996168136597,mp-20808,1.909572291,Unstable,Unstable
mp-1190844.cif,-0.063729278743267,0.1351531744003296,mp-1190844,0.17261563272727543,Unstable,Stable
mp-758633.cif,-1.8429828882217407,-1.7621248960494995,mp-758633,0.12694042125000582,Stable,Stable
mp-1335998.cif,0.063256099820137,1.3225094079971311,mp-1335998,2.4395978559210523,Unstable,Unstable
mp-995198.cif,-1.3836679458618164,-1.4501264095306396,mp-995198,0.3185968883333343,Stable,Stable
mp-1189640.cif,-1.0007226467132568,-0.7452632784843445,mp-1189640,0.0070814390972202546,Stable,Stable
mp-1204260.cif,0.9286800026893616,1.0770504474639893,mp-1204260,1.2248747787499994,Unstable,Unstable
mp-3347313.cif,-0.0355654656887054,0.0,mp-3347313,0.0,Unstable,Stable
mp-1217976.cif,-0.6513735055923462,-0.6053147912025452,mp-1217976,0.05510083155555989,Stable,Stable
mp-9807.cif,-2.77178168296814,-2.574390411376953,mp-9807,0.0,Stable,Stable
mp-1207962.cif,-0.4761114418506622,-0.2838288843631744,mp-1207962,0.013737139663071218,Stable,Stable
mp-1021328.cif,-0.1183733940124511,-0.2555634081363678,mp-1021328,0.0,Stable,Stable
mp-698287.cif,-2.1406311988830566,-1.8173694610595703,mp-698287,0.1781150809374985,Stable,Stable
mp-1017159.cif,0.2604725658893585,0.3898262679576874,mp-1017159,0.39526368816406254,Unstable,Unstable
mp-1207957.cif,-0.0383674427866935,-0.0632997751235961,mp-1207957,0.0,Stable,Stable
mp-1106133.cif,-0.964208483695984,-0.8687554597854614,mp-1106133,0.0,Stable,Stable
mp-1194668.cif,-1.3054431676864624,-1.1572575569152832,mp-1194668,0.14053872073717866,Stable,Stable
mp-1247302.cif,-0.0083672683686017,-0.0288309901952743,mp-1247302,0.2140024206250004,Stable,Stable
mp-1246489.cif,0.1024209484457969,-0.0183358918875455,mp-1246489,0.2462023285000008,Stable,Unstable
mp-1195111.cif,-1.847135066986084,-1.787870168685913,mp-1195111,0.45293121937500125,Stable,Stable
mp-1228940.cif,-2.547823667526245,-2.573378324508667,mp-1228940,0.11280388053191626,Stable,Stable
mp-1228599.cif,-0.3484002947807312,-0.2371336370706558,mp-1228599,0.0,Stable,Stable
mp-1222229.cif,-0.3523488640785217,-0.1153497844934463,mp-1222229,0.0,Stable,Stable
mp-1209601.cif,0.2921429574489593,-0.0994216278195381,mp-1209601,1.1599494977777782,Stable,Unstable
mp-1199041.cif,-1.8298885822296145,-1.6768187284469604,mp-1199041,0.018194128392859277,Stable,Stable
mp-999178.cif,-0.5191829800605774,-0.2061608284711837,mp-999178,0.009977053541662784,Stable,Stable
mp-1206360.cif,-0.1696039140224456,-0.6206852793693542,mp-1206360,0.0,Stable,Stable
mp-758669.cif,-2.063021421432495,-1.9910311698913572,mp-758669,0.09267263105262735,Stable,Stable
mp-1214417.cif,0.0710377544164657,-0.0817633345723152,mp-1214417,0.0,Stable,Unstable
mp-1104025.cif,-2.1114697456359863,-1.2913641929626465,mp-1104025,0.7641837257692323,Stable,Stable
mp-1204957.cif,-1.7033145427703855,-1.5058412551879885,mp-1204957,0.544202822932693,Stable,Stable
mp-1030964.cif,-2.432669878005981,-2.087165594100952,mp-1030964,0.6834052729296873,Stable,Stable
mp-1079918.cif,-2.906545877456665,-2.6808576583862305,mp-1079918,0.006686684000004384,Stable,Stable
mp-1103144.cif,1.7840617895126345,1.2456847429275513,mp-1103144,1.9133591230989575,Unstable,Unstable
mp-1247322.cif,-0.0594685077667236,0.0904433727264404,mp-1247322,0.2524521144999987,Unstable,Stable
mp-1178046.cif,-1.9439268112182615,-1.9574077129364011,mp-1178046,0.025776833863635495,Stable,Stable
mp-22087.cif,0.2816977798938751,-0.1286253035068512,mp-22087,0.15355960599999818,Stable,Unstable
mp-22310.cif,0.0076255816966295,0.0761729702353477,mp-22310,0.28043916437500016,Unstable,Unstable
mp-1068985.cif,0.1877292692661285,0.4613892436027527,mp-1068985,1.2911556179999994,Unstable,Unstable
mp-1027903.cif,0.247035413980484,0.2967168092727661,mp-1027903,0.3099985646625003,Unstable,Unstable
mp-29196.cif,0.4263674914836883,0.2506029307842254,mp-29196,0.2506029225000006,Unstable,Unstable
mp-1181186.cif,-0.1542208194732666,0.4541933834552765,mp-1181186,0.7275113202777721,Unstable,Stable
mp-1147562.cif,-0.7229076027870178,-0.334345668554306,mp-1147562,1.2942391424702375,Stable,Stable
mp-753812.cif,-1.8449795246124268,-1.8499901294708248,mp-753812,0.039377326408729374,Stable,Stable
mp-1201626.cif,-0.4395640790462494,-0.113523855805397,mp-1201626,0.04479321476562603,Stable,Stable
mp-1205551.cif,-0.6541838049888611,-0.5330746173858643,mp-1205551,0.0,Stable,Stable
mp-1181952.cif,1.537376880645752,1.266542911529541,mp-1181952,1.2940255275000005,Unstable,Unstable
mp-762401.cif,-1.694251537322998,-1.638923168182373,mp-762401,0.14724545245833198,Stable,Stable
mp-1219255.cif,-0.0497704446315765,-0.0772930681705474,mp-1219255,0.14630351999999736,Stable,Stable
mp-20696.cif,-0.3219674527645111,-0.0239635612815618,mp-20696,0.037273610285716074,Stable,Stable
mp-1195008.cif,-0.3887403905391693,-0.2566203773021698,mp-1195008,0.023550492074830842,Stable,Stable
mp-600152.cif,-0.9667891263961792,-1.1532440185546875,mp-600152,0.21169846970238027,Stable,Stable
mp-1189015.cif,-0.9912527203559875,-0.602735698223114,mp-1189015,0.039560899735445965,Stable,Stable
mp-21017.cif,-0.9248735308647156,-0.5440003871917725,mp-21017,0.0,Stable,Stable
mp-510328.cif,0.4368042051792145,0.5595579743385315,mp-510328,0.559557986120689,Unstable,Unstable
mp-1017519.cif,1.6181683540344238,1.6669700145721436,mp-1017519,1.66696995625,Unstable,Unstable
mp-1212223.cif,-0.5042100548744202,-0.2769358456134796,mp-1212223,0.010044787312498471,Stable,Stable
mp-600366.cif,-0.2664350271224975,-0.2036264985799789,mp-600366,0.11531288679687535,Stable,Stable
mp-738670.cif,-0.9365419149398804,-0.9191420674324036,mp-738670,0.13184862409090936,Stable,Stable
mp-1571229.cif,-2.19560980796814,-2.097495555877685,mp-1571229,0.08326643309659332,Stable,Stable
mp-1213356.cif,-1.936413049697876,-1.8882105350494385,mp-1213356,0.2491855915416643,Stable,Stable
mp-1182577.cif,-1.6433804035186768,-1.838465690612793,mp-1182577,0.17014769126666796,Stable,Stable
mp-679979.cif,-1.1051005125045776,-0.8685875535011292,mp-679979,0.0,Stable,Stable
mp-1210790.cif,-0.9933127760887146,-1.2401652336120603,mp-1210790,0.6201196396223949,Stable,Stable
mp-1224333.cif,-0.9750288724899292,-0.7401202917098999,mp-1224333,0.024675625000000423,Stable,Stable
mp-1197051.cif,0.6431501507759094,0.0735699236392974,mp-1197051,1.1348039342500007,Unstable,Unstable
mp-1214177.cif,-1.1829116344451904,-1.0252106189727783,mp-1214177,0.5617043832539697,Stable,Stable
mp-1079324.cif,-0.2286190688610077,-0.0714897736907005,mp-1079324,0.061906239750001646,Stable,Stable
mp-1180139.cif,1.2886635065078735,1.026608943939209,mp-1180139,1.6242822817881928,Unstable,Unstable
mp-1095514.cif,0.2823375761508941,0.2764734029769897,mp-1095514,0.30367602753472056,Unstable,Unstable
mp-1237215.cif,-0.277174562215805,-0.4322115480899811,mp-1237215,0.25430848150000074,Stable,Stable
mp-7224.cif,-0.373604267835617,-0.3939962983131408,mp-7224,0.0,Stable,Stable
mp-1077521.cif,-0.8027676343917847,-0.4180208146572113,mp-1077521,0.022502599166672965,Stable,Stable
mp-1201838.cif,-1.2439970970153809,-1.341194987297058,mp-1201838,0.0466497193581068,Stable,Stable
mp-1001023.cif,1.0795950889587402,0.8492159843444824,mp-1001023,0.9644816774999994,Unstable,Unstable
mp-10706.cif,-0.4037699997425079,-0.3774799406528473,mp-10706,0.027981394999997633,Stable,Stable
mp-1033892.cif,-2.7603976726531982,-2.592008590698242,mp-1033892,0.34863457391145847,Stable,Stable
mp-558579.cif,-1.2897886037826538,-1.1789034605026243,mp-558579,0.10059687825000285,Stable,Stable
mp-1206211.cif,0.6061320900917053,0.6969900131225586,mp-1206211,0.7561457635714284,Unstable,Unstable
mp-1222237.cif,-2.6373438835144043,-2.477940559387207,mp-1222237,0.06346985625000379,Stable,Stable
mp-1205283.cif,0.9989229440689088,0.6993029117584229,mp-1205283,0.6993028923333338,Unstable,Unstable
mp-1208401.cif,-0.6435818076133728,-0.8736292719841003,mp-1208401,0.3861743740249999,Stable,Stable
mp-23724.cif,-2.017289161682129,-1.8814730644226076,mp-23724,0.00010224833333349892,Stable,Stable
mp-1069526.cif,2.2861979007720947,1.6150789260864258,mp-1069526,2.1049236419999993,Unstable,Unstable
mp-1211163.cif,-0.2694002985954284,-0.1007372215390205,mp-1211163,0.010083094819750116,Stable,Stable
mp-558013.cif,-1.380144476890564,-1.411699891090393,mp-558013,0.13329259972222118,Stable,Stable
mp-1213393.cif,-0.253246009349823,-0.3002125322818756,mp-1213393,0.0,Stable,Stable
mp-542769.cif,-1.7865715026855469,-1.577478051185608,mp-542769,0.08375285714286029,Stable,Stable
mp-1196181.cif,-0.6825088262557983,-0.5595296621322632,mp-1196181,0.6992253476388886,Stable,Stable
mp-28913.cif,-2.0378401279449463,-2.0112881660461426,mp-28913,0.0,Stable,Stable
mp-570535.cif,-0.1733883768320083,-0.234856441617012,mp-570535,0.08209451108974353,Stable,Stable
mp-1036243.cif,-2.8179852962493896,-2.700429916381836,mp-1036243,0.27136814445312574,Stable,Stable
mp-658943.cif,-0.2828820943832397,-0.1891357600688934,mp-658943,0.09121061620844984,Stable,Stable
mp-574239.cif,1.4590539932250977,1.3321480751037598,mp-574239,1.8242066654999753,Unstable,Unstable
mp-1247547.cif,-1.1629070043563845,-0.984230101108551,mp-1247547,0.21440377784722386,Stable,Stable
mp-1207163.cif,-0.7548717856407166,-0.4187192022800445,mp-1207163,0.0,Stable,Stable
mp-20430.cif,1.841444492340088,1.6554754972457886,mp-20430,2.082803885666666,Unstable,Unstable
mp-1210274.cif,1.5510928630828855,1.2737910747528076,mp-1210274,1.273791083132184,Unstable,Unstable
mp-726915.cif,-0.8649377822875977,-0.8598510026931763,mp-726915,0.2737444786206904,Stable,Stable
mp-19777.cif,-0.1465965211391449,-0.7594558596611023,mp-19777,0.0,Stable,Stable
mp-767053.cif,-1.9583334922790527,-1.9391541481018064,mp-767053,0.04403045204545286,Stable,Stable
mp-1206355.cif,-1.9598815441131592,-2.102792263031006,mp-1206355,0.060877223749995935,Stable,Stable
mp-1222053.cif,-0.2144520729780197,-0.1524664461612701,mp-1222053,0.04918244195651944,Stable,Stable
mp-1212703.cif,-1.9253231287002563,-1.5433192253112793,mp-1212703,0.4552123526315732,Stable,Stable
mp-567505.cif,-0.4130384027957916,-0.3058834075927734,mp-567505,6.303174342114914e-05,Stable,Stable
mp-30229.cif,-2.130534648895264,-1.899610996246338,mp-30229,0.0,Stable,Stable
mp-542785.cif,-1.6733002662658691,-1.5072022676467896,mp-542785,0.07480978083333056,Stable,Stable
mp-1214425.cif,-0.6447327733039856,-0.851580798625946,mp-1214425,0.2999975555610792,Stable,Stable
mp-1195014.cif,-1.3574925661087036,-1.6187551021575928,mp-1195014,0.2781980795955894,Stable,Stable
mp-646122.cif,0.4083456099033355,0.2433970719575882,mp-646122,0.27235438841032433,Unstable,Unstable
mp-571003.cif,-0.0284875389188528,0.013844926841557,mp-571003,0.013844927129973428,Unstable,Stable
mp-1199592.cif,0.421597957611084,0.5907773375511169,mp-1199592,1.0050978516847797,Unstable,Unstable
mp-8127.cif,-2.23047423362732,-2.263282299041748,mp-8127,0.0,Stable,Stable
mp-1188736.cif,-0.91164630651474,-1.1776955127716064,mp-1188736,0.5819370213480424,Stable,Stable
mp-1225209.cif,-0.1140953302383422,-0.0346144586801528,mp-1225209,0.06991884410714455,Stable,Stable
mp-935266.cif,-0.9273859858512878,-0.9460791945457458,mp-935266,0.6947903575999987,Stable,Stable
mp-571510.cif,-0.523513674736023,-0.3494478464126587,mp-571510,0.010425566388885699,Stable,Stable
mp-780774.cif,-2.223317861557007,-2.0247344970703125,mp-780774,0.06522566829456622,Stable,Stable
mp-1033488.cif,-2.46941351890564,-2.2297377586364746,mp-1033488,0.6629333791406253,Stable,Stable
mp-1210339.cif,1.4859764575958252,1.721863031387329,mp-1210339,1.721863023500001,Unstable,Unstable
mp-1208034.cif,-0.5945382118225098,-0.1543417870998382,mp-1208034,0.0,Stable,Stable
mp-550320.cif,-1.99894380569458,-2.054330825805664,mp-550320,0.13136947555555611,Stable,Stable
mp-1191607.cif,-0.6662151217460632,-0.4042478203773498,mp-1191607,0.08884965165000036,Stable,Stable
mp-1029602.cif,-1.2343027591705322,-0.933331310749054,mp-1029602,0.0,Stable,Stable
mp-1190824.cif,0.4649412930011749,0.9005261659622192,mp-1190824,0.9234224104687501,Unstable,Unstable
mp-1190934.cif,-0.599391758441925,-0.411295086145401,mp-1190934,0.0151530784500018,Stable,Stable
mp-1103408.cif,0.0512437894940376,0.0995443165302276,mp-1103408,0.28976179152776993,Unstable,Unstable
mp-554928.cif,-0.68879234790802,-0.7483184933662415,mp-554928,0.08185394250000044,Stable,Stable
mp-1196757.cif,-0.1675362735986709,-0.187023639678955,mp-1196757,0.1710702635111101,Stable,Stable
mp-1202794.cif,-0.2818656265735626,-0.1938304007053375,mp-1202794,0.05169732662499893,Stable,Stable
mp-6982.cif,-0.7973435521125793,-0.5773872137069702,mp-6982,0.041182732500003816,Stable,Stable
mp-1180510.cif,0.3078805804252624,0.459218680858612,mp-1180510,1.056892019010415,Unstable,Unstable
mp-561891.cif,2.4161858558654785,2.1906652450561523,mp-561891,2.9441864227083334,Unstable,Unstable
mp-752765.cif,-2.0742781162261963,-1.9983950853347776,mp-752765,0.08530879105262734,Stable,Stable
mp-1223605.cif,-2.305670022964477,-2.2045838832855225,mp-1223605,0.0,Stable,Stable
mp-1097791.cif,-0.2864443361759186,-0.2112424969673156,mp-1097791,0.3025680420454524,Stable,Stable
mp-1201671.cif,-0.9897118806838988,-0.9109400510787964,mp-1201671,0.8321385535416672,Stable,Stable
mp-1179958.cif,1.0936038494110107,1.0079760551452637,mp-1179958,1.200156894343749,Unstable,Unstable
mp-1001789.cif,0.5759814977645874,0.5319193601608276,mp-1001789,0.5319193412499992,Unstable,Unstable
mp-1216139.cif,-1.5507280826568604,-1.0345759391784668,mp-1216139,0.09839289374999982,Stable,Stable
mp-734199.cif,-0.7431405782699585,-0.6410677433013916,mp-734199,0.6900792492500027,Stable,Stable
mp-1217730.cif,0.0373780876398086,-0.0309434086084365,mp-1217730,0.023316905375001085,Stable,Unstable
mp-698158.cif,-1.258976936340332,-1.2726396322250366,mp-698158,0.11707672787499934,Stable,Stable
mp-27769.cif,-0.5920442938804626,-0.5797595381736755,mp-27769,0.024273909799994442,Stable,Stable
mp-2647017.cif,0.0728821456432342,0.1775719970464706,mp-2647017,0.17757200399999995,Unstable,Unstable
mp-1087519.cif,0.0291640032082796,-0.2564934194087982,mp-1087519,0.5071157647187512,Stable,Unstable
mp-1199252.cif,-1.819332718849182,-1.6698458194732666,mp-1199252,0.11681238379629733,Stable,Stable
mp-1246898.cif,0.5008541941642761,0.3010719716548919,mp-1246898,0.3010719654444447,Unstable,Unstable
mp-1199178.cif,-2.09794282913208,-1.5328950881958008,mp-1199178,0.47175025605768983,Stable,Stable
mp-1204115.cif,-1.1395952701568604,-1.1308351755142212,mp-1204115,0.1450733459999931,Stable,Stable
mp-1197204.cif,0.2282524704933166,0.624369204044342,mp-1197204,1.2802542031640582,Unstable,Unstable
mp-10700.cif,-0.2422678768634796,-0.129826545715332,mp-10700,0.0,Stable,Stable
mp-550798.cif,-1.9395211935043333,-1.9052212238311768,mp-550798,0.28047917222222285,Stable,Stable
mp-10990.cif,-1.4621453285217283,-0.8206197023391724,mp-10990,1.0040639209722206,Stable,Stable
mp-1216260.cif,-0.110224962234497,-0.0137168625369668,mp-1216260,0.282776760810183,Stable,Stable
mp-1206138.cif,-0.4415611624717712,-0.7479028105735779,mp-1206138,0.0,Stable,Stable
mp-1002165.cif,1.4671074151992798,1.2717913389205933,mp-1002165,1.2717912837499998,Unstable,Unstable
mp-568400.cif,-0.7547928690910339,-0.5005905032157898,mp-568400,0.0004078407142955598,Stable,Stable
mp-818615.cif,-1.301346778869629,-1.1938728094100952,mp-818615,0.5927854082407427,Stable,Stable
mp-570655.cif,-0.7042518258094788,-0.5431205630302429,mp-570655,0.012586354166668201,Stable,Stable
mp-1214136.cif,-1.0986733436584473,-1.358837604522705,mp-1214136,0.2049727646484376,Stable,Stable
mp-573096.cif,-2.3893110752105717,-2.453352689743042,mp-573096,0.0,Stable,Stable
mp-999287.cif,-0.4769218266010284,-0.2523930668830871,mp-999287,0.06785234249999839,Stable,Stable
mp-999377.cif,-0.0926813185214996,-0.1554779410362243,mp-999377,0.4101651818750014,Stable,Stable
mp-32679.cif,-0.5642301440238953,-0.5405579805374146,mp-32679,0.047951619999999195,Stable,Stable
mp-1105676.cif,-0.9772886633872986,-0.7097343802452087,mp-1105676,0.02466968777778078,Stable,Stable
mp-997570.cif,-0.5594155192375183,-0.3936097323894501,mp-997570,0.05818419944444475,Stable,Stable
mp-1215068.cif,0.299580305814743,-0.5151094198226929,mp-1215068,1.0869618709375013,Stable,Unstable
mp-998893.cif,-0.5674362182617188,0.0668839812278747,mp-998893,0.36059480750000006,Unstable,Stable
mp-31306.cif,-1.5608203411102295,-1.751104712486267,mp-31306,0.16468605732142905,Stable,Stable
mp-1164.cif,-0.1756342947483062,-0.4307376742362976,mp-1164,0.0,Stable,Stable
mp-615529.cif,-0.8564117550849915,-0.9313886761665344,mp-615529,0.2221265771739116,Stable,Stable
mp-1018052.cif,-0.5041092038154602,-0.2661457657814026,mp-1018052,0.0,Stable,Stable
mp-571433.cif,-0.1125034689903259,-0.0635179281234741,mp-571433,0.37098314999999893,Stable,Stable
mp-573318.cif,-0.8224640488624573,-0.7885829210281372,mp-573318,0.54654140648148,Stable,Stable
mp-567462.cif,-0.5765636563301086,-0.4900148510932922,mp-567462,0.0048566343750007235,Stable,Stable
mp-1220326.cif,-1.0112264156341553,-0.748845636844635,mp-1220326,0.2102398709375013,Stable,Stable
mp-1695.cif,-0.67234867811203,-0.2370798587799072,mp-1695,0.044295184659999265,Stable,Stable
mp-1211628.cif,-2.679863691329956,-2.574837684631348,mp-1211628,0.0,Stable,Stable
mp-1204426.cif,-2.560157060623169,-2.4978673458099365,mp-1204426,0.02679399466665977,Stable,Stable
mp-1069790.cif,-0.6348894238471985,-0.4656363427639007,mp-1069790,0.0,Stable,Stable
mp-1222310.cif,-1.1639918088912964,-0.3711911737918854,mp-1222310,0.0,Stable,Stable
mp-1182529.cif,-1.282468557357788,-1.3537148237228394,mp-1182529,0.5010412842129632,Stable,Stable
mp-1202276.cif,-1.655384182929993,-1.6571104526519775,mp-1202276,0.16178799538888988,Stable,Stable
mp-1102385.cif,1.4508087635040283,1.2994098663330078,mp-1102385,1.4846001086111116,Unstable,Unstable
mp-1182559.cif,-1.214174509048462,-0.875221312046051,mp-1182559,0.6995421398333344,Stable,Stable
mp-995217.cif,-0.1648454517126083,0.0146603481844067,mp-995217,0.14244205400000087,Unstable,Stable
mp-600169.cif,-1.25276517868042,-1.1368834972381592,mp-600169,0.33985626770833033,Stable,Stable
mp-699482.cif,-1.5826289653778076,-1.3973807096481323,mp-699482,0.014165949803243372,Stable,Stable
mp-1222833.cif,-0.5749388337135315,-0.2832840383052826,mp-1222833,0.03469207312500089,Stable,Stable
mp-1229212.cif,-0.3285839855670929,-0.4187777042388916,mp-1229212,0.34586170461538224,Stable,Stable
mp-21231.cif,-0.0229697581380605,0.0855723991990089,mp-21231,0.12740512366666756,Unstable,Stable
mp-1201971.cif,-0.6816283464431763,-0.6300824880599976,mp-1201971,0.7479755828333348,Stable,Stable
mp-19741.cif,-0.4267768561840057,-0.2263372838497162,mp-19741,0.009441261374998788,Stable,Stable
mp-1224461.cif,-0.246880829334259,-0.4644267857074737,mp-1224461,0.24670281149999873,Stable,Stable
mp-1079701.cif,-0.2860180139541626,-0.1768644154071808,mp-1079701,0.00461340468750393,Stable,Stable
mp-1105708.cif,-0.9063484072685242,-0.7066420912742615,mp-1105708,0.07982751703703883,Stable,Stable
mp-1179109.cif,1.1357438564300537,1.426003336906433,mp-1179109,1.7509068680833293,Unstable,Unstable
mp-1246252.cif,0.3663278520107269,0.064690463244915,mp-1246252,0.2716637501666668,Unstable,Unstable
mp-1201853.cif,-1.9262834787368772,-1.8318687677383425,mp-1201853,0.35969046340908584,Stable,Stable
mp-1191686.cif,1.0965299606323242,1.1751079559326172,mp-1191686,1.1751079708333307,Unstable,Unstable
mp-1009538.cif,1.5891332626342771,1.216097712516785,mp-1009538,1.216097716250001,Unstable,Unstable
mp-1190675.cif,0.0050045121461153,0.2127593457698822,mp-1190675,0.45621399676127794,Unstable,Unstable
mp-1014316.cif,5.487094402313232,4.403934001922607,mp-1014316,4.403933908124999,Unstable,Unstable
mp-1182835.cif,2.3773930072784424,1.7505958080291748,mp-1182835,2.5086200867857125,Unstable,Unstable
mp-607917.cif,-0.4784564673900604,-0.4520471692085266,mp-607917,0.0,Stable,Stable
mp-1192607.cif,-0.2164992392063141,-0.0864622145891189,mp-1192607,0.0020467190833328708,Stable,Stable
mp-1198382.cif,-0.1648217290639877,-0.0626321285963058,mp-1198382,0.13197773212765718,Stable,Stable
mp-1173626.cif,-3.2234408855438232,-3.0649659633636475,mp-1173626,0.0,Stable,Stable
mp-752890.cif,-1.5088149309158323,-1.4881987571716309,mp-752890,0.08593438229166495,Stable,Stable
mp-1195847.cif,-0.159009575843811,-0.0498336628079414,mp-1195847,0.1425284760975627,Stable,Stable
mp-1212762.cif,0.1023354232311248,-0.202717512845993,mp-1212762,0.4378633681597224,Stable,Unstable
mp-1031984.cif,-2.320667028427124,-2.120999574661255,mp-1031984,0.5410783337499998,Stable,Stable
mp-622901.cif,-0.6937910914421082,-0.5907276272773743,mp-622901,0.5064775096022665,Stable,Stable
mp-1201695.cif,-0.3037074506282806,-0.1493603438138961,mp-1201695,0.14260204936363685,Stable,Stable
mp-9006.cif,-3.015047073364258,-2.6017212867736816,mp-9006,0.0,Stable,Stable
mp-758125.cif,-1.6199498176574707,-1.6422523260116575,mp-758125,0.09808420260416373,Stable,Stable
mp-3346420.cif,-2.819055318832397,-2.3793246746063232,mp-3346420,0.0029898766666693888,Stable,Stable
mp-1182029.cif,1.3725625276565552,1.0024091005325315,mp-1182029,1.0024091424999995,Unstable,Unstable
mp-1214158.cif,-0.6219328045845032,-0.8826435208320618,mp-1214158,0.30832893187499977,Stable,Stable
mp-1216000.cif,-0.2727436125278473,-0.0894086584448814,mp-1216000,0.04119757571428373,Stable,Stable
mp-653596.cif,-0.7806405425071716,-0.5947830677032471,mp-653596,0.7792847615990999,Stable,Stable
mp-3346415.cif,-2.517700433731079,-2.2098805904388428,mp-3346415,0.005384113374999444,Stable,Stable
mp-1181795.cif,0.5769285559654236,0.4093532860279083,mp-1181795,0.8936056906770826,Unstable,Unstable
mp-1190673.cif,-0.6172428727149963,-0.3440890908241272,mp-1190673,0.0,Stable,Stable
mp-606650.cif,0.56977379322052,0.3241342902183532,mp-606650,0.3800664621428549,Unstable,Unstable
mp-974452.cif,1.8523147106170652,1.360244870185852,mp-974452,1.4002532674999983,Unstable,Unstable
mp-1008912.cif,2.948522090911865,2.2586824893951416,mp-1008912,2.258682377916667,Unstable,Unstable
mp-972937.cif,-2.4186441898345947,-1.86734139919281,mp-972937,0.015524532500000632,Stable,Stable
mp-608031.cif,-2.705475330352783,-2.647696018218994,mp-608031,0.0,Stable,Stable
mp-1207473.cif,1.9802303314208984,1.125662088394165,mp-1207473,1.1256620625,Unstable,Unstable
mp-863692.cif,-0.1607615053653717,-0.2863430082798004,mp-863692,0.025671310052082674,Stable,Stable
mp-638445.cif,-0.1860371381044387,-0.341084212064743,mp-638445,0.4790286009693894,Stable,Stable
mp-10857.cif,-0.8690890669822693,-0.5349006056785583,mp-10857,0.0,Stable,Stable
mp-1095577.cif,-0.859279215335846,-0.6748960018157959,mp-1095577,0.0,Stable,Stable
mp-616541.cif,-1.0493099689483645,-0.908660650253296,mp-616541,0.27048827722222235,Stable,Stable
mp-978091.cif,-0.0662664324045181,-0.0127320494502782,mp-978091,0.01756439340909388,Stable,Stable
mp-1191040.cif,-0.6088888049125671,-0.3396716713905334,mp-1191040,0.0,Stable,Stable
mp-1197707.cif,-1.0756769180297852,-0.7084410786628723,mp-1197707,1.525974892214288,Stable,Stable
mp-762511.cif,-1.860527753829956,-1.7836551666259766,mp-762511,0.10541014041667296,Stable,Stable
mp-556053.cif,-1.2606210708618164,-1.457890510559082,mp-556053,0.3491506318000033,Stable,Stable
mp-1246532.cif,0.0344660878181457,0.032465387135744,mp-1246532,0.032465387500000276,Unstable,Unstable
mp-1070333.cif,0.4700281918048858,0.2790330946445465,mp-1070333,0.2790330850000018,Unstable,Unstable
mp-662643.cif,-0.5092952847480774,-0.7384787201881409,mp-662643,0.10568494708333276,Stable,Stable
mp-23071.cif,-0.8614556193351746,-0.5863191485404968,mp-23071,0.38032177968750114,Stable,Stable
mp-709098.cif,0.0298797618597745,0.0691090375185012,mp-709098,0.17559379133928488,Unstable,Unstable
mp-1104832.cif,-1.064782977104187,-0.9407185912132264,mp-1104832,0.5780382855357118,Stable,Stable
mp-616215.cif,-0.7720492482185364,-0.5508192181587219,mp-616215,0.6903756254687492,Stable,Stable
mp-1216653.cif,-0.6455640196800232,-0.508671224117279,mp-1216653,0.0,Stable,Stable
mp-1212506.cif,0.4356296360492706,0.2425448298454284,mp-1212506,1.4969171766077434,Unstable,Unstable
mp-1188839.cif,-0.6953034996986389,-0.5618800520896912,mp-1188839,0.03570206652695873,Stable,Stable
mp-1201089.cif,-1.2524168491363523,-1.2716740369796753,mp-1201089,0.5596927816176445,Stable,Stable
mp-652337.cif,-0.8445502519607544,-0.5264562368392944,mp-652337,0.6945291053260849,Stable,Stable
mp-1198011.cif,-1.494400978088379,-1.3813374042510986,mp-1198011,0.05290819812499947,Stable,Stable
mp-1188937.cif,0.7610822319984436,0.8681025505065918,mp-1188937,1.1118214455624988,Unstable,Unstable
mp-1232339.cif,0.0942490771412849,-0.0225246269255876,mp-1232339,0.0007420350000000298,Stable,Unstable
mp-1028076.cif,0.5030333995819092,0.3512309193611145,mp-1028076,0.35860673745923943,Unstable,Unstable
mp-726154.cif,-0.8514187932014465,-0.7914618849754333,mp-726154,0.44445975557692385,Stable,Stable
mp-1218036.cif,-1.2017152309417725,-1.1069176197052002,mp-1218036,0.01036629690476154,Stable,Stable
mp-663471.cif,-1.007739782333374,0.8418927192687988,mp-663471,2.708420591724136,Unstable,Stable
mp-1018655.cif,1.234173059463501,0.5964921712875366,mp-1018655,0.5964921458333325,Unstable,Unstable
mp-20197.cif,-0.3614424169063568,-0.1296341866254806,mp-20197,0.0,Stable,Stable
mp-31302.cif,-1.5480608940124512,-1.7357670068740845,mp-31302,0.07472166549999848,Stable,Stable
mp-1214152.cif,0.3113579154014587,0.2748197019100189,mp-1214152,0.27481969060714206,Unstable,Unstable
mp-1203749.cif,-0.2330866008996963,-0.0864921063184738,mp-1203749,0.13208579812499988,Stable,Stable
mp-1247832.cif,-0.2710610926151275,-0.0813902392983436,mp-1247832,0.14935870145155938,Stable,Stable
mp-1224285.cif,-1.1655352115631104,-0.9431467652320862,mp-1224285,0.0,Stable,Stable
mp-703527.cif,-0.2236686050891876,-0.1288205981254577,mp-703527,0.18741764774999492,Stable,Stable
mp-1098256.cif,0.2054917514324188,0.3822236359119415,mp-1098256,0.3822236301724864,Unstable,Unstable
mp-1212572.cif,-0.497355967760086,-0.3162254989147186,mp-1212572,0.0,Stable,Stable
mp-569704.cif,0.0370829626917839,0.1317427307367324,mp-569704,0.1317427296212088,Unstable,Unstable
mp-1031354.cif,-2.581439733505249,-2.384580135345459,mp-1031354,0.5665403029687504,Stable,Stable
mp-1213045.cif,-0.5686323642730713,-0.2689684629440307,mp-1213045,0.0,Stable,Stable
mp-662802.cif,-0.7502247095108032,-0.928449273109436,mp-662802,0.2147921460555562,Stable,Stable
mp-1197911.cif,-2.094625234603882,-1.881374478340149,mp-1197911,0.42083817462500317,Stable,Stable
mp-645316.cif,-0.4426082968711853,-0.454336404800415,mp-645316,0.2611739297750004,Stable,Stable
mp-864879.cif,-0.7539398074150085,-0.6477295756340027,mp-864879,0.11341320250867781,Stable,Stable
mp-653887.cif,-0.8608846664428711,-0.7940822839736938,mp-653887,0.4224307824999949,Stable,Stable
mp-22714.cif,-0.7115222215652466,-0.3546595275402069,mp-22714,0.0,Stable,Stable
mp-582034.cif,-0.414550632238388,-0.3059180080890655,mp-582034,2.8426654136382012e-05,Stable,Stable
mp-1177153.cif,-2.179810047149658,-2.1132290363311768,mp-1177153,0.06426086693181698,Stable,Stable
mp-567885.cif,0.5241560339927673,0.1475561112165451,mp-567885,0.1475561110714274,Unstable,Unstable
mp-600220.cif,-1.6252784729003906,-1.4674482345581057,mp-600220,0.03435681657894207,Stable,Stable
mp-1035605.cif,-2.6753151416778564,-2.505582094192505,mp-1035605,0.3988579461523445,Stable,Stable
mp-1018177.cif,-0.2959340512752533,-0.181588128209114,mp-1018177,0.0,Stable,Stable
mp-1070917.cif,-0.5829275250434875,-0.4361756443977356,mp-1070917,0.0,Stable,Stable
mp-1246539.cif,0.3481843173503876,0.3280972242355346,mp-1246539,0.3280972316666677,Unstable,Unstable
mp-2455462.cif,-0.3259262442588806,-0.3404953181743622,mp-2455462,0.17331522977272584,Stable,Stable
mp-1579.cif,-0.3953756093978882,-0.1939256936311721,mp-1579,0.08053811208333528,Stable,Stable
mp-1190846.cif,0.1305428445339203,-0.0090833250433206,mp-1190846,0.07215963958333305,Stable,Unstable
mp-568358.cif,-0.3769802451133728,-0.2926914095878601,mp-568358,0.033553049387872846,Stable,Stable
mp-757609.cif,-2.2085883617401123,-1.97297477722168,mp-757609,0.08321877249999865,Stable,Stable
mp-1216471.cif,-0.5938704609870911,-0.5271078944206238,mp-1216471,0.08764150708333318,Stable,Stable
mp-638731.cif,-3.105853796005249,-3.132186889648437,mp-638731,0.0,Stable,Stable
mp-1105268.cif,-0.7461979985237122,-0.6853476762771606,mp-1105268,0.0,Stable,Stable
mp-1221234.cif,-0.5910206437110901,-0.3537410497665405,mp-1221234,0.030852786205130656,Stable,Stable
mp-4077.cif,0.4077850878238678,0.2582785189151764,mp-4077,0.28026462749999936,Unstable,Unstable
mp-1025245.cif,-0.674034833908081,-0.5277687311172485,mp-1025245,0.0,Stable,Stable
mp-867215.cif,-0.5901144742965698,-0.4365457594394684,mp-867215,0.0,Stable,Stable
mp-728301.cif,-1.3725430965423584,-1.521583914756775,mp-728301,0.4393263848529383,Stable,Stable
mp-1099230.cif,-2.3193299770355225,-2.257084369659424,mp-1099230,0.5026650697656248,Stable,Stable
mp-675271.cif,-1.384868860244751,-1.2201642990112305,mp-675271,0.3317843909895837,Stable,Stable
mp-729187.cif,0.4727102816104889,0.4383597671985626,mp-729187,0.8941602830434778,Unstable,Unstable
mp-1021726.cif,0.8930861353874207,0.6535800695419312,mp-1021726,0.7777843346180555,Unstable,Unstable
mp-1219247.cif,-0.0171637032181024,-0.0329815782606601,mp-1219247,0.020526598057145407,Stable,Stable
mp-1366149.cif,1.0460923910140991,1.657374620437622,mp-1366149,1.844795986494253,Unstable,Unstable
mp-623837.cif,0.5134404301643372,0.5109180808067322,mp-623837,0.5109181082142857,Unstable,Unstable
mp-708997.cif,-0.7659628987312317,-0.8494338989257812,mp-708997,0.07764319428571387,Stable,Stable
mp-1246950.cif,0.5098128914833069,0.2569436132907867,mp-1246950,0.3004919509999997,Unstable,Unstable
mp-1214836.cif,-0.2904079854488373,-0.2341248095035553,mp-1214836,0.003008840238095445,Stable,Stable
mp-1009835.cif,0.2089209854602813,0.3731038570404053,mp-1009835,1.0325644500000024,Unstable,Unstable
mp-23683.cif,-0.5131554007530212,-0.7268574237823486,mp-23683,0.3226448202083336,Stable,Stable
mp-1096983.cif,0.3594515025615692,-0.1479396522045135,mp-1096983,0.09204528266666578,Stable,Unstable
mp-19147.cif,-1.5822134017944336,-1.6542192697525024,mp-19147,0.0,Stable,Stable
mp-1638962.cif,-1.846395492553711,-1.8526585102081297,mp-1638962,0.036708924503968454,Stable,Stable
mp-582023.cif,-0.5903120040893555,-0.5511664152145386,mp-582023,0.0,Stable,Stable
mp-669526.cif,0.2347918152809143,0.203360378742218,mp-669526,0.48595617800000035,Unstable,Unstable
mp-649805.cif,-0.798697292804718,-0.5853231549263,mp-649805,0.7001628308108128,Stable,Stable
mp-1222006.cif,-0.2305080592632293,-0.222190111875534,mp-1222006,0.0,Stable,Stable
mp-1199404.cif,-1.807516098022461,-1.8472181558609009,mp-1199404,0.35063576101562877,Stable,Stable
mp-1064282.cif,4.324976921081543,3.387887716293335,mp-1064282,3.387887746875,Unstable,Unstable
mp-1214340.cif,0.3925023376941681,0.0082542039453983,mp-1214340,0.26359917774858044,Unstable,Unstable
mp-1282.cif,-0.6235209107398987,-0.4942899644374847,mp-1282,0.08810940243055576,Stable,Stable
mp-1006887.cif,2.353714227676392,1.9901083707809448,mp-1006887,1.9901083212500001,Unstable,Unstable
mp-22158.cif,-0.6547079682350159,-0.2896363735198974,mp-22158,0.0,Stable,Stable
mp-1216509.cif,-0.5241979360580444,-0.4495817422866821,mp-1216509,0.14251277270833285,Stable,Stable
mp-1104057.cif,-1.2359611988067627,-0.9634049534797668,mp-1104057,0.5526436614285712,Stable,Stable
mp-1245833.cif,0.1214756220579147,0.2232624739408493,mp-1245833,0.33735172499999955,Unstable,Unstable
mp-568190.cif,-1.5194371938705444,-1.1858835220336914,mp-568190,0.04125547999999579,Stable,Stable
mp-2486.cif,-0.4703688025474548,-0.2383208721876144,mp-2486,0.0036495562500107326,Stable,Stable
mp-2679737.cif,-0.2194640040397644,-0.3421880006790161,mp-2679737,0.07487410518518267,Stable,Stable
mp-1247836.cif,0.1029669418931007,0.3193237781524658,mp-1247836,1.3186756633333347,Unstable,Unstable
mp-1190837.cif,-1.5473577976226809,-1.5447901487350464,mp-1190837,0.580034595113637,Stable,Stable
mp-1026487.cif,0.5314451456069946,0.3694503307342529,mp-1026487,0.3797197205729166,Unstable,Unstable
mp-1202853.cif,-2.214341640472412,-1.850507378578186,mp-1202853,0.3502714351851868,Stable,Stable
mp-1208230.cif,-0.7729455828666687,-0.251481682062149,mp-1208230,1.4850656248333305,Stable,Stable
mp-1226082.cif,-0.9976311326026917,-1.0326095819473269,mp-1226082,0.21839670005859357,Stable,Stable
mp-1200504.cif,-1.5574326515197754,-1.3761922121047974,mp-1200504,0.17455137584677516,Stable,Stable
mp-1199197.cif,0.0408594757318496,-0.1862288117408752,mp-1199197,0.0039886591666595805,Stable,Unstable
mp-995202.cif,-0.0263935085386037,0.0401100069284439,mp-995202,0.08574633205357074,Unstable,Stable
mp-6046.cif,-2.335360050201416,-2.4191012382507324,mp-6046,0.0,Stable,Stable
mp-547864.cif,0.692668616771698,1.4783401489257812,mp-547864,3.2333036509999995,Unstable,Unstable
mp-1199787.cif,0.0755634233355522,0.2363326847553253,mp-1199787,0.6470434520738619,Unstable,Unstable
mp-1008776.cif,0.285276859998703,0.0741803050041198,mp-1008776,0.20150194296296142,Unstable,Unstable
mp-4448.cif,-0.6535294651985168,-0.3920328915119171,mp-4448,0.0,Stable,Stable
mp-1087507.cif,-0.6282168030738831,-0.40327188372612,mp-1087507,0.11804420599999865,Stable,Stable
mp-10928.cif,-0.5937387347221375,-0.7265698313713074,mp-10928,0.0246616392857133,Stable,Stable
mp-757939.cif,-1.959685206413269,-1.8473384380340576,mp-757939,0.11295755357142934,Stable,Stable
mp-1191171.cif,-0.0328813046216964,-0.1397919058799743,mp-1191171,0.9242825129166672,Stable,Stable
mp-1195106.cif,-0.339594155550003,-0.1402232497930526,mp-1195106,0.05636398942307608,Stable,Stable
mp-1031965.cif,-2.6217145919799805,-2.419907808303833,mp-1031965,0.5724530944140627,Stable,Stable
mp-1223241.cif,-1.9065146446228027,-1.8114280700683596,mp-1223241,0.5567104687499977,Stable,Stable
mp-973586.cif,-0.7204394936561584,-0.3379891812801361,mp-973586,0.0,Stable,Stable
mp-758080.cif,-2.1608006954193115,-2.0422983169555664,mp-758080,0.0987644212499994,Stable,Stable
mp-1188092.cif,-0.3485413789749145,-0.0664058700203895,mp-1188092,0.0,Stable,Stable
mp-1080794.cif,-0.6184176802635193,-0.6773391366004944,mp-1080794,0.0,Stable,Stable
mp-580962.cif,0.1809496283531189,-0.2122049480676651,mp-580962,0.49698681078124896,Stable,Unstable
mp-1199102.cif,-1.402916669845581,-1.5273096561431885,mp-1199102,0.3222526404687498,Stable,Stable
mp-551561.cif,-1.3950679302215576,-1.6292130947113037,mp-551561,0.18854745138888784,Stable,Stable
mp-1009537.cif,1.6140289306640625,1.4795162677764893,mp-1009537,1.4795162512500006,Unstable,Unstable
mp-722045.cif,1.441115140914917,1.353402853012085,mp-722045,1.452935456562499,Unstable,Unstable
mp-1181261.cif,-1.7702569961547852,-1.4811217784881592,mp-1181261,0.6362371136486482,Stable,Stable
mp-974038.cif,-0.362134724855423,-0.0563081838190555,mp-974038,0.006505235238101648,Stable,Stable
mp-579552.cif,-3.3107669353485107,-3.275854110717773,mp-579552,0.0017372155208335016,Stable,Stable
mp-1226832.cif,-0.4042887985706329,-0.2453769743442535,mp-1226832,0.0343661410416658,Stable,Stable
mp-1104250.cif,-0.4789626598358154,-0.2857910096645355,mp-1104250,0.0,Stable,Stable
mp-14734.cif,-2.5258243083953857,-2.328574180603028,mp-14734,0.0,Stable,Stable
mp-21434.cif,-1.6532342433929443,-1.6657042503356934,mp-21434,0.0,Stable,Stable
mp-1203970.cif,-2.1407759189605717,-2.014177799224853,mp-1203970,0.07557951522727713,Stable,Stable
mp-1215108.cif,-0.0288811456412076,-0.0331262126564979,mp-1215108,0.010553660490195682,Stable,Stable
mp-1212727.cif,0.1290047317743301,0.9929843544960022,mp-1212727,1.0412528557692307,Unstable,Unstable
mp-21292.cif,1.749856948852539,1.4651490449905396,mp-21292,1.9883497264500036,Unstable,Unstable
mp-618423.cif,-1.015260934829712,-0.9941719174385072,mp-618423,0.27415545059523794,Stable,Stable
mp-20501.cif,2.090118646621704,1.4579613208770752,mp-20501,1.888066379999998,Unstable,Unstable
mp-1179892.cif,-1.6892662048339844,-1.6632804870605469,mp-1179892,0.2221452084375013,Stable,Stable
mp-985610.cif,-1.422863245010376,-1.4697000980377195,mp-985610,0.1353632826302098,Stable,Stable
mp-1196075.cif,-0.2655521929264068,-0.1894408166408538,mp-1196075,0.05608691179941783,Stable,Stable
mp-1204651.cif,-0.6482660174369812,-0.5133751034736633,mp-1204651,0.0052460562109395426,Stable,Stable
mp-1197524.cif,0.5938754677772522,0.7129338383674622,mp-1197524,1.1850365709259245,Unstable,Unstable
mp-1246886.cif,-0.0413725078105926,0.0720059052109718,mp-1246886,0.28646164229166793,Unstable,Stable
mp-1198466.cif,-0.0484073460102081,0.5742821097373962,mp-1198466,1.2119732483482109,Unstable,Stable
mp-1026534.cif,0.3560259938240051,0.3498399555683136,mp-1026534,0.41212099911458333,Unstable,Unstable
mp-650978.cif,-0.8673529624938965,-0.9507285356521606,mp-650978,0.18631672899999963,Stable,Stable
mp-1195492.cif,-1.1870805025100708,-1.2041728496551514,mp-1195492,0.12632480377975863,Stable,Stable
mp-1067743.cif,-0.2742592692375183,-0.4273154437541961,mp-1067743,0.0,Stable,Stable
mp-1200269.cif,-2.2358200550079346,-2.175311326980591,mp-1200269,0.29404947812500026,Stable,Stable
mp-1180596.cif,-2.146707773208618,-1.9964390993118288,mp-1180596,0.18926128777777862,Stable,Stable
mp-1213006.cif,-0.5578731298446655,-0.4072045087814331,mp-1213006,0.0,Stable,Stable
mp-997616.cif,1.772940158843994,1.394465684890747,mp-997616,1.4421610008333339,Unstable,Unstable
mp-1077743.cif,0.1487798392772674,0.2463954836130142,mp-1077743,0.2735981225347217,Unstable,Unstable
mp-652407.cif,-1.0227056741714478,-0.957502543926239,mp-652407,0.22164635666666577,Stable,Stable
mp-569564.cif,-0.5967627763748169,-0.4694336056709289,mp-569564,0.0,Stable,Stable
mp-1215167.cif,-0.588573694229126,-0.4762540459632873,mp-1215167,0.10734300749999903,Stable,Stable
mp-1032348.cif,-2.2592270374298096,-2.143486738204956,mp-1032348,0.5185910881250004,Stable,Stable
mp-1181174.cif,-1.3436095714569092,-1.3318088054656982,mp-1181174,0.6355493250833382,Stable,Stable
mp-653788.cif,-0.7699539065361023,-0.7598697543144226,mp-653788,0.5505048212499934,Stable,Stable
mp-1246224.cif,-0.8662049174308777,-0.6120820641517639,mp-1246224,0.09434238931818228,Stable,Stable
mp-22556.cif,1.832972526550293,1.484870672225952,mp-22556,1.9535037521999996,Unstable,Unstable
mp-652608.cif,-0.6195511817932129,-0.3680551648139953,mp-652608,0.0,Stable,Stable
mp-1216137.cif,-0.2792925834655761,-0.0438049249351024,mp-1216137,0.035966979375002595,Stable,Stable
mp-557333.cif,-0.254134863615036,-0.2077117413282394,mp-557333,0.10246882236956445,Stable,Stable
mp-865009.cif,0.2056801319122314,0.4073772728443146,mp-865009,0.7937802428958323,Unstable,Unstable
mp-645330.cif,-1.4597244262695312,-1.5388972759246826,mp-645330,0.23000691027777798,Stable,Stable
mp-1219966.cif,-0.3625631332397461,-0.2808767557144165,mp-1219966,0.06598854556943934,Stable,Stable
mp-6223.cif,-0.9076610803604126,-0.5135575532913208,mp-6223,0.0,Stable,Stable
mp-696886.cif,0.0607290565967559,0.418287068605423,mp-696886,0.7143858857575713,Unstable,Unstable
mp-1210853.cif,-0.6642361879348755,-0.8813378214836121,mp-1210853,0.3473357490761879,Stable,Stable
mp-760222.cif,-2.1758182048797607,-2.0907435417175293,mp-760222,0.09001825491477522,Stable,Stable
mp-1102751.cif,1.7232646942138672,1.558272123336792,mp-1102751,1.7242990740476198,Unstable,Unstable
mp-20441.cif,0.0434781461954116,0.0886995941400528,mp-20441,0.1359048107391274,Unstable,Unstable
mp-1018065.cif,-0.4629847705364227,-0.260320782661438,mp-1018065,0.0,Stable,Stable
mp-540895.cif,-1.1636183261871338,-0.9853895902633668,mp-540895,0.3282745390000006,Stable,Stable
mp-1361722.cif,0.1891373395919799,2.703761339187622,mp-1361722,4.481483017272724,Unstable,Unstable
mp-1203788.cif,-0.176238939166069,-0.2076682448387146,mp-1203788,0.18176153339285683,Stable,Stable
mp-707821.cif,-0.7096779346466064,-0.7054318785667419,mp-707821,0.32105835072916644,Stable,Stable
mp-971683.cif,0.4309830665588379,0.1216764822602272,mp-971683,0.12167648535714193,Unstable,Unstable
mp-1224620.cif,0.034397155046463,0.0505103506147861,mp-1224620,0.05509505021929684,Unstable,Unstable
mp-1214186.cif,-0.487553209066391,-0.6529866456985474,mp-1214186,0.3187268025000014,Stable,Stable
mp-559291.cif,-1.9355486631393437,-2.0487396717071533,mp-559291,0.028608372125003,Stable,Stable
mp-1202513.cif,-0.5329726338386536,-0.5777801871299744,mp-1202513,1.0789205934722235,Stable,Stable
mp-15661.cif,-0.7361710071563721,-0.623887300491333,mp-15661,0.0,Stable,Stable
mp-1208639.cif,1.4498836994171145,1.1991472244262695,mp-1208639,1.294638433055555,Unstable,Unstable
mp-758341.cif,-2.24275279045105,-2.024193048477173,mp-758341,0.058859523281240556,Stable,Stable
mp-1225513.cif,-0.260737806558609,-0.1027098894119262,mp-1225513,0.041076684047622436,Stable,Stable
mp-1214118.cif,-1.4912054538726809,-1.2723336219787598,mp-1214118,0.31458138714285777,Stable,Stable
mp-1025439.cif,-0.0663043856620788,0.2783571481704712,mp-1025439,0.30122863631465435,Unstable,Stable
mp-568727.cif,-0.6327120065689087,-0.5271918177604675,mp-568727,0.0,Stable,Stable
mp-1207093.cif,-0.3995245993137359,-0.2791756689548492,mp-1207093,0.0,Stable,Stable
mp-1225150.cif,-0.0551414489746093,-0.0369259007275104,mp-1225150,0.018817130052742215,Stable,Stable
mp-1213381.cif,-0.1426702439785003,-0.2576667368412018,mp-1213381,0.30661202128204845,Stable,Stable
mp-1079992.cif,-1.164806604385376,-0.8026178479194641,mp-1079992,0.0,Stable,Stable
mp-2382752.cif,-0.0263866763561964,-0.1311241388320922,mp-2382752,0.0069058966666677435,Stable,Stable
mp-1188646.cif,-1.084026575088501,-0.5789886116981506,mp-1188646,0.04291919888888973,Stable,Stable
mp-729505.cif,-1.0302939414978027,-1.1804873943328855,mp-729505,0.2748586207440482,Stable,Stable
mp-1204132.cif,-1.0453884601593018,-0.9843716621398926,mp-1204132,0.16395540174999645,Stable,Stable
mp-24625.cif,-0.6226305961608887,-0.4567448496818542,mp-24625,0.010534179277780886,Stable,Stable
mp-1245872.cif,0.4156989753246307,0.2581816613674164,mp-1245872,0.2581816681249993,Unstable,Unstable
mp-1209486.cif,-2.504191637039185,-2.4573068618774414,mp-1209486,0.0,Stable,Stable
mp-1196543.cif,-0.0686723887920379,-0.0687897652387619,mp-1196543,0.06458550269880359,Stable,Stable
mp-28724.cif,-1.168718338012695,-0.8524399399757385,mp-28724,0.0,Stable,Stable
mp-1207574.cif,-0.2194395363330841,-0.0853281393647193,mp-1207574,0.00840274530848184,Stable,Stable
mp-571330.cif,-0.2320878803730011,-0.2824417650699615,mp-571330,0.026321534000004476,Stable,Stable
mp-605853.cif,-2.128401756286621,-1.9998466968536377,mp-605853,0.18585370555555603,Stable,Stable
mp-28765.cif,-0.2797387838363647,-0.6832271814346313,mp-28765,0.34427744440624997,Stable,Stable
mp-1103128.cif,-0.4122216999530792,-0.5552962422370911,mp-1103128,0.0,Stable,Stable
mp-1189642.cif,0.0703186094760894,0.2514326870441437,mp-1189642,0.3852107212499991,Unstable,Unstable
mp-1202707.cif,-0.3144703805446625,-0.2386267483234405,mp-1202707,0.034622232094907446,Stable,Stable
mp-1035674.cif,-2.846109628677368,-2.5596508979797363,mp-1035674,0.344789248027344,Stable,Stable
mp-1238770.cif,-1.1248725652694702,-1.015155792236328,mp-1238770,0.5891914327272714,Stable,Stable
mp-1018645.cif,-0.5651982426643372,-0.2532588243484497,mp-1018645,0.5134048489999996,Stable,Stable
mp-10038.cif,1.7084113359451294,1.4457319974899292,mp-10038,1.8766502300000014,Unstable,Unstable
mp-698316.cif,-1.4709227085113523,-1.455252766609192,mp-698316,0.027809814615384454,Stable,Stable
mp-1211846.cif,-2.0631844997406006,-1.6149109601974487,mp-1211846,0.5676908767187516,Stable,Stable
mp-1206991.cif,-0.1998890489339828,-0.065463401377201,mp-1206991,0.15771005850000108,Stable,Stable
mp-1210382.cif,-0.8266456723213196,-0.8931861519813538,mp-1210382,0.3556536534027739,Stable,Stable
mp-1216714.cif,-0.8034387826919556,-0.6039865016937256,mp-1216714,0.00897464937500203,Stable,Stable
mp-569515.cif,0.4121170938014984,0.0179911442101001,mp-569515,0.37678791749999885,Unstable,Unstable
mp-1197127.cif,0.9328048825263976,1.015406847000122,mp-1197127,1.1620918630555526,Unstable,Unstable
mp-1214762.cif,-1.5089075565338137,-1.1998142004013062,mp-1214762,0.03783600536651388,Stable,Stable
mp-1179716.cif,-1.4848566055297852,-1.3177533149719238,mp-1179716,0.5273886592708337,Stable,Stable
mp-1995.cif,-0.3721243143081665,-0.2697220742702484,mp-1995,0.0,Stable,Stable
mp-1206116.cif,-0.8033726811408997,-0.4960703551769256,mp-1206116,0.0,Stable,Stable
mp-568806.cif,-0.0356443673372268,0.0119362827390432,mp-568806,0.011936282499998896,Unstable,Stable
mp-1100162.cif,0.3447093963623047,0.4575807154178619,mp-1100162,0.4630181344140625,Unstable,Unstable
mp-20446.cif,0.4464803040027618,0.3231894373893738,mp-20446,0.6445537545000022,Unstable,Unstable
mp-1219777.cif,-0.628367006778717,0.1917490810155868,mp-1219777,0.5842950523333243,Unstable,Stable
mp-729188.cif,-0.9348990321159364,-1.0250273942947388,mp-729188,0.1481229174999994,Stable,Stable
mp-9241.cif,-0.6061406135559082,-0.3407970666885376,mp-9241,0.0,Stable,Stable
mp-1197388.cif,0.0175117719918489,-0.0092320125550031,mp-1197388,0.035745422647059044,Stable,Unstable
mp-1191654.cif,-0.3705178797245025,-0.1921561658382415,mp-1191654,0.20268371777777716,Stable,Stable
mp-978850.cif,-0.6901504397392273,-0.4650275707244873,mp-978850,0.0,Stable,Stable
mp-1246920.cif,0.3944208323955536,0.2936561405658722,mp-1246920,0.29365613683333436,Unstable,Unstable
mp-734141.cif,0.9633595943450928,1.129340887069702,mp-734141,1.1910710076124325,Unstable,Unstable
mp-24.cif,0.998257339000702,0.8349742293357849,mp-24,0.8349742562499998,Unstable,Unstable
mp-28240.cif,-0.5395166873931885,-0.9238462448120116,mp-28240,0.10538865476190562,Stable,Stable
mp-510458.cif,-0.0370557308197021,-0.0920741558074951,mp-510458,0.17145771395832998,Stable,Stable
mp-1095215.cif,-2.212883710861206,-2.2616782188415527,mp-1095215,0.0016040936363630465,Stable,Stable
mp-1214198.cif,-2.0083038806915283,-1.6999069452285769,mp-1214198,0.4080017390624935,Stable,Stable
mp-1265399.cif,-1.120980978012085,-0.5898523330688477,mp-1265399,0.4094995333333342,Stable,Stable
mp-1200027.cif,-0.1583841145038604,0.0746074467897415,mp-1200027,1.7134512928656465,Unstable,Stable
mp-1193413.cif,-1.7445154190063477,-1.717775821685791,mp-1193413,0.10385181269230692,Stable,Stable
mp-752540.cif,-2.074699640274048,-1.940791368484497,mp-752540,0.04390509649998631,Stable,Stable
mp-1079629.cif,-0.294819712638855,-0.2239381074905395,mp-1079629,0.004571217249991655,Stable,Stable
mp-1245933.cif,-0.8648271560668945,-0.6247789263725281,mp-1245933,0.15655246642857268,Stable,Stable
mp-30054.cif,0.1028511673212051,0.2566468119621277,mp-30054,0.25664679727678497,Unstable,Unstable
mp-559618.cif,-1.7079569101333618,-1.8329163789749143,mp-559618,0.07034570543526719,Stable,Stable
mp-1026678.cif,0.2979232966899872,0.3201057016849518,mp-1026678,0.34544615473355256,Unstable,Unstable
mp-1200138.cif,-0.905423104763031,-1.0591201782226562,mp-1200138,0.13663599254285597,Stable,Stable
mp-7088.cif,-0.6267378330230713,-0.6790556311607361,mp-7088,0.0,Stable,Stable
mp-16287.cif,-0.5373418927192688,-0.3856343328952789,mp-16287,0.017177082333329707,Stable,Stable
mp-727242.cif,-1.73944091796875,-1.785440444946289,mp-727242,0.0018082339999985209,Stable,Stable
mp-1213315.cif,-0.6428754925727844,-0.3952513933181762,mp-1213315,0.08225645715000063,Stable,Stable
mp-765385.cif,-2.2443394660949707,-2.0763330459594727,mp-765385,0.06472976499999916,Stable,Stable
mp-1199826.cif,0.8826950192451477,0.7330775856971741,mp-1199826,1.1424765396153838,Unstable,Unstable
mp-1232365.cif,0.0891410112380981,0.2232481390237808,mp-1232365,0.31473383301724134,Unstable,Unstable
mp-1219129.cif,-0.1110311672091484,-0.0492011085152626,mp-1219129,0.02258421615237971,Stable,Stable
mp-1214237.cif,0.6938765645027161,0.2901989221572876,mp-1214237,0.2901989350000007,Unstable,Unstable
mp-6424.cif,-0.4436911642551422,-0.2385642826557159,mp-6424,0.10155460499999869,Stable,Stable
mp-1199200.cif,-1.5889822244644165,-1.5032057762145996,mp-1199200,0.22699762375000088,Stable,Stable
mp-1026465.cif,0.1557064354419708,0.2102900892496109,mp-1026465,0.27718561582031276,Unstable,Unstable
mp-973155.cif,1.5410029888153076,1.3862357139587402,mp-973155,1.3862357506249996,Unstable,Unstable
mp-910.cif,-0.3432546555995941,-0.5358045697212219,mp-910,0.02983855666667168,Stable,Stable
mp-616196.cif,-0.7195290923118591,-0.9219372272491456,mp-616196,0.046646684722222,Stable,Stable
mp-1069004.cif,-0.4214802980422973,-0.192850261926651,mp-1069004,0.0,Stable,Stable
mp-1193149.cif,0.3116405308246612,0.1826433688402176,mp-1193149,0.23744870783251137,Unstable,Unstable
mp-542332.cif,-1.7290878295898438,-1.854281306266785,mp-542332,0.0,Stable,Stable
mp-1035738.cif,-2.7003462314605717,-2.6342759132385254,mp-1035738,0.23201237585937573,Stable,Stable
mp-1204170.cif,-1.9314852952957156,-1.6656341552734375,mp-1204170,0.3683374100000014,Stable,Stable
mp-22747.cif,-1.610880732536316,-1.6080089807510376,mp-22747,0.06297654357142335,Stable,Stable
mp-1204989.cif,-0.1655426323413849,-0.1613334268331527,mp-1204989,0.6979673847121237,Stable,Stable
mp-1182827.cif,-2.1710398197174072,-1.801811695098877,mp-1182827,0.5862669739423039,Stable,Stable
mp-4534.cif,-1.7787392139434814,-1.876621127128601,mp-4534,0.006963128177084776,Stable,Stable
mp-1072492.cif,-0.1881536543369293,0.0796982049942016,mp-1072492,0.21772823833333277,Unstable,Stable
mp-1014311.cif,5.2361555099487305,4.211794853210449,mp-1014311,4.2117950256249985,Unstable,Unstable
mp-752929.cif,-1.6873722076416016,-1.5840438604354858,mp-752929,0.06929703472222126,Stable,Stable
mp-15702.cif,-0.3684364557266235,-0.245293915271759,mp-15702,0.5308559124999999,Stable,Stable
mp-1034537.cif,-2.783820629119873,-2.654797315597534,mp-1034537,0.25218865561197923,Stable,Stable
mp-759603.cif,-0.4702014625072479,-0.4542729258537292,mp-759603,0.20328075450980432,Stable,Stable
mp-684011.cif,-1.6092429161071775,-1.368725061416626,mp-684011,0.1475737311607137,Stable,Stable
mp-759866.cif,-0.636480987071991,-0.6104565858840942,mp-759866,0.023268955299479366,Stable,Stable
mp-1225775.cif,-0.1040163859724998,-0.0673353821039199,mp-1225775,0.011119616507940577,Stable,Stable
mp-995206.cif,-0.8627747297286987,-0.5903169512748718,mp-995206,0.4591852825,Stable,Stable
mp-1181198.cif,-0.1733783334493637,-0.1717789769172668,mp-1181198,0.06820596566666559,Stable,Stable
mp-648988.cif,0.0607500672340393,0.0478961467742919,mp-648988,2.2139258596296285,Unstable,Unstable
mp-1227149.cif,0.1397968530654907,-0.0074086599051952,mp-1227149,0.029719233666664735,Stable,Unstable
mp-29404.cif,-1.6976479291915894,-1.1835694313049316,mp-29404,0.004483820961538321,Stable,Stable
mp-1209165.cif,-1.0735810995101929,-1.3758455514907837,mp-1209165,0.3158134047499992,Stable,Stable
mp-1216627.cif,-0.774526059627533,-0.5810691118240356,mp-1216627,0.0,Stable,Stable
mp-1176889.cif,-2.1507387161254883,-2.0471198558807373,mp-1176889,0.09767722294117753,Stable,Stable
mp-1206327.cif,-0.6328871250152588,-0.3798476159572601,mp-1206327,0.0,Stable,Stable
mp-1193527.cif,-0.803750216960907,-0.638015866279602,mp-1193527,0.0552122187074815,Stable,Stable
mp-1181787.cif,-1.416560411453247,-1.3124024868011477,mp-1181787,0.42501512499999894,Stable,Stable
mp-1200920.cif,-1.6748234033584597,-1.5342501401901243,mp-1200920,0.05259705095238054,Stable,Stable
mp-1214952.cif,1.5694550275802612,0.2253918349742889,mp-1214952,1.5126281967307698,Unstable,Unstable
mp-972049.cif,-0.6406682729721069,-0.4382416307926178,mp-972049,0.0,Stable,Stable
mp-1196274.cif,-0.9084281325340272,-0.7582612633705139,mp-1196274,0.733665215714284,Stable,Stable
mp-1079046.cif,0.1811143457889557,0.2270403057336807,mp-1079046,0.24744227627604154,Unstable,Unstable
mp-728279.cif,-0.892907977104187,-0.7685321569442749,mp-728279,0.3485562693421045,Stable,Stable
mp-733789.cif,-0.8223167657852173,-0.8868293762207031,mp-733789,0.2604506351351361,Stable,Stable
mp-582826.cif,-0.340229719877243,-0.2713595926761627,mp-582826,0.0,Stable,Stable
mp-1220428.cif,-1.134182095527649,-0.9377028942108154,mp-1220428,0.03543505871212105,Stable,Stable
mp-1246040.cif,0.5250982046127319,0.1609711498022079,mp-1246040,0.24472732312499978,Unstable,Unstable
mp-1246850.cif,0.3040534555912018,0.3657494783401489,mp-1246850,0.36574947049999906,Unstable,Unstable
mp-1195442.cif,-1.4714272022247314,-1.4170620441436768,mp-1195442,0.06827190015625195,Stable,Stable
mp-696231.cif,-0.2725556790828705,-0.3091386258602142,mp-696231,0.2499801975378766,Stable,Stable
mp-1216616.cif,-1.0662562847137451,-0.8440022468566895,mp-1216616,0.12346139371528153,Stable,Stable
mp-10853.cif,-0.7182813286781311,-0.4909527599811554,mp-10853,0.0,Stable,Stable
mp-732241.cif,-0.490995705127716,-0.277152955532074,mp-732241,0.6985446421212131,Stable,Stable
mp-1245892.cif,0.5927429795265198,0.3361894190311432,mp-1245892,0.3361894231249991,Unstable,Unstable
mp-1221498.cif,-0.2422341108322143,-0.0762856900691986,mp-1221498,0.06276392999999914,Stable,Stable
mp-726614.cif,-2.443603992462158,-2.460221529006958,mp-726614,0.07158686947916415,Stable,Stable
mp-540903.cif,0.1238297447562217,-0.0373427718877792,mp-540903,0.18454533752550795,Stable,Unstable
mp-24749.cif,-1.3617483377456665,-1.273617386817932,mp-24749,0.07937223000000149,Stable,Stable
mp-1220656.cif,0.0575848817825317,-0.0337544158101081,mp-1220656,0.0028235511948526693,Stable,Unstable
mp-722472.cif,0.576095461845398,0.5428135395050049,mp-722472,0.6988051994695361,Unstable,Unstable
mp-1212501.cif,-0.5339154005050659,-0.3574759066104889,mp-1212501,0.0,Stable,Stable
mp-758568.cif,-2.031858444213867,-1.8695855140686035,mp-758568,0.07733092320511048,Stable,Stable
mp-1224177.cif,-0.0727868825197219,0.170859009027481,mp-1224177,0.2444440145238147,Unstable,Stable
mp-1207803.cif,-0.7282848954200745,-0.3417395055294037,mp-1207803,0.016220357148432285,Stable,Stable
mp-1008374.cif,0.4998849630355835,0.4384115040302276,mp-1008374,0.4384115049999995,Unstable,Unstable
mp-1017366.cif,0.4293018281459808,0.4722658097743988,mp-1017366,0.5229467150921057,Unstable,Unstable
mp-1207951.cif,-0.6949896812438965,-0.414844661951065,mp-1207951,0.0,Stable,Stable
mp-542730.cif,-0.7275387048721313,-0.6140482425689697,mp-542730,0.007177742759258976,Stable,Stable
mp-1189451.cif,-0.6094772219657898,-0.564868688583374,mp-1189451,0.0,Stable,Stable
mp-1226536.cif,-0.353304386138916,-0.258506178855896,mp-1226536,0.04582084875000092,Stable,Stable
mp-561848.cif,-0.4400733411312103,-0.5513114929199219,mp-561848,0.5099225162500005,Stable,Stable
mp-1001925.cif,0.1793857812881469,0.4236770570278168,mp-1001925,0.7054219874999994,Unstable,Unstable
mp-1216273.cif,-0.7694480419158936,0.7485191822052002,mp-1216273,1.5725384681250016,Unstable,Stable
mp-1588.cif,-0.46558877825737,-0.5590023994445801,mp-1588,0.3678243888194448,Stable,Stable
mp-1195560.cif,-1.1642742156982422,-1.2545161247253418,mp-1195560,0.23362013609374976,Stable,Stable
mp-752834.cif,-2.1056058406829834,-2.021202325820923,mp-752834,0.07197343999999894,Stable,Stable
mp-10709.cif,1.09132719039917,0.92831152677536,mp-10709,0.9683199143749981,Unstable,Unstable
mp-758407.cif,-2.1879165172576904,-1.89796781539917,mp-758407,0.09132731460784083,Stable,Stable
mp-1182630.cif,0.1037813872098922,0.2775627076625824,mp-1182630,0.2775626943749998,Unstable,Unstable
mp-1219523.cif,0.3163374364376068,0.5210326313972473,mp-1219523,0.6212460537500029,Unstable,Unstable
mp-1211632.cif,0.8224158883094788,1.2845847606658936,mp-1211632,1.322534392583333,Unstable,Unstable
mp-21035.cif,-0.9986984133720398,-0.7973078489303589,mp-21035,0.0,Stable,Stable
mp-1199920.cif,-0.1973939836025238,-0.0210353247821331,mp-1199920,0.10983636340124292,Stable,Stable
mp-1245491.cif,0.4774669408798218,0.3746023774147033,mp-1245491,0.3732678570454553,Unstable,Unstable
mp-1208198.cif,-1.9306854009628296,-1.8584764003753664,mp-1208198,0.028512836805557384,Stable,Stable
mp-1200309.cif,-1.451136827468872,-1.0083509683609009,mp-1200309,0.8862530226999974,Stable,Stable
mp-1086653.cif,-0.4469969570636749,-0.3639301061630249,mp-1086653,0.1648963514999977,Stable,Stable
mp-1105868.cif,-2.0210447311401367,-1.7986541986465454,mp-1105868,0.01183444499999986,Stable,Stable
mp-22966.cif,-1.2373939752578735,-1.0159564018249512,mp-22966,0.260756931625,Stable,Stable
mp-23821.cif,-1.6067311763763428,-1.529960870742798,mp-23821,0.03911806134615414,Stable,Stable
mp-9497.cif,-2.313296318054199,-2.344858169555664,mp-9497,0.0,Stable,Stable
mp-1026448.cif,0.2332579791545868,0.2892439365386963,mp-1026448,0.3019609981250002,Unstable,Unstable
mp-727207.cif,-2.504300832748413,-2.3900599479675293,mp-727207,0.3826728496874985,Stable,Stable
mp-1201367.cif,-1.6500324010849,-1.9318615198135376,mp-1201367,0.11589472249131827,Stable,Stable
mp-1247310.cif,0.5248746275901794,0.3610457479953766,mp-1247310,0.36104575566666597,Unstable,Unstable
mp-1224284.cif,-1.235043168067932,-0.8516813516616821,mp-1224284,0.011149211250003788,Stable,Stable
mp-1214223.cif,0.1385648697614669,0.1002416014671325,mp-1214223,0.2474355474386165,Unstable,Unstable
mp-1077595.cif,1.1246116161346436,0.7074308395385742,mp-1077595,0.7074308208333324,Unstable,Unstable
mp-556458.cif,-2.8143763542175293,-2.6739752292633057,mp-556458,0.011186676166668796,Stable,Stable
mp-1203794.cif,-0.1599926948547363,-0.2656381726264953,mp-1203794,0.11634452956521812,Stable,Stable
mp-622020.cif,0.4697681963443756,0.6246675252914429,mp-622020,0.8112856577380949,Unstable,Unstable
mp-1217107.cif,-2.142486810684204,-1.7158857583999634,mp-1217107,0.0019528412499987269,Stable,Stable
mp-1005666.cif,-2.944171190261841,-2.564503669738769,mp-1005666,0.017473703653845263,Stable,Stable
mp-762515.cif,-1.5988259315490725,-1.5710108280181885,mp-762515,0.07122182637255037,Stable,Stable
mp-1209971.cif,-0.322416603565216,-0.3554933071136474,mp-1209971,0.0,Stable,Stable
mp-1026411.cif,0.1329699754714965,0.2798215448856354,mp-1026411,0.34671706644531275,Unstable,Unstable
mp-1014298.cif,2.152738332748413,1.7986339330673218,mp-1014298,1.7986339556249984,Unstable,Unstable
mp-1295192.cif,-2.111415147781372,-1.984233021736145,mp-1295192,0.0,Stable,Stable
mp-571589.cif,0.81552654504776,0.5189526081085205,mp-571589,0.6580022166666666,Unstable,Unstable
mp-1380343.cif,-0.885495126247406,-0.0627165511250495,mp-1380343,2.0212971765196093,Stable,Stable
mp-1099287.cif,0.1494071930646896,0.1918875873088836,mp-1099287,0.19188758437499986,Unstable,Unstable
mp-1212746.cif,0.39940145611763,0.1718267798423767,mp-1212746,0.26146832500000095,Unstable,Unstable
mp-29687.cif,0.5728455185890198,0.3560148477554321,mp-29687,0.3634803593442637,Unstable,Unstable
mp-683501.cif,-0.8472622632980347,-0.2338687926530838,mp-683501,1.1396198204807693,Stable,Stable
mp-543017.cif,-0.5463290810585022,-0.3482772409915924,mp-543017,0.0,Stable,Stable
mp-647812.cif,-1.2750012874603271,-0.8676143884658813,mp-647812,0.5058742087500008,Stable,Stable
mp-698558.cif,0.3322497904300689,1.1128089427947998,mp-698558,2.0172963570752938,Unstable,Unstable
mp-1246964.cif,0.5895281434059143,0.5424025058746338,mp-1246964,0.542402498125,Unstable,Unstable
mp-550895.cif,-1.5347546339035034,-1.59673810005188,mp-550895,0.22102241805555511,Stable,Stable
mp-1025290.cif,-0.5967035889625549,-0.562084436416626,mp-1025290,0.0,Stable,Stable
mp-6524.cif,-2.59180760383606,-2.501753330230713,mp-6524,0.003653424500001279,Stable,Stable
mp-574060.cif,-0.1203148663043975,-0.1348675638437271,mp-574060,0.38589190141666485,Stable,Stable
mp-1105738.cif,-1.1085058450698853,-0.8801416158676147,mp-1105738,0.001958344259243461,Stable,Stable
mp-1104073.cif,0.4384437203407287,0.3108835220336914,mp-1104073,0.31088352716666634,Unstable,Unstable
mp-763549.cif,-1.892188549041748,-1.9242830276489256,mp-763549,0.05994998124998574,Stable,Stable
mp-753641.cif,-2.1906161308288574,-2.0830373764038086,mp-753641,0.07882024162202317,Stable,Stable
mp-1192643.cif,-0.230005532503128,-0.0647102668881416,mp-1192643,0.0,Stable,Stable
mp-22156.cif,-1.0446089506149292,-0.8380844593048096,mp-22156,0.0,Stable,Stable
mp-1199075.cif,-0.6655786633491516,-0.7327736616134644,mp-1199075,0.5390089103794633,Stable,Stable
mp-570108.cif,-0.1306685656309127,-0.0711200684309005,mp-570108,0.3228762383333361,Stable,Stable
mp-1205848.cif,-0.6511309742927551,-0.6743224859237671,mp-1205848,0.0,Stable,Stable
mp-10293.cif,0.1114467680454254,0.083241768181324,mp-10293,0.1468354744444449,Unstable,Unstable
mp-722003.cif,0.6502000689506531,0.8891316652297974,mp-722003,1.9064707719531242,Unstable,Unstable
mp-1200692.cif,-0.4030724167823791,-0.3059245944023132,mp-1200692,2.1850897834241323e-05,Stable,Stable
mp-1189663.cif,-2.14013671875,-2.0088891983032227,mp-1189663,0.29723029416666424,Stable,Stable
mp-1224468.cif,-1.2535648345947266,-0.940439522266388,mp-1224468,0.010443812000005437,Stable,Stable
mp-1189850.cif,-0.3987513482570648,-0.2995796799659729,mp-1189850,0.2576027985156255,Stable,Stable
mp-30161.cif,-0.9362012147903442,-0.807115912437439,mp-30161,0.07351303452380975,Stable,Stable
mp-973461.cif,2.157292366027832,1.51034677028656,mp-973461,1.5103467343749983,Unstable,Unstable
mp-30068.cif,0.9082213640213012,0.3017649352550506,mp-30068,0.5058100020833329,Unstable,Unstable
mp-3346398.cif,-2.7232425212860107,-2.5568647384643555,mp-3346398,0.011918094333334572,Stable,Stable
mp-1640104.cif,-1.860759258270264,-1.8526756763458248,mp-1640104,0.036691794027777114,Stable,Stable
mp-1213545.cif,-1.465253472328186,-1.1721044778823853,mp-1213545,0.8495073679411798,Stable,Stable
mp-1209673.cif,-2.1396706104278564,-1.67449152469635,mp-1209673,0.802183248981482,Stable,Stable
mp-505538.cif,-1.0285564661026,-0.6787004470825195,mp-505538,0.0,Stable,Stable
mp-31321.cif,-0.2225193530321121,-0.0658486038446426,mp-31321,0.2622684885937492,Stable,Stable
mp-1180803.cif,-2.145951986312866,-1.5103334188461304,mp-1180803,0.5071158759375001,Stable,Stable
mp-1200780.cif,0.0447684451937675,0.0038765722420066,mp-1200780,0.016945625947712983,Unstable,Unstable
mp-1195478.cif,-1.3433549404144287,-1.2511168718338013,mp-1195478,0.06829131594444515,Stable,Stable
mp-1245727.cif,-0.6979455351829529,-0.4995934665203094,mp-1245727,0.20683099250000048,Stable,Stable
mp-1105990.cif,-0.8856484889984131,-0.7220814228057861,mp-1105990,0.0,Stable,Stable
mp-1191774.cif,0.0490635782480239,0.1771328598260879,mp-1191774,0.44425418259461047,Unstable,Unstable
mp-999122.cif,-0.5359956622123718,-0.2540872693061828,mp-999122,0.0,Stable,Stable
mp-1215389.cif,-1.6375741958618164,-1.2975107431411743,mp-1215389,0.0,Stable,Stable
mp-1223002.cif,-0.5612080693244934,-0.3118471801280975,mp-1223002,0.037723855977773724,Stable,Stable
mp-1203662.cif,-0.9710363745689392,-0.855994701385498,mp-1203662,0.7888134859090865,Stable,Stable
mp-1194548.cif,-0.2493934035301208,-0.0820792391896247,mp-1194548,0.03624395721014473,Stable,Stable
mp-6825.cif,-1.6015064716339111,-1.377012014389038,mp-6825,0.0,Stable,Stable
mp-1018649.cif,0.1892700642347335,0.2523757219314575,mp-1018649,0.27957837086805526,Unstable,Unstable
mp-6796.cif,-3.651176691055298,-3.2585573196411133,mp-6796,0.010419568157895576,Stable,Stable
mp-1034615.cif,-2.87926983833313,-2.6523654460906982,mp-1034615,0.32923770421875,Stable,Stable
mp-559900.cif,0.2932745516300201,-0.1190597638487815,mp-559900,0.3274809213645842,Stable,Unstable
mp-729795.cif,0.8561602234840393,0.7064399719238281,mp-729795,0.854264330535714,Unstable,Unstable
mp-729728.cif,-1.4622994661331177,-1.75321364402771,mp-729728,0.015509754166666667,Stable,Stable
mp-1197710.cif,-0.4547257423400879,-0.1259221881628036,mp-1197710,0.01966828333333215,Stable,Stable
mp-1033209.cif,-2.6420929431915283,-2.373534202575684,mp-1033209,0.6589123629687501,Stable,Stable
mp-1224588.cif,-0.8228457570075989,-0.9353532791137696,mp-1224588,0.16439002155843863,Stable,Stable
mp-1245869.cif,-0.2211719453334808,0.0286819972097873,mp-1245869,0.02868199687499917,Unstable,Stable
mp-1049181.cif,-0.4273566603660583,-0.3145468831062317,mp-1049181,0.7374986132499988,Stable,Stable
mp-543045.cif,-1.4134260416030884,-1.4924989938735962,mp-543045,0.0,Stable,Stable
mp-1026737.cif,0.241138145327568,0.3564122021198272,mp-1026737,0.35913090845703133,Unstable,Unstable
mp-1203259.cif,-0.4843683540821075,-0.4295853972434997,mp-1203259,0.0038289800925941364,Stable,Stable
