file_name,pred_eform,true_eform,material_id,e_hull,true_label,pred_label
mp-727248.cif,-1.3835736513137815,-1.203923225402832,mp-727248,0.5951537091337737,Stable,Stable
mp-864887.cif,-1.3527461290359497,-1.3194934129714966,mp-864887,0.0052346487777752415,Stable,Stable
mp-1245856.cif,-0.8476223349571228,-0.8629998564720154,mp-1245856,0.03568654249999881,Stable,Stable
mp-1428795.cif,-0.008010596036911,-0.1410390734672546,mp-1428795,0.3744327469999966,Stable,Stable
mp-776212.cif,-2.585958242416382,-2.529250383377075,mp-776212,0.1295248295000011,Stable,Stable
mp-1106163.cif,-0.6663652062416077,-0.5293084979057312,mp-1106163,1.3698039407638873,Stable,Stable
mp-1029832.cif,-1.2619627714157104,-1.2667731046676636,mp-1029832,0.0,Stable,Stable
mp-1181105.cif,-0.5376937985420227,-0.4982459545135498,mp-1181105,0.17512676107638647,Stable,Stable
mp-1019743.cif,-0.5520414710044861,-0.6322928667068481,mp-1019743,0.2234889624999994,Stable,Stable
mp-1247100.cif,-0.3672745823860168,-0.4811561405658722,mp-1247100,0.03846265814814842,Stable,Stable
mp-1246749.cif,-0.3968967199325561,-0.4513549506664276,mp-1246749,0.11373015505050432,Stable,Stable
mp-1181093.cif,-0.7167482972145081,-0.7378854751586914,mp-1181093,0.2038277038157874,Stable,Stable
mp-605860.cif,-0.3527763485908508,-0.3641580939292907,mp-605860,0.05486756677083493,Stable,Stable
mp-556430.cif,0.1034348458051681,0.0842089131474495,mp-556430,0.4215904067389449,Unstable,Unstable
mp-776466.cif,-3.213600873947144,-3.184938430786133,mp-776466,0.06253987978573505,Stable,Stable
mp-1246615.cif,-0.5276206731796265,-0.5487741827964783,mp-1246615,0.38517526985713957,Stable,Stable
mp-1198019.cif,-1.6471620798110962,-1.6385127305984497,mp-1198019,0.0,Stable,Stable
mp-21327.cif,0.892589271068573,0.6869434714317322,mp-21327,1.874561988295448,Unstable,Unstable
mp-1228943.cif,-0.8923872113227844,-0.9194223284721376,mp-1228943,0.003032757499999761,Stable,Stable
mp-1194847.cif,-0.3671451807022095,-0.3789336681365967,mp-1194847,0.0056640455965997205,Stable,Stable
mp-1219270.cif,-0.2143595218658447,-0.1967034488916397,mp-1219270,0.1431928514285694,Stable,Stable
mp-1198510.cif,-1.663030982017517,-1.6361829042434692,mp-1198510,0.0,Stable,Stable
mp-1246274.cif,0.0587767511606216,0.1397621184587478,mp-1246274,0.3323155952107282,Unstable,Unstable
mp-1246180.cif,-0.7145687937736511,-0.668677806854248,mp-1246180,0.24563143111111074,Stable,Stable
mp-643123.cif,-0.1815937906503677,-0.1868524700403213,mp-643123,0.7354487118611104,Stable,Stable
mp-1096968.cif,-0.0288245528936386,-0.1318291574716568,mp-1096968,0.3676287164583325,Stable,Stable
mp-1247510.cif,0.384199321269989,0.33853679895401,mp-1247510,0.4076725443681326,Unstable,Unstable
mp-37550.cif,-1.204428791999817,-1.2515666484832764,mp-37550,0.09153768583332322,Stable,Stable
mp-1246933.cif,-0.2208335846662521,-0.1594452261924743,mp-1246933,0.4942257983333356,Stable,Stable
mp-1247282.cif,-1.029052972793579,-1.0585360527038574,mp-1247282,0.09599881486110995,Stable,Stable
mp-726709.cif,0.3220569491386413,0.2921094298362732,mp-726709,1.2510394744444477,Unstable,Unstable
mp-29156.cif,-1.156551480293274,-1.191192865371704,mp-29156,0.0380106026190461,Stable,Stable
mp-1419.cif,0.5522624850273132,0.4501973390579223,mp-1419,0.4501973490340916,Unstable,Unstable
mp-1229212.cif,-0.4503316879272461,-0.4187777042388916,mp-1229212,0.34586170461538224,Stable,Stable
mp-776321.cif,-0.2445514351129531,-0.3174132704734802,mp-776321,0.14700750083333247,Stable,Stable
mp-1029574.cif,-0.1979170441627502,-0.1702962517738342,mp-1029574,0.017569250097702493,Stable,Stable
mp-1246519.cif,-0.6765178442001343,-0.685971200466156,mp-1246519,0.12449259646052546,Stable,Stable
mp-22631.cif,0.1255395263433456,0.1778652817010879,mp-22631,0.17786528208333507,Unstable,Unstable
mp-1238356.cif,-0.3303360342979431,-0.2122326642274856,mp-1238356,0.3979377357812499,Stable,Stable
mp-601326.cif,-0.6855890154838562,-0.7010682225227356,mp-601326,0.0,Stable,Stable
mp-626542.cif,0.0276849269866943,-0.0753171071410179,mp-626542,0.8769928056666663,Stable,Unstable
mp-1079486.cif,2.187002420425415,2.4633703231811523,mp-1079486,2.4623492563888885,Unstable,Unstable
mp-11670.cif,-1.4671095609664917,-1.4360827207565308,mp-11670,0.0,Stable,Stable
mp-1246076.cif,-0.1647218167781829,-0.1276490688323974,mp-1246076,0.3465357596153851,Stable,Stable
mp-1078929.cif,0.0848171263933181,-0.0150456456467509,mp-1078929,0.7498316949999997,Stable,Unstable
mp-1247225.cif,-0.6107068657875061,-0.6695536971092224,mp-1247225,0.19210678874999942,Stable,Stable
mp-1228339.cif,-1.897292137145996,-1.7416664361953735,mp-1228339,0.2658820272916671,Stable,Stable
mp-1223097.cif,-0.5862271785736084,-0.5739880204200745,mp-1223097,0.008584822812499837,Stable,Stable
mp-707274.cif,-0.9302706122398376,-0.9070630073547364,mp-707274,0.1944709083007803,Stable,Stable
mp-510380.cif,-0.1993911564350128,-0.2096613496541977,mp-510380,0.06883214624999923,Stable,Stable
mp-552185.cif,-0.7310926914215088,-0.680663526058197,mp-552185,0.0,Stable,Stable
mp-1246609.cif,-0.2378217279911041,-0.242162674665451,mp-1246609,0.03854832699999733,Stable,Stable
mp-1212631.cif,-1.1911104917526243,-1.133937120437622,mp-1212631,0.5506877583680545,Stable,Stable
mp-759161.cif,-0.3415390849113464,-0.3670810163021087,mp-759161,0.08723175328124988,Stable,Stable
mp-1245876.cif,-0.3001918494701385,-0.2870611846446991,mp-1245876,0.38920278187499946,Stable,Stable
mp-604245.cif,-1.5604969263076782,-1.555364727973938,mp-604245,0.009732543000000149,Stable,Stable
mp-6825.cif,-1.3930989503860474,-1.377012014389038,mp-6825,0.0,Stable,Stable
mp-560716.cif,-1.2291518449783323,-1.2484245300292969,mp-560716,0.0,Stable,Stable
mp-9499.cif,-2.394598960876465,-2.417075157165528,mp-9499,0.025937065833330664,Stable,Stable
mp-1246402.cif,-0.7801385521888733,-0.7416238784790039,mp-1246402,0.30344018305555664,Stable,Stable
mp-1197085.cif,-0.9490464925765992,-0.920845866203308,mp-1197085,0.8963390172500034,Stable,Stable
mp-1182706.cif,2.447050809860229,2.322678565979004,mp-1182706,3.089854534583333,Unstable,Unstable
mp-30148.cif,-0.0642371252179145,-0.1635067909955978,mp-30148,0.5429827012500006,Stable,Stable
mp-4678.cif,-1.2896416187286377,-1.257320761680603,mp-4678,0.020636522083336217,Stable,Stable
mp-1189871.cif,-0.972768783569336,-0.9659096598625184,mp-1189871,0.0,Stable,Stable
mp-561502.cif,-1.4148021936416626,-1.3700257539749146,mp-561502,0.144262260416669,Stable,Stable
mp-1245678.cif,-1.6002862453460691,-1.5827152729034424,mp-1245678,0.25692945609375073,Stable,Stable
mp-1246450.cif,0.3312028050422668,0.3025725185871124,mp-1246450,0.36307585833333267,Unstable,Unstable
mp-699469.cif,-0.8048883676528931,-0.8116165995597839,mp-699469,0.0,Stable,Stable
mp-541712.cif,-1.5029412508010864,-1.5301494598388672,mp-541712,0.0,Stable,Stable
mp-976247.cif,0.384145975112915,0.4105809032917022,mp-976247,0.4649287656746015,Unstable,Unstable
mp-1245486.cif,-0.5152333974838257,-0.5508042573928833,mp-1245486,0.2890318050000005,Stable,Stable
mp-569580.cif,-1.7943625450134275,-1.8325698375701904,mp-569580,0.04372773589285739,Stable,Stable
mp-773830.cif,-0.7061223983764648,-0.5790104866027832,mp-773830,0.21727048974999974,Stable,Stable
mp-1019378.cif,-1.426570177078247,-1.4099479913711548,mp-1019378,0.017318488749999972,Stable,Stable
mp-570315.cif,-0.7335387468338013,-0.6812590956687927,mp-570315,0.26315332487499177,Stable,Stable
mp-1080799.cif,-0.077365294098854,-0.2462807148694992,mp-1080799,0.9402272565000009,Stable,Stable
mp-1246275.cif,-0.2869108915328979,-0.249449536204338,mp-1246275,0.1447163583333282,Stable,Stable
mp-1360641.cif,0.0170172974467277,1.2516769170761108,mp-1360641,2.152743505564705,Unstable,Unstable
mp-1196230.cif,-0.8468686938285828,-0.791186511516571,mp-1196230,0.355157582173911,Stable,Stable
mp-1078389.cif,-0.4727528691291809,-0.5354622602462769,mp-1078389,0.010758138749999091,Stable,Stable
mp-1018099.cif,-1.541465163230896,-1.5439934730529783,mp-1018099,0.015742234791666476,Stable,Stable
mp-1247051.cif,-0.0937195196747779,-0.0797413364052772,mp-1247051,0.21248991158333386,Stable,Stable
mp-1208340.cif,0.7574712634086609,0.5711333751678467,mp-1208340,2.073906894375,Unstable,Unstable
mp-605821.cif,-2.018714189529419,-1.824572205543518,mp-605821,0.15121970517857175,Stable,Stable
mp-1245538.cif,-0.1942777335643768,-0.2050725817680359,mp-1245538,0.032032299999999125,Stable,Stable
mp-13098.cif,-1.0330967903137207,-1.0635793209075928,mp-13098,0.9360380049999986,Stable,Stable
mp-1029517.cif,-0.3749511837959289,-0.4057337641716003,mp-1029517,0.1162830578125007,Stable,Stable
mp-1247394.cif,-0.1496245861053466,-0.121590606868267,mp-1247394,0.09615111416666622,Stable,Stable
mp-679983.cif,-0.6485263109207153,-0.6629188060760498,mp-679983,0.007183700694458395,Stable,Stable
mp-1245596.cif,0.0699411332607269,0.0793466866016388,mp-1245596,0.2960599271264357,Unstable,Unstable
mp-1189295.cif,-0.3454228043556213,-0.3965155780315399,mp-1189295,1.2076156122222237,Stable,Stable
mp-27970.cif,0.1091709285974502,0.079769529402256,mp-27970,0.05397993733333628,Unstable,Unstable
mp-1219350.cif,-1.0375176668167114,-1.1374400854110718,mp-1219350,0.028990906449270604,Stable,Stable
mp-607806.cif,-2.0770623683929443,-2.1640408039093018,mp-607806,0.0,Stable,Stable
mp-1217099.cif,-1.1282424926757812,-1.1170638799667358,mp-1217099,0.002745354999998284,Stable,Stable
mp-703444.cif,-1.843352437019348,-1.844216108322144,mp-703444,0.0,Stable,Stable
mp-1246612.cif,-0.3639239072799682,-0.4533492624759674,mp-1246612,0.2562688637500017,Stable,Stable
mp-1245480.cif,-0.7800421118736267,-0.7599214911460876,mp-1245480,0.21226373097222329,Stable,Stable
mp-1180345.cif,0.0598374456167221,-0.0593017935752868,mp-1180345,0.39156547662499985,Stable,Unstable
mp-1391177.cif,-0.7785761952400208,-0.6724594831466675,mp-1391177,0.13227267600000037,Stable,Stable
mp-776452.cif,-3.202422380447388,-3.163588523864746,mp-776452,0.09467033101190836,Stable,Stable
mp-2718.cif,0.5346358418464661,0.3737374544143677,mp-2718,0.37373745291666616,Unstable,Unstable
mp-868032.cif,-1.1333816051483154,-1.136276125907898,mp-868032,0.15855172639535198,Stable,Stable
mp-1097065.cif,-1.4945214986801147,-1.431819200515747,mp-1097065,0.0,Stable,Stable
mp-648211.cif,-0.9342697262763976,-0.9576256275177002,mp-648211,0.02243096619791718,Stable,Stable
mp-1246014.cif,-0.30519700050354,-0.3286886811256408,mp-1246014,0.19134684041666628,Stable,Stable
mp-706430.cif,-0.9336616396903992,-1.012433648109436,mp-706430,0.04156773000000058,Stable,Stable
mp-1202072.cif,-0.9622040390968324,-0.9191792011260986,mp-1202072,0.27558607326922946,Stable,Stable
mp-1029619.cif,-0.3463225960731506,-0.4469983577728271,mp-1029619,0.08901903880953022,Stable,Stable
mp-1194108.cif,-0.9638624787330629,-1.128131866455078,mp-1194108,0.0,Stable,Stable
mp-1200895.cif,-0.3138764500617981,-0.3356038630008697,mp-1200895,0.039933175216051886,Stable,Stable
mp-1225717.cif,0.4018065929412842,0.3891482651233673,mp-1225717,0.38914827374999916,Unstable,Unstable
mp-1220939.cif,-1.8920215368270876,-1.8016780614852903,mp-1220939,0.10507952406250087,Stable,Stable
mp-1218704.cif,-2.7680795192718506,-2.830905675888061,mp-1218704,0.04340295928571791,Stable,Stable
mp-8102.cif,-0.1343175172805786,-0.1657091826200485,mp-8102,0.36505740142857235,Stable,Stable
mp-1194674.cif,-0.5259703993797302,-0.5124462842941284,mp-1194674,0.0,Stable,Stable
mp-1009601.cif,1.2976924180984497,1.139062762260437,mp-1009601,1.1390627124999995,Unstable,Unstable
mp-1245473.cif,-0.0367977581918239,-0.1191024705767631,mp-1245473,0.3104531984999994,Stable,Stable
mp-1225528.cif,-1.0947283506393433,-1.1740572452545166,mp-1225528,0.05166429749999679,Stable,Stable
mp-1245584.cif,0.0041456371545791,-0.0691293105483055,mp-1245584,0.31151733555555516,Stable,Unstable
mp-1244975.cif,-0.0235565900802612,-0.052312035113573,mp-1244975,0.6177373734000007,Stable,Stable
mp-1197127.cif,0.9782492518424988,1.015406847000122,mp-1197127,1.1620918630555526,Unstable,Unstable
mp-1206884.cif,-0.2494320571422577,-0.1559952944517135,mp-1206884,0.04054900744444545,Stable,Stable
mp-1247475.cif,0.1827177256345749,0.1537613123655319,mp-1247475,0.18953030909090884,Unstable,Unstable
mp-740754.cif,-1.1224814653396606,-1.1095318794250488,mp-740754,0.15947028242284844,Stable,Stable
mp-1358821.cif,0.9081699848175048,0.9465586543083192,mp-1358821,3.4105202025000017,Unstable,Unstable
mp-1245422.cif,0.1126412004232406,0.0680988356471061,mp-1245422,0.28584056125000146,Unstable,Unstable
mp-1192944.cif,-0.5410689115524292,-0.6675746440887451,mp-1192944,0.0,Stable,Stable
mp-1245772.cif,-0.4227660894393921,-0.3946552574634552,mp-1245772,0.19299558403097006,Stable,Stable
mp-1194039.cif,-1.238715648651123,-1.2540843486785889,mp-1194039,0.2935187325000017,Stable,Stable
mp-567459.cif,0.3282957673072815,0.2276421040296554,mp-567459,0.22764210597222245,Unstable,Unstable
mp-1225746.cif,0.4981169700622558,0.5144539475440979,mp-1225746,0.514453951250001,Unstable,Unstable
mp-1217108.cif,-1.1202536821365356,-0.8587813377380371,mp-1217108,0.8028528866666669,Stable,Stable
mp-1210601.cif,-0.4087417721748352,-0.2593473792076111,mp-1210601,1.2967223603846136,Stable,Stable
mp-1359894.cif,0.8202495574951172,0.8621038198471069,mp-1359894,3.1965880672499996,Unstable,Unstable
mp-1119132.cif,-0.1256251037120819,-0.147488385438919,mp-1119132,0.21786460492241133,Stable,Stable
mp-636056.cif,1.0824109315872192,0.8158648014068604,mp-636056,1.0369771337499998,Unstable,Unstable
mp-1228663.cif,-1.2224326133728027,-1.1809920072555542,mp-1228663,0.0,Stable,Stable
mp-1247461.cif,-0.4655821919441223,-0.4594191908836365,mp-1247461,0.3602444335000001,Stable,Stable
mp-754668.cif,-3.078970193862915,-3.073714256286621,mp-754668,0.09546812406249927,Stable,Stable
mp-752863.cif,-1.3043177127838137,-1.2796536684036257,mp-752863,0.008970973465908472,Stable,Stable
mp-28065.cif,-2.4188411235809326,-2.420877695083618,mp-28065,0.0,Stable,Stable
mp-1246515.cif,-1.5386489629745483,-1.551299810409546,mp-1246515,0.0,Stable,Stable
mp-1212266.cif,-1.4241966009140017,-1.436932921409607,mp-1212266,0.0,Stable,Stable
mp-1219585.cif,1.386968016624451,1.474483847618103,mp-1219585,2.2884659598437502,Unstable,Unstable
mp-1189989.cif,1.5917941331863403,1.6043922901153564,mp-1189989,1.7282288607031244,Unstable,Unstable
mp-1202727.cif,0.5152862668037415,0.5361858606338501,mp-1202727,0.5610695978124998,Unstable,Unstable
mp-1245574.cif,-0.4990192651748657,-0.506449818611145,mp-1245574,0.06185921133332872,Stable,Stable
mp-754512.cif,-0.6298298239707947,-0.6222417950630188,mp-754512,0.2998357197685193,Stable,Stable
mp-637256.cif,-0.160442367196083,-0.1530130207538604,mp-637256,0.12030490777777203,Stable,Stable
mp-1197141.cif,-0.694417417049408,-0.8995190262794495,mp-1197141,0.5982964733014686,Stable,Stable
mp-1246424.cif,-0.3632810115814209,-0.4141496121883392,mp-1246424,0.29128505611111066,Stable,Stable
mp-562172.cif,-0.8268724083900452,-0.8487504124641418,mp-562172,0.0,Stable,Stable
mp-1246668.cif,-0.0966074913740158,-0.1002620756626129,mp-1246668,0.21587460592105323,Stable,Stable
mp-1246298.cif,-0.5700832605361938,-0.5983890295028687,mp-1246298,0.11228546111111015,Stable,Stable
mp-1246032.cif,-0.4857567548751831,-0.4545722603797912,mp-1246032,0.36476610166666656,Stable,Stable
mp-1001079.cif,-0.0082934349775314,0.0105357896536588,mp-1001079,0.41196654675000133,Unstable,Stable
mp-568498.cif,-0.9211150407791138,-0.933420181274414,mp-568498,0.0,Stable,Stable
mp-1245787.cif,0.0733305066823959,0.168990209698677,mp-1245787,0.33847711433333316,Unstable,Unstable
mp-1233979.cif,-2.19148588180542,-2.201922416687012,mp-1233979,0.38813792142857473,Stable,Stable
mp-1245922.cif,-0.8521348237991333,-0.9587605595588684,mp-1245922,0.08168255092592602,Stable,Stable
mp-1029359.cif,-1.8812004327774048,-1.8755446672439573,mp-1029359,0.0,Stable,Stable
mp-1200374.cif,-0.1362297683954239,-0.0081733521074056,mp-1200374,0.6108433949652756,Stable,Stable
mp-1209746.cif,-2.0257394313812256,-2.083580017089844,mp-1209746,0.0,Stable,Stable
mp-675089.cif,-1.2969290018081665,-0.6645365953445435,mp-675089,0.994766616486114,Stable,Stable
mp-1080727.cif,-1.04079270362854,-0.9641816020011902,mp-1080727,1.2380933960000045,Stable,Stable
mp-1236949.cif,0.6098615527153015,0.5166159868240356,mp-1236949,1.7969885478431271,Unstable,Unstable
mp-1192067.cif,0.1331412345170974,0.1223964095115661,mp-1192067,0.1657570781381139,Unstable,Unstable
mp-653586.cif,0.1008431613445282,0.1271770745515823,mp-653586,0.44183242590909,Unstable,Unstable
mp-1180048.cif,-0.9086026549339294,-1.064536452293396,mp-1180048,0.19299444833333457,Stable,Stable
mp-1216011.cif,-0.1767871528863906,-0.1987543255090713,mp-1216011,0.12556332785714552,Stable,Stable
mp-1203953.cif,-1.7483270168304443,-1.7612109184265137,mp-1203953,0.08576379237501897,Stable,Stable
mp-1218989.cif,-1.0063878297805786,-1.066777586936951,mp-1218989,0.04410884145833194,Stable,Stable
mp-1245380.cif,-0.2474941462278366,-0.2797873616218567,mp-1245380,0.29963810035714467,Stable,Stable
mp-1245932.cif,0.0175421983003616,0.1140119805932045,mp-1245932,0.304925613,Unstable,Unstable
mp-1193817.cif,-0.0575258582830429,-0.1059326454997062,mp-1193817,0.3294079221428552,Stable,Stable
mp-579496.cif,-0.2330116778612136,-0.2513298690319061,mp-579496,0.0,Stable,Stable
mp-1214251.cif,0.2004043012857437,-0.0064964150078594,mp-1214251,0.10764074121093792,Stable,Unstable
mp-1245355.cif,-1.19087815284729,-1.2206463813781738,mp-1245355,0.1776229770312483,Stable,Stable
mp-29754.cif,-0.614594042301178,-0.6219862103462219,mp-29754,0.0,Stable,Stable
mp-23745.cif,-0.8655843138694763,-0.8736370801925659,mp-23745,0.19849864584374988,Stable,Stable
mp-6977.cif,-1.2502743005752563,-1.1858389377593994,mp-6977,0.03151386449999993,Stable,Stable
mp-1029737.cif,-1.2727748155593872,-1.23837149143219,mp-1029737,0.042143475416672516,Stable,Stable
mp-542791.cif,-2.0209550857543945,-2.108393907546997,mp-542791,1.4276666666646065e-05,Stable,Stable
mp-1030704.cif,-0.6174589991569519,-0.6170554161071777,mp-1030704,0.0,Stable,Stable
mp-1246387.cif,-0.4545003771781921,-0.5335173606872559,mp-1246387,0.363773620937506,Stable,Stable
mp-13099.cif,-1.6245582103729248,-1.7519060373306274,mp-13099,0.24771123500000058,Stable,Stable
mp-27989.cif,0.262168824672699,0.1929748356342315,mp-27989,0.46096180703125,Unstable,Unstable
mp-1201225.cif,-0.8557283282279968,-0.9524186253547668,mp-1201225,0.9905609520499947,Stable,Stable
mp-1208230.cif,-0.2460293024778366,-0.251481682062149,mp-1208230,1.4850656248333305,Stable,Stable
mp-775788.cif,-2.479379415512085,-2.4465925693511963,mp-775788,0.21221269399999976,Stable,Stable
mp-726756.cif,0.0856548100709915,-0.230653241276741,mp-726756,0.4907913812878766,Stable,Unstable
mp-775824.cif,-2.341222047805786,-2.332081794738769,mp-775824,0.13227990675000179,Stable,Stable
mp-1191312.cif,-0.2159284502267837,-0.2876699864864349,mp-1191312,1.4267195375000004,Stable,Stable
mp-1018733.cif,0.8193548321723938,0.7493382096290588,mp-1018733,0.7493382050000008,Unstable,Unstable
mp-1199676.cif,-1.2039200067520142,-1.156591773033142,mp-1199676,0.0,Stable,Stable
mp-1207397.cif,0.210923746228218,0.2466691434383392,mp-1207397,1.3843922361666667,Unstable,Unstable
mp-1246049.cif,-0.1419350206851959,-0.160205066204071,mp-1246049,0.15931765888888805,Stable,Stable
mp-1246444.cif,0.4828656911849975,0.3577827513217926,mp-1246444,0.35778275340909005,Unstable,Unstable
mp-757652.cif,-1.1629576683044434,-1.156254768371582,mp-757652,0.004657284924086902,Stable,Stable
mp-1246742.cif,0.3643803000450134,0.3996569216251373,mp-1246742,0.3996569113043478,Unstable,Unstable
mp-560230.cif,-0.8573159575462341,-0.919411301612854,mp-560230,0.0,Stable,Stable
mp-1247064.cif,-0.6909546852111816,-0.5902366638183594,mp-1247064,0.08428642083333404,Stable,Stable
mp-1182015.cif,2.9891245365142822,2.441445589065552,mp-1182015,2.4689282725000012,Unstable,Unstable
mp-14763.cif,-0.9648200273513794,-1.025200366973877,mp-14763,0.0,Stable,Stable
mp-1247511.cif,-0.0762261897325515,-0.0258980840444564,mp-1247511,0.44363368157566985,Stable,Stable
mp-1193689.cif,-0.0494558364152908,-0.1901937127113342,mp-1193689,0.1653499130803553,Stable,Stable
mp-1200941.cif,-0.2394633144140243,-0.2492271810770034,mp-1200941,0.17415784708333248,Stable,Stable
mp-1212696.cif,-0.5614820122718811,-0.5514836311340332,mp-1212696,0.07928757981481294,Stable,Stable
mp-1193813.cif,-2.2255163192749023,-2.310722589492798,mp-1193813,0.45199737589101296,Stable,Stable
mp-24019.cif,-0.6746146082878113,-0.7409287095069885,mp-24019,0.30225145297618994,Stable,Stable
mp-625686.cif,-0.4907182455062866,-0.4659840166568756,mp-625686,0.5061067662222198,Stable,Stable
mp-1181463.cif,0.001902163028717,0.0444710254669189,mp-1181463,0.7165065872265615,Unstable,Unstable
mp-1191221.cif,0.7412871718406677,0.5386227369308472,mp-1191221,1.1030690036363637,Unstable,Unstable
mp-1182073.cif,-0.8878368139266968,-1.0630468130111694,mp-1182073,0.544181025851449,Stable,Stable
mp-1009541.cif,0.5567006468772888,0.6468985676765442,mp-1009541,0.8307409131321837,Unstable,Unstable
mp-565428.cif,-1.5977858304977417,-1.63726007938385,mp-565428,0.010062201304347873,Stable,Stable
mp-1192810.cif,-0.7748605608940125,-0.6548170447349548,mp-1192810,0.9534650335833428,Stable,Stable
mp-1217103.cif,-1.2599843740463257,-1.237826943397522,mp-1217103,0.0,Stable,Stable
mp-1245746.cif,0.0453856736421585,-0.0659450218081474,mp-1245746,0.26651128135416613,Stable,Unstable
mp-849229.cif,-1.120375394821167,-1.10645854473114,mp-849229,0.009179653181815794,Stable,Stable
mp-1106104.cif,0.9407832026481628,1.0526330471038818,mp-1106104,1.6951203604273486,Unstable,Unstable
mp-1245812.cif,-0.0754727870225906,0.0539529174566268,mp-1245812,0.4224157989285704,Unstable,Stable
mp-504828.cif,-1.393796682357788,-1.3577953577041626,mp-504828,0.0,Stable,Stable
mp-1246649.cif,-0.554347574710846,-0.615540087223053,mp-1246649,0.0,Stable,Stable
mp-1246747.cif,0.0762248486280441,-0.0026172979269176,mp-1246747,0.2212542750333295,Stable,Unstable
mp-728567.cif,1.3389593362808228,1.3133902549743652,mp-728567,1.6920674398214306,Unstable,Unstable
mp-618375.cif,-0.3854274153709411,-0.4685446619987488,mp-618375,0.2666433397435899,Stable,Stable
mp-20419.cif,-0.6878622174263,-0.6883296966552734,mp-20419,0.0,Stable,Stable
mp-1245733.cif,-1.3503588438034058,-1.2665677070617676,mp-1245733,0.346976541250001,Stable,Stable
mp-1194636.cif,-1.4625219106674194,-1.414301872253418,mp-1194636,0.09054443950215241,Stable,Stable
mp-1246857.cif,-1.169247031211853,-1.2343932390213013,mp-1246857,0.1611756813636358,Stable,Stable
mp-568293.cif,-0.9323766827583312,-0.9283447861671448,mp-568293,0.031375908249998474,Stable,Stable
mp-1180300.cif,-0.2880765199661255,-0.424675315618515,mp-1180300,0.09692177300001958,Stable,Stable
mp-36903.cif,-1.4451998472213743,-1.4146389961242676,mp-36903,0.007499554500000727,Stable,Stable
mp-1247459.cif,-0.8309561610221863,-0.89936363697052,mp-1247459,0.06338541491228078,Stable,Stable
mp-1095503.cif,-0.7505149245262146,-0.8326120376586914,mp-1095503,0.5736897292708338,Stable,Stable
mp-1179042.cif,0.5499508380889893,0.4331063628196716,mp-1179042,0.5034397010763882,Unstable,Unstable
mp-662551.cif,-0.3854165077209472,-0.304295152425766,mp-662551,0.6832117195,Stable,Stable
mp-1228031.cif,-1.2589409351348877,-1.1820813417434692,mp-1228031,0.00384072946502112,Stable,Stable
mp-707784.cif,-1.333309531211853,-1.2915772199630735,mp-707784,0.0017794620625011248,Stable,Stable
mp-1246347.cif,-0.3728750944137573,-0.4463011920452118,mp-1246347,0.3165146516714561,Stable,Stable
mp-1102371.cif,1.423141360282898,1.3050745725631714,mp-1102371,2.056778179166667,Unstable,Unstable
mp-1246782.cif,-0.9185490012168884,-0.7967260479927063,mp-1246782,0.32305538555555735,Stable,Stable
mp-1204820.cif,-0.7764675617218018,-0.6767392158508301,mp-1204820,0.5009906395312509,Stable,Stable
mp-4396.cif,-1.6041878461837769,-1.5901765823364258,mp-4396,0.0,Stable,Stable
mp-1246848.cif,-0.4326281547546386,-0.4277576804161072,mp-1246848,0.20149393785714587,Stable,Stable
mp-861914.cif,-0.6649798154830933,-0.6938655376434326,mp-861914,0.0,Stable,Stable
mp-726636.cif,0.0883015990257263,0.2604359686374664,mp-726636,0.6757843012916664,Unstable,Unstable
mp-1246890.cif,-0.4540581703186035,-0.4429335594177246,mp-1246890,0.29406526,Stable,Stable
mp-1205028.cif,-0.5993874669075012,-0.605239987373352,mp-1205028,0.0,Stable,Stable
mp-1223479.cif,-0.9197397828102112,-0.8690320253372192,mp-1223479,0.17915558378205176,Stable,Stable
mp-625385.cif,-0.4142757058143616,-0.3621553480625152,mp-625385,0.5156459934999988,Stable,Stable
mp-560323.cif,-1.297173261642456,-1.2421363592147827,mp-560323,0.05375843432692129,Stable,Stable
mp-1246691.cif,-0.6109563708305359,-0.644360363483429,mp-1246691,0.1153347852777813,Stable,Stable
mp-1208917.cif,-0.223986729979515,-0.1825614124536514,mp-1208917,1.4827827981666646,Stable,Stable
mp-1206642.cif,-0.6692889332771301,-0.6292627453804016,mp-1206642,0.1058532247983841,Stable,Stable
mp-1190850.cif,-0.1670795381069183,-0.2260189652442932,mp-1190850,0.5772788132954467,Stable,Stable
mp-1203459.cif,-1.3908439874649048,-1.3661606311798096,mp-1203459,0.0,Stable,Stable
mp-24741.cif,-1.5079195499420166,-1.5716876983642578,mp-24741,0.0,Stable,Stable
mp-559044.cif,0.0278310775756835,0.0239481404423713,mp-559044,0.16284084895833395,Unstable,Unstable
mp-1246210.cif,-0.5684260725975037,-0.554883599281311,mp-1246210,0.3424633295370372,Stable,Stable
mp-1213900.cif,-0.8592918515205383,-0.8572282195091248,mp-1213900,0.6267964347807027,Stable,Stable
mp-1245233.cif,0.0026552081108093,-0.0211956482380628,mp-1245233,0.6488537591999997,Stable,Unstable
mp-574060.cif,-0.0932203233242034,-0.1348675638437271,mp-574060,0.38589190141666485,Stable,Stable
mp-1219842.cif,-2.376079797744751,-2.269371509552002,mp-1219842,0.15607073879629496,Stable,Stable
mp-1245349.cif,-0.2342007756233215,0.0007003835635259,mp-1245349,0.39703447361111,Unstable,Stable
mp-1246147.cif,-0.0015135705471038,-0.0232374388724565,mp-1246147,0.2693604464473722,Stable,Stable
mp-1246323.cif,-0.8252259492874146,-0.7363690137863159,mp-1246323,0.34470936829629295,Stable,Stable
mp-1247183.cif,-0.1850925832986831,-0.250497043132782,mp-1247183,0.29932068583333216,Stable,Stable
mp-1246536.cif,0.3199473619461059,0.295275866985321,mp-1246536,0.2952758708695651,Unstable,Unstable
mp-1246041.cif,-0.5961412787437439,-0.633083701133728,mp-1246041,0.14549080597222108,Stable,Stable
mp-1015065.cif,-0.2509166598320007,-0.3760068714618683,mp-1015065,0.2661532685714274,Stable,Stable
mp-854026.cif,-0.1411619335412979,1.186953902244568,mp-854026,3.650915492250002,Unstable,Stable
mp-1246980.cif,-1.227812886238098,-1.2034316062927246,mp-1246980,0.10380364611111226,Stable,Stable
mp-1412630.cif,1.8975945711135864,5.82205867767334,mp-1412630,5.488827683461539,Unstable,Unstable
mp-1198441.cif,-0.0216011255979537,-0.0042108311317861,mp-1198441,0.865084159854649,Stable,Stable
mp-1245488.cif,-1.055253505706787,-1.1247221231460571,mp-1245488,0.022117702638887238,Stable,Stable
mp-8845.cif,-0.3582291007041931,-0.4068937003612518,mp-8845,0.4159495994749145,Stable,Stable
mp-1246945.cif,-0.8709161877632141,-0.9555994868278505,mp-1246945,0.15395467799999807,Stable,Stable
mp-1245661.cif,0.0134791284799575,0.0050910697318613,mp-1245661,0.3850716936363696,Unstable,Unstable
mp-1245471.cif,0.0437627658247947,-0.0528763942420482,mp-1245471,0.22908221880268087,Stable,Unstable
mp-1201037.cif,0.0176010280847549,0.0157887656241655,mp-1201037,0.2024977409288944,Unstable,Unstable
mp-28946.cif,-2.1885645389556885,-2.189558267593384,mp-28946,0.06805123474999952,Stable,Stable
mp-1245560.cif,-1.0791988372802734,-1.0213481187820437,mp-1245560,0.1469222650000006,Stable,Stable
mp-1246574.cif,-1.0084266662597656,-0.9971436858177184,mp-1246574,0.052953390500001696,Stable,Stable
mp-11009.cif,-0.5916383266448975,-0.6044259667396545,mp-11009,0.09159942823979428,Stable,Stable
mp-1096918.cif,-0.0730108693242073,-0.1257799714803695,mp-1096918,0.37367790125000155,Stable,Stable
mp-1245344.cif,-0.8998690247535706,-0.9395390152931212,mp-1245344,0.22357596468749996,Stable,Stable
mp-1245677.cif,1.950117230415344,1.6896719932556152,mp-1245677,1.9509620949999977,Unstable,Unstable
mp-10556.cif,-0.9521982073783876,-1.0025743246078491,mp-10556,0.0,Stable,Stable
mp-722329.cif,-0.1943545937538147,-0.2237166315317154,mp-722329,0.1071649819444449,Stable,Stable
mp-707981.cif,-2.229003667831421,-2.244570732116699,mp-707981,0.0,Stable,Stable
mp-568653.cif,-0.4598646163940429,-0.5411736369132996,mp-568653,0.30846621320454615,Stable,Stable
mp-1188940.cif,0.4465430974960327,0.3966108858585357,mp-1188940,1.1723420846666661,Unstable,Unstable
mp-1147771.cif,0.0791138261556625,-0.08210951089859,mp-1147771,0.3977968221428583,Stable,Unstable
mp-647275.cif,0.047291874885559,-0.0678162574768066,mp-647275,0.06091367011067694,Stable,Unstable
mp-1199387.cif,-1.0650713443756104,-1.1734548807144165,mp-1199387,0.4108162439856571,Stable,Stable
mp-1245761.cif,-0.0980270951986312,0.5009861588478088,mp-1245761,0.9722843092272715,Unstable,Stable
mp-1237219.cif,1.0993680953979492,0.8083879947662354,mp-1237219,1.364042332989512,Unstable,Unstable
mp-1178776.cif,-0.5699764490127563,-0.5785201787948608,mp-1178776,0.4683508006944441,Stable,Stable
mp-1190039.cif,0.7941648960113525,0.8120307326316833,mp-1190039,0.8703145109374999,Unstable,Unstable
mp-1191227.cif,1.0896531343460083,1.0797404050827026,mp-1191227,1.449846810555556,Unstable,Unstable
mp-2493.cif,-1.6668745279312134,-1.7461655139923096,mp-2493,0.0,Stable,Stable
mp-1006616.cif,-0.5663341879844666,-0.6818947196006775,mp-1006616,0.3105341334210534,Stable,Stable
mp-1209053.cif,0.6576735377311707,0.5451800227165222,mp-1209053,1.1422165894444456,Unstable,Unstable
mp-1245727.cif,-0.480448305606842,-0.4995934665203094,mp-1245727,0.20683099250000048,Stable,Stable
mp-1245903.cif,-0.353149950504303,-0.3863003253936767,mp-1245903,0.1692701483333341,Stable,Stable
mp-989407.cif,-1.1882380247116089,-1.1830134391784668,mp-989407,0.038582182500004336,Stable,Stable
mp-1238430.cif,-0.2277524918317794,-0.258615493774414,mp-1238430,0.12149756375000109,Stable,Stable
mp-726169.cif,-0.7556321024894714,-0.794611930847168,mp-726169,0.7851368685000009,Stable,Stable
mp-20362.cif,-0.2009470909833908,-0.3452120721340179,mp-20362,0.06109294566666357,Stable,Stable
mp-1245432.cif,-0.5393281579017639,-0.5783221125602722,mp-1245432,0.11395964948717996,Stable,Stable
mp-1245373.cif,-0.804719090461731,-0.7879747748374939,mp-1245373,0.21069252196428323,Stable,Stable
mp-1101868.cif,0.8071627020835876,0.6336480975151062,mp-1101868,0.6336481266666674,Unstable,Unstable
mp-1385921.cif,-0.6963797807693481,-0.7432728409767151,mp-1385921,0.07766859637500101,Stable,Stable
mp-726898.cif,0.2721284627914428,0.2284761369228363,mp-726898,1.0204304310000012,Unstable,Unstable
mp-1224688.cif,-0.983512043952942,-0.9530274271965028,mp-1224688,0.18859490801491408,Stable,Stable
mp-1193346.cif,-0.7298404574394226,-0.7541378736495972,mp-1193346,0.0,Stable,Stable
mp-1097803.cif,0.1163007616996765,0.243018552660942,mp-1097803,0.8423680153333333,Unstable,Unstable
mp-1246335.cif,-0.1837859004735946,-0.2198128402233123,mp-1246335,0.25059898555555726,Stable,Stable
mp-1246162.cif,-0.3374426364898681,-0.3017479479312897,mp-1246162,0.3362293212962939,Stable,Stable
mp-541932.cif,-1.1545130014419556,-1.1547348499298096,mp-541932,0.002479529924086954,Stable,Stable
mp-570061.cif,-2.5043299198150635,-2.4567794799804688,mp-570061,0.008755668750001,Stable,Stable
mp-989527.cif,-1.8477157354354856,-1.7979236841201782,mp-989527,0.07040541349999963,Stable,Stable
mp-1105968.cif,-0.2511013746261596,-0.3063106536865234,mp-1105968,0.04693410062500014,Stable,Stable
mp-1224153.cif,-2.210021495819092,-2.1471896171569824,mp-1224153,0.02093456312499864,Stable,Stable
mp-1247283.cif,-0.3680030703544616,-0.3209853768348694,mp-1247283,0.27687923899999767,Stable,Stable
mp-7522.cif,-1.811112642288208,-1.7656733989715576,mp-7522,0.0,Stable,Stable
mp-557333.cif,-0.1841030865907669,-0.2077117413282394,mp-557333,0.10246882236956445,Stable,Stable
mp-1204351.cif,0.687635064125061,0.6272479295730591,mp-1204351,1.1814688519444427,Unstable,Unstable
mp-1202911.cif,-1.490838646888733,-1.458950400352478,mp-1202911,0.7235594866304371,Stable,Stable
mp-1195939.cif,-2.121499538421631,-2.111178159713745,mp-1195939,0.0,Stable,Stable
mp-1245616.cif,-0.4318208694458008,-0.4746833443641662,mp-1245616,0.1373085946666679,Stable,Stable
mp-1202654.cif,-0.2815336585044861,-0.2342003881931305,mp-1202654,1.21529862311111,Stable,Stable
mp-1189646.cif,-0.4790722131729126,-0.5068177580833435,mp-1189646,0.08371796124999964,Stable,Stable
mp-1147701.cif,-0.8618269562721252,-0.8824095129966736,mp-1147701,0.33360603357142793,Stable,Stable
mp-567933.cif,0.1048023849725723,0.0584250353276729,mp-567933,0.2152977487500003,Unstable,Unstable
mp-1194494.cif,-1.132042407989502,-1.0631872415542605,mp-1194494,0.08307051959999878,Stable,Stable
mp-30063.cif,0.2363552004098892,0.1396440714597702,mp-30063,0.13964406762362636,Unstable,Unstable
mp-1212539.cif,-0.280206024646759,-0.3371536135673523,mp-1212539,0.3518603346666662,Stable,Stable
mp-782034.cif,-2.932218551635742,-2.9357447624206543,mp-782034,0.11698113749424799,Stable,Stable
mp-32590.cif,-1.6858229637145996,-1.7399929761886597,mp-32590,0.0,Stable,Stable
mp-1224571.cif,-1.7766019105911257,-1.7942131757736206,mp-1224571,0.0,Stable,Stable
mp-2646978.cif,-0.1509709358215332,-0.2444450259208679,mp-2646978,0.42560438375000054,Stable,Stable
mp-1246407.cif,0.1920875161886215,0.226539745926857,mp-1246407,0.4175651797437734,Unstable,Unstable
mp-1246047.cif,0.5313357710838318,0.3804695904254913,mp-1246047,0.38046958145833365,Unstable,Unstable
mp-555122.cif,-1.0787774324417114,-1.1339980363845823,mp-555122,0.0,Stable,Stable
mp-27461.cif,0.6224631071090698,0.5111094117164612,mp-27461,0.5111094381249988,Unstable,Unstable
mp-4644.cif,-1.6988633871078491,-1.729790449142456,mp-4644,0.3054607934166711,Stable,Stable
mp-1194379.cif,1.0579651594161987,1.063981533050537,mp-1194379,1.3325861996666664,Unstable,Unstable
mp-1198261.cif,-1.064602613449097,-1.0652456283569336,mp-1198261,0.9197109545535751,Stable,Stable
mp-1180015.cif,1.21962308883667,1.026402235031128,mp-1180015,1.5788398036875,Unstable,Unstable
mp-557954.cif,-0.7917639017105103,-0.882440447807312,mp-557954,0.0020198360000014404,Stable,Stable
mp-540798.cif,-1.3032900094985962,-1.2551268339157104,mp-540798,0.0,Stable,Stable
mp-1229230.cif,-0.4754957556724548,-0.51276034116745,mp-1229230,0.2721590547058801,Stable,Stable
mp-1226573.cif,-1.5828222036361694,-1.5424236059188845,mp-1226573,0.0,Stable,Stable
mp-559123.cif,-2.8804969787597656,-2.947511911392212,mp-559123,0.08012543006251605,Stable,Stable
mp-1417640.cif,-0.814616322517395,-0.7788639068603516,mp-1417640,0.7380262589999997,Stable,Stable
mp-1182274.cif,-0.1119343340396881,-0.4305335581302643,mp-1182274,0.9029182288235287,Stable,Stable
mp-1218106.cif,-1.013710856437683,-0.9611591696739196,mp-1218106,0.20644976651041347,Stable,Stable
mp-740364.cif,-1.588340163230896,-1.68631911277771,mp-740364,0.5382728133333359,Stable,Stable
mp-1220030.cif,0.4978528022766113,0.332920640707016,mp-1220030,1.0171905136640618,Unstable,Unstable
mp-1207840.cif,-3.473230123519897,-3.360424041748047,mp-1207840,0.12565817833334947,Stable,Stable
mp-1222900.cif,-3.035510301589966,-3.0629169940948486,mp-1222900,0.1255613331874983,Stable,Stable
mp-579919.cif,0.0868574976921081,0.0401919670403003,mp-579919,0.016217053722220598,Unstable,Unstable
mp-13178.cif,-1.3430086374282837,-1.5643819570541382,mp-13178,0.11529023000000116,Stable,Stable
mp-720847.cif,-1.0829604864120483,-1.0965971946716309,mp-720847,0.0361241744444456,Stable,Stable
mp-2767672.cif,-1.375606894493103,-0.9946138858795166,mp-2767672,0.0,Stable,Stable
mp-1204124.cif,-0.6306585073471069,-0.5196666717529297,mp-1204124,0.4845961542647057,Stable,Stable
mp-1209413.cif,0.3964406847953796,0.2589289844036102,mp-1209413,0.25892899546875014,Unstable,Unstable
mp-1179735.cif,0.2613465785980224,0.1245179921388626,mp-1179735,0.9458926075000003,Unstable,Unstable
mp-2219268.cif,-1.856651306152344,-1.8601795434951784,mp-2219268,0.2991605913384614,Stable,Stable
mp-555292.cif,-2.059048891067505,-2.05145001411438,mp-555292,0.004872929375000723,Stable,Stable
mp-1079657.cif,-0.3392878770828247,-0.403743028640747,mp-1079657,1.2003881772222238,Stable,Stable
mp-1211974.cif,-1.1285618543624878,-1.1298526525497437,mp-1211974,0.54046741503472,Stable,Stable
mp-696658.cif,-0.731465756893158,-0.7780852913856506,mp-696658,0.26944118369444503,Stable,Stable
mp-1202436.cif,-0.4922496080398559,-0.512044370174408,mp-1202436,0.05188814923913032,Stable,Stable
mp-1247324.cif,0.2522722482681274,0.2476776987314224,mp-1247324,0.27404001740740824,Unstable,Unstable
mp-642331.cif,-0.7468324899673462,-0.7612598538398743,mp-642331,0.0,Stable,Stable
mp-1207105.cif,-0.0906227976083755,-0.1747310608625412,mp-1207105,1.2422788762500003,Stable,Stable
mp-1245736.cif,-0.5018967986106873,-0.4812318086624145,mp-1245736,0.3059954060416672,Stable,Stable
mp-28892.cif,-0.4886039495468139,-0.4562642276287079,mp-28892,0.0,Stable,Stable
mp-1246187.cif,0.3443712592124939,0.2438389509916305,mp-1246187,0.2581465526666662,Unstable,Unstable
mp-1210562.cif,0.5147309303283691,0.4947591722011566,mp-1210562,0.6075308616666675,Unstable,Unstable
mp-1245858.cif,0.4140551686286926,0.3626298308372497,mp-1245858,0.362629830625,Unstable,Unstable
mp-1196452.cif,-0.3836578726768493,-0.4151255488395691,mp-1196452,0.5418967236666647,Stable,Stable
mp-32652.cif,0.0172954648733139,0.1348254680633545,mp-32652,0.5718018090000001,Unstable,Unstable
mp-1194133.cif,-0.1525825262069702,-0.3408457040786743,mp-1194133,0.012731679821428088,Stable,Stable
mp-1211010.cif,-0.3262100219726562,-0.3176916241645813,mp-1211010,0.8217945158653777,Stable,Stable
mp-1247130.cif,-0.690895140171051,-0.7644191384315491,mp-1247130,0.16674257407408,Stable,Stable
mp-722290.cif,-1.008250713348389,-0.8784950375556946,mp-722290,0.6284224128869047,Stable,Stable
mp-866650.cif,-1.2482901811599731,-1.3312512636184692,mp-866650,0.0,Stable,Stable
mp-1002117.cif,0.8892871737480164,0.589942455291748,mp-1002117,0.7646614933333318,Unstable,Unstable
mp-574424.cif,0.7528579831123352,0.6347714066505432,mp-574424,0.6347714082031253,Unstable,Unstable
mp-1227210.cif,-1.443468451499939,-1.3563573360443115,mp-1227210,0.06804072954017393,Stable,Stable
mp-1245443.cif,-0.7993956208229065,-0.7526711225509644,mp-1245443,0.12419524250000169,Stable,Stable
mp-1008929.cif,0.1412112861871719,0.0780509710311889,mp-1008929,0.3917963950000001,Unstable,Unstable
mp-560460.cif,-0.0367413386702537,-0.0192569326609373,mp-560460,0.7387673608333332,Stable,Stable
mp-729886.cif,1.4800945520401,1.4510290622711182,mp-729886,2.186911007999999,Unstable,Unstable
mp-722862.cif,-1.1585205793380735,-1.176070213317871,mp-722862,0.0,Stable,Stable
mp-1214309.cif,0.129586711525917,-0.2358240634202957,mp-1214309,1.09071844921875,Stable,Unstable
mp-989606.cif,-0.6498000025749207,-0.735113263130188,mp-989606,0.0,Stable,Stable
mp-1247337.cif,0.14464171230793,0.0582558177411556,mp-1247337,0.14406164586956471,Unstable,Unstable
mp-727931.cif,0.5056319832801819,0.3556905686855316,mp-727931,0.3556905646093753,Unstable,Unstable
mp-1247413.cif,-0.0014844387769699,0.1492512673139572,mp-1247413,0.33903632425287356,Unstable,Stable
mp-11733.cif,-1.1917645931243896,-1.2188012599945068,mp-11733,0.0,Stable,Stable
mp-1182482.cif,-0.4034413695335388,-0.5078414082527161,mp-1182482,0.4913126516071449,Stable,Stable
mp-1197816.cif,0.7147166132926941,0.9277241826057434,mp-1197816,1.0491384710714293,Unstable,Unstable
mp-1069193.cif,0.9494404196739196,0.8687360882759094,mp-1069193,1.365849834999997,Unstable,Unstable
mp-1096872.cif,-0.1449942141771316,0.1261457055807113,mp-1096872,0.6399562493181801,Unstable,Stable
mp-1202398.cif,1.037165641784668,1.108279585838318,mp-1202398,1.5803823478703691,Unstable,Unstable
mp-754891.cif,-2.2598438262939453,-2.199691772460937,mp-754891,0.19356891750000038,Stable,Stable
mp-729405.cif,-2.104231119155884,-2.0641493797302246,mp-729405,0.009120517777777337,Stable,Stable
mp-999117.cif,0.0344929993152618,-0.0409950129687786,mp-999117,0.1337240383333338,Stable,Unstable
mp-1200850.cif,-1.4598153829574585,-1.4049785137176514,mp-1200850,0.360279732361116,Stable,Stable
mp-1105809.cif,-2.082540512084961,-1.9753682613372805,mp-1105809,0.10934262333333855,Stable,Stable
mp-1246446.cif,-0.1971581727266311,-0.317448228597641,mp-1246446,0.0844752084210505,Stable,Stable
mp-1245896.cif,-0.1544261872768402,-0.1926167011260986,mp-1245896,0.016546919540229688,Stable,Stable
mp-555443.cif,-2.067340612411499,-2.05102276802063,mp-555443,0.0053003851250004175,Stable,Stable
mp-775863.cif,-2.28338360786438,-2.2668776512146,mp-775863,0.19708393950000058,Stable,Stable
mp-1029770.cif,-0.9261110424995422,-0.9847818613052368,mp-1029770,0.0,Stable,Stable
mp-683966.cif,-1.0025084018707275,-1.113916516304016,mp-683966,0.013093947734373224,Stable,Stable
mp-989631.cif,-1.0688989162445068,-1.113527536392212,mp-989631,0.0,Stable,Stable
mp-1205195.cif,-0.150256723165512,-0.173442929983139,mp-1205195,0.16308230273648672,Stable,Stable
mp-1245998.cif,0.2342535108327865,0.3049552142620086,mp-1245998,0.45991017807710843,Unstable,Unstable
mp-1191482.cif,-0.2104391306638717,-0.274334043264389,mp-1191482,0.0947149954545452,Stable,Stable
mp-1025221.cif,-0.2453711479902267,-0.4513243436813354,mp-1025221,0.8059885292857158,Stable,Stable
mp-1006615.cif,1.6477781534194946,1.2737270593643188,mp-1006615,1.867800557884614,Unstable,Unstable
mp-1016108.cif,-1.0123108625411987,-1.0280007123947144,mp-1016108,0.0,Stable,Stable
mp-1246902.cif,0.0383742898702621,0.0278012529015541,mp-1246902,0.20256104675926245,Unstable,Unstable
mp-680309.cif,-1.021649718284607,-1.2138246297836304,mp-680309,0.019714676969692313,Stable,Stable
mp-1245709.cif,-0.3036206364631653,-0.2549254298210144,mp-1245709,0.3169238762407396,Stable,Stable
mp-1246801.cif,0.4811992049217224,0.3692059516906738,mp-1246801,0.3692059426666674,Unstable,Unstable
mp-695894.cif,-1.3556255102157593,-1.3423805236816406,mp-695894,0.015414742741935328,Stable,Stable
mp-1245567.cif,0.1034649759531021,0.130828395485878,mp-1245567,0.2805033140000006,Unstable,Unstable
mp-1096903.cif,-0.0499564632773399,-0.1130663529038429,mp-1096903,0.3863915275000007,Stable,Stable
mp-675418.cif,-0.3139780759811401,-0.3021295368671417,mp-675418,0.05111521020833365,Stable,Stable
mp-1193587.cif,-0.7778550982475281,-0.8416467308998108,mp-1193587,0.6016095310576928,Stable,Stable
mp-726720.cif,0.687907338142395,0.5863929986953735,mp-726720,1.2035102935,Unstable,Unstable
mp-1245409.cif,-0.4398011565208435,-0.4755716621875763,mp-1245409,0.22065708212499935,Stable,Stable
mp-1102642.cif,-0.0918560400605201,0.1384335458278656,mp-1102642,1.0636620118489568,Unstable,Stable
mp-867987.cif,-0.7743372321128845,-0.6417549252510071,mp-867987,0.6066222224671041,Stable,Stable
mp-29466.cif,-1.4214636087417605,-1.4897115230560305,mp-29466,0.0,Stable,Stable
mp-1070242.cif,1.7998861074447632,1.625473976135254,mp-1070242,1.9039674502499988,Unstable,Unstable
mp-1245944.cif,-0.2177333682775497,-0.2596709728240967,mp-1245944,0.2477228713888877,Stable,Stable
mp-1181522.cif,2.0954394340515137,1.9803053140640257,mp-1181522,2.204385982222222,Unstable,Unstable
mp-34381.cif,-0.592565655708313,-0.5665510892868042,mp-34381,0.006155149999999665,Stable,Stable
mp-1216967.cif,-0.1662441194057464,-0.282912015914917,mp-1216967,0.1457840680769209,Stable,Stable
mp-690555.cif,-1.2829598188400269,-1.2686164379119873,mp-690555,0.5971971049652787,Stable,Stable
mp-1246708.cif,-0.4391815662384033,-0.5149078965187073,mp-1246708,0.10163444217948836,Stable,Stable
mp-1245630.cif,0.3131216168403625,0.3519728183746338,mp-1245630,0.3519728224999987,Unstable,Unstable
mp-569655.cif,-1.0486702919006348,-1.0918114185333252,mp-569655,0.32116762250000086,Stable,Stable
mp-1245672.cif,0.0143370628356933,-0.0806658342480659,mp-1245672,0.12148522618182156,Stable,Unstable
mp-1246676.cif,-1.1536147594451904,-1.0919537544250488,mp-1246676,0.09887856152777807,Stable,Stable
mp-755205.cif,-2.245236158370972,-2.235008001327514,mp-755205,0.22895343000000246,Stable,Stable
mp-1009493.cif,-0.9035452604293824,-0.994379699230194,mp-1009493,0.6341778849999997,Stable,Stable
mp-1220138.cif,-0.3647682070732116,-0.3610671162605285,mp-1220138,0.09155154260000131,Stable,Stable
mp-1205588.cif,-0.2909760475158691,-0.2839736342430115,mp-1205588,0.007051795500000679,Stable,Stable
mp-1246154.cif,-0.0381601229310035,-0.1597345322370529,mp-1246154,0.24891282545454274,Stable,Stable
mp-1029705.cif,-0.4405803084373474,-0.5034320950508118,mp-1029705,0.0,Stable,Stable
mp-504769.cif,-0.5918286442756653,-0.6082904934883118,mp-504769,0.00762293973214323,Stable,Stable
mp-729795.cif,0.7936280369758606,0.7064399719238281,mp-729795,0.854264330535714,Unstable,Unstable
mp-1192675.cif,-0.0688307583332061,-0.0989088863134384,mp-1192675,0.418392092272728,Stable,Stable
mp-625868.cif,-1.070772647857666,-1.1103907823562622,mp-625868,0.04046837285714133,Stable,Stable
mp-720615.cif,-0.6003328561782837,-0.6218112111091614,mp-720615,0.3761581783806802,Stable,Stable
mp-1197974.cif,-0.6553872227668762,-0.908466935157776,mp-1197974,0.6456306074999905,Stable,Stable
mp-1246388.cif,-0.1809131652116775,-0.283059149980545,mp-1246388,0.3591009842857158,Stable,Stable
mp-604295.cif,-0.7610728144645691,-0.6868044137954712,mp-604295,0.06150970555555624,Stable,Stable
mp-1368835.cif,0.8887318968772888,1.0489498376846311,mp-1368835,1.2886125545178562,Unstable,Unstable
mp-1029251.cif,-0.2389119863510131,-0.3654488623142242,mp-1029251,0.0,Stable,Stable
mp-1191304.cif,-1.253346562385559,-1.4006078243255615,mp-1191304,0.7164324417333336,Stable,Stable
mp-1246009.cif,-1.1506105661392212,-1.2050580978393557,mp-1246009,0.1887586692592631,Stable,Stable
mp-6610.cif,-0.3793736696243286,-0.3311910927295685,mp-6610,0.057603166163195496,Stable,Stable
mp-1029763.cif,-0.5239542126655579,-0.5344446301460266,mp-1029763,0.4600247087499998,Stable,Stable
mp-17129.cif,-1.218851923942566,-1.23259699344635,mp-17129,0.0,Stable,Stable
mp-756444.cif,-3.1599278450012207,-3.1494436264038086,mp-756444,0.10881507482143071,Stable,Stable
mp-1029791.cif,-0.4094266295433044,-0.5252638459205627,mp-1029791,0.0,Stable,Stable
mp-1212274.cif,1.0841258764266968,1.0394679307937622,mp-1212274,1.332091059999998,Unstable,Unstable
mp-570693.cif,-0.0870450288057327,-0.249270960688591,mp-570693,0.23164514560096183,Stable,Stable
mp-1190940.cif,-0.1779924929141998,-0.2542206943035126,mp-1190940,0.08030492604166461,Stable,Stable
mp-726332.cif,1.2726105451583862,1.1264524459838867,mp-726332,1.1264524434375005,Unstable,Unstable
mp-1246690.cif,-0.853708803653717,-0.8572855591773987,mp-1246690,0.018299528681318122,Stable,Stable
mp-1246000.cif,-0.4765102863311767,-0.517870306968689,mp-1246000,0.009751612222224537,Stable,Stable
mp-570155.cif,0.4018537998199463,0.2535668611526489,mp-570155,0.25356685500000253,Unstable,Unstable
mp-726503.cif,-0.1720717251300811,-0.1873354762792587,mp-726503,0.3071845731534082,Stable,Stable
mp-1245559.cif,-0.601382315158844,-0.6828261017799377,mp-1245559,0.08772426421875146,Stable,Stable
mp-1246911.cif,0.1158782839775085,0.0598449483513832,mp-1246911,0.22315124125000096,Unstable,Unstable
mp-996940.cif,-0.6137863993644714,-0.7193833589553833,mp-996940,0.08140965366666819,Stable,Stable
mp-558863.cif,-0.5638853907585144,-0.6929838061332703,mp-558863,0.26906196774999813,Stable,Stable
mp-1202898.cif,-1.0309242010116575,-1.166369915008545,mp-1202898,0.3247212557954544,Stable,Stable
mp-1247393.cif,-0.010253831744194,0.0626003816723823,mp-1247393,0.36467138437500957,Unstable,Stable
mp-1222727.cif,-1.0115519762039185,-0.954569697380066,mp-1222727,0.09818025916666429,Stable,Stable
mp-1189239.cif,0.5649623274803162,0.2896642386913299,mp-1189239,0.28966424062500096,Unstable,Unstable
mp-684007.cif,-0.3961998224258423,-0.5103759169578552,mp-684007,0.023355482963963503,Stable,Stable
mp-1360261.cif,0.9427945017814636,0.8845601081848145,mp-1360261,3.543365325,Unstable,Unstable
mp-2901810.cif,0.1483358144760131,0.3516824543476105,mp-2901810,1.1599734192187512,Unstable,Unstable
mp-643052.cif,-0.613710880279541,-0.5439209342002869,mp-643052,0.3497868264999999,Stable,Stable
mp-2964.cif,-1.1427602767944336,-1.2261921167373655,mp-2964,0.018363367343749992,Stable,Stable
mp-1247353.cif,-0.7056884765625,-0.6695390343666077,mp-1247353,0.32339416008928445,Stable,Stable
mp-1007778.cif,0.849075973033905,0.7337388396263123,mp-1007778,0.733738815833334,Unstable,Unstable
mp-1246731.cif,-0.6116209626197815,-0.6650523543357849,mp-1246731,0.007088450238093458,Stable,Stable
mp-505794.cif,-1.2268339395523071,-1.2238062620162964,mp-505794,0.0,Stable,Stable
mp-1179090.cif,0.0120866894721984,0.1269919276237487,mp-1179090,1.2587183369999968,Unstable,Unstable
mp-504722.cif,-0.7582942843437195,-0.9114177227020264,mp-504722,0.0,Stable,Stable
mp-1245757.cif,-0.2966409027576446,-0.3995245099067688,mp-1245757,0.15981268353535238,Stable,Stable
mp-29123.cif,0.0920359939336776,-0.1776388138532638,mp-29123,0.4492101375846347,Stable,Unstable
mp-1202729.cif,-1.4102497100830078,-1.3730111122131348,mp-1202729,0.010922710238093991,Stable,Stable
mp-780737.cif,-2.7830443382263184,-2.736701488494873,mp-780737,0.04451027283333708,Stable,Stable
mp-1245803.cif,-0.1818599104881286,-0.1498420983552932,mp-1245803,0.27568228231800784,Stable,Stable
mp-1215184.cif,-1.4907697439193726,-1.4612046480178833,mp-1215184,0.06122452125000066,Stable,Stable
mp-1016081.cif,-0.0155470669269561,-0.1217979118227958,mp-1016081,0.37765997041666743,Stable,Stable
mp-1190991.cif,0.9952358603477478,0.882427453994751,mp-1190991,1.4281342075694496,Unstable,Unstable
mp-23993.cif,-0.375420868396759,-0.3532994985580444,mp-23993,0.031750242500001136,Stable,Stable
mp-1203058.cif,-0.863768458366394,-0.8785278797149658,mp-1203058,0.0332190715909082,Stable,Stable
mp-1189472.cif,-1.0108650922775269,-1.0478930473327637,mp-1189472,0.18425119270833257,Stable,Stable
mp-1246063.cif,-0.0350762605667114,-0.1371472328901291,mp-1246063,0.20117615722222126,Stable,Stable
mp-1246203.cif,-0.7310085296630859,-0.7246630787849426,mp-1246203,0.10770081625000039,Stable,Stable
mp-1225439.cif,-0.2251396775245666,-0.2802142202854156,mp-1225439,0.008871205868057785,Stable,Stable
mp-1246301.cif,0.3752902150154114,-0.0041307741776108,mp-1246301,0.3707521738666735,Stable,Unstable
mp-1029330.cif,-1.9605311155319212,-1.95085608959198,mp-1029330,0.0,Stable,Stable
mp-1245523.cif,-0.7495856881141663,-0.8668588995933533,mp-1245523,0.2698707835416698,Stable,Stable
mp-1009657.cif,-0.5375732779502869,-0.6392657160758972,mp-1009657,0.0,Stable,Stable
mp-8046.cif,-1.2053980827331543,-1.2691365480422974,mp-8046,0.05758220472221964,Stable,Stable
mp-601178.cif,-0.2197373956441879,-0.2926789224147796,mp-601178,0.3270795536250013,Stable,Stable
mp-1247280.cif,-0.8357091546058655,-0.8248409032821655,mp-1247280,0.2560821733333327,Stable,Stable
mp-1225107.cif,-0.005252182483673,0.0677111819386482,mp-1225107,0.34418313986842186,Unstable,Stable
mp-1179212.cif,-2.0290234088897705,-2.03957200050354,mp-1179212,0.7004045828125021,Stable,Stable
mp-725605.cif,0.1602664291858673,0.1436545550823211,mp-725605,0.27308928919642916,Unstable,Unstable
mp-1201036.cif,-1.5988372564315796,-1.749142289161682,mp-1201036,0.6569034897685206,Stable,Stable
mp-1020625.cif,0.1658892929553985,0.1960238069295883,mp-1020625,0.7247868555208332,Unstable,Unstable
mp-1008489.cif,1.3354088068008425,1.1736886501312256,mp-1008489,1.1736887024999998,Unstable,Unstable
mp-1018648.cif,0.4145585894584656,0.4306801557540893,mp-1018648,0.43068015166667095,Unstable,Unstable
mp-776448.cif,-2.829144239425659,-2.8263745307922363,mp-776448,0.10348978312070045,Stable,Stable
mp-1196482.cif,-0.7095537781715393,-0.5601293444633484,mp-1196482,0.1561950961111105,Stable,Stable
mp-1224501.cif,-0.0770350396633148,-0.0402263887226581,mp-1224501,0.1923862111458332,Stable,Stable
mp-567157.cif,-0.1310063302516937,-0.2561007738113403,mp-567157,0.03771640399206433,Stable,Stable
mp-779974.cif,-2.5764501094818115,-2.532517910003662,mp-779974,0.1263265472499988,Stable,Stable
mp-1207841.cif,-0.7065145969390869,-0.7727684378623962,mp-1207841,0.0340006015686285,Stable,Stable
mp-569228.cif,0.1244086325168609,0.229251354932785,mp-569228,0.6936721124999963,Unstable,Unstable
mp-623837.cif,0.5833054184913635,0.5109180808067322,mp-623837,0.5109181082142857,Unstable,Unstable
mp-1019281.cif,-0.9515393972396852,-1.1712431907653809,mp-1019281,0.7369392698333357,Stable,Stable
mp-1197524.cif,0.8284818530082703,0.7129338383674622,mp-1197524,1.1850365709259245,Unstable,Unstable
mp-1246235.cif,0.1701967567205429,0.128298744559288,mp-1246235,0.23252423000000189,Unstable,Unstable
mp-1245353.cif,-0.2455499917268753,-0.0508640483021736,mp-1245353,0.34792919184722226,Stable,Stable
mp-989641.cif,-0.4493755102157593,-0.5874646306037903,mp-989641,0.024898527000008386,Stable,Stable
mp-28668.cif,-0.08387391269207,-0.0437895804643631,mp-28668,0.4715854318134447,Stable,Stable
mp-1245939.cif,-0.9312710762023926,-0.9385859370231628,mp-1245939,0.26004792666666887,Stable,Stable
mp-972036.cif,0.3369148373603821,-0.1741252839565277,mp-972036,0.29029547749999907,Stable,Unstable
mp-1066162.cif,1.235479712486267,1.012021780014038,mp-1066162,1.0120217275000023,Unstable,Unstable
mp-1245558.cif,-0.2691843509674072,-0.2764871120452881,mp-1245558,0.09801140371647499,Stable,Stable
mp-1246236.cif,-1.0390937328338623,-1.0951740741729736,mp-1246236,0.19779806305555425,Stable,Stable
mp-415.cif,0.3105347752571106,0.1651782542467117,mp-415,0.16517825166666356,Unstable,Unstable
mp-685609.cif,-0.6032606363296509,-0.5836147665977478,mp-685609,0.0,Stable,Stable
mp-1222039.cif,-0.2647949457168579,-0.3269484937191009,mp-1222039,0.02263746900459651,Stable,Stable
mp-1246664.cif,-0.1790852844715118,-0.1962407082319259,mp-1246664,0.2504553382142909,Stable,Stable
mp-1246670.cif,-0.5429198145866394,-0.5226175785064697,mp-1246670,0.31721852687500096,Stable,Stable
mp-734944.cif,0.4006541967391968,0.3146470487117767,mp-734944,0.662932645397726,Unstable,Unstable
mp-1245879.cif,-0.0171342343091964,-0.099746897816658,mp-1245879,0.2820803600000019,Stable,Stable
mp-1101975.cif,0.2864314913749695,0.1866248250007629,mp-1101975,0.6510455875000005,Unstable,Unstable
mp-1245394.cif,-0.1437536776065826,-0.1781662255525589,mp-1245394,0.1581568329999996,Stable,Stable
mp-1212059.cif,-1.4795260429382324,-1.4236292839050293,mp-1212059,0.0,Stable,Stable
mp-1182627.cif,-0.95908123254776,-0.8910110592842102,mp-1182627,0.6908506682427564,Stable,Stable
mp-721182.cif,-1.1194669008255005,-1.1041287183761597,mp-721182,0.008283502986092373,Stable,Stable
mp-625790.cif,-0.5958347916603088,-0.6090447902679443,mp-625790,0.11143268545454443,Stable,Stable
mp-1181855.cif,3.968179225921631e-05,0.0242028404027223,mp-1181855,0.24778724055555923,Unstable,Unstable
mp-1247269.cif,0.0987784713506698,0.0419113710522651,mp-1247269,0.216671165575395,Unstable,Unstable
mp-1029378.cif,-0.4776138067245483,-0.546541154384613,mp-1029378,0.0,Stable,Stable
mp-504768.cif,0.5075388550758362,0.297025978565216,mp-504768,0.29702596562500005,Unstable,Unstable
mp-1205483.cif,-0.9243676662445068,-0.9774283170700072,mp-1205483,0.0,Stable,Stable
mp-1179538.cif,2.658444166183472,2.597930908203125,mp-1179538,3.269897336666668,Unstable,Unstable
mp-531773.cif,-0.833667516708374,-0.7401182651519775,mp-531773,0.03267447883333219,Stable,Stable
mp-10233.cif,-2.1796553134918213,-2.0795698165893555,mp-10233,0.09869350666666588,Stable,Stable
mp-571333.cif,-1.3122793436050415,-1.3126647472381592,mp-571333,0.0,Stable,Stable
mp-1245688.cif,-0.9636408090591432,-0.994128167629242,mp-1245688,0.20450574083333528,Stable,Stable
mp-644385.cif,0.2770240306854248,0.197178915143013,mp-644385,0.46071078249999786,Unstable,Unstable
mp-1192649.cif,0.838906466960907,0.9197281002998352,mp-1192649,1.254290430138889,Unstable,Unstable
mp-1245802.cif,0.0601864606142044,-0.1122208088636398,mp-1245802,0.22075110944444631,Stable,Unstable
mp-722050.cif,2.0377182960510254,5.474542617797852,mp-722050,6.23815184471875,Unstable,Unstable
mp-530081.cif,-0.4597620368003845,-0.5379826426506042,mp-530081,0.0,Stable,Stable
mp-1203259.cif,-0.3626778721809387,-0.4295853972434997,mp-1203259,0.0038289800925941364,Stable,Stable
mp-1246646.cif,-0.1900771558284759,-0.2779961824417114,mp-1246646,0.049825114639703294,Stable,Stable
mp-7913.cif,-1.3932570219039917,-1.4004157781600952,mp-7913,0.0,Stable,Stable
mp-1245737.cif,-0.2561321854591369,-0.2850781679153442,mp-1245737,0.33828114287356303,Stable,Stable
mp-777314.cif,-0.7384503483772278,-0.5885690450668335,mp-777314,0.207711923249998,Stable,Stable
mp-818716.cif,-1.5559073686599731,-1.5350031852722168,mp-818716,0.3361747179999943,Stable,Stable
mp-558548.cif,-2.4851200580596924,-2.482855796813965,mp-558548,0.0,Stable,Stable
mp-1245148.cif,0.0057034119963645,0.0073867356404662,mp-1245148,0.6774361425999995,Unstable,Unstable
mp-757595.cif,-1.0906161069869995,-1.1161566972732544,mp-757595,0.10655193480698522,Stable,Stable
mp-707454.cif,-0.4841175675392151,-0.4166279137134552,mp-707454,0.028140178529412196,Stable,Stable
mp-27351.cif,-0.2187969535589218,-0.1886126399040222,mp-27351,0.32820412359374895,Stable,Stable
mp-1188888.cif,-0.9530799984931946,-1.0055395364761353,mp-1188888,0.18531439125000304,Stable,Stable
mp-6802.cif,-0.1533861756324768,-0.1371697187423706,mp-6802,0.1276751494097237,Stable,Stable
mp-1077140.cif,-1.2094625234603882,-1.1372675895690918,mp-1077140,0.6326387644444438,Stable,Stable
mp-707535.cif,-0.4044772982597351,-0.475014179944992,mp-707535,0.38428662493939747,Stable,Stable
mp-684024.cif,-1.1592086553573608,-1.106952428817749,mp-684024,0.0,Stable,Stable
mp-1226544.cif,-1.7004762887954712,-1.7699180841445925,mp-1226544,0.010755612500002343,Stable,Stable
mp-558270.cif,-0.3375004529953003,-0.3032273352146148,mp-558270,0.2921578624166701,Stable,Stable
mp-1059879.cif,1.2734251022338867,1.2090736627578735,mp-1059879,1.534143505689654,Unstable,Unstable
mp-22517.cif,-1.3530255556106567,-1.4274169206619265,mp-22517,0.0,Stable,Stable
mp-1178163.cif,-1.4694052934646606,-1.385889172554016,mp-1178163,0.11121971571428535,Stable,Stable
mp-1096907.cif,-0.0454356893897056,-0.117974504828453,mp-1096907,0.3814833772222226,Stable,Stable
mp-1201891.cif,-0.2393950968980789,-0.3028526604175567,mp-1201891,0.7583262389144672,Stable,Stable
mp-724470.cif,0.9292078614234924,1.0811185836791992,mp-724470,2.1992703329285774,Unstable,Unstable
mp-1080000.cif,-0.0811206251382827,-0.17111736536026,mp-1080000,0.5939485110000007,Stable,Stable
mp-1207449.cif,0.2304133027791977,0.1667683869600296,mp-1207449,0.24752318571428322,Unstable,Unstable
mp-1245359.cif,-0.1967900991439819,-0.2416769713163375,mp-1245359,0.37147661676470634,Stable,Stable
mp-1200893.cif,1.4504042863845823,1.3616249561309814,mp-1200893,1.5118409335000003,Unstable,Unstable
mp-1197652.cif,-0.3836517333984375,-0.8336593508720398,mp-1197652,0.34603620761363585,Stable,Stable
mp-1245852.cif,-0.555322527885437,-0.5640897154808044,mp-1245852,0.3225281696590834,Stable,Stable
mp-723393.cif,0.7975854873657227,0.7226781249046326,mp-723393,1.0785010548611136,Unstable,Unstable
mp-1200646.cif,-0.8400478959083557,-0.8141797184944153,mp-1200646,0.12318593687500101,Stable,Stable
mp-554353.cif,-0.4381505846977234,-0.4590777158737182,mp-554353,0.41811919633333083,Stable,Stable
mp-1193559.cif,-0.9277384281158448,-0.8293601870536804,mp-1193559,0.9067139098214252,Stable,Stable
mp-1181262.cif,-1.6332114934921265,-1.7026841640472412,mp-1181262,0.5034404326315851,Stable,Stable
mp-1094090.cif,0.0919709652662277,0.0666879788041114,mp-1094090,0.06668797600000076,Unstable,Unstable
mp-759651.cif,-1.1492722034454346,-1.079631209373474,mp-759651,0.026588641041665362,Stable,Stable
mp-1201695.cif,-0.1783360242843628,-0.1493603438138961,mp-1201695,0.14260204936363685,Stable,Stable
mp-1245615.cif,-0.7904293537139893,-0.7636861205101013,mp-1245615,0.3206109856458328,Stable,Stable
mp-1197477.cif,-0.0440233126282691,-0.1945745795965194,mp-1197477,0.7091595247500013,Stable,Stable
mp-1246149.cif,-0.8666598796844482,-0.8339635133743286,mp-1246149,0.29361148430555595,Stable,Stable
mp-1247533.cif,0.4788702130317688,0.4366151690483093,mp-1247533,0.4308224925000026,Unstable,Unstable
mp-1247549.cif,-0.7109014987945557,-0.7141274213790894,mp-1247549,0.5204020300543455,Stable,Stable
mp-554079.cif,-0.3826894760131836,-0.5340492725372314,mp-554079,0.15799549818181813,Stable,Stable
mp-1245905.cif,-0.6250599026679993,-0.5195916891098022,mp-1245905,0.5232240802951367,Stable,Stable
mp-1181559.cif,-0.8119224905967712,-0.7913514375686646,mp-1181559,0.049024384464285475,Stable,Stable
mp-1245462.cif,0.2698665857315063,0.2924952507019043,mp-1245462,0.3368183267222218,Unstable,Unstable
mp-1212710.cif,-0.1559844017028808,-0.2910047769546509,mp-1212710,0.3855382104583356,Stable,Stable
mp-1247118.cif,-0.0625254362821579,0.0794724225997924,mp-1247118,0.5896310106944469,Unstable,Stable
mp-1183019.cif,-0.2723807096481323,-0.053597155958414,mp-1183019,0.6966251548958331,Stable,Stable
mp-1180397.cif,-0.8169272541999817,-0.7975956201553345,mp-1180397,0.6956465736363695,Stable,Stable
mp-1219234.cif,-0.070184126496315,-0.0816511735320091,mp-1219234,0.08396371175000183,Stable,Stable
mp-1193353.cif,-0.7791113257408142,-0.8423587083816528,mp-1193353,0.6008975449038472,Stable,Stable
mp-1030657.cif,-0.8464659452438354,-0.8975220322608948,mp-1030657,0.0,Stable,Stable
mp-1245435.cif,-1.014506459236145,-0.9974550008773804,mp-1245435,0.1992285528571447,Stable,Stable
mp-1194559.cif,0.6222532391548157,0.8537747263908386,mp-1194559,1.4641799052040794,Unstable,Unstable
mp-1228340.cif,-1.7361818552017212,-1.605709433555603,mp-1228340,0.4018389722916673,Stable,Stable
mp-780230.cif,-2.564751148223877,-2.5290377140045166,mp-780230,0.12913516075000153,Stable,Stable
mp-1096917.cif,-0.0393666476011276,-0.0889550298452377,mp-1096917,0.4105028491666669,Stable,Stable
mp-1245726.cif,-0.0453676432371139,-0.0352508462965488,mp-1245726,0.17880253142857505,Stable,Stable
mp-1104128.cif,1.4567736387252808,1.3213618993759155,mp-1104128,1.7107927975677653,Unstable,Unstable
mp-999294.cif,0.5317230820655823,0.3705037534236908,mp-999294,0.3705037412500012,Unstable,Unstable
mp-706624.cif,-0.3725555539131164,-0.2161067873239517,mp-706624,0.38889941872806855,Stable,Stable
mp-1246217.cif,-0.2026149034500122,-0.1867772936820984,mp-1246217,0.2591076878160923,Stable,Stable
mp-6574.cif,-2.46980881690979,-2.511802911758423,mp-6574,0.0,Stable,Stable
mp-1001117.cif,-0.1053727716207504,-0.1963128745555877,mp-1001117,0.19562223049999972,Stable,Stable
mp-722025.cif,1.79955792427063,1.6309672594070437,mp-722025,1.75339428825,Unstable,Unstable
mp-1207876.cif,-0.1464117914438247,-0.066619299352169,mp-1207876,1.0890368223666638,Stable,Stable
mp-1188007.cif,0.7442029118537903,0.5010474920272827,mp-1188007,1.5590948650000023,Unstable,Unstable
mp-1214325.cif,1.0377219915390017,0.8981167078018188,mp-1214325,1.9593506962500022,Unstable,Unstable
mp-1198548.cif,-0.5252258777618408,-0.5369763374328613,mp-1198548,0.04200155280952167,Stable,Stable
mp-1246132.cif,-0.2844318747520447,-0.285706877708435,mp-1246132,0.49013497727777455,Stable,Stable
mp-1247395.cif,-0.5572190880775452,-0.6671288013458252,mp-1247395,0.35940650826923815,Stable,Stable
mp-1214883.cif,-1.446468472480774,-1.422820210456848,mp-1214883,0.5374327796180554,Stable,Stable
mp-775785.cif,-2.58158016204834,-2.5289652347564697,mp-775785,0.12941696450000073,Stable,Stable
mp-1202907.cif,-1.94005823135376,-1.9984748363494875,mp-1202907,0.4913560539285706,Stable,Stable
mp-1246105.cif,-0.8448404669761658,-0.8629704713821411,mp-1246105,0.034059534821428095,Stable,Stable
mp-555972.cif,-0.8119710087776184,-0.7798784971237183,mp-555972,0.4424298563636304,Stable,Stable
mp-1247124.cif,-0.1135845631361007,-0.2197150290012359,mp-1247124,0.1750432710000016,Stable,Stable
mp-1246065.cif,-0.8024486899375916,-0.8674678802490234,mp-1246065,0.11334338280000011,Stable,Stable
mp-1246422.cif,0.0706773251295089,0.0890068858861923,mp-1246422,0.24058602499999893,Unstable,Unstable
mp-29463.cif,-1.0883017778396606,-0.9938989877700806,mp-29463,0.0,Stable,Stable
mp-999197.cif,1.4622033834457395,1.429242491722107,mp-999197,1.4292424741666672,Unstable,Unstable
mp-1246606.cif,-0.6373147964477539,-0.5487940907478333,mp-1246606,0.26624544630434777,Stable,Stable
mp-1198776.cif,-0.1487083286046981,-0.1836617588996887,mp-1198776,0.006555719305548102,Stable,Stable
mp-569085.cif,-1.3175156116485596,-1.274613857269287,mp-569085,0.16966156849999914,Stable,Stable
mp-1204312.cif,1.700840950012207,1.460135579109192,mp-1204312,1.654396011750002,Unstable,Unstable
mp-1197468.cif,0.2190052717924118,0.1550176739692688,mp-1197468,0.7542633570000001,Unstable,Unstable
mp-761019.cif,-2.4396631717681885,-2.4374403953552246,mp-761019,0.2213649034999996,Stable,Stable
mp-1271278.cif,-0.106259599328041,-0.0195010714232921,mp-1271278,0.018494859821428733,Stable,Stable
mp-1446325.cif,-0.4249340295791626,-0.3643399775028229,mp-1446325,0.458060547000005,Stable,Stable
mp-721006.cif,-0.4234122037887573,-0.4740787148475647,mp-721006,1.131033290312498,Stable,Stable
mp-776360.cif,-2.337637424468994,-2.3343253135681152,mp-776360,0.13028976624999977,Stable,Stable
mp-1246923.cif,-0.0443405881524086,-0.0806646794080734,mp-1246923,0.24594790275000022,Stable,Stable
mp-1195806.cif,-0.6163480877876282,-0.6810085773468018,mp-1195806,0.7036185324999993,Stable,Stable
mp-1058019.cif,2.115342855453491,2.080652236938477,mp-1058019,2.0806523249999995,Unstable,Unstable
mp-1209584.cif,-1.4410382509231567,-1.44137704372406,mp-1209584,0.0,Stable,Stable
mp-1193778.cif,-0.6364448666572571,-0.5994661450386047,mp-1193778,0.0,Stable,Stable
mp-696231.cif,-0.2661616206169128,-0.3091386258602142,mp-696231,0.2499801975378766,Stable,Stable
mp-1214102.cif,0.5726134777069092,0.2787545323371887,mp-1214102,0.27875454191964444,Unstable,Unstable
mp-1181573.cif,-0.8967812061309814,-0.8513403534889221,mp-1181573,0.38150011340909007,Stable,Stable
mp-1219668.cif,-1.6259526014328003,-1.6736819744110107,mp-1219668,0.0,Stable,Stable
mp-697087.cif,-1.1357284784317017,-1.1724326610565186,mp-697087,0.5617866585267874,Stable,Stable
mp-1105961.cif,-1.768654465675354,-1.7388827800750732,mp-1105961,0.0,Stable,Stable
mp-1245831.cif,-0.5976492166519165,-0.7299444079399109,mp-1245831,0.27518256119047635,Stable,Stable
mp-1225232.cif,-0.1139367148280143,0.1258136332035064,mp-1225232,0.27926628140000354,Unstable,Stable
mp-1204464.cif,-0.5481666922569275,-0.5375203490257263,mp-1204464,0.5522170357608633,Stable,Stable
mp-1197839.cif,-0.2385381460189819,-0.2075593769550323,mp-1197839,0.0758166882954523,Stable,Stable
mp-14433.cif,-0.338746964931488,-0.3833356499671936,mp-14433,0.0,Stable,Stable
mp-29089.cif,-0.7773123979568481,-0.8044763803482056,mp-29089,0.0,Stable,Stable
mp-17701.cif,-1.2172735929489136,-1.221069097518921,mp-17701,0.0,Stable,Stable
mp-1188352.cif,-0.9963706731796264,-1.0309275388717651,mp-1188352,0.2012166927083321,Stable,Stable
mp-1013537.cif,0.238516554236412,0.1112231388688087,mp-1013537,1.1632821380000014,Unstable,Unstable
mp-1201709.cif,0.4239004850387573,0.2994803190231323,mp-1201709,1.309093369999998,Unstable,Unstable
mp-4674.cif,-1.7124102115631104,-1.7526936531066897,mp-4674,0.0,Stable,Stable
mp-1179550.cif,-0.6177014112472534,-0.7513636946678162,mp-1179550,1.1169374932500045,Stable,Stable
mp-1210418.cif,-0.2845165133476257,-0.234452873468399,mp-1210418,0.48207411836206937,Stable,Stable
mp-6051.cif,-0.090443879365921,-0.0318825729191303,mp-6051,0.25703910844696765,Stable,Stable
mp-1245721.cif,-0.6584610342979431,-0.7658200860023499,mp-1245721,0.3854847495039646,Stable,Stable
mp-729513.cif,-0.3699892163276672,-0.3963280320167541,mp-729513,0.3872765618749998,Stable,Stable
mp-1105104.cif,1.0569300651550293,1.027056336402893,mp-1105104,1.3172499106666664,Unstable,Unstable
mp-1029782.cif,-0.7514084577560425,-0.8640133738517761,mp-1029782,0.002666948181815343,Stable,Stable
mp-1245322.cif,0.4091030955314636,0.2120511084794998,mp-1245322,0.2120511129000029,Unstable,Unstable
mp-1182750.cif,0.5136383175849915,0.3861927092075348,mp-1182750,1.2035387613254303,Unstable,Unstable
mp-3346792.cif,-0.9285048842430116,-0.6800532341003418,mp-3346792,0.0,Stable,Stable
mp-1018852.cif,0.9639520049095154,0.924622654914856,mp-1018852,0.924622636666669,Unstable,Unstable
mp-1443809.cif,0.7967996001243591,4.637579917907715,mp-1443809,5.137037845833334,Unstable,Unstable
mp-1069841.cif,-0.811086118221283,-0.9860095381736756,mp-1069841,0.09601281100000136,Stable,Stable
mp-559569.cif,-2.8870275020599365,-2.950284481048584,mp-559569,0.07735295672918241,Stable,Stable
mp-1213485.cif,-0.2947506904602051,-0.3622015118598938,mp-1213485,0.8998327250641038,Stable,Stable
mp-1246325.cif,-0.5073328614234924,-0.5693625807762146,mp-1246325,0.22026108444444148,Stable,Stable
mp-23906.cif,-1.399896502494812,-1.308234930038452,mp-23906,0.009896489107148021,Stable,Stable
mp-1195303.cif,-0.6031588912010193,-0.585796594619751,mp-1195303,0.2786632064999992,Stable,Stable
mp-1219905.cif,-2.1617727279663086,-1.999147653579712,mp-1219905,0.13624791499999933,Stable,Stable
mp-1029336.cif,0.0563176721334457,-0.0725794360041618,mp-1029336,0.18027621182478804,Stable,Unstable
mp-1180351.cif,-0.0513662844896316,-0.1126783266663551,mp-1180351,1.1340497191071508,Stable,Stable
mp-1196445.cif,-1.2366178035736084,-1.1870464086532593,mp-1196445,0.17369988534999692,Stable,Stable
mp-1423472.cif,0.0213805586099624,-0.0864377245306968,mp-1423472,0.48209368699999633,Stable,Unstable
mp-1245919.cif,-0.2872259020805359,-0.2557233273983001,mp-1245919,0.215560277045455,Stable,Stable
mp-732350.cif,0.6182758808135986,0.6067212820053101,mp-732350,0.8901032033680565,Unstable,Unstable
mp-1385807.cif,-0.6862851977348328,-0.7417711019515991,mp-1385807,0.05755899833333267,Stable,Stable
mp-1195987.cif,-0.9428424835205078,-0.8699650764465332,mp-1195987,1.1388493637083403,Stable,Stable
mp-758989.cif,-2.2210142612457275,-1.9296557903289795,mp-758989,0.06708320013988,Stable,Stable
mp-6781.cif,-0.4440644979476928,-0.5094780325889587,mp-6781,0.24404320395833334,Stable,Stable
mp-734031.cif,-1.073818922042847,-0.786024808883667,mp-734031,0.4514651774603209,Stable,Stable
mp-1247343.cif,-1.2941704988479614,-1.3303041458129885,mp-1247343,0.04815567884615568,Stable,Stable
mp-1245826.cif,-0.0960903614759445,-0.1281963586807251,mp-1245826,0.1920344690000002,Stable,Stable
mp-1246427.cif,-1.260905623435974,-1.2549688816070557,mp-1246427,0.19312234305555442,Stable,Stable
mp-1246082.cif,-1.669212818145752,-1.7141296863555908,mp-1246082,0.1788392266666694,Stable,Stable
mp-775939.cif,-2.9570932388305664,-2.94149112701416,mp-775939,0.11123486666091509,Stable,Stable
mp-1224340.cif,-1.265520453453064,-1.2415896654129028,mp-1224340,0.05347734843750018,Stable,Stable
mp-570971.cif,-0.7555537819862366,-0.7763978838920593,mp-570971,0.0,Stable,Stable
mp-606338.cif,-0.7202524542808533,-0.7755392789840698,mp-606338,0.0,Stable,Stable
mp-1215256.cif,-1.50981605052948,-1.5218749046325684,mp-1215256,0.08927395499999946,Stable,Stable
mp-1077223.cif,-1.2052940130233765,-1.1003315448760986,mp-1077223,0.21418068458333384,Stable,Stable
mp-1104471.cif,0.9118607640266418,0.8150771260261536,mp-1104471,1.6792359157142864,Unstable,Unstable
mp-24290.cif,0.0355314090847969,0.0024712870363146,mp-24290,0.10055891605034795,Unstable,Unstable
mp-1224399.cif,-1.4347494840621948,-1.394450545310974,mp-1224399,0.0,Stable,Stable
mp-1246199.cif,-0.1357187777757644,-0.2265533059835434,mp-1246199,0.29458072298610993,Stable,Stable
mp-1940.cif,-1.778363585472107,-1.6392557621002195,mp-1940,0.11960623633333967,Stable,Stable
mp-1247365.cif,-0.8424517512321472,-0.9038752317428588,mp-1247365,0.03801247466239044,Stable,Stable
mp-1196144.cif,-1.4659154415130615,-1.459655523300171,mp-1196144,0.0,Stable,Stable
mp-999292.cif,1.2241936922073364,1.1082717180252075,mp-999292,1.1082717562500015,Unstable,Unstable
mp-1182317.cif,1.024469017982483,1.097896933555603,mp-1182317,1.4692244158333332,Unstable,Unstable
mp-559129.cif,-1.4699665307998655,-1.4270853996276855,mp-559129,0.0,Stable,Stable
mp-1097039.cif,-0.0546618849039077,-0.1205749064683914,mp-1097039,0.3788829709259254,Stable,Stable
mp-707289.cif,-0.3446623682975769,-0.3509652316570282,mp-707289,0.2010106273437513,Stable,Stable
mp-1200557.cif,-1.4852780103683472,-1.4904431104660034,mp-1200557,0.0,Stable,Stable
mp-1200439.cif,-0.2453563213348388,-0.3503227531909942,mp-1200439,0.0,Stable,Stable
mp-555229.cif,-0.9098429083824158,-0.9141279458999634,mp-555229,0.06716244361111112,Stable,Stable
mp-556273.cif,0.4346472024917602,0.3999018371105194,mp-556273,0.6157623426249996,Unstable,Unstable
mp-1202349.cif,-0.2678000330924988,-0.2903461754322052,mp-1202349,0.12795089762499678,Stable,Stable
mp-731917.cif,1.0908372402191162,1.0394949913024902,mp-731917,1.6156357368014715,Unstable,Unstable
mp-1020059.cif,-0.4478658437728882,-0.5084802508354187,mp-1020059,0.0,Stable,Stable
mp-28583.cif,-1.5064843893051147,-1.330472111701965,mp-28583,0.054187725859375035,Stable,Stable
mp-778194.cif,-0.7226101756095886,-0.783110499382019,mp-778194,0.18101984950000016,Stable,Stable
mp-583606.cif,-0.3719654083251953,-0.4348496198654175,mp-583606,0.4460217780882374,Stable,Stable
mp-1201420.cif,-1.4537795782089231,-1.46201753616333,mp-1201420,0.001040519565218112,Stable,Stable
mp-1106142.cif,1.086401104927063,0.7773657441139221,mp-1106142,0.7773657374999994,Unstable,Unstable
mp-1246724.cif,-0.3028449416160583,-0.2166138887405395,mp-1246724,0.18918796774025903,Stable,Stable
mp-626392.cif,-0.6999509930610657,-0.7237221598625183,mp-626392,0.21799101565789236,Stable,Stable
mp-1194055.cif,0.6448238492012024,0.4908570349216461,mp-1194055,1.6344955673333326,Unstable,Unstable
mp-1189694.cif,0.7405574321746826,0.7520656585693359,mp-1189694,1.0109991614999991,Unstable,Unstable
mp-1246156.cif,-0.4854704737663269,-0.5166159868240356,mp-1246156,0.26001595972222535,Stable,Stable
mp-558847.cif,-0.8095342516899109,-0.9430834650993348,mp-558847,0.33595008124999914,Stable,Stable
mp-1103631.cif,-0.4558045268058777,-0.5863003730773926,mp-1103631,1.0188116619791643,Stable,Stable
mp-1179462.cif,0.7227023243904114,0.7106186747550964,mp-1179462,1.2407423914285705,Unstable,Unstable
mp-5798.cif,-0.6059756278991699,-0.5348180532455444,mp-5798,0.09845387181818399,Stable,Stable
mp-559296.cif,-0.8752729892730713,-0.894507110118866,mp-559296,0.3718081147991068,Stable,Stable
mp-754453.cif,-3.041353464126587,-3.0093533992767334,mp-754453,0.14243443525000998,Stable,Stable
mp-562550.cif,0.1675760895013809,0.1104254871606826,mp-562550,0.15481568408482183,Unstable,Unstable
mp-22936.cif,-1.8630237579345703,-1.796587586402893,mp-22936,0.0,Stable,Stable
mp-18164.cif,-2.284766435623169,-2.3020575046539307,mp-18164,0.0020475860714412875,Stable,Stable
mp-1245441.cif,-0.3165616989135742,-0.3925044238567352,mp-1245441,0.14539527937500019,Stable,Stable
mp-676894.cif,-1.1650139093399048,-1.1259448528289795,mp-676894,0.5418804648141862,Stable,Stable
mp-1212209.cif,1.6353801488876345,1.136675238609314,mp-1212209,1.3989833264999998,Unstable,Unstable
mp-1210233.cif,-0.2344396859407425,-0.1730396151542663,mp-1210233,0.6581003165909154,Stable,Stable
mp-29928.cif,-0.0864091515541076,-0.1271689534187317,mp-29928,0.18628931406609173,Stable,Stable
mp-1017567.cif,-1.99090838432312,-2.0485119819641118,mp-1017567,0.0,Stable,Stable
mp-677509.cif,-1.218233346939087,-1.2489593029022217,mp-677509,0.039665253920453836,Stable,Stable
mp-758953.cif,-0.5636276006698608,-0.5530568361282349,mp-758953,0.008160494545454533,Stable,Stable
mp-766262.cif,-1.1102901697158811,-1.0870428085327148,mp-766262,0.01644269528378217,Stable,Stable
mp-1201971.cif,-0.6666544079780579,-0.6300824880599976,mp-1201971,0.7479755828333348,Stable,Stable
mp-1180449.cif,-1.9751439094543457,-1.9702064990997317,mp-1180449,0.06201049415179227,Stable,Stable
mp-2355.cif,1.134976506233215,1.3146235942840576,mp-2355,1.8608440037499996,Unstable,Unstable
mp-703486.cif,0.0738781094551086,0.0804903879761695,mp-703486,0.5038552343452389,Unstable,Unstable
mp-1246226.cif,-0.1811611056327819,-0.2130884230136871,mp-1246226,0.21861541611111335,Stable,Stable
mp-556406.cif,-1.930617332458496,-1.9326038360595703,mp-556406,0.06603195977111476,Stable,Stable
mp-1204481.cif,-0.5042487978935242,-0.6246059536933899,mp-1204481,1.1816200619230601,Stable,Stable
mp-1247380.cif,0.2402996569871902,0.2424980252981186,mp-1247380,0.31103968800000104,Unstable,Unstable
mp-1246995.cif,-0.121666133403778,-0.1479590833187103,mp-1246995,0.024181729125001716,Stable,Stable
mp-707727.cif,-0.4852131605148315,-0.4222840070724487,mp-707727,0.29456329980519147,Stable,Stable
mp-1008922.cif,1.0063323974609375,0.8419680595397949,mp-1008922,0.8419680825000011,Unstable,Unstable
mp-1019734.cif,-1.4932374954223633,-1.260715365409851,mp-1019734,0.0,Stable,Stable
mp-504574.cif,0.1971339434385299,0.1204247325658798,mp-504574,0.807867053999999,Unstable,Unstable
mp-1195586.cif,0.0697216093540191,-0.0308330059051513,mp-1195586,0.2872314370394715,Stable,Unstable
mp-1101156.cif,-2.2588911056518555,-2.2055532932281494,mp-1101156,0.18770751125000018,Stable,Stable
mp-569889.cif,-0.0010488033294677,-0.0899866595864296,mp-569889,0.40711796631249975,Stable,Stable
mp-1226931.cif,0.5782010555267334,0.4505585432052612,mp-1226931,0.4505585572413775,Unstable,Unstable
mp-1245252.cif,0.4433723092079162,0.2330872267484665,mp-1245252,0.23308723180000257,Unstable,Unstable
mp-1245482.cif,-0.5068710446357727,-0.5019547939300537,mp-1245482,0.28063175642857274,Stable,Stable
mp-28124.cif,-1.5955804586410522,-1.5144832134246826,mp-28124,0.0,Stable,Stable
mp-1400762.cif,-0.2710317373275757,-0.2075072228908538,mp-1400762,0.282555295499999,Stable,Stable
mp-1190668.cif,1.1221731901168823,1.1556167602539062,mp-1190668,1.7251484807575759,Unstable,Unstable
mp-1225097.cif,-0.1824465095996856,-0.2503287494182586,mp-1225097,0.010726925069443283,Stable,Stable
mp-621921.cif,-0.2582006454467773,-0.2467956393957138,mp-621921,0.12539527010416762,Stable,Stable
mp-1228894.cif,-1.2215126752853394,-1.1676877737045288,mp-1228894,0.00717303000000058,Stable,Stable
mp-1247297.cif,-0.5977088809013367,-0.6702770590782166,mp-1247297,0.11773994330720328,Stable,Stable
mp-1202324.cif,-0.5144809484481812,-0.5085367560386658,mp-1202324,0.004279424407914512,Stable,Stable
mp-1245650.cif,-0.294727623462677,-0.323942631483078,mp-1245650,0.15550662249999903,Stable,Stable
mp-13039.cif,-2.456012487411499,-2.5268242359161377,mp-13039,0.04131628738095117,Stable,Stable
mp-755488.cif,-2.784259080886841,-2.743715524673462,mp-755488,0.037496380833337284,Stable,Stable
mp-1246971.cif,-0.5476885437965393,-0.5992577075958252,mp-1246971,0.23798205888888724,Stable,Stable
mp-21244.cif,-0.2667149901390075,-0.3122957050800323,mp-21244,0.026633222666667677,Stable,Stable
mp-1246727.cif,0.0675593167543411,0.0510925240814685,mp-1246727,0.17071623236842015,Unstable,Unstable
mp-1184048.cif,-0.7231677174568176,-0.8404609560966492,mp-1184048,0.06670249083333246,Stable,Stable
mp-1215589.cif,-1.7171952724456787,-1.7112042903900146,mp-1215589,0.19034357187499928,Stable,Stable
mp-1245541.cif,-0.4560790061950683,-0.3947494029998779,mp-1245541,0.4674849860416668,Stable,Stable
mp-1246865.cif,0.2926793098449707,0.3633358180522918,mp-1246865,0.36333581499999923,Unstable,Unstable
mp-1180282.cif,0.0043351203203201,0.0387322753667831,mp-1180282,0.5529967037499999,Unstable,Unstable
mp-1245513.cif,-0.0777371972799301,-0.1392754912376403,mp-1245513,0.3719318287500002,Stable,Stable
mp-1247530.cif,-0.5164541602134705,-0.5148126482963562,mp-1247530,0.053069074266666405,Stable,Stable
mp-555541.cif,-0.8545182943344116,-0.8559482097625732,mp-555541,0.5244260495624982,Stable,Stable
mp-1181896.cif,0.928172528743744,1.1680400371551514,mp-1181896,1.7324863777272723,Unstable,Unstable
mp-1221793.cif,-0.1974485665559768,-0.3653044998645782,mp-1221793,0.07017895083333237,Stable,Stable
mp-866308.cif,-0.3734039068222046,-0.4068069159984588,mp-866308,0.047124788421053054,Stable,Stable
mp-1245840.cif,-0.5647129416465759,-0.4660546779632568,mp-1245840,0.14231580266666644,Stable,Stable
mp-1029655.cif,-0.8944780230522156,-0.9706059098243712,mp-1029655,0.0222710456122428,Stable,Stable
mp-1213124.cif,0.3635529279708862,0.2694851160049438,mp-1213124,0.3113178516666668,Unstable,Unstable
mp-1246004.cif,-1.0506322383880615,-0.8321796655654907,mp-1246004,0.45528086619791885,Stable,Stable
mp-555282.cif,-0.3936622738838196,-0.4025592803955078,mp-555282,0.22575293578947342,Stable,Stable
mp-1179426.cif,-2.190148115158081,-2.287031888961792,mp-1179426,0.4171676677678624,Stable,Stable
mp-1079581.cif,2.7317774295806885,2.5798325538635254,mp-1079581,2.877646267777777,Unstable,Unstable
mp-1211113.cif,-1.76317298412323,-1.8342849016189573,mp-1211113,0.1336552516015619,Stable,Stable
mp-1246238.cif,0.4774650931358337,0.4159201681613922,mp-1246238,0.4159201772222261,Unstable,Unstable
mp-1246131.cif,-0.496365487575531,-0.5912935137748718,mp-1246131,0.17925681437499996,Stable,Stable
mp-1179660.cif,-0.7345185875892639,-0.616246223449707,mp-1179660,1.069325648333332,Stable,Stable
mp-1246781.cif,-0.4766371846199035,-0.3888384401798248,mp-1246781,0.30966604288461674,Stable,Stable
mp-10371.cif,-0.4045147895812988,-0.3786011934280395,mp-10371,0.028803957500000976,Stable,Stable
mp-1245904.cif,-1.326115608215332,-1.36383056640625,mp-1245904,0.15922215075757506,Stable,Stable
mp-1029267.cif,-1.7790879011154177,-1.796189308166504,mp-1029267,0.0,Stable,Stable
mp-1247495.cif,-0.9067382216453552,-0.938861608505249,mp-1247495,0.0885388856666669,Stable,Stable
mp-1245641.cif,0.0026722997426986,-0.0286781955510377,mp-1245641,0.253029297500003,Stable,Unstable
mp-1247437.cif,-1.1900900602340698,-1.2292507886886597,mp-1247437,0.13454681499999843,Stable,Stable
mp-707175.cif,-1.6052489280700684,-1.5857421159744265,mp-707175,0.1035228386751994,Stable,Stable
mp-1214254.cif,-0.0853414833545684,-0.0557732805609703,mp-1214254,0.6516141085119047,Stable,Stable
mp-626529.cif,-1.114813208580017,-1.1192011833190918,mp-626529,0.03165806482142752,Stable,Stable
mp-675682.cif,-3.292394161224365,-3.247849225997925,mp-675682,0.055550307407407296,Stable,Stable
mp-1246950.cif,0.2387733906507492,0.2569436132907867,mp-1246950,0.3004919509999997,Unstable,Unstable
mp-1019578.cif,-1.316104769706726,-1.3107101917266846,mp-1019578,0.0019546176923075365,Stable,Stable
mp-989613.cif,-0.9589467644691468,-1.026880979537964,mp-989613,0.03016874133333225,Stable,Stable
mp-29092.cif,-0.7187305092811584,-0.6857238411903381,mp-29092,0.0,Stable,Stable
mp-560121.cif,-1.1990240812301636,-1.1560897827148438,mp-560121,0.0,Stable,Stable
mp-1247042.cif,-0.257246732711792,-0.1759071797132492,mp-1247042,0.18911965748263793,Stable,Stable
mp-568862.cif,0.3980199694633484,0.2854171693325043,mp-568862,0.2854171774999976,Unstable,Unstable
mp-567763.cif,-0.0986939072608947,-0.0482709296047687,mp-567763,0.2611092710937495,Stable,Stable
mp-989534.cif,-1.0968282222747805,-1.0907249450683594,mp-989534,0.022802566000006408,Stable,Stable
mp-558481.cif,-1.2195844650268557,-1.1653629541397097,mp-558481,0.14829934499999986,Stable,Stable
mp-1198991.cif,-0.4351325631141662,-0.4275251030921936,mp-1198991,0.0,Stable,Stable
mp-1225051.cif,-0.1549737006425857,-0.2382178753614425,mp-1225051,0.001100841527778229,Stable,Stable
mp-1105650.cif,0.3296138644218445,0.8157196640968323,mp-1105650,1.1486235950694423,Unstable,Unstable
mp-721442.cif,-0.923543393611908,-0.9761268496513368,mp-721442,0.46418105409721466,Stable,Stable
mp-12335.cif,-0.0518936663866043,-0.0928100422024726,mp-12335,0.07049624937499921,Stable,Stable
mp-555.cif,0.0311094671487808,-0.0690324828028678,mp-555,0.0010915550000003549,Stable,Unstable
mp-20812.cif,0.2559681534767151,0.0931446179747581,mp-20812,0.21084528749999976,Unstable,Unstable
mp-1214997.cif,0.169838860630989,0.0817828625440597,mp-1214997,0.13877947807942714,Unstable,Unstable
mp-1246905.cif,-0.4722169041633606,-0.6306622624397278,mp-1246905,0.1858382167948731,Stable,Stable
mp-1103604.cif,-2.5207667350769043,-2.509806871414185,mp-1103604,0.0,Stable,Stable
mp-1247088.cif,0.0796277225017547,0.0810452252626419,mp-1247088,0.31415197055555666,Unstable,Unstable
mp-1399099.cif,0.3691257238388061,0.3341856300830841,mp-1399099,0.5851819819999999,Unstable,Unstable
mp-28553.cif,-1.4221841096878052,-1.358238935470581,mp-28553,0.02984112343750045,Stable,Stable
mp-641541.cif,0.0620221197605133,0.0154304895550012,mp-641541,0.20802291535714446,Unstable,Unstable
mp-570931.cif,-0.790961742401123,-0.752861738204956,mp-570931,0.0,Stable,Stable
mp-1214733.cif,-0.9302729964256288,-0.9068178534507751,mp-1214733,0.2161132708928557,Stable,Stable
mp-1247243.cif,-0.5702929496765137,-0.6290495991706848,mp-1247243,0.05042905974867917,Stable,Stable
mp-1246448.cif,-0.8733838200569153,-0.9097561836242676,mp-1246448,0.032328946071428,Stable,Stable
mp-1192890.cif,-2.068930625915528,-2.0472121238708496,mp-1192890,0.7857571269166694,Stable,Stable
mp-1195226.cif,-0.6251778602600098,-0.6890892386436462,mp-1195226,0.20491446166666893,Stable,Stable
mp-1212618.cif,-0.599093496799469,-0.59909588098526,mp-1212618,0.6621671335833277,Stable,Stable
mp-1245587.cif,-0.2207541912794113,-0.275731474161148,mp-1245587,0.2038858225757565,Stable,Stable
mp-1191621.cif,0.6262713074684143,0.4561353623867035,mp-1191621,1.2848726694907402,Unstable,Unstable
mp-1029920.cif,-0.9229922890663148,-0.9857422709465028,mp-1029920,0.0,Stable,Stable
mp-754790.cif,-2.6670663356781006,-2.6748745441436768,mp-754790,0.09969899015624861,Stable,Stable
mp-1247409.cif,0.2931584119796753,0.2603786587715149,mp-1247409,0.26037867200000164,Unstable,Unstable
mp-1198500.cif,-0.2979775071144104,-0.2899031639099121,mp-1198500,0.06334157281249997,Stable,Stable
mp-1197250.cif,0.5166903734207153,0.4361966550350189,mp-1197250,1.2975734237499994,Unstable,Unstable
mp-1245863.cif,-0.0777852684259414,-0.1253713816404342,mp-1245863,0.19397544778508902,Stable,Stable
mp-1246544.cif,-0.7839194536209106,-0.7554838061332703,mp-1246544,0.3002355364999971,Stable,Stable
mp-1218149.cif,-2.5352044105529785,-2.47750186920166,mp-1218149,0.14341356534058214,Stable,Stable
mp-1217736.cif,-0.0937497243285179,-0.1268637329339981,mp-1217736,0.08108476107141982,Stable,Stable
mp-1180215.cif,0.8961663842201233,0.7861453890800476,mp-1180215,1.128988316388888,Unstable,Unstable
mp-1219615.cif,-0.9287195801734924,-0.9966890811920166,mp-1219615,0.4240937899999988,Stable,Stable
mp-1199578.cif,0.3921364545822143,0.4271727502346039,mp-1199578,0.9916190390909092,Unstable,Unstable
mp-1217932.cif,-1.068639874458313,-1.0533503293991089,mp-1217932,0.24939833416666346,Stable,Stable
mp-728777.cif,-1.7878774404525757,-1.7294124364852903,mp-728777,0.19869775153408575,Stable,Stable
mp-725997.cif,-1.673979878425598,-1.672777771949768,mp-725997,0.12917991671874862,Stable,Stable
mp-24026.cif,-0.123278871178627,-0.1630956530570984,mp-24026,0.15000608096153734,Stable,Stable
mp-728225.cif,-0.6620656847953796,-0.5971238017082214,mp-728225,0.0229976539668586,Stable,Stable
mp-1191322.cif,-0.0810929983854293,-0.13528473675251,mp-1191322,0.4291615609090913,Stable,Stable
mp-29596.cif,-1.2526051998138428,-1.229088544845581,mp-29596,0.0,Stable,Stable
mp-1008965.cif,1.0139868259429932,0.9949178695678712,mp-1008965,0.9949178624999995,Unstable,Unstable
mp-1224558.cif,-0.869604766368866,-0.865636944770813,mp-1224558,0.08172316600877583,Stable,Stable
mp-1246276.cif,-0.3653377890586853,-0.381883293390274,mp-1246276,0.2872817619137926,Stable,Stable
mp-1194044.cif,-0.550608217716217,-0.5682986378669739,mp-1194044,0.0,Stable,Stable
mp-557991.cif,-0.3891405463218689,-0.4354166686534881,mp-557991,0.3932447984999978,Stable,Stable
mp-1247545.cif,-0.5307919383049011,-0.5634068250656128,mp-1247545,0.189774252400003,Stable,Stable
mp-1202899.cif,0.9336426854133606,0.9303793907165528,mp-1202899,1.460681304038462,Unstable,Unstable
mp-775944.cif,-3.231818914413452,-3.181467771530152,mp-775944,0.06601034883335366,Stable,Stable
mp-1245427.cif,0.09392811357975,0.112220287322998,mp-1245427,0.2490459400833327,Unstable,Unstable
mp-568532.cif,0.2783881425857544,0.1998125314712524,mp-568532,0.49728179210526413,Unstable,Unstable
mp-734390.cif,-1.3224340677261353,-1.4820958375930786,mp-734390,0.5072159983333355,Stable,Stable
mp-6633.cif,-0.3414239287376404,-0.4606379270553589,mp-6633,0.04149737343750104,Stable,Stable
mp-1246631.cif,-0.9197685718536376,-0.8441980481147766,mp-1246631,0.19042940849999823,Stable,Stable
mp-1246760.cif,-0.174534797668457,-0.210759237408638,mp-1246760,0.10403399875000119,Stable,Stable
mp-1093992.cif,-1.9609163999557493,-1.9359097480773928,mp-1093992,0.039596682500000924,Stable,Stable
mp-1194150.cif,-0.1420762091875076,-0.3764462769031524,mp-1194150,0.4698384724999993,Stable,Stable
mp-1185888.cif,-0.7687762975692749,-0.7358646392822266,mp-1185888,0.0,Stable,Stable
mp-510619.cif,-0.1520596444606781,-0.1855349987745285,mp-510619,0.0,Stable,Stable
mp-1147700.cif,0.4757760167121887,0.3512178063392639,mp-1147700,0.3512178016666674,Unstable,Unstable
mp-1214850.cif,-0.7218652367591858,-0.7242808938026428,mp-1214850,0.9400278220238114,Stable,Stable
mp-776608.cif,-3.1938297748565674,-3.153650045394897,mp-776608,0.10460880577381282,Stable,Stable
mp-1210158.cif,-0.1281119734048843,0.0008124004234559,mp-1210158,0.19975045849999873,Unstable,Stable
mp-1246090.cif,-0.2336223274469375,-0.2683106958866119,mp-1246090,0.2028682601851859,Stable,Stable
mp-1247065.cif,-0.1425105035305023,-0.1225980818271637,mp-1247065,0.2178619972727267,Stable,Stable
mp-1199218.cif,-0.419764757156372,-0.4249424934387207,mp-1199218,0.0,Stable,Stable
mp-1201867.cif,-2.07964825630188,-2.1914870738983154,mp-1201867,0.5990791621333349,Stable,Stable
mp-1245544.cif,-0.1961764693260193,-0.1293217241764068,mp-1245544,0.24517678204980875,Stable,Stable
mp-1205069.cif,0.5347424745559692,0.3417031466960907,mp-1205069,1.0077290361538456,Unstable,Unstable
mp-723704.cif,0.0915184766054153,-0.0128313330933451,mp-723704,1.1205115458333363,Stable,Unstable
mp-1246850.cif,0.408657431602478,0.3657494783401489,mp-1246850,0.36574947049999906,Unstable,Unstable
mp-573523.cif,-0.7171539068222046,-0.7699556350708008,mp-573523,0.0,Stable,Stable
mp-569340.cif,0.100884273648262,0.0919450297951698,mp-569340,0.0257906877777776,Unstable,Unstable
mp-1213906.cif,0.5133479833602905,0.4692709147930145,mp-1213906,2.0321730948214274,Unstable,Unstable
mp-755526.cif,-3.230379819869995,-3.194544792175293,mp-755526,0.05293334645240222,Stable,Stable
mp-1078469.cif,-0.2098686248064041,-0.3148886859416961,mp-1078469,0.01169306635416767,Stable,Stable
mp-1245334.cif,-0.0594796687364578,0.0231515038758516,mp-1245334,0.3355635409782636,Unstable,Stable
mp-729466.cif,-0.5839375853538513,-0.5842681527137756,mp-729466,0.4615833218518546,Stable,Stable
mp-571412.cif,-0.5801447033882141,-0.5999448895454407,mp-571412,0.0,Stable,Stable
mp-1247261.cif,-0.2985711395740509,-0.2933634221553802,mp-1247261,0.18608584249999893,Stable,Stable
mp-777569.cif,-2.726475715637207,-2.671532154083252,mp-777569,0.17924780166666743,Stable,Stable
mp-1246121.cif,-0.5244406461715698,-0.5836548209190369,mp-1246121,0.056346538641973254,Stable,Stable
mp-1228833.cif,0.0120337232947349,-0.168918564915657,mp-1228833,0.6151400945000001,Stable,Unstable
mp-1213393.cif,-0.3044314384460449,-0.3002125322818756,mp-1213393,0.0,Stable,Stable
mp-1245468.cif,0.021095260977745,-0.0291246902197599,mp-1245468,0.23052271744444397,Stable,Unstable
mp-1246805.cif,-0.0078913122415542,0.1363507807254791,mp-1246805,0.4121693105000013,Unstable,Stable
mp-989603.cif,-1.0119006633758545,-1.0931915044784546,mp-989603,0.02033604850000259,Stable,Stable
mp-1180220.cif,-0.0862586796283721,0.0302977543324232,mp-1180220,0.5445621837499992,Unstable,Stable
mp-1246655.cif,0.1578952372074127,0.2415768802165985,mp-1246655,0.34392527876811485,Unstable,Unstable
mp-1102530.cif,-1.2722800970077517,-1.2074273824691772,mp-1102530,0.997214539722223,Stable,Stable
mp-1198000.cif,-1.230676531791687,-1.2541797161102295,mp-1198000,0.05342350450833333,Stable,Stable
mp-1029811.cif,-1.8490009307861328,-1.737050175666809,mp-1029811,0.15084865472222386,Stable,Stable
mp-690667.cif,0.4340786337852478,0.4579781889915466,mp-690667,0.9511527818749999,Unstable,Unstable
mp-1246493.cif,-1.414858341217041,-1.4190680980682373,mp-1246493,0.14616170431817999,Stable,Stable
mp-1246909.cif,-2.19592022895813,-2.24545693397522,mp-1246909,0.0,Stable,Stable
mp-1234366.cif,-0.6268193125724792,-0.5989888906478882,mp-1234366,0.15731143338889275,Stable,Stable
mp-1350358.cif,-0.3941674828529358,-0.2877103090286255,mp-1350358,0.40711268583333293,Stable,Stable
mp-1214899.cif,1.502134919166565,1.2177637815475464,mp-1214899,1.8602511454273492,Unstable,Unstable
mp-645346.cif,-0.2466491460800171,-0.2607253193855285,mp-645346,0.18912727072916447,Stable,Stable
mp-722937.cif,-0.8784250617027283,-0.8587921261787415,mp-722937,0.0,Stable,Stable
mp-653562.cif,-0.4466601014137268,-0.4108118414878845,mp-653562,0.26595109499999925,Stable,Stable
mp-1246116.cif,-0.2552292943000793,-0.3509525954723358,mp-1246116,0.06439389802631723,Stable,Stable
mp-1200492.cif,0.8370897173881531,1.030977487564087,mp-1200492,1.6922648920535717,Unstable,Unstable
mp-1204236.cif,-1.51722514629364,-1.6324446201324463,mp-1204236,0.3284852208999913,Stable,Stable
mp-1245046.cif,0.0226515978574752,0.0344146825373172,mp-1245046,0.7044640895000001,Unstable,Unstable
mp-1190961.cif,-0.5301863551139832,-0.5260907411575317,mp-1190961,0.881380925132575,Stable,Stable
mp-864647.cif,-1.3727903366088867,-1.407824158668518,mp-864647,0.0,Stable,Stable
mp-818685.cif,-0.83100426197052,-0.899463951587677,mp-818685,0.66558001435184,Stable,Stable
mp-985299.cif,1.11042058467865,0.9805402159690856,mp-985299,0.9805402187500007,Unstable,Unstable
mp-1245952.cif,-0.1591602116823196,-0.1931198388338089,mp-1245952,0.293932237638888,Stable,Stable
mp-1247364.cif,-0.1969733834266662,-0.2060966789722442,mp-1247364,0.21087746347222147,Stable,Stable
mp-1202649.cif,-0.5640462040901184,-0.52672278881073,mp-1202649,0.5748834254583333,Stable,Stable
mp-1078291.cif,-0.7233620882034302,-0.7885210514068604,mp-1078291,0.0,Stable,Stable
mp-1188861.cif,-0.4838812351226806,-0.5829603672027588,mp-1188861,0.04100961794642899,Stable,Stable
mp-1246636.cif,-0.2961360216140747,-0.3197706639766693,mp-1246636,0.22938378712963114,Stable,Stable
mp-1246892.cif,-0.6840574741363525,-0.8106144070625305,mp-1246892,0.29123602000000126,Stable,Stable
mp-1244870.cif,-0.9980373978614808,-0.8953931927680969,mp-1244870,0.4633129509333287,Stable,Stable
mp-1245442.cif,-0.007464975118637,-0.0582489147782325,mp-1245442,0.17151673402777767,Stable,Stable
mp-1245699.cif,-1.0088711977005005,-1.124887466430664,mp-1245699,0.061810911874999874,Stable,Stable
mp-23568.cif,-0.606697142124176,-0.8198094964027405,mp-23568,0.0,Stable,Stable
mp-1245928.cif,-0.4112908840179443,-0.4628929793834686,mp-1245928,0.12799106749999645,Stable,Stable
mp-669462.cif,0.1014286428689956,-0.0185019578784704,mp-669462,0.30386499608617523,Stable,Unstable
mp-1245690.cif,0.3700901865959167,0.2305621802806854,mp-1245690,0.23056217749999952,Unstable,Unstable
mp-1194217.cif,-1.7069061994552612,-1.9257630109786987,mp-1194217,0.6051382139999903,Stable,Stable
mp-1376593.cif,-0.2374701350927353,-0.2103860974311828,mp-1376593,0.3034244402272712,Stable,Stable
mp-974591.cif,-0.3627907633781433,-0.2334529012441635,mp-974591,0.5089360519444437,Stable,Stable
mp-1080194.cif,0.2299198061227798,0.1093222796916961,mp-1080194,0.15380868749999976,Unstable,Unstable
mp-1097757.cif,0.1187974959611892,0.0724747106432914,mp-1097757,0.5719325927777774,Unstable,Unstable
mp-1019082.cif,0.748565137386322,0.6127364635467529,mp-1019082,0.6127364483333331,Unstable,Unstable
mp-757336.cif,-2.585512399673462,-2.5294723510742188,mp-757336,0.12972544275000075,Stable,Stable
mp-1204359.cif,1.1097122430801392,0.9919074177742004,mp-1204359,1.2369822728749993,Unstable,Unstable
mp-643905.cif,-0.6524413824081421,-0.6511880159378052,mp-643905,0.0,Stable,Stable
mp-1247150.cif,-0.1490733325481414,-0.2843275964260101,mp-1247150,0.20733873974206318,Stable,Stable
mp-1179193.cif,0.5312191843986511,0.4084570705890655,mp-1179193,0.6481198455178561,Unstable,Unstable
mp-24067.cif,-1.8207274675369265,-1.7697583436965942,mp-24067,0.15169357843750042,Stable,Stable
mp-1212793.cif,-1.8772691488265991,-1.9072566032409668,mp-1212793,0.009626775448713154,Stable,Stable
mp-30068.cif,0.4453429579734802,0.3017649352550506,mp-30068,0.5058100020833329,Unstable,Unstable
mp-1201297.cif,-0.3895018100738525,-0.496550053358078,mp-1201297,0.673147416644734,Stable,Stable
mp-1202445.cif,-1.6945257186889648,-1.6477880477905271,mp-1202445,0.0,Stable,Stable
mp-667318.cif,-1.4466009140014648,-1.4513555765151978,mp-667318,0.031502096272356006,Stable,Stable
mp-1196295.cif,-0.531822919845581,-0.5189917683601379,mp-1196295,1.272518332410712,Stable,Stable
mp-1247474.cif,-0.1164646819233894,-0.1144248470664024,mp-1247474,0.4067091852777782,Stable,Stable
mp-778905.cif,-3.066946268081665,-3.0549445152282715,mp-778905,0.08159002404255133,Stable,Stable
mp-35327.cif,0.0519947260618209,-0.1352128684520721,mp-35327,0.3435342671428554,Stable,Unstable
mp-1217723.cif,-0.1809027194976806,-0.1952150464057922,mp-1217723,0.15396589857142473,Stable,Stable
mp-1198753.cif,-1.0621659755706787,-1.0680253505706787,mp-1198753,0.020824852122809823,Stable,Stable
mp-1247081.cif,-0.4137732982635498,-0.2773897647857666,mp-1247081,0.48214153198275866,Stable,Stable
mp-1200524.cif,-0.3185692727565765,-0.2859618663787842,mp-1200524,0.28066175323529396,Stable,Stable
mp-570755.cif,-1.0747543573379517,-1.1355534791946411,mp-570755,0.0,Stable,Stable
mp-505495.cif,-0.6643034815788269,-0.7048705220222473,mp-505495,0.0,Stable,Stable
mp-28067.cif,-2.1152617931365967,-2.0348401069641118,mp-28067,0.0,Stable,Stable
mp-775822.cif,-2.3397791385650635,-2.336338758468628,mp-775822,0.12818195250000208,Stable,Stable
mp-1203544.cif,-0.4966812133789062,-0.5958023071289062,mp-1203544,0.17213687384615461,Stable,Stable
mp-558217.cif,-0.9774424433708192,-1.0600013732910156,mp-558217,0.0,Stable,Stable
mp-1353700.cif,0.0869300365447998,1.2812614440917969,mp-1353700,2.274217511776315,Unstable,Unstable
mp-1245499.cif,0.1258117705583572,0.0724119320511818,mp-1245499,0.18475751557291886,Unstable,Unstable
mp-1246879.cif,-0.862429678440094,-0.9372712969779968,mp-1246879,0.12203631229999878,Stable,Stable
mp-23019.cif,-2.0017850399017334,-2.0029191970825195,mp-23019,0.06563434861110551,Stable,Stable
mp-1244916.cif,0.0007881075143814,-0.0209183190017938,mp-1244916,0.6491310883000008,Stable,Unstable
mp-1246113.cif,-0.1594908535480499,-0.2141295224428177,mp-1246113,0.34108716527777894,Stable,Stable
mp-1029975.cif,-0.6212493181228638,-0.609314501285553,mp-1029975,0.0,Stable,Stable
mp-1203456.cif,-0.7400694489479065,-0.6983281373977661,mp-1203456,0.04998598611111138,Stable,Stable
mp-1209071.cif,0.1568004190921783,0.0540068112313747,mp-1209071,1.4776265442499978,Unstable,Unstable
mp-676851.cif,-1.4921609163284302,-1.3927642107009888,mp-676851,0.02937441350000025,Stable,Stable
mp-699485.cif,-1.2943006753921509,-1.2928274869918823,mp-699485,0.004406057419354958,Stable,Stable
mp-1025352.cif,-2.389930486679077,-2.3285775184631348,mp-1025352,0.08318757305555202,Stable,Stable
mp-2925199.cif,1.0285228490829468,0.7782254815101624,mp-2925199,0.9451877874999992,Unstable,Unstable
mp-1103484.cif,1.187179446220398,1.205428957939148,mp-1103484,1.771172119999998,Unstable,Unstable
mp-867219.cif,-0.7403590679168701,-0.7310470938682556,mp-867219,0.0,Stable,Stable
mp-1200086.cif,-0.3778671622276306,-0.4361628592014313,mp-1200086,0.0,Stable,Stable
mp-1245589.cif,-0.3651542663574219,-0.2888204455375671,mp-1245589,0.29564205516666675,Stable,Stable
mp-1414602.cif,0.1346385329961776,-0.2552773952484131,mp-1414602,0.4849308137500046,Stable,Unstable
mp-1246719.cif,0.2856308817863464,0.1459744125604629,mp-1246719,0.1943279019999995,Unstable,Unstable
mp-580962.cif,-0.1214832216501236,-0.2122049480676651,mp-580962,0.49698681078124896,Stable,Stable
mp-1105312.cif,0.9383884072303772,0.9737712144851683,mp-1105312,1.3149760973214284,Unstable,Unstable
mp-1212815.cif,0.5676841139793396,0.9898077845573424,mp-1212815,1.0380763126923078,Unstable,Unstable
mp-1195508.cif,-1.797171711921692,-1.8257265090942385,mp-1195508,0.1187433383333314,Stable,Stable
mp-1193097.cif,-0.71420818567276,-0.6663198471069336,mp-1193097,0.026813895785712916,Stable,Stable
mp-1080197.cif,-0.034531146287918,-0.1212602704763412,mp-1080197,0.15869337142857098,Stable,Stable
mp-555721.cif,-1.2283087968826294,-1.222117304801941,mp-555721,0.19387357805555183,Stable,Stable
mp-734003.cif,-2.097621202468872,-1.988910436630249,mp-734003,0.41863609180555184,Stable,Stable
mp-558183.cif,-0.5037646889686584,-0.7019045948982239,mp-558183,0.2109504841999943,Stable,Stable
mp-722666.cif,1.4832134246826172,1.3710156679153442,mp-722666,2.136438127999999,Unstable,Unstable
mp-1193572.cif,-0.3132960796356201,-0.3189524114131927,mp-1193572,1.3763597287333287,Stable,Stable
mp-1246561.cif,0.2121535390615463,0.1850379556417465,mp-1246561,0.40519519678571214,Unstable,Unstable
mp-1220542.cif,-0.1359844207763672,-0.1575267910957336,mp-1220542,0.134682175238094,Stable,Stable
mp-1220797.cif,-2.1123645305633545,-2.009427309036255,mp-1220797,0.05400067380000095,Stable,Stable
mp-1009596.cif,1.5501301288604736,1.3342853784561155,mp-1009596,1.3342853325000004,Unstable,Unstable
mp-779982.cif,-2.5880260467529297,-2.5225205421447754,mp-779982,0.13614657675000075,Stable,Stable
mp-722212.cif,-0.1995242983102798,1.1298747062683103,mp-722212,3.593836252250002,Unstable,Stable
mp-36800.cif,-1.2551597356796265,-1.2638143301010132,mp-36800,0.037747409583332114,Stable,Stable
mp-1244884.cif,0.0456523299217224,0.0222424194216728,mp-1244884,0.6922918271,Unstable,Unstable
mp-531317.cif,-0.6462844014167786,-0.7788063883781433,mp-531317,0.1848819920303031,Stable,Stable
mp-1215288.cif,-1.4279361963272097,-1.3528380393981934,mp-1215288,0.4747513287500009,Stable,Stable
mp-1245648.cif,0.2159743756055832,0.2169451564550399,mp-1245648,0.24079116043859727,Unstable,Unstable
mp-723835.cif,1.1598578691482544,1.1771736145019531,mp-723835,1.4291120064285714,Unstable,Unstable
mp-560409.cif,-1.1545164585113523,-1.1330125331878662,mp-560409,0.23680344780811957,Stable,Stable
mp-733838.cif,-1.0504025220870972,-1.0360280275344849,mp-733838,0.2898475004924288,Stable,Stable
mp-743935.cif,-0.2496608942747116,-0.2137911170721054,mp-743935,0.570211276925285,Stable,Stable
mp-542496.cif,-0.2918243408203125,-0.3151132464408874,mp-542496,0.0,Stable,Stable
mp-1029492.cif,-0.4126874804496765,-0.3890974819660187,mp-1029492,0.020552375208334972,Stable,Stable
mp-1203637.cif,-0.3295174241065979,-0.414920836687088,mp-1203637,0.20409590468749794,Stable,Stable
mp-1237055.cif,-0.5709418058395386,-0.5691335201263428,mp-1237055,0.6068915826666643,Stable,Stable
mp-1201218.cif,-1.5636554956436155,-1.5250606536865234,mp-1201218,0.9446834491216238,Stable,Stable
mp-21264.cif,0.3380415439605713,0.2877256274223327,mp-21264,0.2877256166666662,Unstable,Unstable
mp-1246145.cif,-0.267838716506958,-0.3589965403079986,mp-1246145,0.07554021173610792,Stable,Stable
mp-1246989.cif,-0.1023977547883987,-0.1493132263422012,mp-1246989,0.2579185505952397,Stable,Stable
mp-1191860.cif,0.6407838463783264,0.6387643814086914,mp-1191860,0.9941348234782623,Unstable,Unstable
mp-29930.cif,0.1314053386449813,0.0950061082839965,mp-29930,0.29576893469348686,Unstable,Unstable
mp-1204126.cif,-0.2211817800998687,-0.3260942697525024,mp-1204126,1.1768006127777646,Stable,Stable
mp-1245465.cif,-0.1374191045761108,-0.067219004034996,mp-1245465,0.24229590456439443,Stable,Stable
mp-1182597.cif,1.1816099882125854,1.0851601362228394,mp-1182597,1.3439001756818163,Unstable,Unstable
mp-1225195.cif,0.587770402431488,0.6967862844467163,mp-1225195,1.5030793968518505,Unstable,Unstable
mp-552674.cif,-1.5421584844589231,-1.381758689880371,mp-552674,0.989674603125005,Stable,Stable
mp-1218378.cif,-1.639914870262146,-1.584585666656494,mp-1218378,0.04930728000000073,Stable,Stable
mp-35695.cif,-0.4853941202163696,-0.4967870414257049,mp-35695,0.08578581187499967,Stable,Stable
mp-1208996.cif,-0.1885786801576614,-0.1835802048444748,mp-1208996,1.4817640081666648,Stable,Stable
mp-674456.cif,-1.7354276180267334,-1.7324234247207642,mp-674456,0.015005051578945938,Stable,Stable
mp-1442753.cif,0.1632608920335769,1.323399782180786,mp-1442753,2.3189006705263155,Unstable,Unstable
mp-683949.cif,-1.1410728693008425,-1.2174566984176636,mp-683949,0.009037823593748051,Stable,Stable
mp-567371.cif,-0.6776534914970398,-0.7205221056938171,mp-567371,0.0,Stable,Stable
mp-1245368.cif,-1.121559977531433,-1.087578296661377,mp-1245368,0.1679699236764698,Stable,Stable
mp-1195832.cif,-1.2120271921157837,-1.2306891679763794,mp-1195832,0.029204334047618907,Stable,Stable
mp-1195678.cif,-1.4360448122024536,-1.5429027080535889,mp-1195678,0.023216556190476467,Stable,Stable
mp-29175.cif,-0.8844819664955139,-0.9235060214996338,mp-29175,0.0,Stable,Stable
mp-1191105.cif,0.3378576636314392,0.2739142477512359,mp-1191105,0.8624468977294688,Unstable,Unstable
mp-1246020.cif,0.1105412393808364,0.0832751393318176,mp-1246020,0.09359233350000018,Unstable,Unstable
mp-560224.cif,-0.901683747768402,-0.9893302917480468,mp-560224,0.2717710072500008,Stable,Stable
mp-20820.cif,-0.9332361817359924,-1.0686415433883667,mp-20820,0.0,Stable,Stable
mp-1209941.cif,-0.7495000958442688,-0.8127696514129639,mp-1209941,0.02674026629629367,Stable,Stable
mp-1205982.cif,0.9820377230644226,1.2169963121414185,mp-1205982,1.8045866911111106,Unstable,Unstable
mp-1207754.cif,-0.2519984841346741,-0.2716012597084045,mp-1207754,0.09256688068181873,Stable,Stable
mp-1246437.cif,0.3040176033973694,0.242850974202156,mp-1246437,0.23980749613636299,Unstable,Unstable
mp-1220479.cif,-0.9131726622581482,-0.9449762105941772,mp-1220479,0.11912370230768943,Stable,Stable
mp-1213831.cif,-0.4006527662277221,-0.4780017137527466,mp-1213831,0.8997938034536048,Stable,Stable
mp-1198745.cif,-2.028348922729492,-2.071308135986328,mp-1198745,0.21294309901316044,Stable,Stable
mp-567575.cif,-0.1678806543350219,-0.2560694515705108,mp-567575,0.03852613027777885,Stable,Stable
mp-1198813.cif,-1.1368032693862915,-1.0597257614135742,mp-1198813,0.08653202776666546,Stable,Stable
mp-1245582.cif,0.0681647956371307,0.0537744797766208,mp-1245582,0.43442112888889106,Unstable,Unstable
mp-1245963.cif,-0.4046883583068847,-0.427772969007492,mp-1245963,0.030071778999997356,Stable,Stable
mp-695936.cif,-1.216657280921936,-1.256261944770813,mp-695936,0.09645053797619418,Stable,Stable
mp-1246896.cif,-0.4853389859199524,-0.4087567925453186,mp-1246896,0.35284119250000145,Stable,Stable
mp-1209100.cif,0.8735587000846863,0.885006844997406,mp-1209100,1.5296259401111136,Unstable,Unstable
mp-17518.cif,-1.3222880363464355,-1.363282322883606,mp-17518,0.0,Stable,Stable
mp-683911.cif,-0.6067348718643188,-0.6531042456626892,mp-683911,0.37983871126116053,Stable,Stable
mp-1204637.cif,0.0454440116882324,-0.0432574227452278,mp-1204637,0.7282306965789491,Stable,Unstable
mp-1216049.cif,-2.1623897552490234,-2.121966361999512,mp-1216049,0.0232022828472207,Stable,Stable
mp-1203978.cif,-0.2743030786514282,-0.3747405707836151,mp-1203978,0.15246011636393186,Stable,Stable
mp-1419585.cif,-0.2792071104049682,-0.2909795939922333,mp-1419585,0.2552408162499997,Stable,Stable
mp-1246410.cif,-0.0215374007821083,-0.0089950067922472,mp-1246410,0.29156675333333126,Stable,Stable
mp-555513.cif,-1.0895649194717407,-1.1681585311889648,mp-555513,0.3872572929305518,Stable,Stable
mp-1078568.cif,0.3416390419006347,0.2386734932661056,mp-1078568,0.23867349125000104,Unstable,Unstable
mp-1247319.cif,0.0601745098829269,0.1186340525746345,mp-1247319,0.5295402109166645,Unstable,Unstable
mp-1014251.cif,-1.204128384590149,-1.2424049377441406,mp-1014251,0.0,Stable,Stable
mp-1106114.cif,1.2299379110336304,1.2800726890563965,mp-1106114,1.860861588333334,Unstable,Unstable
mp-1232306.cif,-0.058898389339447,-0.151875227689743,mp-1232306,0.4459400699999989,Stable,Stable
mp-20781.cif,0.29859459400177,-0.0641400516033172,mp-20781,0.9216338945454519,Stable,Unstable
mp-1245847.cif,0.0272751674056053,-0.0618719346821308,mp-1245847,0.3127214765624977,Stable,Unstable
mp-1804.cif,-0.1175716817378997,-0.1577790826559066,mp-1804,0.0,Stable,Stable
mp-1246754.cif,-0.1585297733545303,-0.1774842590093612,mp-1246754,0.2058056290972221,Stable,Stable
mp-36066.cif,-1.4606260061264038,-1.4767683744430542,mp-36066,0.062477948000000616,Stable,Stable
mp-1096994.cif,-2.0835680961608887,-1.9617266654968264,mp-1096994,0.020751347500002737,Stable,Stable
mp-1212560.cif,-0.0927223488688469,-0.1007040143013,mp-1212560,0.4764112429111087,Stable,Stable
mp-696666.cif,-0.6663339734077454,-0.5659841895103455,mp-696666,0.4695653969374973,Stable,Stable
mp-1423059.cif,0.405835747718811,0.2229297161102295,mp-1423059,0.22292971999999978,Unstable,Unstable
mp-1078734.cif,1.8854860067367556,1.800274133682251,mp-1078734,2.108234565750002,Unstable,Unstable
mp-1246329.cif,-1.7772104740142822,-1.7655844688415527,mp-1246329,0.14102544833333752,Stable,Stable
mp-1238508.cif,-0.9813337922096252,-0.9418129324913024,mp-1238508,0.4816957025156272,Stable,Stable
mp-600226.cif,-0.0356706976890563,-0.0269419215619564,mp-600226,0.3214457817129617,Stable,Stable
mp-1201733.cif,-1.5934491157531738,-1.5519037246704102,mp-1201733,0.0008011545529900133,Stable,Stable
mp-1245519.cif,-0.8412229418754578,-0.7666481733322144,mp-1245519,0.38482054062499316,Stable,Stable
mp-1079695.cif,-0.8051954507827759,-0.7924901247024536,mp-1079695,0.0,Stable,Stable
mp-1203950.cif,-0.3336273431777954,0.0177089925855398,mp-1203950,1.589756503203132,Unstable,Stable
mp-555493.cif,-0.6204282641410828,-0.8435142636299133,mp-555493,0.09538995578275067,Stable,Stable
mp-1201962.cif,-1.85759961605072,-1.8485690355300903,mp-1201962,0.0,Stable,Stable
mp-773667.cif,-0.6435710191726685,-0.73011314868927,mp-773667,0.2340171729999998,Stable,Stable
mp-1220830.cif,-1.0693864822387695,-1.0500156879425049,mp-1220830,0.16235548086956086,Stable,Stable
mp-775918.cif,-3.051774740219116,-3.039747953414917,mp-775918,0.11203982475000984,Stable,Stable
mp-33046.cif,-1.953065037727356,-1.8681855201721191,mp-33046,0.07448175613636465,Stable,Stable
mp-1014160.cif,-1.95345151424408,-1.9263536930084229,mp-1014160,0.04915273249999785,Stable,Stable
mp-1072204.cif,-1.7999767065048218,-0.836851954460144,mp-1072204,0.6288663844444464,Stable,Stable
mp-1202926.cif,0.6362590193748474,0.2977452874183655,mp-1202926,1.2010256783750002,Unstable,Unstable
mp-989513.cif,-0.8774613738059998,-0.8078959584236145,mp-989513,0.07413227512502019,Stable,Stable
mp-672675.cif,-0.0841481685638427,-0.1804470866918563,mp-672675,0.9575237197619124,Stable,Stable
mp-24354.cif,-1.1011779308319092,-1.0608967542648315,mp-24354,0.07217005121826148,Stable,Stable
mp-1172825.cif,-1.752899169921875,-1.6461217403411863,mp-1172825,0.25798652145833056,Stable,Stable
mp-1105760.cif,1.162645697593689,1.2740479707717896,mp-1105760,1.8513787158333344,Unstable,Unstable
mp-1102074.cif,0.4951153397560119,0.6385945081710815,mp-1102074,0.6385945050000004,Unstable,Unstable
mp-707955.cif,-0.8623198866844177,-0.8788528442382812,mp-707955,0.25702152911290277,Stable,Stable
mp-1173578.cif,-1.079242467880249,-0.9041058421134948,mp-1173578,0.3086587689454454,Stable,Stable
mp-1246660.cif,0.1488248407840728,0.1018745079636573,mp-1246660,0.3805269659999979,Unstable,Unstable
mp-641183.cif,-1.815476417541504,-1.7241355180740356,mp-641183,0.08646758829365098,Stable,Stable
mp-3421.cif,0.363109827041626,0.1879232078790664,mp-3421,0.18792320062500067,Unstable,Unstable
mp-29491.cif,0.0157834440469741,0.0298706479370594,mp-29491,0.11805472913281267,Unstable,Unstable
mp-1246394.cif,-0.017011746764183,-0.1357873529195785,mp-1246394,0.15512059285879154,Stable,Stable
mp-4531.cif,-1.3719412088394165,-1.3631969690322876,mp-4531,0.0,Stable,Stable
mp-10674.cif,1.161449670791626,1.0017962455749512,mp-10674,1.9704026219999982,Unstable,Unstable
mp-1245703.cif,-0.1177077889442443,-0.147492229938507,mp-1245703,0.30352990799999624,Stable,Stable
mp-1213238.cif,1.0918185710906982,0.7321330904960632,mp-1213238,1.439509167777779,Unstable,Unstable
mp-1059462.cif,0.950100839138031,0.7107844948768616,mp-1059462,1.257004896249999,Unstable,Unstable
mp-1245959.cif,0.0360242575407028,0.0066120531409978,mp-1245959,0.20948930928571574,Unstable,Unstable
mp-1201095.cif,0.1420638263225555,0.0726709738373756,mp-1201095,0.3150975597426475,Unstable,Unstable
mp-448.cif,-0.0358746200799942,0.10286146402359,mp-448,0.10286146062500023,Unstable,Stable
mp-24515.cif,-0.1955841779708862,0.1306852847337722,mp-24515,0.730151434642857,Unstable,Stable
mp-1247529.cif,-0.5226574540138245,-0.4578892588615417,mp-1247529,0.3327959422964559,Stable,Stable
mp-667353.cif,-1.4285773038864136,-1.4548195600509644,mp-667353,0.03479231052439147,Stable,Stable
mp-1211110.cif,-1.076310396194458,-1.0920202732086182,mp-1211110,0.5908607593421102,Stable,Stable
mp-1223372.cif,-1.4937442541122437,-1.295902132987976,mp-1223372,0.09060177535713887,Stable,Stable
mp-8926.cif,-0.9518836140632628,-1.0023019313812256,mp-8926,0.004483982083333338,Stable,Stable
mp-1430706.cif,-0.3015325665473938,-0.1054039597511291,mp-1430706,0.35901679999999914,Stable,Stable
mp-1100799.cif,-1.6589394807815552,-1.5642815828323364,mp-1100799,0.3352911260000013,Stable,Stable
mp-34584.cif,-3.0961599349975586,-3.127777099609375,mp-34584,0.0723605229545452,Stable,Stable
mp-1210367.cif,-1.503193974494934,-1.4575377702713013,mp-1210367,0.6875063321031822,Stable,Stable
mp-23927.cif,-1.5366458892822266,-1.567128300666809,mp-23927,0.09283296453331236,Stable,Stable
mp-1025333.cif,0.5610527396202087,0.3883454203605652,mp-1025333,0.7923883932589266,Unstable,Unstable
mp-1180460.cif,0.6506747603416443,0.4507077038288116,mp-1180460,1.029982122253604,Unstable,Unstable
mp-777297.cif,-0.4214401841163635,-0.5551842451095581,mp-777297,0.010157679166666433,Stable,Stable
mp-1079374.cif,-1.583527445793152,-1.6063737869262695,mp-1079374,0.13250901249999814,Stable,Stable
mp-6404.cif,-1.0451538562774658,-1.0571415424346924,mp-6404,0.0,Stable,Stable
mp-1245667.cif,-0.8754108548164368,-0.9350951313972472,mp-1245667,0.03606766499999736,Stable,Stable
mp-1204044.cif,-0.5377999544143677,-0.6494571566581726,mp-1204044,0.4257376876041654,Stable,Stable
mp-1196420.cif,-0.6764536499977112,-0.541635274887085,mp-1196420,0.010717392698410322,Stable,Stable
mp-1193820.cif,-1.5768964290618896,-1.4545061588287354,mp-1193820,0.28089874910714574,Stable,Stable
mp-1208783.cif,-0.8444414138793945,-0.7507043480873108,mp-1208783,0.5699105572685168,Stable,Stable
mp-720712.cif,-0.575581967830658,-0.5601677298545837,mp-720712,0.0,Stable,Stable
mp-1182159.cif,0.4696561694145202,0.5946442484855652,mp-1182159,1.2600672232142855,Unstable,Unstable
mp-1078456.cif,-0.0828273370862007,-0.0326347984373569,mp-1078456,1.0909799593333327,Stable,Stable
mp-23045.cif,-0.659769594669342,-0.6863649487495422,mp-23045,0.3357368979166653,Stable,Stable
mp-1246675.cif,-0.2054596692323684,-0.3259984850883484,mp-1246675,0.21970579636363308,Stable,Stable
mp-1220438.cif,-0.6445964574813843,-0.5922129154205322,mp-1220438,0.304552055624999,Stable,Stable
mp-733932.cif,-1.175238013267517,-1.1312031745910645,mp-733932,0.0,Stable,Stable
mp-541569.cif,-1.103674292564392,-1.0581756830215454,mp-541569,0.0,Stable,Stable
mp-1228351.cif,0.3030466437339782,0.3861049115657806,mp-1228351,0.9832845117307691,Unstable,Unstable
mp-1245504.cif,-0.2431763261556625,-0.3243825137615204,mp-1245504,0.1964607408333361,Stable,Stable
mp-1201090.cif,-0.2217019349336624,-0.2627897560596466,mp-1201090,0.041847390477443014,Stable,Stable
mp-755998.cif,-2.8804638385772705,-2.901034116744995,mp-755998,0.06714341531249879,Stable,Stable
mp-9382.cif,-1.5873440504074097,-1.582908272743225,mp-9382,0.007313204999999101,Stable,Stable
mp-1223825.cif,-1.116781234741211,-1.1016391515731812,mp-1223825,0.14932131171052632,Stable,Stable
mp-1246608.cif,-0.066178560256958,0.022950429469347,mp-1246608,0.4903829562499986,Unstable,Stable
mp-581833.cif,-0.1557543128728866,-0.1208682805299758,mp-581833,0.019336026250000415,Stable,Stable
mp-1208182.cif,-0.3256056308746338,-0.2357046604156494,mp-1208182,0.7040172342447892,Stable,Stable
mp-1029677.cif,-0.0267578065395355,-0.0621888414025306,mp-1029677,0.0,Stable,Stable
mp-1029420.cif,-0.0991339161992073,-0.1034919247031211,mp-1029420,0.07915443388888921,Stable,Stable
mp-1245448.cif,-0.4555143713951111,-0.4668976664543152,mp-1245448,0.18286736108333201,Stable,Stable
mp-1179627.cif,0.4907066822052002,0.3450842797756195,mp-1179627,0.8988844848214277,Unstable,Unstable
mp-1247014.cif,-0.9346540570259094,-0.9477479457855223,mp-1247014,0.062077258157899884,Stable,Stable
mp-1246081.cif,0.4385771155357361,0.4043083488941192,mp-1246081,0.40430833694444956,Unstable,Unstable
mp-1219293.cif,-1.5234243869781494,-1.3226498365402222,mp-1219293,0.0527499951442314,Stable,Stable
mp-1014565.cif,-0.0532166734337806,-0.1465961337089538,mp-1014565,0.3528617468055568,Stable,Stable
mp-567655.cif,-1.722647786140442,-1.8577654361724851,mp-567655,0.07768771857142909,Stable,Stable
mp-1179379.cif,-1.2239762544631958,-1.3308809995651243,mp-1179379,0.5650826965384548,Stable,Stable
mp-1190849.cif,-0.1469125598669052,-0.1703245937824249,mp-1190849,0.13628808681818239,Stable,Stable
mp-567666.cif,-0.8386537432670593,-0.8488473892211914,mp-567666,0.0,Stable,Stable
mp-1246762.cif,-0.3689843416213989,-0.5064871311187744,mp-1246762,0.351335843072917,Stable,Stable
mp-1212770.cif,-0.0338217616081237,-0.2665661871433258,mp-1212770,0.11740436810571886,Stable,Stable
mp-759183.cif,-0.5299666523933411,-0.5305159687995911,mp-759183,0.0,Stable,Stable
mp-1245708.cif,-0.4758185148239136,-0.3914563357830047,mp-1245708,0.5332040830000011,Stable,Stable
mp-1198730.cif,0.4385961890220642,0.5304980278015137,mp-1198730,1.4021569265277778,Unstable,Unstable
mp-1221037.cif,-0.2200556099414825,-0.2233676314353943,mp-1221037,0.5799301355681736,Stable,Stable
mp-1014373.cif,-0.0520870760083198,-0.1500392705202102,mp-1014373,0.3494186050000003,Stable,Stable
mp-1245707.cif,0.3615444898605346,0.0556646026670932,mp-1245707,0.41112867119047625,Unstable,Unstable
mp-1104760.cif,-1.1991887092590332,-1.1468350887298584,mp-1104760,0.04443870766666791,Stable,Stable
mp-35082.cif,-0.3040446639060974,-0.3000357449054718,mp-35082,0.053209002812500295,Stable,Stable
mp-1192545.cif,-0.1798472553491592,-0.2256968468427658,mp-1192545,1.132089355227273,Stable,Stable
mp-844.cif,-0.9734639525413512,-0.9597206711769104,mp-844,0.0,Stable,Stable
mp-1014257.cif,-1.0030440092086792,-0.9711554050445556,mp-1014257,0.0,Stable,Stable
mp-1009078.cif,0.4578999876976013,0.3741603493690491,mp-1009078,0.37416034499999995,Unstable,Unstable
mp-1214597.cif,-1.169048547744751,-1.2114588022232056,mp-1214597,0.0,Stable,Stable
mp-1245491.cif,0.4081205129623413,0.3746023774147033,mp-1245491,0.3732678570454553,Unstable,Unstable
mp-1195596.cif,-0.6124899983406067,-0.6520432829856873,mp-1195596,0.0,Stable,Stable
mp-1103104.cif,-0.5170361995697021,-0.4614246189594269,mp-1103104,0.6290871933333335,Stable,Stable
mp-1029640.cif,-0.6522407531738281,-0.6396538615226746,mp-1029640,0.0,Stable,Stable
mp-1202918.cif,-0.1877834200859069,0.0846246406435966,mp-1202918,1.2990648708749992,Unstable,Stable
mp-1246498.cif,0.1253710836172104,0.0095075508579611,mp-1246498,0.21867116916666696,Unstable,Unstable
mp-1199610.cif,0.1462988406419754,0.2510545253753662,mp-1199610,1.357093569313724,Unstable,Unstable
mp-1245503.cif,-1.7851983308792114,-1.7222175598144531,mp-1245503,0.14327797064815506,Stable,Stable
mp-1204454.cif,0.5129145979881287,0.5620556473731995,mp-1204454,1.0862835380555573,Unstable,Unstable
mp-23778.cif,-0.70480877161026,-0.7079299092292786,mp-23778,0.05997010156250049,Stable,Stable
mp-1218385.cif,-1.73540198802948,-1.6675955057144165,mp-1218385,0.011980543749999129,Stable,Stable
mp-1246125.cif,-0.9172829985618592,-0.9949631690979004,mp-1246125,0.12384522209259519,Stable,Stable
mp-1204540.cif,-0.7310022711753845,-0.8436642289161682,mp-1204540,0.41388420016203664,Stable,Stable
mp-1245451.cif,-0.8154622316360474,-0.7647696137428284,mp-1245451,0.0521488963571457,Stable,Stable
mp-695866.cif,-1.532802939414978,-1.498556137084961,mp-695866,0.06654115366666691,Stable,Stable
mp-505381.cif,-0.5284495949745178,-0.5574402809143066,mp-505381,0.0,Stable,Stable
mp-749.cif,-1.7742701768875122,-1.7674729824066162,mp-749,0.0,Stable,Stable
mp-1247264.cif,-0.9780325889587402,-0.9366600513458252,mp-1247264,0.11973292722222162,Stable,Stable
mp-1064715.cif,1.737178921699524,1.5788029432296753,mp-1064715,1.7457652549999993,Unstable,Unstable
mp-1180567.cif,-0.1605722457170486,-0.1076976135373115,mp-1180567,0.703480722500001,Stable,Stable
mp-1199223.cif,-1.1440070867538452,-1.1260634660720823,mp-1199223,0.08627576873839526,Stable,Stable
mp-1220519.cif,0.1270177811384201,0.0685919225215911,mp-1220519,1.2022885457142856,Unstable,Unstable
mp-1245902.cif,0.4266117215156555,0.3817913234233856,mp-1245902,0.38179132954545736,Unstable,Unstable
mp-1017577.cif,-1.1146631240844729,-1.0985180139541626,mp-1017577,0.0,Stable,Stable
mp-647096.cif,-2.2057225704193115,-1.5765767097473145,mp-647096,0.6097922953571384,Stable,Stable
mp-1120750.cif,-0.1863977462053299,-0.2342068403959274,mp-1120750,0.021581013125000936,Stable,Stable
mp-1245674.cif,-0.3341016173362732,-0.4473951160907745,mp-1245674,0.0,Stable,Stable
mp-696815.cif,-2.2451531887054443,-2.197148561477661,mp-696815,0.0,Stable,Stable
mp-649470.cif,-1.4853860139846802,-1.467629313468933,mp-649470,0.0,Stable,Stable
mp-1212470.cif,1.283624291419983,1.1796120405197144,mp-1212470,1.582919048690477,Unstable,Unstable
mp-1080475.cif,1.4011073112487793,1.4748072624206543,mp-1080475,2.2354028376250006,Unstable,Unstable
mp-1079723.cif,1.231714963912964,1.1333683729171753,mp-1079723,2.067235379,Unstable,Unstable
mp-1245968.cif,-0.3121130466461181,-0.3878845274448395,mp-1245968,0.15129675393939035,Stable,Stable
mp-570583.cif,-0.9149604439735411,-1.023362398147583,mp-570583,0.008468125370368007,Stable,Stable
mp-1247397.cif,0.4312539100646972,0.400967925786972,mp-1247397,0.4402014800000025,Unstable,Unstable
mp-1029799.cif,-1.1860685348510742,-1.143129587173462,mp-1029799,0.0,Stable,Stable
mp-1245518.cif,-0.7854470610618591,-0.7630269527435303,mp-1245518,0.28737142642857094,Stable,Stable
mp-653096.cif,0.157246321439743,0.1709439158439636,mp-653096,0.39953383645036133,Unstable,Unstable
mp-1245810.cif,-0.4456121921539306,-0.43804731965065,mp-1245810,0.13606905345454123,Stable,Stable
mp-2901870.cif,-0.623806357383728,-0.42519611120224,mp-2901870,0.792050298428034,Stable,Stable
mp-742874.cif,-0.7514366507530212,-1.003631591796875,mp-742874,0.4408425018303683,Stable,Stable
mp-1247499.cif,-0.5155600905418396,-0.52902752161026,mp-1247499,0.1156286905357149,Stable,Stable
mp-1399347.cif,0.1425683051347732,0.128956452012062,mp-1399347,0.15757165127272543,Unstable,Unstable
mp-1246262.cif,0.3126745820045471,0.2152114808559417,mp-1246262,0.3397171049999983,Unstable,Unstable
mp-568883.cif,-1.8089059591293333,-1.7867974042892456,mp-568883,0.04313058712952067,Stable,Stable
mp-1245543.cif,-0.6523584723472595,-0.6014975309371948,mp-1245543,0.295118140192308,Stable,Stable
mp-15701.cif,-1.3388938903808594,-1.3166643381118774,mp-15701,0.029344369374999957,Stable,Stable
mp-1217880.cif,0.2481137961149215,0.5089491009712219,mp-1217880,1.4273337547999994,Unstable,Unstable
mp-1212134.cif,-0.2732697129249573,-0.2987175583839416,mp-1212134,0.3240257118849188,Stable,Stable
mp-1233710.cif,-2.3335835933685303,-2.3023171424865723,mp-1233710,0.3338687865476153,Stable,Stable
mp-626006.cif,-0.1200631260871887,-0.260476142168045,mp-626006,0.7116146409444424,Stable,Stable
mp-9475.cif,-1.4868803024291992,-1.4210125207901,mp-9475,0.001126074000000088,Stable,Stable
mp-788090.cif,0.7497197985649109,2.1867401599884038,mp-788090,5.164260750418184,Unstable,Unstable
mp-1194646.cif,-2.2573041915893555,-2.330129384994507,mp-1194646,0.09256288571428861,Stable,Stable
mp-1197760.cif,-0.4787706732749939,-0.5119170546531677,mp-1197760,0.012950295625000052,Stable,Stable
mp-1245705.cif,-0.1687411516904831,-0.2846702039241791,mp-1245705,0.23879612930555183,Stable,Stable
mp-559940.cif,-0.8621373772621155,-0.7664228677749634,mp-559940,0.04895222933333443,Stable,Stable
mp-1224097.cif,-1.2370697259902954,-1.265628457069397,mp-1224097,0.02299615619318196,Stable,Stable
mp-675286.cif,-1.5129282474517822,-1.5298863649368286,mp-675286,0.0004945875000004207,Stable,Stable
mp-1222918.cif,-1.6533775329589844,-1.6703870296478271,mp-1222918,0.0,Stable,Stable
mp-1197337.cif,-1.4183706045150757,-1.36517596244812,mp-1197337,0.1250712968146761,Stable,Stable
mp-776315.cif,-2.344010591506958,-2.334555387496948,mp-776315,0.1295686474999993,Stable,Stable
mp-760506.cif,-1.3894578218460083,-1.413441777229309,mp-760506,0.12788556188888744,Stable,Stable
mp-675101.cif,-1.184337139129639,-1.2376755475997925,mp-675101,0.0,Stable,Stable
mp-1199829.cif,-0.7544859051704407,-0.7502223253250122,mp-1199829,0.0,Stable,Stable
mp-672348.cif,-0.1692515015602111,-0.1491709947586059,mp-672348,0.11729980009722496,Stable,Stable
mp-759690.cif,-1.5552905797958374,-1.522863268852234,mp-759690,0.10378220877452105,Stable,Stable
mp-1246556.cif,-1.2744730710983276,-1.2728517055511477,mp-1246556,0.07595435093749714,Stable,Stable
mp-28922.cif,-1.4216865301132202,-1.4065821170806885,mp-28922,0.0,Stable,Stable
mp-1219740.cif,-1.549754977226257,-1.620776653289795,mp-1219740,0.0,Stable,Stable
mp-1245577.cif,-0.0727321356534957,-0.1487412899732589,mp-1245577,0.14905844166666782,Stable,Stable
mp-1181279.cif,1.0249764919281006,0.9993694424629213,mp-1181279,1.3274034355555555,Unstable,Unstable
mp-776220.cif,-2.44360089302063,-2.456694364547729,mp-776220,0.20211084233333132,Stable,Stable
mp-568157.cif,-0.4416289329528808,-0.4023084938526153,mp-568157,0.04955470624999947,Stable,Stable
mp-1383152.cif,0.162216231226921,0.1311520338058471,mp-1383152,0.19237081905128406,Unstable,Unstable
mp-1203609.cif,-0.1659033298492431,-0.2349047213792801,mp-1203609,0.3482562801923077,Stable,Stable
mp-863731.cif,-0.982720136642456,-1.0950292348861694,mp-863731,0.0,Stable,Stable
mp-775786.cif,-2.5797550678253174,-2.5305869579315186,mp-775786,0.1284122292499994,Stable,Stable
mp-18772.cif,-1.1524946689605713,-1.093321442604065,mp-18772,0.16667899888888726,Stable,Stable
mp-760697.cif,-1.5068894624710083,-1.448613166809082,mp-760697,0.018772463928554473,Stable,Stable
mp-752833.cif,-1.6293495893478394,-1.4290052652359009,mp-752833,0.11016961600992126,Stable,Stable
mp-755920.cif,-3.082123041152954,-3.0661678314208984,mp-755920,0.0840269781249976,Stable,Stable
mp-567658.cif,-0.9002330303192139,-0.9247732162475586,mp-567658,0.005577900976190264,Stable,Stable
mp-1247019.cif,0.4121906161308288,0.38794806599617,mp-1247019,0.3879480538888913,Unstable,Unstable
mp-1246829.cif,0.0514740496873855,0.0192240308970212,mp-1246829,0.08163980714285657,Unstable,Unstable
mp-1216432.cif,-0.2315496355295181,-0.2523745000362396,mp-1216432,0.1656719847619046,Stable,Stable
mp-1217764.cif,-0.9345141649246216,-0.8631312847137451,mp-1217764,0.14595206416666429,Stable,Stable
mp-1246178.cif,-0.8001482486724854,-0.8871000409126282,mp-1246178,0.04247649441964274,Stable,Stable
mp-1245933.cif,-0.4780240058898926,-0.6247789263725281,mp-1245933,0.15655246642857268,Stable,Stable
mp-758272.cif,-3.135938882827759,-3.1333084106445312,mp-758272,0.06682929704545515,Stable,Stable
mp-20684.cif,1.1980204582214355,1.0154258012771606,mp-20684,1.8612687920000006,Unstable,Unstable
mp-1207909.cif,-1.5042526721954346,-1.5216686725616455,mp-1207909,0.0,Stable,Stable
mp-1245613.cif,0.2578896880149841,0.1560098379850387,mp-1245613,0.4598229216666674,Unstable,Unstable
mp-1247212.cif,-0.3813562989234924,-0.4590709805488586,mp-1247212,0.08454453920454341,Stable,Stable
mp-1198908.cif,0.3740689158439636,0.2588176131248474,mp-1198908,1.1840173681250041,Unstable,Unstable
mp-1201967.cif,0.5626130104064941,0.5385158061981201,mp-1201967,1.1401157188124973,Unstable,Unstable
mp-1246662.cif,-0.9628310203552246,-1.0057613849639893,mp-1246662,0.1928725277777783,Stable,Stable
mp-1179531.cif,-1.2871891260147097,-1.2808486223220823,mp-1179531,0.07558510258064466,Stable,Stable
mp-1247176.cif,-0.2482942789793014,-0.2805655002593994,mp-1247176,0.2048961938888887,Stable,Stable
mp-554776.cif,-2.020960807800293,-2.0496387481689453,mp-554776,0.006684311249999908,Stable,Stable
mp-726668.cif,0.6568734049797058,0.6418213248252869,mp-726668,0.9344702326785681,Unstable,Unstable
mp-1210795.cif,-0.6452901363372803,-0.3872791230678558,mp-1210795,0.1840180797321418,Stable,Stable
mp-1207055.cif,-0.4374822378158569,-0.4441548883914947,mp-1207055,0.18924735424138106,Stable,Stable
mp-560042.cif,-1.2821760177612305,-1.3886808156967163,mp-560042,0.231889021490578,Stable,Stable
mp-1080172.cif,-0.5899094939231873,-1.0192267894744873,mp-1080172,0.27588472333333414,Stable,Stable
mp-1210306.cif,-0.9273850321769714,-0.8548014760017395,mp-1210306,0.4999765921269814,Stable,Stable
mp-775929.cif,-2.8065640926361084,-2.855776071548462,mp-775929,0.12174463882727515,Stable,Stable
mp-10198.cif,-0.2302881777286529,-0.3006495535373688,mp-10198,0.02287505600000017,Stable,Stable
mp-1013533.cif,-0.6055550575256348,-0.6362765431404114,mp-1013533,0.1394114273333349,Stable,Stable
mp-1220562.cif,-1.525356411933899,-1.4593727588653564,mp-1220562,0.7514522757142892,Stable,Stable
mp-1246716.cif,-1.122968316078186,-1.1174051761627195,mp-1246716,0.06600952783333369,Stable,Stable
mp-1104786.cif,-0.992914378643036,-1.0826507806777954,mp-1104786,0.0,Stable,Stable
mp-1103907.cif,-0.9485390782356262,-1.1355363130569458,mp-1103907,0.5699283898295473,Stable,Stable
mp-1201354.cif,-0.246910274028778,-0.2148942202329635,mp-1201354,1.2719638443749997,Stable,Stable
mp-1195817.cif,-0.5702270269393921,-0.584007978439331,mp-1195817,0.04471997096666325,Stable,Stable
mp-1068786.cif,-0.0407372266054153,-0.0245548896491527,mp-1068786,0.022525376999999125,Stable,Stable
mp-676.cif,-0.2685388326644897,-0.2333580255508422,mp-676,0.04061298999999963,Stable,Stable
mp-6137.cif,-0.9276745319366456,-1.0484743118286133,mp-6137,0.0,Stable,Stable
mp-1198983.cif,-1.0572627782821655,-1.002062439918518,mp-1198983,0.212943915654761,Stable,Stable
mp-1247554.cif,0.0266722440719604,0.0106715448200702,mp-1247554,0.16771144812499905,Unstable,Unstable
mp-870.cif,0.1958585232496261,0.3105548322200775,mp-870,0.31055484468750194,Unstable,Unstable
mp-1212932.cif,0.8641715049743652,0.8223326802253723,mp-1212932,1.2243811839999985,Unstable,Unstable
mp-570245.cif,-0.6790643930435181,-0.6563462615013123,mp-570245,0.0,Stable,Stable
mp-989402.cif,-1.0336962938308716,-0.9959248900413512,mp-989402,0.02493426342647176,Stable,Stable
mp-1203025.cif,-1.4663468599319458,-1.6407780647277832,mp-1203025,0.0,Stable,Stable
mp-1014910.cif,0.0205670148134231,0.0195641908794641,mp-1014910,0.5190220708333335,Unstable,Unstable
mp-755881.cif,-3.217543125152588,-3.192737340927124,mp-755881,0.05474090026192435,Stable,Stable
mp-531553.cif,-0.6690108776092529,-0.5948905348777771,mp-531553,0.0,Stable,Stable
mp-7769.cif,-2.3579835891723637,-2.2967565059661865,mp-7769,0.0,Stable,Stable
mp-706986.cif,-1.5466673374176023,-1.5132322311401367,mp-706986,0.0,Stable,Stable
mp-1198967.cif,0.8487014174461365,0.8277875185012817,mp-1198967,1.1068407839236105,Unstable,Unstable
mp-1246907.cif,-0.4237178564071655,-0.4554612934589386,mp-1246907,0.14156941027777403,Stable,Stable
mp-1405450.cif,-0.9252470135688782,-1.0265169143676758,mp-1405450,0.10602737423076825,Stable,Stable
mp-1181950.cif,-0.3066427707672119,-0.557428240776062,mp-1181950,0.5311314427840923,Stable,Stable
mp-568346.cif,-2.0206515789031982,-2.005601167678833,mp-568346,0.019124918124994394,Stable,Stable
mp-1228784.cif,-1.3934004306793213,-1.366714358329773,mp-1228784,0.04345127697916773,Stable,Stable
mp-1198273.cif,-0.3287718892097473,-0.381205290555954,mp-1198273,0.0,Stable,Stable
mp-1029269.cif,-0.2270083576440811,-0.273351639509201,mp-1029269,0.11717665833333424,Stable,Stable
mp-1029338.cif,-1.1026993989944458,-1.1365745067596436,mp-1029338,0.0,Stable,Stable
mp-728544.cif,-1.411415457725525,-1.3680137395858765,mp-728544,0.0,Stable,Stable
mp-15833.cif,-0.6460710167884827,-0.7335199117660522,mp-15833,0.0,Stable,Stable
mp-1233743.cif,-0.8102970719337463,-0.8021060228347778,mp-1233743,0.0768469668534486,Stable,Stable
mp-1245430.cif,-0.3965180516242981,-0.482370913028717,mp-1245430,0.3574651807812508,Stable,Stable
mp-570950.cif,0.8963462114334106,0.9876503348350524,mp-570950,1.3574563118773941,Unstable,Unstable
mp-1245575.cif,0.248279258608818,0.2530860602855682,mp-1245575,0.2530860555555563,Unstable,Unstable
mp-1245369.cif,-0.325433075428009,-0.3849316537380218,mp-1245369,0.26310330570833074,Stable,Stable
mp-31000.cif,0.1110601425170898,0.0309709198772907,mp-31000,0.5452353487499995,Unstable,Unstable
mp-1219612.cif,-0.4756736159324646,-0.4953192472457886,mp-1219612,0.30981249787500165,Stable,Stable
mp-1221677.cif,-0.8169737458229065,-0.7852547764778137,mp-1221677,0.0047438359659137674,Stable,Stable
mp-1014995.cif,-0.0090255737304687,-0.1311007589101791,mp-1014995,0.36835712500000106,Stable,Stable
mp-1197496.cif,0.294974148273468,0.3061692118644714,mp-1197496,0.8276914642417417,Unstable,Unstable
mp-989536.cif,-1.7951632738113403,-1.765930414199829,mp-989536,0.10285586800000068,Stable,Stable
mp-1210764.cif,0.1749611049890518,0.1682721525430679,mp-1210764,0.33442795208333376,Unstable,Unstable
mp-1080191.cif,0.7025386691093445,0.5341851711273193,mp-1080191,0.534185174000001,Unstable,Unstable
mp-1105334.cif,-0.5402071475982666,-0.5761058330535889,mp-1105334,0.5999192879999979,Stable,Stable
mp-731744.cif,0.2858673334121704,0.182866632938385,mp-731744,0.6562973164999999,Unstable,Unstable
mp-31468.cif,-0.7254086136817932,-0.7978766560554504,mp-31468,0.0,Stable,Stable
mp-707226.cif,-0.9377464652061462,-0.9131828546524048,mp-707226,0.13465548391084603,Stable,Stable
mp-706622.cif,-0.9701094627380372,-1.0330735445022583,mp-706622,0.038576127788310544,Stable,Stable
mp-1246771.cif,0.2598075270652771,0.2205329537391662,mp-1246771,0.3185167226250023,Unstable,Unstable
mp-6941.cif,-2.417232751846313,-2.3634161949157715,mp-6941,0.16186520531249826,Stable,Stable
mp-1247294.cif,-0.993896782398224,-0.9331685900688172,mp-1247294,0.06259349569444428,Stable,Stable
mp-13117.cif,0.7415581345558167,0.7959786057472229,mp-13117,0.7959785775000014,Unstable,Unstable
mp-1219723.cif,-0.906410276889801,-0.964177131652832,mp-1219723,0.07099203333332937,Stable,Stable
mp-989455.cif,-1.2396900653839111,-1.2101905345916748,mp-989455,0.03409313100000233,Stable,Stable
mp-1173559.cif,-1.150810718536377,-1.2147053480148315,mp-1173559,0.02985014609375014,Stable,Stable
mp-1204560.cif,-0.9839501976966858,-1.0094102621078491,mp-1204560,0.274595503703706,Stable,Stable
mp-1061298.cif,4.559706687927246,3.630317687988281,mp-1061298,3.6303175850000002,Unstable,Unstable
mp-29594.cif,-1.6160517930984497,-1.6056009531021118,mp-29594,0.01138557613426272,Stable,Stable
mp-1178610.cif,-0.8211398124694824,-1.10642671585083,mp-1178610,0.635642405833333,Stable,Stable
mp-706654.cif,-0.024251289665699,-0.0270504113286733,mp-706654,0.1860655965156246,Stable,Stable
mp-583712.cif,-0.8963445425033569,-0.6860600113868713,mp-583712,0.6348834228571434,Stable,Stable
mp-679958.cif,-1.5130420923233032,-1.4296057224273682,mp-679958,0.0,Stable,Stable
mp-1203671.cif,-0.440972626209259,-0.4343587458133697,mp-1203671,0.10251293494791724,Stable,Stable
mp-1063495.cif,0.9171974062919616,0.8763406276702881,mp-1063495,1.335738399999999,Unstable,Unstable
mp-676416.cif,-0.8174363970756531,-0.842797040939331,mp-676416,0.12466663746528184,Stable,Stable
mp-1247537.cif,-0.4662960767745971,-0.3919282257556915,mp-1247537,0.37436875043750106,Stable,Stable
mp-1247412.cif,-0.3202221393585205,-0.3247789740562439,mp-1247412,0.25746125805555486,Stable,Stable
mp-1211655.cif,-0.1120934635400772,-0.3440078496932983,mp-1211655,0.014462388055553,Stable,Stable
mp-1245834.cif,-1.6454302072525024,-1.669717788696289,mp-1245834,0.12440720722222665,Stable,Stable
mp-560120.cif,-1.101662516593933,-1.091131567955017,mp-560120,0.0,Stable,Stable
mp-1247485.cif,-1.0456979274749756,-1.0817073583602903,mp-1247485,0.1256450657407413,Stable,Stable
mp-1179831.cif,-1.157678723335266,-1.056527018547058,mp-1179831,0.5061893703124962,Stable,Stable
mp-776245.cif,-2.290419340133667,-2.27832293510437,mp-776245,0.185638653833335,Stable,Stable
mp-1247418.cif,-0.5251699686050415,-0.5753838419914246,mp-1247418,0.03315951144444362,Stable,Stable
mp-9519.cif,0.3586660623550415,0.3441933095455169,mp-9519,0.3441932969444448,Unstable,Unstable
mp-13132.cif,-0.8898084759712219,-0.9801596403121948,mp-13132,0.5952306725000014,Stable,Stable
mp-531184.cif,-2.075936079025269,-2.0441389083862305,mp-531184,0.0,Stable,Stable
mp-1245485.cif,-0.4182333946228027,-0.4361562728881836,mp-1245485,0.08731005986111029,Stable,Stable
mp-559303.cif,-0.5738630890846252,-0.7006888389587402,mp-559303,0.12705915046428462,Stable,Stable
mp-1173557.cif,-1.241307497024536,-1.2972807884216309,mp-1173557,0.21675392293886375,Stable,Stable
mp-1197554.cif,-1.2348822355270386,-1.2125424146652222,mp-1197554,0.26132066222221173,Stable,Stable
mp-1245474.cif,-1.2073975801467896,-1.1607495546340942,mp-1245474,0.14636735263888667,Stable,Stable
mp-1001844.cif,-1.174588680267334,-1.1214649677276611,mp-1001844,0.9381994200000001,Stable,Stable
mp-2646991.cif,-2.39855694770813,-2.238884687423706,mp-2646991,0.025346415729167404,Stable,Stable
mp-1245411.cif,-0.6425333023071289,-0.6971840858459473,mp-1245411,0.04434352253787921,Stable,Stable
mp-1202237.cif,-0.3810232877731323,-0.4204695224761963,mp-1202237,0.04322986011513397,Stable,Stable
mp-1246881.cif,0.1571352928876876,0.0872692242264747,mp-1246881,0.3382655639999985,Unstable,Unstable
mp-1204992.cif,-1.1587918996810913,-1.1114106178283691,mp-1204992,0.10070080875581588,Stable,Stable
mp-1214865.cif,0.2150096446275711,-0.1787201911211013,mp-1214865,0.9869595697916687,Stable,Unstable
mp-1245756.cif,-0.5209735035896301,-0.5677290558815002,mp-1245756,0.07026500749999975,Stable,Stable
mp-1245880.cif,-0.6818528771400452,-0.8784382343292236,mp-1245880,0.1512119486111132,Stable,Stable
mp-758097.cif,-0.5349709987640381,-0.5058854222297668,mp-758097,0.1438370176923076,Stable,Stable
mp-1199566.cif,-0.1657504439353943,-0.1834001094102859,mp-1199566,0.23770327083333243,Stable,Stable
mp-467.cif,-1.8979066610336304,-1.88449501991272,mp-467,0.0,Stable,Stable
mp-1245568.cif,0.5672714710235596,0.5985127687454224,mp-1245568,0.5985127877777803,Unstable,Unstable
mp-1233057.cif,-2.2987160682678223,-2.3215584754943848,mp-1233057,0.3146273917857112,Stable,Stable
mp-1008527.cif,-0.4354161620140075,-0.4238838255405426,mp-1008527,0.3234096225520844,Stable,Stable
mp-1247492.cif,-0.8107549548149109,-0.6731178164482117,mp-1247492,0.3071193714999989,Stable,Stable
mp-621930.cif,-0.2046337872743606,-0.1725853830575943,mp-621930,0.009009087999997334,Stable,Stable
mp-33090.cif,-1.0835989713668823,-1.0829682350158691,mp-33090,0.0,Stable,Stable
mp-734382.cif,0.4928666949272156,0.3336760401725769,mp-734382,0.8874762458333327,Unstable,Unstable
mp-1245407.cif,-0.6988087296485901,-0.69354647397995,mp-1245407,0.04115342799999944,Stable,Stable
mp-864757.cif,-0.6145384311676025,-1.0447083711624146,mp-864757,0.0,Stable,Stable
mp-1213399.cif,1.2938555479049685,1.3048104047775269,mp-1213399,1.8063378862500006,Unstable,Unstable
mp-1181207.cif,-0.9889954924583436,-1.0435571670532229,mp-1181207,0.08985587500000314,Stable,Stable
mp-8927.cif,-0.7410057783126831,-0.7294109463691711,mp-8927,0.12841198916666485,Stable,Stable
mp-1207194.cif,0.377226173877716,0.253803014755249,mp-1207194,0.25380301299999886,Unstable,Unstable
mp-1181520.cif,0.2681868076324463,0.3128080070018768,mp-1181520,0.9354182417633927,Unstable,Unstable
mp-1244927.cif,0.0470185503363609,0.0321296900510787,mp-1244927,0.7021790985000003,Unstable,Unstable
mp-1245871.cif,-0.2679955959320068,-0.2984959483146667,mp-1245871,0.3343173331944431,Stable,Stable
mp-1199635.cif,1.6621760129928589,1.4017341136932373,mp-1199635,1.602403325708332,Unstable,Unstable
mp-1245175.cif,-0.9426401257514954,-0.8426125049591064,mp-1245175,0.5160936390333326,Stable,Stable
mp-722281.cif,0.8767688870429993,0.8195870518684387,mp-722281,1.256229235000001,Unstable,Unstable
mp-1246548.cif,0.1989345401525497,-0.0049400511197745,mp-1246548,0.246056290666667,Stable,Unstable
mp-1245287.cif,-0.6374253630638123,-0.6952203512191772,mp-1245287,0.6257231337619054,Stable,Stable
mp-1013709.cif,0.297222375869751,0.2932660579681396,mp-1013709,1.1172157440512809,Unstable,Unstable
mp-1178261.cif,-1.763236165046692,-1.7480610609054563,mp-1178261,0.11162954214285481,Stable,Stable
mp-755353.cif,-3.223289251327514,-3.1871225833892822,mp-755353,0.062276415892853265,Stable,Stable
mp-1213515.cif,-0.0914744213223457,-0.1502811163663864,mp-1213515,0.5692326241447354,Stable,Stable
mp-1246607.cif,-0.6632816791534424,-0.5829877257347107,mp-1246607,0.3656377865624991,Stable,Stable
mp-1246222.cif,-0.7357531785964966,-0.6808418035507202,mp-1246222,0.3561145149999998,Stable,Stable
mp-1192600.cif,-1.773842453956604,-1.7938120365142822,mp-1192600,0.0,Stable,Stable
mp-3000.cif,-0.3587157726287842,-0.3037986159324646,mp-3000,0.022125520833334633,Stable,Stable
mp-1247328.cif,0.35650235414505,0.2336248606443405,mp-1247328,0.23362485981481385,Unstable,Unstable
mp-726023.cif,-0.3961004018783569,-0.379751056432724,mp-726023,0.16835284833333386,Stable,Stable
mp-1077096.cif,0.2459006756544113,0.1206825450062751,mp-1077096,0.16022602444444445,Unstable,Unstable
mp-10374.cif,-0.3969544172286987,-0.3018010556697845,mp-10374,0.108209408000004,Stable,Stable
mp-1203640.cif,0.6149235963821411,0.5271224975585938,mp-1203640,1.1242254957142843,Unstable,Unstable
mp-854025.cif,-0.0215567499399185,1.021056890487671,mp-854025,3.3555411182499997,Unstable,Stable
mp-1182399.cif,-0.6244058012962341,-0.5559297800064087,mp-1182399,0.4981144567307698,Stable,Stable
mp-29145.cif,-0.4073380827903747,-0.3489189147949219,mp-29145,0.0,Stable,Stable
mp-1195714.cif,-0.7312943339347839,-0.7376461029052734,mp-1195714,0.0,Stable,Stable
mp-1247750.cif,-0.0619540065526962,-0.1786707490682602,mp-1247750,0.2486469108928553,Stable,Stable
mp-1009750.cif,-1.897731900215149,-1.7890210151672363,mp-1009750,0.3033325250000001,Stable,Stable
mp-558276.cif,-1.5135984420776367,-1.4715622663497925,mp-558276,0.0,Stable,Stable
mp-1245502.cif,-1.1839137077331543,-1.1843633651733398,mp-1245502,0.01230257945833202,Stable,Stable
mp-779864.cif,-2.5836217403411865,-2.5245490074157715,mp-779864,0.13440199749999948,Stable,Stable
mp-1018142.cif,-0.7987421154975891,-0.8265537619590759,mp-1018142,0.42023749000000166,Stable,Stable
mp-1002209.cif,0.3949541449546814,0.3907261192798614,mp-1002209,0.4500413216666672,Unstable,Unstable
mp-1057979.cif,1.8496805429458616,1.844244122505188,mp-1057979,1.960811695625,Unstable,Unstable
mp-1246144.cif,-0.4429894089698791,-0.4404309093952179,mp-1246144,0.15874186533333212,Stable,Stable
mp-6606.cif,-1.5022481679916382,-1.4983009099960327,mp-6606,0.001232102596150142,Stable,Stable
mp-1207838.cif,-1.2465797662734983,-1.2666622400283811,mp-1207838,0.5185548168055556,Stable,Stable
mp-583581.cif,-1.0004717111587524,-0.9223656058311462,mp-583581,0.0,Stable,Stable
mp-2458726.cif,-0.2072709649801254,-0.3111787736415863,mp-2458726,0.07934951583333483,Stable,Stable
mp-731602.cif,0.3419770002365112,0.3476541936397552,mp-731602,1.6455540038888863,Unstable,Unstable
mp-1182373.cif,-0.5071112513542175,-0.5178150534629822,mp-1182373,0.29430285261363753,Stable,Stable
mp-722351.cif,-0.1050727367401123,-0.1336676627397537,mp-722351,0.28601307918518604,Stable,Stable
mp-971911.cif,0.4648969769477844,0.5199673175811768,mp-971911,0.5557363306249989,Unstable,Unstable
mp-685266.cif,-0.9130437970161438,-0.8371450304985046,mp-685266,0.07499090762820693,Stable,Stable
mp-1198663.cif,-0.5469481945037842,-0.4902112483978271,mp-1198663,0.0,Stable,Stable
mp-1252808.cif,-0.0558822602033615,-0.0058773159980773,mp-1252808,0.22448083953947506,Stable,Stable
mp-1020739.cif,0.3721539378166199,0.4707118570804596,mp-1020739,0.2941052316666646,Unstable,Unstable
mp-29124.cif,-0.0829447954893112,-0.1096500605344772,mp-29124,0.2089989734521489,Stable,Stable
mp-1180728.cif,-0.3580830693244934,-0.386821985244751,mp-1180728,0.7723428864423099,Stable,Stable
mp-1245531.cif,0.0672667473554611,-0.0006733990157954,mp-1245531,0.2503229429999969,Stable,Unstable
mp-1078541.cif,0.2938550114631653,-0.0672438815236091,mp-1078541,0.6392456137500009,Stable,Unstable
mp-1212536.cif,-0.5356277227401733,-0.5374125242233276,mp-1212536,0.5521356854710078,Stable,Stable
mp-1191080.cif,0.1251393109560012,0.0109306601807475,mp-1191080,1.460662867272723,Unstable,Unstable
mp-1182998.cif,0.1389640420675277,0.1858752965927124,mp-1182998,0.971419526958333,Unstable,Unstable
mp-569102.cif,-0.7956759333610535,-0.6829366683959961,mp-569102,0.09652503346153907,Stable,Stable
mp-1188955.cif,-1.6597167253494265,-1.3547770977020264,mp-1188955,0.8755615983333351,Stable,Stable
mp-1080096.cif,1.2504496574401855,0.8452049493789673,mp-1080096,0.9918899652777782,Unstable,Unstable
mp-1197693.cif,-0.8885949850082397,-0.8968701958656311,mp-1197693,0.5441221182916749,Stable,Stable
mp-1193886.cif,-1.0845832824707031,-1.236054539680481,mp-1193886,0.0,Stable,Stable
mp-1203286.cif,0.5494554042816162,0.5409906506538391,mp-1203286,0.5409906518749992,Unstable,Unstable
mp-31025.cif,-2.2852232456207275,-2.3123481273651123,mp-31025,0.011549785969378057,Stable,Stable
mp-725219.cif,-0.4379150867462158,-0.5711044073104858,mp-725219,1.358894981562499,Stable,Stable
mp-676650.cif,-1.3167812824249268,-1.2630144357681274,mp-676650,0.1812609699999994,Stable,Stable
mp-1189292.cif,0.5242340564727783,0.6666072010993958,mp-1189292,0.9062699630178557,Unstable,Unstable
mp-1246435.cif,0.1231261938810348,0.1155003160238266,mp-1246435,0.3664966599999975,Unstable,Unstable
mp-974435.cif,0.0004511177539825,-0.0889728218317031,mp-974435,0.0,Stable,Unstable
mp-1247096.cif,0.1611599326133728,0.3057132661342621,mp-1247096,0.3057132649999996,Unstable,Unstable
mp-1246434.cif,-0.5493751764297485,-0.5392662882804871,mp-1246434,0.22182385631944168,Stable,Stable
mp-1029650.cif,-0.344151496887207,-0.4007498621940613,mp-1029650,0.0,Stable,Stable
mp-568934.cif,-1.612592339515686,-1.638582468032837,mp-568934,0.0,Stable,Stable
mp-1190683.cif,0.942223846912384,1.025496244430542,mp-1190683,1.651260812272728,Unstable,Unstable
mp-557250.cif,-0.5897349715232849,-0.7511069178581238,mp-557250,0.013171872473958679,Stable,Stable
mp-6645.cif,-0.2376718670129776,-0.3166714310646057,mp-6645,0.0,Stable,Stable
mp-629397.cif,-0.0479589253664016,-0.1046056076884269,mp-629397,0.10455801000000164,Stable,Stable
mp-1190327.cif,1.4374070167541504,1.4110288619995115,mp-1190327,1.9281007927575757,Unstable,Unstable
mp-23702.cif,-0.5759689807891846,-0.5905357003211975,mp-23702,0.0,Stable,Stable
mp-1247323.cif,0.001095563173294,0.0043789870105683,mp-1247323,0.3067575301666672,Unstable,Unstable
mp-1245426.cif,0.0882870256900787,0.1824614554643631,mp-1245426,0.36863409619252874,Unstable,Unstable
mp-1245418.cif,0.1068464666604995,0.0563976503908634,mp-1245418,0.05639764937500047,Unstable,Unstable
mp-1207994.cif,-0.5128532648086548,-0.6759666800498962,mp-1207994,1.2078585993333322,Stable,Stable
mp-722900.cif,-1.6666923761367798,-1.6246029138565063,mp-722900,0.0,Stable,Stable
mp-1247431.cif,0.1055067926645279,0.1235826909542083,mp-1247431,0.3266420697222223,Unstable,Unstable
mp-1245095.cif,0.0251461789011955,0.0122161144390702,mp-1245095,0.6822655215999998,Unstable,Unstable
mp-997570.cif,-0.439598023891449,-0.3936097323894501,mp-997570,0.05818419944444475,Stable,Stable
mp-998900.cif,0.2254818230867386,0.1557978838682174,mp-998900,0.33051693333333176,Unstable,Unstable
mp-675601.cif,-2.95533299446106,-2.854581356048584,mp-675601,0.09695661071428585,Stable,Stable
mp-1190987.cif,-0.163540318608284,-0.2289833426475525,mp-1190987,0.5306013453030287,Stable,Stable
mp-1205274.cif,-1.4756873846054075,-1.629979372024536,mp-1205274,0.5513166966428562,Stable,Stable
mp-1213494.cif,-0.5327885746955872,-0.5350621938705444,mp-1213494,0.5551419451449204,Stable,Stable
mp-1246537.cif,-0.0485789626836776,-0.0824937671422958,mp-1246537,0.16850257399999613,Stable,Stable
mp-1207913.cif,-1.5260988473892212,-1.51178777217865,mp-1207913,0.0,Stable,Stable
mp-1221143.cif,-0.5439413785934448,-0.561244010925293,mp-1221143,0.002815341250003378,Stable,Stable
mp-1247321.cif,-0.2848682105541229,-0.2330314666032791,mp-1247321,0.16748715000000125,Stable,Stable
mp-28955.cif,-1.0566319227218628,-1.0459834337234497,mp-28955,0.030753059821428508,Stable,Stable
mp-1445439.cif,1.350144624710083,1.0907599925994873,mp-1445439,1.0907599377777792,Unstable,Unstable
mp-1247123.cif,-0.4405600428581238,-0.5165181756019592,mp-1247123,0.2659926579797851,Stable,Stable
mp-1247546.cif,0.2291402667760849,0.1599378883838653,mp-1247546,0.18855308533333215,Unstable,Unstable
mp-989623.cif,-0.6189762353897095,-0.7261707782745361,mp-989623,0.0,Stable,Stable
mp-1179967.cif,-1.0844165086746216,-1.1177374124526978,mp-1179967,0.4962985851562509,Stable,Stable
mp-1029978.cif,-0.0329052060842514,-0.1099526360630989,mp-1029978,0.21795558558333283,Stable,Stable
mp-1216717.cif,-1.1586533784866333,-1.1580514907836914,mp-1216717,0.1044818887152772,Stable,Stable
mp-755314.cif,-2.50654673576355,-2.4601218700408936,mp-755314,0.19868340666666562,Stable,Stable
mp-557331.cif,-0.1322532296180725,-0.1875506788492202,mp-557331,0.37335344333333254,Stable,Stable
mp-697683.cif,-0.9224395155906676,-0.9396967887878418,mp-697683,0.03493010568451993,Stable,Stable
mp-1047.cif,-0.878358006477356,-0.9430230259895324,mp-1047,0.01669766374999959,Stable,Stable
mp-1029851.cif,-0.2865204811096191,-0.2910727262496948,mp-1029851,0.0,Stable,Stable
mp-1009496.cif,0.5430797934532166,0.4918620884418487,mp-1009496,0.4918620775000022,Unstable,Unstable
mp-672306.cif,-0.4372848868370056,-0.4749397933483124,mp-672306,0.0,Stable,Stable
mp-1029938.cif,-0.6577643156051636,-0.6598371863365173,mp-1029938,0.0,Stable,Stable
mp-776966.cif,-0.7126269936561584,-0.5814313888549805,mp-776966,0.2148495717499994,Stable,Stable
mp-558401.cif,-1.6952773332595823,-1.6330794095993042,mp-558401,0.08096734886363599,Stable,Stable
mp-780231.cif,-2.571542263031006,-2.528702974319458,mp-780231,0.12987967050000293,Stable,Stable
mp-776470.cif,-1.983157992362976,-1.9739463329315183,mp-776470,0.0,Stable,Stable
mp-1181174.cif,-1.452150583267212,-1.3318088054656982,mp-1181174,0.6355493250833382,Stable,Stable
mp-1245662.cif,-0.0795076191425323,-0.1928388774394989,mp-1245662,0.238864970555559,Stable,Stable
mp-1245402.cif,0.1749477833509445,0.0775433704257011,mp-1245402,0.29159674928571633,Unstable,Unstable
mp-1220538.cif,-1.3339269161224363,-1.3853031396865845,mp-1220538,0.3242894325000023,Stable,Stable
mp-1213629.cif,-0.0958452224731445,0.069402664899826,mp-1213629,0.9457768827604136,Unstable,Stable
mp-1079049.cif,1.1272516250610352,1.0091427564620972,mp-1079049,1.2875847846296304,Unstable,Unstable
mp-1245783.cif,-0.666782557964325,-0.6830599308013916,mp-1245783,0.15420715729166545,Stable,Stable
mp-1216732.cif,-1.5172239542007446,-1.4844245910644531,mp-1216732,0.11030467249999987,Stable,Stable
mp-1336696.cif,-0.2967366576194763,-0.3177206218242645,mp-1336696,0.23693706460714115,Stable,Stable
mp-556763.cif,-1.2339547872543335,-1.315593719482422,mp-556763,0.21597885638346437,Stable,Stable
mp-636839.cif,0.4888859391212463,0.5651997923851013,mp-636839,0.2944497675000015,Unstable,Unstable
mp-552454.cif,-2.7351772785186768,-2.701130151748657,mp-552454,0.08008170183333796,Stable,Stable
mp-1244998.cif,0.0663432329893112,0.0981456115841865,mp-1244998,0.768195017,Unstable,Unstable
mp-760489.cif,-0.8786916136741638,-0.9683293104171752,mp-760489,0.0328416248928578,Stable,Stable
mp-555526.cif,-1.0576512813568115,-1.056312918663025,mp-555526,0.0,Stable,Stable
mp-1189126.cif,1.4630037546157837,1.5284696817398071,mp-1189126,1.8727097166666615,Unstable,Unstable
mp-1103918.cif,-0.2113650292158126,-0.325155645608902,mp-1103918,0.6362439614999955,Stable,Stable
mp-3048.cif,-1.8044767379760744,-1.726242184638977,mp-3048,0.0,Stable,Stable
mp-1180361.cif,-1.2597010135650637,-1.205685257911682,mp-1180361,0.40259680858334246,Stable,Stable
mp-1245966.cif,-0.1509014070034027,-0.150616854429245,mp-1245966,0.316815666250001,Stable,Stable
mp-555484.cif,-0.4238526225090027,-0.4132321178913116,mp-555484,0.3510392369485311,Stable,Stable
mp-1212530.cif,-0.0270601138472557,0.0495144799351692,mp-1212530,1.4533495968333314,Unstable,Stable
mp-600207.cif,0.0721702426671981,-0.004000823944807,mp-600207,0.313292780864197,Stable,Unstable
mp-733522.cif,-1.14669668674469,-1.122978687286377,mp-733522,0.03724984259259223,Stable,Stable
mp-1246190.cif,-0.6059866547584534,-0.6112650632858276,mp-1246190,0.3527402751388884,Stable,Stable
mp-23934.cif,-1.489402174949646,-1.4708582162857056,mp-23934,0.0027606006249998316,Stable,Stable
mp-1204579.cif,-0.6630736589431763,-0.5635840892791748,mp-1204579,0.0,Stable,Stable
mp-1078789.cif,0.8617685437202454,1.129719614982605,mp-1078789,1.9734908693749986,Unstable,Unstable
mp-567907.cif,-0.3315810561180115,-0.4898726344108581,mp-567907,0.0,Stable,Stable
mp-1446497.cif,-0.8949172496795654,-0.8981993198394775,mp-1446497,0.05865431080459871,Stable,Stable
mp-626093.cif,-1.12092924118042,-1.108912706375122,mp-626093,0.041946481249998335,Stable,Stable
mp-1180463.cif,1.4090054035186768,1.4429123401641846,mp-1180463,1.8551137919791651,Unstable,Unstable
mp-621092.cif,0.063702642917633,0.0383703112602233,mp-621092,0.06736085242424394,Unstable,Unstable
mp-1215903.cif,-0.8473573327064514,-0.4958719611167907,mp-1215903,1.2104261887499987,Stable,Stable
mp-569711.cif,-0.301604688167572,-0.3535100817680359,mp-569711,0.14379175484090823,Stable,Stable
mp-1205044.cif,-1.3316261768341064,-1.3476744890213013,mp-1205044,0.0,Stable,Stable
mp-1247400.cif,0.2864726781845093,0.245534747838974,mp-1247400,0.4208169030555524,Unstable,Unstable
mp-1246569.cif,-0.4053531885147095,-0.414379745721817,mp-1246569,0.07267233930555506,Stable,Stable
mp-680462.cif,-0.0081957280635833,-0.1239670291543006,mp-680462,0.11312538947802508,Stable,Stable
mp-1245701.cif,0.0676007717847824,-0.0311229806393384,mp-1245701,0.22004064021163927,Stable,Unstable
mp-1975.cif,-2.1159040927886963,-2.1520562171936035,mp-1975,0.0,Stable,Stable
mp-1225855.cif,0.2519689202308655,0.2090213596820831,mp-1225855,0.22146322656250028,Unstable,Unstable
mp-1245165.cif,0.0634129494428634,0.0489894896745681,mp-1245165,0.7190388972000008,Unstable,Unstable
mp-999473.cif,0.2572208046913147,0.5529283881187439,mp-999473,0.5886973806249998,Unstable,Unstable
mp-1246433.cif,0.1376750916242599,0.1940458267927169,mp-1246433,0.4611998132142858,Unstable,Unstable
mp-1192144.cif,-1.5954035520553589,-1.573379397392273,mp-1192144,0.0,Stable,Stable
mp-1245446.cif,0.3628286719322204,0.3216119706630707,mp-1245446,0.3216119733333329,Unstable,Unstable
mp-1213404.cif,-0.546604573726654,-0.6028156280517578,mp-1213404,0.4479908858333337,Stable,Stable
mp-1097773.cif,0.888977587223053,0.9443299770355223,mp-1097773,1.6329032480000008,Unstable,Unstable
mp-1103144.cif,1.4095255136489868,1.2456847429275513,mp-1103144,1.9133591230989575,Unstable,Unstable
mp-1196217.cif,0.6553693413734436,0.5537657141685486,mp-1196217,0.8371476758680565,Unstable,Unstable
mp-1212637.cif,-0.2616162300109863,-0.2244919091463089,mp-1212637,0.03787827700000079,Stable,Stable
mp-777942.cif,-0.3144336938858032,-0.374356061220169,mp-777942,0.003928397709359377,Stable,Stable
mp-1097708.cif,0.0213061869144439,-0.0639482960104942,mp-1097708,0.1645492712987,Stable,Unstable
mp-1245460.cif,0.0258712619543075,0.0190357472747564,mp-1245460,0.16882985694444486,Unstable,Unstable
mp-708038.cif,-0.6158788800239563,-0.6162401437759399,mp-708038,0.4964551872698486,Stable,Stable
mp-1221849.cif,0.4736391901969909,0.4260672330856323,mp-1221849,0.9647861197554342,Unstable,Unstable
mp-1247375.cif,-0.3228970766067505,-0.3621275126934051,mp-1247375,0.02272717263888957,Stable,Stable
mp-1247330.cif,-0.7836857438087463,-0.7473598122596741,mp-1247330,0.16174221579544934,Stable,Stable
mp-727231.cif,0.6810185313224792,0.6118177175521851,mp-727231,0.7044128322916663,Unstable,Unstable
mp-1200773.cif,-0.2503247261047363,-0.3912256360054016,mp-1200773,0.10262529869047388,Stable,Stable
mp-1203360.cif,-0.6412254571914673,-0.686701238155365,mp-1203360,1.0487077275781234,Stable,Stable
mp-779465.cif,-3.0766849517822266,-3.0547144412994385,mp-779465,0.08182002691489387,Stable,Stable
mp-755491.cif,-3.220754623413086,-3.185039520263672,mp-755491,0.06435941160714087,Stable,Stable
mp-1247509.cif,0.1700905114412307,0.1841682940721511,mp-1247509,0.18416828850000044,Unstable,Unstable
mp-1018027.cif,-1.1796547174453735,-1.3525279760360718,mp-1018027,0.0,Stable,Stable
mp-7080.cif,-0.4961389303207397,-0.4405374526977539,mp-7080,0.0,Stable,Stable
mp-1106292.cif,0.3905609250068664,0.4562289416790008,mp-1106292,0.5506289450312494,Unstable,Unstable
mp-1246725.cif,-0.3061699271202087,-0.3546724319458008,mp-1246725,0.4601788911111102,Stable,Stable
mp-1183003.cif,0.6886132955551147,0.6387050747871399,mp-1183003,0.8800199700892852,Unstable,Unstable
mp-1228172.cif,-1.8218454122543333,-1.8133420944213867,mp-1228172,0.0,Stable,Stable
mp-1247488.cif,-0.4477338194847107,-0.4805409014225006,mp-1247488,0.1918479106944435,Stable,Stable
mp-1247289.cif,0.0889964550733566,-0.0542276799678802,mp-1247289,0.09987477250000065,Stable,Unstable
mp-695962.cif,-0.3236453235149383,-0.2653491795063019,mp-695962,0.3698220841071427,Stable,Stable
mp-567391.cif,-2.096468687057495,-2.1528053283691406,mp-567391,0.0,Stable,Stable
mp-1245539.cif,-0.5249527096748352,-0.5376527905464172,mp-1245539,0.13861114375000128,Stable,Stable
mp-570572.cif,0.1917240768671035,0.1472676545381546,mp-570572,0.14726764821428517,Unstable,Unstable
mp-1096900.cif,0.075994923710823,-0.0136189637705683,mp-1096900,0.4858389158333356,Stable,Unstable
mp-559716.cif,-0.1916524916887283,-0.3080400228500366,mp-559716,0.2941983014285716,Stable,Stable
mp-1245685.cif,0.4680516719818115,0.3278430700302124,mp-1245685,0.3278430720000003,Unstable,Unstable
mp-1222451.cif,-1.4377501010894775,-1.079748034477234,mp-1222451,0.339577681406249,Stable,Stable
mp-1247535.cif,-0.7251688241958618,-0.7137899398803711,mp-1247535,0.1770301712500011,Stable,Stable
mp-1197786.cif,-0.3950259089469909,-0.104299321770668,mp-1197786,0.33977087914062487,Stable,Stable
mp-754561.cif,-2.74590802192688,-2.6798927783966064,mp-754561,0.17088713833333458,Stable,Stable
mp-22496.cif,1.3747822046279907,1.2722010612487793,mp-22496,2.0541159628333334,Unstable,Unstable
mp-1205100.cif,-1.0713568925857544,-1.1368069648742676,mp-1205100,0.40584046023611364,Stable,Stable
mp-1182994.cif,0.837722897529602,0.7734071612358093,mp-1182994,0.7734071722222229,Unstable,Unstable
mp-1193969.cif,-1.186487078666687,-0.9363734722137452,mp-1193969,0.41772579187500103,Stable,Stable
mp-5158.cif,-1.4252822399139404,-1.4221385717391968,mp-5158,0.0,Stable,Stable
mp-1245573.cif,-0.1937827169895172,-0.0684377327561378,mp-1245573,0.4368495047222254,Stable,Stable
mp-1246713.cif,-0.3155580163002014,-0.2295768111944198,mp-1246713,0.19047520276923358,Stable,Stable
mp-1246851.cif,-0.8747740387916565,-0.903212547302246,mp-1246851,0.21915317138888746,Stable,Stable
mp-1210409.cif,-1.3875513076782229,-1.463346004486084,mp-1210409,0.2616143437500007,Stable,Stable
mp-1246827.cif,-0.4505686163902282,-0.4848223328590393,mp-1246827,0.37611040428571485,Stable,Stable
mp-1245592.cif,-0.0986470803618431,-0.0961884260177612,mp-1245592,0.18340786951388832,Stable,Stable
mp-1247242.cif,-0.6383717656135559,-0.6135146617889404,mp-1247242,0.10821697909090933,Stable,Stable
mp-1245516.cif,-0.5366710424423218,-0.4442976713180542,mp-1245516,0.06809537361110252,Stable,Stable
mp-1245980.cif,-0.0655334293842315,-0.0784463211894035,mp-1245980,0.15462356613636175,Stable,Stable
mp-1226081.cif,-0.163100391626358,-0.1331971883773803,mp-1226081,0.08384398618750133,Stable,Stable
mp-28202.cif,-1.3298816680908203,-1.3763610124588013,mp-28202,0.0,Stable,Stable
mp-1246665.cif,-0.587696373462677,-0.6626263856887817,mp-1246665,0.1716782887777768,Stable,Stable
mp-1237215.cif,-0.349880576133728,-0.4322115480899811,mp-1237215,0.25430848150000074,Stable,Stable
mp-731306.cif,0.2217745035886764,0.4826199412345886,mp-731306,1.4712546860937499,Unstable,Unstable
mp-1192951.cif,-1.0407769680023191,-1.119621753692627,mp-1192951,0.51002520474358,Stable,Stable
mp-1096899.cif,0.201730266213417,-0.0176401529461145,mp-1096899,0.48181772583333426,Stable,Unstable
mp-1210425.cif,-1.5884802341461182,-1.3514100313186646,mp-1210425,0.485946111350005,Stable,Stable
mp-1245472.cif,-0.9107218384742736,-0.955425262451172,mp-1245472,0.10259332015625233,Stable,Stable
mp-1246084.cif,-0.7782376408576965,-0.5506097078323364,mp-1246084,0.3060996408888883,Stable,Stable
mp-761870.cif,-0.5019570589065552,-0.445567786693573,mp-761870,0.09956717397058767,Stable,Stable
mp-1245976.cif,-0.2710264921188354,-0.2465312927961349,mp-1245976,0.3414586261458332,Stable,Stable
mp-1247129.cif,-1.1429213285446167,-1.2296417951583862,mp-1247129,0.28767056725000373,Stable,Stable
mp-696210.cif,-0.2714062333106994,-0.3856025040149688,mp-696210,0.2964991702777757,Stable,Stable
mp-1247445.cif,-0.3714773654937744,-0.2365070134401321,mp-1247445,0.36774554272222115,Stable,Stable
mp-1179087.cif,0.6020289659500122,0.2353333830833435,mp-1179087,1.378971900999999,Unstable,Unstable
mp-725221.cif,0.8180082440376282,0.9500394463539124,mp-725221,0.9729356796354169,Unstable,Unstable
mp-1206922.cif,-1.1915539503097534,-1.046695590019226,mp-1206922,0.0,Stable,Stable
mp-16107.cif,-0.7498583197593689,-0.7998632788658142,mp-16107,0.0,Stable,Stable
mp-1245529.cif,-0.0973131209611892,-0.1299996227025985,mp-1245529,0.21686389465277767,Stable,Stable
mp-1227857.cif,-0.4851066470146179,-0.3585306704044342,mp-1227857,0.9784449883928543,Stable,Stable
mp-734137.cif,-0.6398569941520691,-0.5570850968360901,mp-734137,0.34771584729166527,Stable,Stable
mp-755047.cif,-2.657800436019897,-2.628146886825561,mp-755047,0.14642655328124832,Stable,Stable
mp-696812.cif,0.1953390687704086,0.2062623500823974,mp-696812,0.5161092147727278,Unstable,Unstable
mp-27908.cif,-0.1504245698451995,-0.1589874327182769,mp-27908,0.026315119264706865,Stable,Stable
mp-1205907.cif,0.9259781241416932,0.6885021924972534,mp-1205907,1.359379848333333,Unstable,Unstable
mp-1245030.cif,0.0454314202070236,0.0366583913564682,mp-1245030,0.7067078000000002,Unstable,Unstable
mp-643913.cif,-0.684627890586853,-0.6384286880493164,mp-643913,0.0723974806818175,Stable,Stable
mp-1421453.cif,0.3605203032493591,0.3120799362659454,mp-1421453,0.3120799450000007,Unstable,Unstable
mp-727394.cif,-0.9551686644554138,-0.7639702558517456,mp-727394,0.6053841419444419,Stable,Stable
mp-1078939.cif,-0.9974812865257264,-1.0923986434936523,mp-1078939,1.1194662519999934,Stable,Stable
mp-729935.cif,-0.3568516969680786,-0.3551866710186004,mp-729935,0.5308846290625011,Stable,Stable
mp-1211782.cif,-2.0733938217163086,-2.2221364974975586,mp-1211782,0.0,Stable,Stable
mp-1245354.cif,-0.7277548909187317,-0.7446800470352173,mp-1245354,0.0017922633680562683,Stable,Stable
mp-669466.cif,-0.6634368300437927,-0.67563396692276,mp-669466,0.005029587999999308,Stable,Stable
mp-723034.cif,-0.3894157409667969,-0.3635643422603607,mp-723034,0.06770718427777744,Stable,Stable
