file_name,pred_eform,true_eform,material_id,e_hull,true_label,pred_label
mp-5547.cif,-3.064725875854492,-3.0149078369140625,mp-5547,0.0003983200000066134,Stable,Stable
mp-569787.cif,-0.1305234432220459,-0.1035334542393684,mp-569787,0.0,Stable,Stable
mp-722262.cif,-2.5499684810638428,-2.495121717453003,mp-722262,0.0,Stable,Stable
mp-1103082.cif,-0.2771147787570953,-0.2734564840793609,mp-1103082,0.0309605641666586,Stable,Stable
mp-777272.cif,-2.4720876216888428,-2.4432101249694824,mp-777272,0.06324272838888945,Stable,Stable
mp-780665.cif,-2.4320406913757324,-2.3965094089508057,mp-780665,0.09148726160156961,Stable,Stable
mp-1189409.cif,-0.6819467544555664,-0.6099256873130798,mp-1189409,0.14231309246527601,Stable,Stable
mp-622018.cif,-1.7977834939956665,-1.8199803829193115,mp-622018,0.0,Stable,Stable
mp-1226531.cif,-0.7204681038856506,-0.7220633625984192,mp-1226531,0.08390062499999296,Stable,Stable
mp-1212487.cif,-3.530162811279297,-3.5095951557159424,mp-1212487,0.01294439160867178,Stable,Stable
mp-1202491.cif,-1.115071177482605,-1.0238128900527954,mp-1202491,0.5689560303571408,Stable,Stable
mp-1192801.cif,-1.0727976560592651,-0.9808180332183838,mp-1192801,0.7038134528846172,Stable,Stable
mp-1236349.cif,-2.6477210521698,-2.4838435649871826,mp-1236349,0.22986412641427556,Stable,Stable
mp-8874.cif,-3.065230131149292,-2.972327470779419,mp-8874,0.005259894880951244,Stable,Stable
mp-1226273.cif,-0.2376122176647186,-0.2455058395862579,mp-1226273,0.10674990729167,Stable,Stable
mp-781865.cif,-1.1275469064712524,-1.1110609769821167,mp-781865,0.036000220076922496,Stable,Stable
mp-779303.cif,-2.518213987350464,-2.4844439029693604,mp-779303,0.027800654734043917,Stable,Stable
mp-772223.cif,-2.3106391429901123,-2.310522556304932,mp-772223,0.027317408124996945,Stable,Stable
mp-802705.cif,-2.208382129669189,-2.010965347290039,mp-802705,0.32254502454226675,Stable,Stable
mp-849622.cif,-2.2366530895233154,-2.2318265438079834,mp-849622,0.0761021971428626,Stable,Stable
mp-8631.cif,-0.5599242448806763,-0.5565931797027588,mp-8631,0.0,Stable,Stable
mp-1078935.cif,0.1838052570819854,0.1949745565652847,mp-1078935,0.21537653127604095,Unstable,Unstable
mp-770280.cif,-2.515580892562866,-2.489797353744507,mp-770280,0.008981870789476432,Stable,Stable
mp-8891.cif,-3.062380075454712,-2.9816019535064697,mp-8891,0.0,Stable,Stable
mp-1105426.cif,-0.3557658791542053,-0.3776440620422363,mp-1105426,0.03767828999999967,Stable,Stable
mp-1225353.cif,-0.2999055385589599,-0.3553017079830169,mp-1225353,0.02298431716666549,Stable,Stable
mp-721727.cif,-1.4620660543441772,-1.5129849910736084,mp-721727,0.0086295122548945,Stable,Stable
mp-555447.cif,-3.1688320636749268,-3.094573497772217,mp-555447,0.0,Stable,Stable
mp-571410.cif,-1.3699032068252563,-1.2929948568344116,mp-571410,0.0,Stable,Stable
mp-759456.cif,-2.4558911323547363,-2.3261971473693848,mp-759456,0.09260736026667082,Stable,Stable
mp-1106002.cif,-0.4115742146968841,-0.4394186437129974,mp-1106002,0.003865146818178289,Stable,Stable
mp-779307.cif,-2.433826208114624,-2.207636594772339,mp-779307,0.27811198354166944,Stable,Stable
mp-1031939.cif,-2.5629124641418457,-2.537827968597412,mp-1031939,0.525816162519094,Stable,Stable
mp-1206441.cif,-0.8515418767929077,-0.8748315572738647,mp-1206441,0.0,Stable,Stable
mp-1195799.cif,-2.2848989963531494,-2.258636474609375,mp-1195799,0.025064175641022146,Stable,Stable
mp-766536.cif,-2.513695478439331,-2.4756805896759038,mp-766536,0.03563328535715016,Stable,Stable
mp-759129.cif,-2.311548948287964,-2.2836544513702397,mp-759129,0.05203081047917202,Stable,Stable
mp-1180411.cif,-1.7703884840011597,-1.5592820644378662,mp-1180411,0.5367161626470587,Stable,Stable
mp-1197233.cif,-0.4503545463085174,-0.6189171075820923,mp-1197233,0.0,Stable,Stable
mp-28040.cif,-0.1731791496276855,-0.2064069062471389,mp-28040,0.0,Stable,Stable
mp-1202817.cif,-1.4553996324539185,-1.334298014640808,mp-1202817,0.8014784837137681,Stable,Stable
mp-1210705.cif,-2.811958074569702,-2.756641149520874,mp-1210705,0.05688584999999691,Stable,Stable
mp-14972.cif,-3.3374783992767334,-3.282306909561157,mp-14972,0.0,Stable,Stable
mp-24266.cif,-1.264421820640564,-1.188179850578308,mp-24266,0.012006669583331409,Stable,Stable
mp-777232.cif,-2.3059470653533936,-2.255637884140014,mp-777232,0.09490772734374975,Stable,Stable
mp-849613.cif,-2.498496055603028,-2.4746615886688232,mp-849613,0.036652300928578185,Stable,Stable
mp-1181327.cif,-0.1621464788913726,-0.2016396969556808,mp-1181327,0.028980388749999975,Stable,Stable
mp-776558.cif,-2.489241361618042,-2.472048282623291,mp-776558,0.03926559735714896,Stable,Stable
mp-1209993.cif,-0.3251006305217743,-0.2962352931499481,mp-1209993,0.06851727337878977,Stable,Stable
mp-1017230.cif,0.2332501113414764,0.2131968289613723,mp-1017230,0.2915846737499992,Unstable,Unstable
mp-1077125.cif,0.2086841464042663,0.2231199741363525,mp-1077125,0.2503226075347218,Unstable,Unstable
mp-16699.cif,-2.861616373062134,-2.80799412727356,mp-16699,0.0029604976315793508,Stable,Stable
mp-570060.cif,-1.082528591156006,-0.9482681155204772,mp-570060,0.0,Stable,Stable
mp-1077270.cif,-0.6624782085418701,-0.6822137832641602,mp-1077270,0.0,Stable,Stable
mp-1173570.cif,-2.9915504455566406,-2.838613510131836,mp-1173570,0.40925533553846094,Stable,Stable
mp-1238027.cif,0.0326040759682655,0.013106333091855,mp-1238027,0.35489781744444393,Unstable,Unstable
mp-1203945.cif,-0.3774556517601013,-0.3895793855190277,mp-1203945,0.01544549450245647,Stable,Stable
mp-505720.cif,-0.627829372882843,-0.6161585450172424,mp-505720,0.0,Stable,Stable
mp-13854.cif,-0.3461743295192718,-0.3524967133998871,mp-13854,0.0,Stable,Stable
mp-1103613.cif,0.3612605333328247,0.2476939111948013,mp-1103613,0.34287036097222234,Unstable,Unstable
mp-15607.cif,-0.2610892057418823,-0.2845703363418579,mp-15607,0.14494340400000105,Stable,Stable
mp-1216773.cif,-0.3881326615810394,-0.4069001674652099,mp-1216773,0.017144168735655718,Stable,Stable
mp-1219416.cif,-0.7264981269836426,-0.6304618120193481,mp-1219416,0.011271204285711711,Stable,Stable
mp-1214905.cif,0.1273566782474517,0.1111615151166915,mp-1214905,0.3010312455448281,Unstable,Unstable
mp-1194338.cif,-3.0659401416778564,-3.0456345081329346,mp-1194338,0.0,Stable,Stable
mp-1178675.cif,-1.3836487531661987,-1.4419864416122437,mp-1178675,0.49084815009614857,Stable,Stable
mp-1194737.cif,-0.2791387736797333,-0.3382943868637085,mp-1194737,0.054231955104158125,Stable,Stable
mp-1226393.cif,-0.2005783319473266,-0.2357980012893676,mp-1226393,0.011036494024992294,Stable,Stable
mp-570823.cif,-0.7894904613494873,-0.8903812766075134,mp-570823,0.0,Stable,Stable
mp-4710.cif,-1.5121361017227173,-1.663841962814331,mp-4710,0.0,Stable,Stable
mp-756194.cif,-3.416611909866333,-3.3171072006225586,mp-756194,0.0876118282200018,Stable,Stable
mp-1190619.cif,-0.4693382680416107,-0.478314459323883,mp-1190619,0.0,Stable,Stable
mp-3591.cif,-0.7180730104446411,-0.696287214756012,mp-3591,0.0,Stable,Stable
mp-1209317.cif,-2.514681577682495,-2.4296422004699707,mp-1209317,0.04004284766667787,Stable,Stable
mp-1200259.cif,-2.514495849609375,-2.08974838256836,mp-1200259,0.5590842024088456,Stable,Stable
mp-771158.cif,-3.1976513862609863,-3.1415674686431885,mp-771158,0.0,Stable,Stable
mp-1196163.cif,-0.1752061545848846,-0.1430449038743972,mp-1196163,0.10040620803571176,Stable,Stable
mp-1216692.cif,-0.9604223966598512,-0.9121960401535034,mp-1216692,0.0,Stable,Stable
mp-1199160.cif,-2.532975435256958,-2.48502779006958,mp-1199160,0.08793567209523623,Stable,Stable
mp-1026415.cif,0.2635103464126587,0.2313393950462341,mp-1026415,0.3353462289062503,Unstable,Unstable
mp-1095722.cif,3.168799638748169,2.9604604244232178,mp-1095722,3.2145271466666667,Unstable,Unstable
mp-1100989.cif,-3.0697333812713623,-2.8987507820129395,mp-1100989,0.4196403478942301,Stable,Stable
mp-1204932.cif,-1.4612900018692017,-1.3380805253982544,mp-1204932,0.48289376960937336,Stable,Stable
mp-568384.cif,0.1666092574596405,0.0208476074039936,mp-568384,0.9076439600000015,Unstable,Unstable
mp-631568.cif,1.009941339492798,0.8454208374023438,mp-631568,0.9112557830999997,Unstable,Unstable
mp-1177892.cif,-2.185741186141968,-2.066242218017578,mp-1177892,0.10267231411763778,Stable,Stable
mp-769061.cif,-1.9150136709213257,-1.6423578262329102,mp-769061,0.4108411457894734,Stable,Stable
mp-3268.cif,-0.4578621685504913,-0.5301657915115356,mp-3268,0.0,Stable,Stable
mp-782643.cif,-2.512845516204834,-2.480427026748657,mp-782643,0.030886772214293146,Stable,Stable
mp-27245.cif,-0.7395337820053101,-0.8584036231040955,mp-27245,0.0,Stable,Stable
mp-1207798.cif,-1.8052412271499636,-1.7210620641708374,mp-1207798,0.0,Stable,Stable
mp-15722.cif,-0.4056664109230041,-0.3900629580020904,mp-15722,0.016644037142857115,Stable,Stable
mp-1191933.cif,-0.5092934966087341,-0.4866493940353393,mp-1191933,0.03180485249999343,Stable,Stable
mp-1025024.cif,-0.6927865743637085,-0.7633483409881592,mp-1025024,0.024255737333337635,Stable,Stable
mp-558293.cif,-2.8858327865600586,-2.806180715560913,mp-558293,0.0,Stable,Stable
mp-37722.cif,-0.4851383864879608,-0.4542970955371856,mp-37722,0.0,Stable,Stable
mp-1207853.cif,-2.109187364578247,-2.088319063186645,mp-1207853,0.16873751555555572,Stable,Stable
mp-1226228.cif,-0.4438875019550323,-0.4264750182628631,mp-1226228,0.04088871562499996,Stable,Stable
mp-1106191.cif,-0.5482691526412964,-0.5676429271697998,mp-1106191,0.0,Stable,Stable
mp-1227197.cif,0.0028979033231735,-0.0603740699589252,mp-1227197,0.00833789963235354,Stable,Unstable
mp-1199150.cif,-3.4848358631134038,-3.324694395065308,mp-1199150,0.02300732175346276,Stable,Stable
mp-504714.cif,-2.382678985595703,-2.3620874881744385,mp-504714,0.0,Stable,Stable
mp-10853.cif,-0.4838282167911529,-0.4909527599811554,mp-10853,0.0,Stable,Stable
mp-1219654.cif,-0.5494288802146912,-0.5188157558441162,mp-1219654,0.020519523125003047,Stable,Stable
mp-1105065.cif,-0.4205120801925659,-0.3354597091674804,mp-1105065,0.07149759041666837,Stable,Stable
mp-1224887.cif,-0.2035461068153381,-0.2103096842765808,mp-1224887,0.04601265249999997,Stable,Stable
mp-558805.cif,-2.859957695007324,-2.7995810508728027,mp-558805,0.0,Stable,Stable
mp-2931468.cif,-0.2286375761032104,-0.2292015105485916,mp-2931468,0.003638426089741742,Stable,Stable
mp-27893.cif,-0.1959433555603027,-0.2268615514039993,mp-27893,0.12790360487878605,Stable,Stable
mp-972839.cif,-1.0007855892181396,-0.9995802044868468,mp-972839,1.908972559312498,Stable,Stable
mp-1201689.cif,-0.4013945162296295,-0.4385722875595093,mp-1201689,0.003091421500005076,Stable,Stable
mp-30148.cif,-0.1656876802444458,-0.1635067909955978,mp-30148,0.5429827012500006,Stable,Stable
mp-20193.cif,-0.4541695117950439,-0.4822906255722046,mp-20193,0.0,Stable,Stable
mp-1200414.cif,-0.4152980744838714,-0.3835126757621765,mp-1200414,0.0,Stable,Stable
mp-21100.cif,-2.335340738296509,-2.341418743133545,mp-21100,0.0,Stable,Stable
mp-17236.cif,-0.3098579347133636,-0.3110952377319336,mp-17236,0.0,Stable,Stable
mp-554184.cif,-3.0272581577301025,-2.946118116378784,mp-554184,0.016916169845679008,Stable,Stable
mp-29846.cif,-1.883581519126892,-1.8371069431304927,mp-29846,0.0,Stable,Stable
mp-6188.cif,-0.5755917429924011,-0.5651810169219971,mp-6188,0.0,Stable,Stable
mp-4674.cif,-1.8556866645812988,-1.7526936531066897,mp-4674,0.0,Stable,Stable
mp-1203788.cif,-0.1664740443229675,-0.2076682448387146,mp-1203788,0.18176153339285683,Stable,Stable
mp-1344419.cif,-1.5892866849899292,-1.2695696353912354,mp-1344419,1.2398420583695602,Stable,Stable
mp-1035075.cif,-2.8278372287750244,-2.757753610610962,mp-1035075,0.1884017265104161,Stable,Stable
mp-766488.cif,-2.468736410140991,-2.423079490661621,mp-766488,0.09528249879259842,Stable,Stable
mp-757684.cif,-2.2482142448425293,-2.230308771133423,mp-757684,0.07761992357143477,Stable,Stable
mp-1639.cif,-1.30745530128479,-1.3356250524520874,mp-1639,0.07735396750000056,Stable,Stable
mp-1031185.cif,-2.4498960971832275,-2.3603978157043457,mp-1031185,0.4709547496410238,Stable,Stable
mp-14481.cif,-0.5643254518508911,-0.5787269473075867,mp-14481,0.014351356944446003,Stable,Stable
mp-1191987.cif,-0.6144553422927856,-0.6134154200553894,mp-1191987,0.0,Stable,Stable
mp-770910.cif,-2.556020021438598,-2.532832145690918,mp-770910,0.024560782916666746,Stable,Stable
mp-558794.cif,-1.4294894933700562,-1.4208511114120483,mp-558794,0.049892489285713104,Stable,Stable
mp-5861.cif,-0.0609291121363639,-0.1204176247119903,mp-5861,0.0,Stable,Stable
mp-1247817.cif,-0.2391664981842041,-0.0048939976841211,mp-1247817,0.3965931464285717,Stable,Stable
mp-1217462.cif,-0.5509374141693115,-0.5448795557022095,mp-1217462,0.05507084692592645,Stable,Stable
mp-893087.cif,-2.302013397216797,-2.144596576690674,mp-893087,0.36671735007143536,Stable,Stable
mp-1067451.cif,4.030374526977539,4.101524829864502,mp-1067451,4.517767709090908,Unstable,Unstable
mp-1199093.cif,-0.5508571267127991,-0.5267554521560669,mp-1199093,0.02956294370270207,Stable,Stable
mp-2653.cif,-1.38239324092865,-1.3182748556137085,mp-2653,0.09470411999999939,Stable,Stable
mp-1219420.cif,-2.20078706741333,-2.196479320526123,mp-1219420,0.11430820550128917,Stable,Stable
mp-1106078.cif,-0.5562724471092224,-0.6221144795417786,mp-1106078,0.0023992313888854255,Stable,Stable
mp-1191771.cif,-0.6567925810813904,-0.6545685529708862,mp-1191771,0.0,Stable,Stable
mp-1034618.cif,-2.8559317588806152,-2.726315975189209,mp-1034618,0.18939582693984391,Stable,Stable
mp-1034270.cif,-2.640410661697388,-2.542266607284546,mp-1034270,0.37234812727272626,Stable,Stable
mp-696210.cif,-0.2545471787452698,-0.3856025040149688,mp-696210,0.2964991702777757,Stable,Stable
mp-16813.cif,-0.808313250541687,-0.8460727334022522,mp-16813,0.31157428145833244,Stable,Stable
mp-1071272.cif,-0.6737188100814819,-0.6130607724189758,mp-1071272,0.02782636343749889,Stable,Stable
mp-624.cif,-0.135465070605278,-0.2091889381408691,mp-624,0.0,Stable,Stable
mp-24391.cif,-1.79144549369812,-1.7614214420318604,mp-24391,0.016486089062492937,Stable,Stable
mp-1020716.cif,-2.2511403560638428,-2.213627576828003,mp-1020716,0.0,Stable,Stable
mp-849477.cif,-2.474578380584717,-2.4307162761688232,mp-849477,0.07673722000000005,Stable,Stable
mp-559590.cif,-3.017897129058838,-2.9574689865112305,mp-559590,0.005337873368056023,Stable,Stable
mp-1079900.cif,-0.5321509838104248,-0.5574324727058411,mp-1079900,0.0,Stable,Stable
mp-849262.cif,-2.424577474594116,-2.389447927474976,mp-849262,0.09854861003906912,Stable,Stable
mp-9936.cif,-0.0637620985507965,-0.1712048649787902,mp-9936,0.4479748249479165,Stable,Stable
mp-1072852.cif,2.9905993938446045,2.5725913047790527,mp-1072852,2.5725911972222217,Unstable,Unstable
mp-3635.cif,-2.797319173812866,-2.737990617752075,mp-3635,0.01816399749999409,Stable,Stable
mp-728484.cif,-0.3296707272529602,-0.3010202050209045,mp-728484,0.663030213490436,Stable,Stable
mp-783910.cif,-2.381690263748169,-2.3320977687835693,mp-783910,4.278447916661321e-05,Stable,Stable
mp-1017272.cif,0.3812205195426941,0.3881839215755462,mp-1017272,0.5790375968750006,Unstable,Unstable
mp-567908.cif,-0.6333039999008179,-0.526427149772644,mp-567908,0.0,Stable,Stable
mp-1226275.cif,0.0260678306221961,0.1388309150934219,mp-1226275,0.30313661650000157,Unstable,Unstable
mp-766525.cif,-2.532320261001587,-2.490971088409424,mp-766525,0.022191416514088402,Stable,Stable
mp-761231.cif,-2.297712564468384,-2.274134397506714,mp-761231,0.054824081278409764,Stable,Stable
mp-1210846.cif,-0.6336479783058167,-0.6302139163017273,mp-1210846,0.0,Stable,Stable
mp-542728.cif,-0.1281591355800628,-0.1317603141069412,mp-542728,0.03009891275862131,Stable,Stable
mp-1079437.cif,-0.19507497549057,-0.17078298330307,mp-1079437,0.00684514683333326,Stable,Stable
mp-1198135.cif,-1.6804287433624268,-1.5646979808807373,mp-1198135,0.5109798007083288,Stable,Stable
mp-1205090.cif,-2.09040904045105,-2.0655148029327397,mp-1205090,0.012165577942858441,Stable,Stable
mp-1219765.cif,-0.4651398956775665,-0.4822022318840027,mp-1219765,0.023697087222227964,Stable,Stable
mp-1102585.cif,-0.5210258364677429,-0.5385332107543945,mp-1102585,0.0,Stable,Stable
mp-1024941.cif,-0.7208836674690247,-0.6905047297477722,mp-1024941,0.0,Stable,Stable
mp-754433.cif,-2.1244237422943115,-2.1251626014709477,mp-754433,0.12574443843749972,Stable,Stable
mp-1224628.cif,-3.5529253482818604,-3.413649320602417,mp-1224628,0.08538103099999894,Stable,Stable
mp-1035582.cif,-2.785578489303589,-2.6949541568756104,mp-1035582,0.2946586102343751,Stable,Stable
mp-684065.cif,-2.9975156784057617,-2.9423649311065674,mp-684065,0.03492674291472575,Stable,Stable
mp-1221388.cif,0.2140393257141113,0.0742532461881637,mp-1221388,0.6758840722916677,Unstable,Unstable
mp-1079333.cif,-0.5684274435043335,-0.5103311538696289,mp-1079333,0.2369623150520841,Stable,Stable
mp-561502.cif,-1.388170599937439,-1.3700257539749146,mp-561502,0.144262260416669,Stable,Stable
mp-1232521.cif,-3.129080295562744,-3.0625104904174805,mp-1232521,0.008678563833337094,Stable,Stable
mp-5019.cif,-0.4328044056892395,-0.4647404849529266,mp-5019,0.0,Stable,Stable
mp-761215.cif,-2.274843692779541,-2.252747058868408,mp-761215,0.06917174490550959,Stable,Stable
mp-2219183.cif,-2.7615716457366943,-2.684596538543701,mp-2219183,0.251649528056312,Stable,Stable
mp-28244.cif,-2.207093954086304,-2.1938564777374268,mp-28244,0.0,Stable,Stable
mp-1188833.cif,-0.3987506926059723,-0.2437711209058761,mp-1188833,0.20643802787037657,Stable,Stable
mp-2646982.cif,-0.3495100140571594,-0.3781712055206299,mp-2646982,0.007582105416666707,Stable,Stable
mp-1198031.cif,-2.950895071029663,-2.9012699127197266,mp-1198031,0.0,Stable,Stable
mp-1212632.cif,-3.3418965339660645,-3.3294224739074707,mp-1212632,0.020116119139656163,Stable,Stable
mp-680293.cif,-0.3041577637195587,-0.3922610878944397,mp-680293,0.0,Stable,Stable
mp-1196808.cif,-1.634216070175171,-1.6590073108673096,mp-1196808,0.41853295849999395,Stable,Stable
mp-1076987.cif,-0.6610784530639648,-0.6216344833374023,mp-1076987,0.0036753742816131307,Stable,Stable
mp-27990.cif,-0.032703123986721,-0.058270763605833,mp-27990,0.007053553750000496,Stable,Stable
mp-752713.cif,-3.6134088039398193,-3.557053804397583,mp-752713,0.0,Stable,Stable
mp-562300.cif,-1.999898076057434,-2.068523406982422,mp-562300,0.14348259312500122,Stable,Stable
mp-1205404.cif,-0.3693141043186188,-0.340440422296524,mp-1205404,0.3209656805555472,Stable,Stable
mp-1223603.cif,-2.36026668548584,-2.349419116973877,mp-1223603,0.012596684527476754,Stable,Stable
mp-1189809.cif,-2.7741448879241943,-2.815885066986084,mp-1189809,0.1026162920000031,Stable,Stable
mp-1199109.cif,-2.5458338260650635,-2.241224527359009,mp-1199109,0.3003226471496152,Stable,Stable
mp-758800.cif,-0.6635107398033142,-0.6330335140228271,mp-758800,0.01966110052631631,Stable,Stable
mp-1191371.cif,-0.6711089611053467,-0.6923985481262207,mp-1191371,0.0,Stable,Stable
mp-3281.cif,-3.432436227798462,-3.3666107654571533,mp-3281,0.0,Stable,Stable
mp-510549.cif,-0.5232179164886475,-0.4797151088714599,mp-510549,0.0853711721428585,Stable,Stable
mp-1203872.cif,-2.680565595626831,-2.6043009757995605,mp-1203872,0.006171458693669862,Stable,Stable
mp-4164.cif,-0.0432413294911384,-0.0760416463017463,mp-4164,0.008447319705867429,Stable,Stable
mp-999198.cif,-0.553924024105072,-0.5133475065231323,mp-999198,0.010615728750000386,Stable,Stable
mp-1017241.cif,0.2364402711391449,0.1950863599777221,mp-1017241,0.2645366184375,Unstable,Unstable
mp-1221372.cif,-0.3089325129985809,-0.3082919120788574,mp-1221372,0.03298404322557502,Stable,Stable
mp-1188805.cif,-0.2997239828109741,-0.3445533812046051,mp-1188805,0.0039172887152769675,Stable,Stable
mp-761278.cif,-2.3295931816101074,-2.2828733921051025,mp-761278,0.05281182892361613,Stable,Stable
mp-1204414.cif,-0.5727952122688293,-0.5810739994049072,mp-1204414,0.011561840999998019,Stable,Stable
mp-1204484.cif,-0.354745864868164,-0.3252311050891876,mp-1204484,0.09053797262499419,Stable,Stable
mp-1203588.cif,-2.2484867572784424,-2.177902936935425,mp-1203588,0.0,Stable,Stable
mp-16713.cif,-0.5648784041404724,-0.546930730342865,mp-16713,0.0,Stable,Stable
mp-559066.cif,-3.212027072906494,-3.128973484039306,mp-559066,0.0078351536962451,Stable,Stable
mp-10503.cif,-0.297577828168869,-0.2658606469631195,mp-10503,0.0,Stable,Stable
mp-38818.cif,-0.9177225232124328,-0.9005008339881897,mp-38818,0.0,Stable,Stable
mp-29292.cif,-0.0912669822573661,-0.0912489742040634,mp-29292,0.005552952574727321,Stable,Stable
mp-23549.cif,-2.4300625324249268,-2.4353785514831543,mp-23549,0.0034998932499989976,Stable,Stable
mp-10142.cif,-0.8478217124938965,-0.8041929006576538,mp-10142,0.0,Stable,Stable
mp-1190291.cif,-0.4579202234745025,-0.5111135840415955,mp-1190291,0.0,Stable,Stable
mp-1224633.cif,-2.1196184158325195,-1.8656264543533323,mp-1224633,0.505783683148147,Stable,Stable
mp-21951.cif,-0.3183099031448364,-0.402652233839035,mp-21951,0.0,Stable,Stable
mp-1180610.cif,-1.7641457319259644,-1.545964598655701,mp-1180610,0.5267281909356853,Stable,Stable
mp-1179169.cif,-0.0795453339815139,-0.1365364044904709,mp-1179169,1.309497238543142,Stable,Stable
mp-568966.cif,-0.4723492264747619,-0.4937664270401001,mp-568966,0.0,Stable,Stable
mp-1190272.cif,-0.6080344915390015,-0.6024441719055176,mp-1190272,0.0,Stable,Stable
mp-754459.cif,-1.7850821018218994,-1.938781261444092,mp-754459,0.009036455624999995,Stable,Stable
mp-1214611.cif,-3.178929567337036,-3.11309552192688,mp-1214611,0.01149332237903522,Stable,Stable
mp-770781.cif,-2.335955858230591,-2.307684898376465,mp-770781,0.11337415862036782,Stable,Stable
mp-16086.cif,-0.307165116071701,-0.386898398399353,mp-16086,0.0,Stable,Stable
mp-1220740.cif,-2.2101831436157227,-2.3050854206085205,mp-1220740,0.16309982889535313,Stable,Stable
mp-754763.cif,-2.6337602138519287,-2.5794358253479004,mp-754763,0.076567326785697,Stable,Stable
mp-1187632.cif,1.210403561592102,0.9822966456413268,mp-1187632,0.9822966577083321,Unstable,Unstable
mp-1226584.cif,-0.7891173958778381,-0.7664138674736023,mp-1226584,0.08369440255951766,Stable,Stable
mp-1100435.cif,0.0667539462447166,-0.2329899072647094,mp-1100435,0.342317545256412,Stable,Unstable
mp-3869.cif,-0.8082627058029175,-0.7850072979927063,mp-3869,0.0,Stable,Stable
mp-773603.cif,-2.534596443176269,-2.472895383834839,mp-773603,0.04593450020833867,Stable,Stable
mp-756217.cif,-2.124645948410034,-2.1745476722717285,mp-756217,0.07635937593749986,Stable,Stable
mp-759792.cif,-2.544036626815796,-2.499107360839844,mp-759792,0.011548473586954877,Stable,Stable
mp-1192983.cif,-1.4006179571151731,-1.4133707284927368,mp-1192983,0.27126083980769433,Stable,Stable
mp-1183052.cif,-2.792599439620972,-2.4753894805908203,mp-1183052,0.7924727446666662,Stable,Stable
mp-1198145.cif,-2.9351184368133545,-2.832813024520874,mp-1198145,0.0012748577678571849,Stable,Stable
mp-5182.cif,0.0123220086097717,-0.0558758899569511,mp-5182,0.001119763713234967,Stable,Unstable
mp-1022057.cif,0.4873436391353607,0.4503311216831207,mp-1022057,0.5247121881250001,Unstable,Unstable
mp-6648.cif,-2.8785088062286377,-2.7958760261535645,mp-6648,0.0,Stable,Stable
mp-1225933.cif,-0.0472470298409462,-0.1119828298687934,mp-1225933,0.0020080588235291685,Stable,Stable
mp-1182309.cif,-1.2979341745376587,-1.3327128887176514,mp-1182309,0.35191861750000264,Stable,Stable
mp-1195990.cif,-2.4445583820343018,-2.4394872188568115,mp-1195990,0.06190427342261806,Stable,Stable
mp-6126.cif,-2.360980272293091,-2.3040003776550293,mp-6126,0.0,Stable,Stable
mp-647283.cif,-3.365239143371582,-3.2751355171203613,mp-647283,0.042305357383320086,Stable,Stable
mp-1103972.cif,-0.3535278141498565,-0.3883366286754608,mp-1103972,0.08159897942307737,Stable,Stable
mp-2217924.cif,-2.3066964149475098,-2.211397171020508,mp-2217924,0.22639008797726934,Stable,Stable
mp-1218969.cif,-0.5368723273277283,-0.4802718162536621,mp-1218969,0.015929086071434284,Stable,Stable
mp-1194311.cif,-0.4047419130802154,-0.4382095634937286,mp-1194311,0.0,Stable,Stable
mp-1191986.cif,-0.5611512064933777,-0.5635161399841309,mp-1191986,0.013225218888885948,Stable,Stable
mp-531611.cif,-0.0979527309536933,-0.0948871970176696,mp-531611,0.0,Stable,Stable
mp-778867.cif,-2.4953787326812744,-2.463550806045532,mp-778867,0.045860890543472976,Stable,Stable
mp-556514.cif,-1.8644126653671265,-1.8596320152282717,mp-556514,0.0,Stable,Stable
mp-13234.cif,-0.7358502149581909,-0.6371502876281738,mp-13234,0.13525142388888511,Stable,Stable
mp-1187032.cif,1.015160322189331,0.9210808873176576,mp-1187032,0.921080893958333,Unstable,Unstable
mp-1215095.cif,-1.26333487033844,-1.2847609519958496,mp-1215095,0.6147659024387266,Stable,Stable
mp-1190818.cif,-0.5418097376823425,-0.5280163288116455,mp-1190818,0.009585434305554585,Stable,Stable
mp-1219294.cif,-0.531630277633667,-0.521353542804718,mp-1219294,0.0,Stable,Stable
mp-977324.cif,-0.2704721987247467,-0.3305592238903045,mp-977324,0.0,Stable,Stable
mp-1104181.cif,-0.374524712562561,-0.4246745109558105,mp-1104181,0.0,Stable,Stable
mp-1019560.cif,-3.318951368331909,-3.24277925491333,mp-1019560,0.0,Stable,Stable
mp-1019379.cif,-1.146741509437561,-1.1188759803771973,mp-1019379,0.3607763212499986,Stable,Stable
mp-1197561.cif,-0.1857082545757293,-0.2279243767261505,mp-1197561,0.09656053718750979,Stable,Stable
mp-780308.cif,-2.5205347537994385,-2.4824142456054688,mp-780308,0.028899697642865263,Stable,Stable
mp-1004528.cif,-3.161609649658203,-3.1396491527557373,mp-1004528,0.0,Stable,Stable
mp-559759.cif,-3.3874671459198,-3.322331190109253,mp-559759,0.0,Stable,Stable
mp-4812.cif,-2.5671627521514893,-2.511587858200073,mp-4812,0.0,Stable,Stable
mp-780524.cif,-2.424318552017212,-2.390058994293213,mp-780524,0.09793770628906806,Stable,Stable
mp-2315.cif,-0.0790239199995994,-0.078711450099945,mp-2315,0.0,Stable,Stable
mp-1289597.cif,-2.40081787109375,-2.408723831176758,mp-1289597,0.020367710552072538,Stable,Stable
mp-754734.cif,-2.496858835220337,-2.452848434448242,mp-754734,0.054605254705881734,Stable,Stable
mp-780282.cif,-2.491515874862671,-2.3762195110321045,mp-780282,0.09622867295237914,Stable,Stable
mp-1095458.cif,-0.479246437549591,-0.4803184568881988,mp-1095458,0.025439502045451867,Stable,Stable
mp-984718.cif,0.0250340476632118,-0.0325094684958457,mp-984718,0.08951741499999954,Stable,Unstable
mp-5311.cif,-1.2545534372329712,-1.2502604722976685,mp-5311,0.0,Stable,Stable
mp-1106386.cif,-0.2525903880596161,-0.3002668023109436,mp-1106386,0.05297795562500074,Stable,Stable
mp-1228559.cif,-0.3154212236404419,-0.3748537003993988,mp-1228559,0.0004890425861976411,Stable,Stable
mp-1100402.cif,0.0826454535126686,-0.1202056556940078,mp-1100402,0.4684993066666614,Stable,Unstable
mp-1188975.cif,-0.2855467498302459,-0.2745829820632934,mp-1188975,0.016726601842105282,Stable,Stable
mp-30975.cif,-2.2945396900177,-2.258836269378662,mp-30975,0.0,Stable,Stable
mp-554562.cif,-2.0268514156341557,-2.0239264965057373,mp-554562,0.04042152269231103,Stable,Stable
mp-29028.cif,-0.5109473466873169,-0.4885565042495727,mp-29028,0.13432225266666453,Stable,Stable
mp-28151.cif,-0.4289971590042114,-0.4357927739620209,mp-28151,0.006320313381700693,Stable,Stable
mp-756526.cif,-2.002516031265259,-2.011912107467652,mp-756526,0.0869659678787853,Stable,Stable
mp-754909.cif,-2.660736322402954,-2.555117607116699,mp-754909,0.10088559892855464,Stable,Stable
mp-31009.cif,-0.5402458906173706,-0.5627398490905762,mp-31009,0.0,Stable,Stable
mp-1189186.cif,-0.6788960099220276,-0.7069954872131348,mp-1189186,0.00340387050000146,Stable,Stable
mp-1201877.cif,-2.720078229904175,-2.670686960220337,mp-1201877,0.13112941159909752,Stable,Stable
mp-541848.cif,0.6949830651283264,0.7090749144554138,mp-541848,0.7090749072222229,Unstable,Unstable
mp-1098076.cif,0.3214953541755676,0.2445202320814132,mp-1098076,0.38193214640624973,Unstable,Unstable
mp-1202890.cif,-1.888748288154602,-1.9505943059921265,mp-1202890,0.0,Stable,Stable
mp-5457.cif,-0.2071146965026855,-0.2357285767793655,mp-5457,0.028043287036291886,Stable,Stable
mp-758806.cif,-0.2903209924697876,-0.3569630086421966,mp-758806,0.09189409603181797,Stable,Stable
mp-1007823.cif,-0.770166277885437,-0.657150387763977,mp-1007823,0.3843638125000002,Stable,Stable
mp-1193180.cif,-0.3223088979721069,-0.3643861711025238,mp-1193180,0.0,Stable,Stable
mp-1078253.cif,-0.2885551750659942,-0.2548778057098388,mp-1078253,0.0,Stable,Stable
mp-1211786.cif,-2.802330017089844,-2.708959579467773,mp-1211786,0.026935271381582027,Stable,Stable
mp-1195216.cif,-0.4367533028125763,-0.4775662124156952,mp-1195216,0.0,Stable,Stable
mp-1222450.cif,-3.621306896209717,-3.4850258827209477,mp-1222450,0.08412566200000171,Stable,Stable
mp-720583.cif,-2.3990566730499268,-2.356551170349121,mp-720583,0.0,Stable,Stable
mp-580731.cif,-0.328167587518692,-0.3616246879100799,mp-580731,0.0,Stable,Stable
mp-1570353.cif,-2.45589280128479,-2.4278950691223145,mp-1570353,0.07546422386363894,Stable,Stable
mp-1222002.cif,0.0708458349108696,0.2996213436126709,mp-1222002,0.4735807987499996,Unstable,Unstable
mp-644223.cif,-0.3742406964302063,-0.4014816582202911,mp-644223,0.04710132833333258,Stable,Stable
mp-568532.cif,0.1884723603725433,0.1998125314712524,mp-568532,0.49728179210526413,Unstable,Unstable
mp-556214.cif,-3.105512857437134,-3.0253806114196777,mp-556214,0.0,Stable,Stable
mp-1191620.cif,-0.4662489295005798,-0.4579213261604309,mp-1191620,0.0,Stable,Stable
mp-1200183.cif,-0.6145683526992798,-0.3049326539039612,mp-1200183,0.42403687631944553,Stable,Stable
mp-1099256.cif,-2.260877847671509,-2.181044816970825,mp-1099256,0.7309013773437485,Stable,Stable
mp-1183422.cif,-1.0853229761123655,-1.000599026679993,mp-1183422,1.6395714481666666,Stable,Stable
mp-12054.cif,-0.3536889255046844,-0.3168196380138397,mp-12054,0.045477424666666266,Stable,Stable
mp-851119.cif,-2.454805374145508,-2.4208216667175293,mp-851119,0.0825376252272747,Stable,Stable
mp-28630.cif,-0.7089861035346985,-0.679394006729126,mp-28630,0.0,Stable,Stable
mp-631514.cif,1.955856204032898,1.762802243232727,mp-631514,1.8132382933999978,Unstable,Unstable
mp-1191955.cif,-0.3178911805152893,-0.3162998557090759,mp-1191955,0.00486637788461497,Stable,Stable
mp-1208405.cif,-0.7746197581291199,-0.7471718788146973,mp-1208405,0.0,Stable,Stable
mp-1106165.cif,-0.7746835947036743,-0.7184000611305237,mp-1106165,0.0,Stable,Stable
mp-1207444.cif,-2.344122648239136,-2.3002045154571533,mp-1207444,0.02078836211111046,Stable,Stable
mp-1219392.cif,-0.5701659321784973,-0.5380003452301025,mp-1219392,0.0025227289999936175,Stable,Stable
mp-760310.cif,-2.2984488010406494,-2.2592904567718506,mp-760310,0.06966807582386458,Stable,Stable
mp-10124.cif,-0.3529285490512848,-0.3950776159763336,mp-10124,0.0,Stable,Stable
mp-777271.cif,-2.494776964187622,-2.463303327560425,mp-777271,0.04610831112318259,Stable,Stable
mp-23628.cif,-2.421341896057129,-2.380745649337769,mp-23628,0.07476901261574032,Stable,Stable
mp-1039998.cif,-2.909187078475952,-2.801724910736084,mp-1039998,0.17571873548340378,Stable,Stable
mp-559949.cif,-2.2967283725738525,-2.274162530899048,mp-559949,0.019034733106059853,Stable,Stable
mp-1226337.cif,-0.2616281509399414,-0.4038613438606262,mp-1226337,0.007152716171875184,Stable,Stable
mp-558445.cif,-2.9609057903289795,-2.8446638584136963,mp-558445,0.010087268941342487,Stable,Stable
mp-1182261.cif,-2.1977996826171875,-1.854839563369751,mp-1182261,0.5731261838541473,Stable,Stable
mp-23398.cif,-2.0661966800689697,-1.808708429336548,mp-23398,0.0,Stable,Stable
mp-12022.cif,-2.446741342544556,-2.412195205688477,mp-12022,0.07199320427083755,Stable,Stable
mp-505372.cif,-0.2146985530853271,-0.1979597955942154,mp-505372,0.0,Stable,Stable
mp-1180710.cif,-2.821723699569702,-2.743544101715088,mp-1180710,0.009038583674699119,Stable,Stable
mp-576.cif,-0.1253613829612732,-0.0948969274759292,mp-576,0.0,Stable,Stable
mp-561725.cif,-2.6204750537872314,-2.6023199558258057,mp-561725,0.0,Stable,Stable
mp-1223255.cif,-0.5810916423797607,-0.5435095429420471,mp-1223255,0.0019278764285743932,Stable,Stable
mp-558506.cif,-0.7280291318893433,-0.7573199272155762,mp-558506,0.1719891992187499,Stable,Stable
mp-1226793.cif,-0.4924777448177337,-0.4135411381721496,mp-1226793,0.12678639152776494,Stable,Stable
mp-1227050.cif,-0.4995646178722381,-0.5082197785377502,mp-1227050,0.0,Stable,Stable
mp-1190660.cif,-0.5920032262802124,-0.5781893134117126,mp-1190660,0.0,Stable,Stable
mp-631552.cif,1.014380931854248,0.8292758464813232,mp-631552,1.5807060342735042,Unstable,Unstable
mp-1180702.cif,-0.4678644239902496,-0.4412624835968017,mp-1180702,0.07984100266666871,Stable,Stable
mp-1212987.cif,-3.169945001602173,-3.102880954742432,mp-1212987,0.00021436477941172427,Stable,Stable
mp-1078891.cif,-0.4998085796833038,-0.5114772915840149,mp-1078891,0.0,Stable,Stable
mp-1202173.cif,-0.4862311482429504,-0.4828126728534698,mp-1202173,0.12939068086804717,Stable,Stable
mp-865177.cif,-0.5608678460121155,0.3022670745849609,mp-865177,0.8499812808238714,Unstable,Stable
mp-754325.cif,-2.3191983699798584,-2.3012924194335938,mp-754325,0.03507665054349207,Stable,Stable
mp-849704.cif,-2.250417470932007,-2.227848529815674,mp-849704,0.0800801164285776,Stable,Stable
mp-1195223.cif,-2.3531718254089355,-2.4257972240448,mp-1195223,0.06115716692307682,Stable,Stable
mp-569299.cif,-0.0744360536336898,-0.0948120206594467,mp-569299,0.02428812983333284,Stable,Stable
mp-1026451.cif,0.3250922560691833,0.3007610440254211,mp-1026451,0.3457247989062502,Unstable,Unstable
mp-1020142.cif,-2.8309266567230225,-2.7222461700439453,mp-1020142,0.018674607008548172,Stable,Stable
mp-1204782.cif,-1.1031697988510132,-1.0139799118041992,mp-1204782,0.5352361484782593,Stable,Stable
mp-1214219.cif,-2.3913567066192627,-2.236545324325561,mp-1214219,0.155361231167773,Stable,Stable
mp-1020144.cif,-2.97198224067688,-2.877880096435547,mp-1020144,0.001796879523817907,Stable,Stable
mp-16737.cif,-2.8201353549957275,-2.723872423171997,mp-16737,0.0,Stable,Stable
mp-1198701.cif,-2.5337283611297607,-2.4986610412597656,mp-1198701,0.017888499563492033,Stable,Stable
mp-1208717.cif,-1.6532834768295288,-1.643467903137207,mp-1208717,0.7524988464102567,Stable,Stable
mp-2646998.cif,-0.27234748005867,-0.2352165132761001,mp-2646998,0.28093717078247415,Stable,Stable
mp-1019528.cif,-3.1389505863189697,-3.0520260334014893,mp-1019528,0.006211954613114301,Stable,Stable
mp-1246452.cif,-0.2611714899539947,-0.2620485126972198,mp-1246452,0.3900956484615392,Stable,Stable
mp-2646917.cif,-0.2662787139415741,-0.2423775345087051,mp-2646917,0.12437480047619509,Stable,Stable
mp-557351.cif,-2.6322970390319824,-2.58206558227539,mp-557351,0.005224806500000234,Stable,Stable
mp-1076.cif,0.0009760186076164,-0.080323152244091,mp-1076,0.0,Stable,Unstable
mp-1182541.cif,-0.2546083033084869,-0.116234578192234,mp-1182541,0.5324016241091956,Stable,Stable
mp-1199169.cif,-4.162607192993164,-4.037555694580078,mp-1199169,0.022032946818177024,Stable,Stable
mp-1216667.cif,-0.9553533792495728,-0.9210973978042604,mp-1216667,0.009228583333333873,Stable,Stable
mp-505743.cif,-2.339583158493042,-2.299635648727417,mp-505743,0.0,Stable,Stable
mp-1080757.cif,-0.7078392505645752,-0.7045144438743591,mp-1080757,0.0,Stable,Stable
mp-1228622.cif,-3.319627523422241,-3.2718429565429688,mp-1228622,0.0032165830999986156,Stable,Stable
mp-1181156.cif,-1.1344083547592163,-1.1113945245742798,mp-1181156,0.5324099957598012,Stable,Stable
mp-27757.cif,-0.016002170741558,-0.0167171396315097,mp-27757,0.0,Stable,Stable
mp-770786.cif,-2.344243288040161,-2.2869839668273926,mp-770786,0.049782941111116585,Stable,Stable
mp-849590.cif,-2.3006250858306885,-2.268257141113281,mp-849590,0.060701384687500415,Stable,Stable
mp-851076.cif,-2.4445762634277344,-2.4256463050842285,mp-851076,0.07771306504545628,Stable,Stable
mp-1215212.cif,-0.5033521056175232,-0.0106462817639112,mp-1215212,0.9661065116666698,Stable,Stable
mp-1192940.cif,-0.3983255922794342,-0.4759896099567413,mp-1192940,0.0,Stable,Stable
mp-1191882.cif,-0.582295298576355,-0.5779342651367188,mp-1191882,0.0,Stable,Stable
mp-782654.cif,-2.5087730884552,-2.4757349491119385,mp-782654,0.03557892707143573,Stable,Stable
mp-777049.cif,-2.387852430343628,-2.332140684127808,mp-777049,0.0,Stable,Stable
mp-1034600.cif,-2.8795876502990723,-2.7934930324554443,mp-1034600,0.19100541437500151,Stable,Stable
mp-1198355.cif,-2.4585955142974854,-2.359329462051392,mp-1198355,0.3215893897063369,Stable,Stable
mp-944.cif,-0.0485186800360679,-0.0504131205379962,mp-944,0.01683494079999992,Stable,Stable
mp-764587.cif,-2.3065896034240723,-2.265311479568481,mp-764587,0.06364699423295583,Stable,Stable
mp-1200630.cif,-2.484670400619507,-2.448575735092163,mp-1200630,0.0,Stable,Stable
mp-1211205.cif,-0.3792893290519714,-0.4042804539203644,mp-1211205,0.007623332485667156,Stable,Stable
mp-768345.cif,-3.210165739059448,-3.134207010269165,mp-768345,0.007360485833332042,Stable,Stable
mp-1199198.cif,-2.925504446029663,-2.9162166118621826,mp-1199198,0.0,Stable,Stable
mp-1192116.cif,-0.4155156016349792,-0.4755984842777252,mp-1192116,0.0,Stable,Stable
mp-1213107.cif,-0.5465710163116455,-0.5580383539199829,mp-1213107,0.0,Stable,Stable
mp-1079053.cif,-0.4259625673294067,-0.3961672186851501,mp-1079053,0.023003367999997693,Stable,Stable
mp-1218890.cif,-0.4678750336170196,-0.491694837808609,mp-1218890,0.0,Stable,Stable
mp-1016422.cif,0.4174620807170868,0.365718811750412,mp-1016422,0.398700940258621,Unstable,Unstable
mp-1100889.cif,-3.0588696002960205,-2.8553946018218994,mp-1100889,0.4314124760726479,Stable,Stable
mp-733898.cif,-2.2484371662139893,-2.1862473487854004,mp-733898,0.2749034796755332,Stable,Stable
mp-1194976.cif,-0.3409346044063568,-0.4386325478553772,mp-1194976,0.005723456617647393,Stable,Stable
mp-766461.cif,-2.4123404026031494,-2.298412561416626,mp-766461,0.09430973377651153,Stable,Stable
mp-770402.cif,-2.491302251815796,-2.4423115253448486,mp-770402,0.059398175000001,Stable,Stable
mp-1194718.cif,-0.1473753452301025,-0.1596607565879821,mp-1194718,0.20127373949999772,Stable,Stable
mp-1188221.cif,-0.4191541373729706,-0.393268346786499,mp-1188221,0.0,Stable,Stable
mp-1203138.cif,-3.3743209838867188,-3.279700994491577,mp-1203138,0.0,Stable,Stable
mp-1225361.cif,-0.6166466474533081,-0.634376049041748,mp-1225361,0.0,Stable,Stable
mp-1210692.cif,-2.6607253551483154,-2.6778404712677,mp-1210692,0.0,Stable,Stable
mp-768952.cif,-1.950801968574524,-1.7011334896087646,mp-768952,0.397744603787876,Stable,Stable
mp-554282.cif,-3.479871988296509,-3.3833820819854736,mp-554282,0.0012406889375018437,Stable,Stable
mp-15519.cif,-2.9963583946228027,-2.9206385612487797,mp-15519,0.006188874448529447,Stable,Stable
mp-1211283.cif,-0.3284465372562408,-0.2239183932542801,mp-1211283,0.17671495462301312,Stable,Stable
mp-1213769.cif,-2.733119249343872,-2.66798734664917,mp-1213769,0.0,Stable,Stable
mp-849720.cif,-2.2526116371154785,-2.2280433177948,mp-849720,0.07988555571428968,Stable,Stable
mp-1218985.cif,-0.5666716694831848,-0.5083701014518738,mp-1218985,0.0,Stable,Stable
mp-1196273.cif,-2.137709856033325,-2.152905941009521,mp-1196273,0.0,Stable,Stable
mp-570132.cif,-1.2476284503936768,-1.1179786920547483,mp-570132,0.0468241045572908,Stable,Stable
mp-1217974.cif,-0.4642340540885925,-0.4802209734916687,mp-1217974,0.007019332500011188,Stable,Stable
mp-558022.cif,-3.1762726306915283,-3.1211836338043213,mp-558022,0.00010283458333404383,Stable,Stable
mp-5172.cif,-0.3437206447124481,-0.3725152611732483,mp-5172,0.0,Stable,Stable
mp-8109.cif,-2.963486909866333,-2.9825515747070312,mp-8109,0.0,Stable,Stable
mp-1194424.cif,-2.604548692703247,-2.7130327224731445,mp-1194424,0.1694383021230097,Stable,Stable
mp-1222299.cif,-1.077428102493286,-1.078908920288086,mp-1222299,0.0,Stable,Stable
mp-1100413.cif,0.3098265826702118,-0.2374081164598465,mp-1100413,0.37234697447916965,Stable,Unstable
mp-1177918.cif,-2.478036642074585,-2.428340435028076,mp-1177918,0.07911322117647224,Stable,Stable
mp-764741.cif,-2.275832414627075,-2.2442407608032227,mp-764741,0.07767797257992815,Stable,Stable
mp-764554.cif,-2.3317346572875977,-2.2857666015625,mp-764554,0.04991849136806081,Stable,Stable
mp-980205.cif,-0.593777596950531,-0.5624903440475464,mp-980205,0.0,Stable,Stable
mp-6916.cif,-0.5110699534416199,-0.5288279056549072,mp-6916,0.0,Stable,Stable
mp-1193779.cif,-1.2103513479232788,-0.9062935709953308,mp-1193779,0.7783379590384643,Stable,Stable
mp-505346.cif,-3.0746219158172607,-3.1840274333953857,mp-505346,0.0,Stable,Stable
mp-1079124.cif,-1.954231023788452,-2.1042630672454834,mp-1079124,0.32155733385416596,Stable,Stable
mp-1079578.cif,-0.4040687978267669,-0.4065413773059845,mp-1079578,0.1425503339999974,Stable,Stable
mp-768764.cif,-2.0814034938812256,-2.069399833679199,mp-768764,0.06405714513888494,Stable,Stable
mp-1756.cif,-0.4724697172641754,-0.5268706679344177,mp-1756,0.0,Stable,Stable
mp-655001.cif,-0.1997388154268264,-0.1761219352483749,mp-655001,0.2907518529999997,Stable,Stable
mp-780433.cif,-2.514332771301269,-2.474560022354126,mp-780433,0.03675377107143696,Stable,Stable
mp-771080.cif,-2.0528042316436768,-2.044642448425293,mp-771080,0.08243056572916707,Stable,Stable
mp-2646967.cif,-0.3820152580738067,-0.4337897598743438,mp-2646967,0.0,Stable,Stable
mp-1194531.cif,-0.2072818279266357,-0.1900435388088226,mp-1194531,0.007321044166666901,Stable,Stable
mp-631581.cif,1.1122167110443115,0.968938648700714,mp-631581,1.2987491922916674,Unstable,Unstable
mp-1199710.cif,-0.3314427435398102,-0.3095958530902862,mp-1199710,0.23441187875771696,Stable,Stable
mp-752566.cif,-2.6917920112609863,-2.6076626777648926,mp-752566,0.054509037796046655,Stable,Stable
mp-1344863.cif,-1.2321025133132937,-1.131736397743225,mp-1344863,1.3460506135118981,Stable,Stable
mp-1209019.cif,-0.766029417514801,-0.7334988117218018,mp-1209019,0.0,Stable,Stable
mp-556106.cif,-3.6379456520080566,-3.4306018352508545,mp-556106,0.0,Stable,Stable
mp-1201413.cif,-1.6637380123138428,-1.6804832220077517,mp-1201413,0.04250228988715232,Stable,Stable
mp-5568.cif,-0.2236080765724182,-0.2458148747682571,mp-5568,0.019940596627908036,Stable,Stable
mp-1189333.cif,-0.6239312291145325,-0.6069316267967224,mp-1189333,0.0,Stable,Stable
mp-618324.cif,-0.458363264799118,-0.4922240376472473,mp-618324,0.041130589999999856,Stable,Stable
mp-770358.cif,-2.6067869663238525,-2.5749101638793945,mp-770358,0.05222063944444866,Stable,Stable
mp-9208.cif,-0.8375105261802673,-0.8331722617149353,mp-9208,0.0,Stable,Stable
mp-1103476.cif,-0.2719252109527588,-0.2651820182800293,mp-1103476,0.0,Stable,Stable
mp-1196064.cif,-0.8467745780944824,-0.9482138156890868,mp-1196064,0.30228931134259174,Stable,Stable
mp-1194548.cif,-0.2011754214763641,-0.0820792391896247,mp-1194548,0.03624395721014473,Stable,Stable
mp-1079201.cif,0.1420330703258514,0.1806551814079284,mp-1079201,0.8871446712500006,Unstable,Unstable
mp-1191543.cif,-0.6573044061660767,-0.6704936027526855,mp-1191543,0.0,Stable,Stable
mp-755835.cif,-2.435953378677368,-2.388447523117065,mp-755835,0.10899154972220959,Stable,Stable
mp-21347.cif,-0.3429041802883148,-0.3831646144390106,mp-21347,0.0024559533333334826,Stable,Stable
mp-1100392.cif,0.1709436476230621,-0.1387512683868408,mp-1100392,0.04932601732974806,Stable,Unstable
mp-766526.cif,-2.526804208755493,-2.491166353225708,mp-766526,0.021996077218313204,Stable,Stable
mp-2038642.cif,-0.3101097643375397,-0.4041581451892853,mp-2038642,0.0,Stable,Stable
mp-1216709.cif,-0.9023786187171936,-0.8533943295478821,mp-1216709,0.0,Stable,Stable
mp-1038483.cif,-2.8642942905426025,-2.8100626468658447,mp-1038483,0.1775639966015623,Stable,Stable
mp-542021.cif,-0.6732768416404724,-0.6789290904998779,mp-542021,0.045074695000001164,Stable,Stable
mp-28092.cif,-0.1017905846238136,-0.074871227145195,mp-28092,0.3031149448345172,Stable,Stable
mp-984628.cif,-2.120628118515014,-2.0209403038024902,mp-984628,0.8975609750000029,Stable,Stable
mp-1221191.cif,0.877933144569397,1.014454960823059,mp-1221191,1.5732190390603447,Unstable,Unstable
mp-1196968.cif,-2.003526449203491,-2.0390098094940186,mp-1196968,0.0,Stable,Stable
mp-631553.cif,1.0225878953933716,0.883107602596283,mp-631553,0.9977435483333323,Unstable,Unstable
mp-777347.cif,-2.2766499519348145,-2.245128631591797,mp-777347,0.0767902744403921,Stable,Stable
mp-1224701.cif,-3.021254539489746,-3.1227452754974365,mp-1224701,0.06403385006250062,Stable,Stable
mp-624186.cif,-1.1233032941818235,-1.0507031679153442,mp-624186,0.0,Stable,Stable
mp-18979.cif,-2.5950047969818115,-2.5797836780548096,mp-18979,0.013215286541674587,Stable,Stable
mp-1106267.cif,-0.3609679937362671,-0.3873778283596039,mp-1106267,0.004829536842105853,Stable,Stable
mp-10143.cif,0.7959413528442383,0.6752687096595764,mp-10143,1.5527823012499997,Unstable,Unstable
mp-1225248.cif,-0.2604468762874603,-0.2958242297172546,mp-1225248,0.017152989791666684,Stable,Stable
mp-649084.cif,-0.4068529307842254,-0.4237245917320251,mp-649084,0.0,Stable,Stable
mp-6738.cif,-3.368138074874878,-3.2722792625427246,mp-6738,0.0,Stable,Stable
mp-1026516.cif,0.3101890385150909,0.2672668397426605,mp-1026516,0.33345006890625006,Unstable,Unstable
mp-567730.cif,-0.804925799369812,-0.6784387230873108,mp-567730,0.31144262729364947,Stable,Stable
mp-1219071.cif,-0.5579172968864441,-0.5451472401618958,mp-1219071,0.0,Stable,Stable
mp-764525.cif,-2.2666685581207275,-2.245533227920532,mp-764525,0.07638564444039275,Stable,Stable
mp-1180675.cif,-0.1657600402832031,-0.1237407103180885,mp-1180675,0.34313307900000023,Stable,Stable
mp-12075.cif,-0.391924113035202,-0.4313013851642608,mp-12075,0.0,Stable,Stable
mp-1191670.cif,-0.6373541951179504,-0.641261100769043,mp-1191670,0.0,Stable,Stable
mp-973391.cif,-0.2327840328216552,-0.2021805644035339,mp-973391,0.0,Stable,Stable
mp-1222386.cif,-0.3400028049945831,-0.381860077381134,mp-1222386,0.06672291916666584,Stable,Stable
mp-861504.cif,-3.523787260055542,-3.4464974403381348,mp-861504,0.0,Stable,Stable
mp-2976.cif,-0.5626814961433411,-0.536617636680603,mp-2976,0.11091275293333336,Stable,Stable
mp-1008525.cif,-0.437757283449173,-0.404166579246521,mp-1008525,0.3431268675520851,Stable,Stable
mp-1223329.cif,-0.614205002784729,-0.6430443525314331,mp-1223329,0.0,Stable,Stable
mp-1199066.cif,-3.1591227054595947,-3.166867017745972,mp-1199066,0.015571090714290747,Stable,Stable
mp-1030755.cif,-2.595780849456787,-2.5120058059692383,mp-1030755,0.4186819081250004,Stable,Stable
mp-504874.cif,-0.5568243265151978,-0.5875166058540344,mp-504874,0.0,Stable,Stable
mp-631508.cif,1.371662974357605,1.1270030736923218,mp-631508,1.431116302777781,Unstable,Unstable
mp-568105.cif,-2.2094647884368896,-2.3248298168182373,mp-568105,0.0,Stable,Stable
mp-1189918.cif,-0.590018630027771,-0.5708622336387634,mp-1189918,0.0,Stable,Stable
mp-850885.cif,-2.469789743423462,-2.4158380031585693,mp-850885,0.08752138000000187,Stable,Stable
mp-1226262.cif,-0.2579525709152221,-0.1814060360193252,mp-1226262,0.18705541206249876,Stable,Stable
mp-1028118.cif,0.2302500903606414,0.203699305653572,mp-1028118,0.2566913752051443,Unstable,Unstable
mp-1215258.cif,-0.5915444493293762,-0.583050012588501,mp-1215258,0.007066213333334126,Stable,Stable
mp-984554.cif,-1.1359630823135376,-1.063800811767578,mp-984554,1.0795439214285762,Stable,Stable
mp-850193.cif,-3.622633695602417,-3.524040460586548,mp-850193,0.03301353900000059,Stable,Stable
mp-995282.cif,-0.1830230951309204,-0.0861254781484603,mp-995282,0.13323522291666645,Stable,Stable
mp-534.cif,-0.2412172257900238,-0.2413006424903869,mp-534,0.13549375927777962,Stable,Stable
mp-1017258.cif,0.3153470456600189,0.281312495470047,mp-1017258,0.3597003343749994,Unstable,Unstable
mp-21563.cif,-3.279681921005249,-3.2279326915740967,mp-21563,0.06923542267855698,Stable,Stable
mp-768236.cif,-2.515916347503662,-2.4445507526397705,mp-768236,0.057455846736124805,Stable,Stable
mp-3040.cif,-0.4487112760543823,-0.4709166288375854,mp-3040,0.0,Stable,Stable
mp-31073.cif,-2.8360860347747803,-2.7629196643829346,mp-31073,0.0,Stable,Stable
mp-1177109.cif,-2.493724584579468,-2.4422781467437744,mp-1177109,0.06417473905555582,Stable,Stable
mp-1200475.cif,-2.5863280296325684,-2.563464641571045,mp-1200475,0.1446063462179481,Stable,Stable
mp-1031178.cif,-2.298311233520508,-2.332975387573242,mp-1031178,0.49837698764102445,Stable,Stable
mp-1216067.cif,-3.572187662124634,-3.4725170135498047,mp-1216067,0.049742556666666715,Stable,Stable
mp-776447.cif,-2.484332323074341,-2.451498985290528,mp-776447,0.05595449323529422,Stable,Stable
mp-29655.cif,-0.0312144830822944,-0.1016415730118751,mp-29655,0.1768810391666671,Stable,Stable
mp-1198569.cif,-2.7491958141326904,-2.525449275970459,mp-1198569,0.1799870451289287,Stable,Stable
mp-773205.cif,-2.5674428939819336,-2.49643874168396,mp-773205,0.09079794961806353,Stable,Stable
mp-4720.cif,-0.3619660437107086,-0.4608305692672729,mp-4720,0.0,Stable,Stable
mp-732197.cif,-3.1233181953430176,-2.9790971279144287,mp-732197,0.08083690364582985,Stable,Stable
mp-686042.cif,-2.104064702987671,-2.126864194869995,mp-686042,0.08905654076923053,Stable,Stable
mp-559636.cif,-2.897084951400757,-2.811802387237549,mp-559636,0.0008996413580382168,Stable,Stable
mp-5620.cif,-0.5100274682044983,-0.4840453267097473,mp-5620,0.0,Stable,Stable
mp-1188836.cif,-0.6920842528343201,-0.6705115437507629,mp-1188836,0.057914717187498965,Stable,Stable
mp-865423.cif,-0.5099992752075195,-0.5018694400787354,mp-865423,0.0015615524999983421,Stable,Stable
mp-772724.cif,-2.2633306980133057,-2.273767232894897,mp-772724,0.09052466656249791,Stable,Stable
mp-20517.cif,-0.2720524966716766,-0.2632286250591278,mp-20517,0.0,Stable,Stable
mp-1216800.cif,-0.0472000166773796,-0.0824383571743965,mp-1216800,0.0,Stable,Stable
mp-569655.cif,-1.032827615737915,-1.0918114185333252,mp-569655,0.32116762250000086,Stable,Stable
mp-1214885.cif,-3.339943647384644,-3.3089985847473145,mp-1214885,0.0,Stable,Stable
mp-705494.cif,-0.5584555268287659,-0.4956057965755462,mp-705494,0.22130489530982533,Stable,Stable
mp-978921.cif,-0.5580185055732727,-0.5648572444915771,mp-978921,0.0,Stable,Stable
mp-989461.cif,-0.2056427597999572,-0.3183062970638275,mp-989461,0.19550423704545317,Stable,Stable
mp-1192281.cif,-1.4503438472747805,-1.2929620742797852,mp-1192281,1.0771028385218822,Stable,Stable
mp-1102201.cif,-0.4626170694828033,-0.417946308851242,mp-1102201,3.404458333378102e-05,Stable,Stable
mp-1199838.cif,-0.3238275945186615,-0.3927379548549652,mp-1199838,0.012715522159094661,Stable,Stable
mp-1196534.cif,-0.0874369367957115,-0.0833309814333915,mp-1196534,0.07114925480435019,Stable,Stable
mp-1102353.cif,-0.3010160326957702,0.4848380088806152,mp-1102353,0.9103207606666599,Unstable,Stable
mp-757083.cif,-1.8842254877090452,-1.960627794265747,mp-757083,0.17638730172222505,Stable,Stable
mp-1210641.cif,-0.5821161270141602,-0.554053783416748,mp-1210641,0.0,Stable,Stable
mp-1212938.cif,-3.654961347579956,-3.440238237380981,mp-1212938,0.03049286654761829,Stable,Stable
mp-1191899.cif,-0.7289837598800659,-0.7734452486038208,mp-1191899,0.0,Stable,Stable
mp-1214050.cif,-3.463842868804932,-3.393812417984009,mp-1214050,0.0,Stable,Stable
mp-1210179.cif,-0.2810678780078888,-0.3176798224449157,mp-1210179,0.0,Stable,Stable
mp-374.cif,-0.2774675190448761,-0.2628604471683502,mp-374,0.06712516166666482,Stable,Stable
mp-1203720.cif,-1.834412932395935,-1.7506580352783203,mp-1203720,0.2570755373611142,Stable,Stable
mp-6114.cif,-1.2026417255401611,-1.143256664276123,mp-6114,0.004735910333343085,Stable,Stable
mp-556300.cif,-2.5864546298980717,-2.52376127243042,mp-556300,0.0,Stable,Stable
mp-1189206.cif,-0.5458552837371826,-0.5594720840454102,mp-1189206,0.0,Stable,Stable
mp-780197.cif,-2.500847101211548,-2.4417290687561035,mp-780197,0.06572441882352997,Stable,Stable
mp-851576.cif,0.47833451628685,2.5871152877807617,mp-851576,3.2398098938947375,Unstable,Unstable
mp-1220351.cif,-0.7271561026573181,-0.719963014125824,mp-1220351,0.013200364999999437,Stable,Stable
mp-1216199.cif,-0.764060914516449,-0.713636577129364,mp-1216199,0.016324778888892943,Stable,Stable
mp-1191988.cif,-0.6286939978599548,-0.6379322409629822,mp-1191988,0.0,Stable,Stable
mp-1213244.cif,-0.6797196865081787,-0.6251462697982788,mp-1213244,0.13483215208333377,Stable,Stable
mp-559282.cif,-2.536262989044189,-2.5193707942962646,mp-559282,0.0,Stable,Stable
mp-559030.cif,-1.940911054611206,-1.861862063407898,mp-559030,0.05423449641917255,Stable,Stable
mp-558680.cif,-2.9788694381713867,-2.924281597137451,mp-558680,0.005865441964285623,Stable,Stable
mp-1019808.cif,-2.9851040840148926,-2.897050619125366,mp-1019808,0.0049294765811787045,Stable,Stable
mp-1199045.cif,-2.58537220954895,-2.578697204589844,mp-1199045,0.01458363495832593,Stable,Stable
mp-1025170.cif,-0.9278397560119628,-0.977180242538452,mp-1025170,0.0,Stable,Stable
mp-1184351.cif,0.5130150318145752,0.5120427012443542,mp-1184351,0.5120426958333333,Unstable,Unstable
mp-30061.cif,-0.4552418291568756,-0.4881986081600189,mp-30061,0.0,Stable,Stable
mp-1197284.cif,-2.594343662261963,-2.5462405681610107,mp-1197284,0.06035308042212062,Stable,Stable
mp-850980.cif,-2.481997489929199,-2.449460744857788,mp-850980,0.05799284676470684,Stable,Stable
mp-1105235.cif,-1.8325978517532349,-1.9099985361099243,mp-1105235,0.0,Stable,Stable
mp-779571.cif,-3.367547512054444,-3.290879011154175,mp-779571,0.06748879817499187,Stable,Stable
mp-3589.cif,-2.8234808444976807,-2.764282464981079,mp-3589,0.0,Stable,Stable
mp-781607.cif,-2.404581308364868,-2.393550157546997,mp-781607,0.09444635066406804,Stable,Stable
mp-972467.cif,-0.5826659798622131,-0.579255223274231,mp-972467,0.0,Stable,Stable
mp-504617.cif,-0.4949684143066406,-0.5435433983802795,mp-504617,0.0,Stable,Stable
mp-7839.cif,0.6790443658828735,0.8142640590667725,mp-7839,1.1507634181250026,Unstable,Unstable
mp-1226655.cif,-0.5605869293212891,-0.5898615717887878,mp-1226655,0.0004966946428535124,Stable,Stable
mp-1232384.cif,-0.4895358085632324,-0.4257660806179046,mp-1232384,0.4454730004166674,Stable,Stable
mp-1189845.cif,-0.1922463476657867,-0.0312248971313238,mp-1189845,0.35672161624999976,Stable,Stable
mp-1222565.cif,-2.842845916748047,-2.7550666332244877,mp-1222565,0.031277193645813384,Stable,Stable
mp-10857.cif,-0.4702515602111816,-0.5349006056785583,mp-10857,0.0,Stable,Stable
mp-557632.cif,-2.4321892261505127,-2.343015432357788,mp-557632,0.0,Stable,Stable
mp-1020634.cif,-3.209957361221313,-3.118267774581909,mp-1020634,0.0,Stable,Stable
mp-818725.cif,-0.3939544558525085,0.2601287364959717,mp-818725,1.5838287125069428,Unstable,Stable
mp-1195228.cif,-2.016101360321045,-1.9320893287658687,mp-1195228,0.10458148370369447,Stable,Stable
mp-1019721.cif,-2.823358058929444,-2.745213747024536,mp-1019721,0.0024359532291668984,Stable,Stable
mp-556014.cif,-2.659551858901977,-2.6082446575164795,mp-556014,0.022149876874998142,Stable,Stable
mp-27892.cif,-0.1658752858638763,-0.2653650343418121,mp-27892,0.20654898972222213,Stable,Stable
mp-554773.cif,-3.404537439346313,-3.388183116912842,mp-554773,0.0,Stable,Stable
mp-28943.cif,-2.3266334533691406,-2.358905076980591,mp-28943,0.0,Stable,Stable
mp-771822.cif,-2.5814642906188965,-2.57108473777771,mp-771822,0.03395622682598187,Stable,Stable
mp-554657.cif,-2.721421957015991,-2.656949996948242,mp-554657,0.0,Stable,Stable
mp-780198.cif,-2.4581973552703857,-2.413402795791626,mp-780198,0.0899566502272755,Stable,Stable
mp-5434.cif,-0.0254190191626548,-0.103526160120964,mp-5434,0.0,Stable,Stable
mp-760227.cif,-2.295994520187378,-2.2606167793273926,mp-760227,0.06834158105113808,Stable,Stable
mp-1204768.cif,-0.3383998572826385,-0.4075553119182586,mp-1204768,0.10834880231481403,Stable,Stable
mp-1199652.cif,-2.5979812145233154,-2.531132221221924,mp-1199652,0.1826433575000026,Stable,Stable
mp-20410.cif,-0.4883035719394684,-0.4395845830440521,mp-20410,0.0,Stable,Stable
mp-1095459.cif,-0.426098883152008,-0.4522372782230377,mp-1095459,0.0,Stable,Stable
mp-6943.cif,-3.446197271347046,-3.37750506401062,mp-6943,0.0,Stable,Stable
mp-582394.cif,-0.262206882238388,-0.2739778757095337,mp-582394,0.02259377619670211,Stable,Stable
mp-21064.cif,-0.4397232234477997,-0.3566972911357879,mp-21064,0.0,Stable,Stable
mp-761322.cif,-2.224588632583618,-2.19909930229187,mp-761322,0.04436541583332776,Stable,Stable
mp-1219729.cif,-0.5697309970855713,-0.5361399054527283,mp-1219729,0.0,Stable,Stable
mp-1199091.cif,-2.6305959224700928,-2.571589469909668,mp-1199091,0.0,Stable,Stable
mp-764478.cif,-2.218794107437134,-2.2059803009033203,mp-764478,0.08362336670730208,Stable,Stable
mp-850784.cif,-2.486555576324463,-2.4541103839874268,mp-850784,0.053343268823530465,Stable,Stable
mp-1195895.cif,-0.0687255933880806,-0.1200200691819191,mp-1195895,0.0,Stable,Stable
mp-850794.cif,-2.485898971557617,-2.449439525604248,mp-850794,0.05801395264706066,Stable,Stable
mp-1017057.cif,0.5704285502433777,0.5838582515716553,mp-1017057,0.6737857740625,Unstable,Unstable
mp-1195647.cif,-0.3574531376361847,-0.3398384153842926,mp-1195647,0.00808976585227672,Stable,Stable
mp-1078259.cif,-2.5812432765960693,-2.529754638671875,mp-1078259,0.003771963166665948,Stable,Stable
mp-778762.cif,-2.451576471328736,-2.4260730743408203,mp-778762,0.0772862623484869,Stable,Stable
mp-631580.cif,1.1190438270568848,0.8631545901298523,mp-631580,1.3443384020833289,Unstable,Unstable
mp-1196921.cif,-3.178797960281372,-3.100029468536377,mp-1196921,0.0,Stable,Stable
mp-768439.cif,-2.2099740505218506,-2.1732289791107178,mp-768439,0.17859550913043432,Stable,Stable
mp-759895.cif,-2.2952868938446045,-2.2621803283691406,mp-759895,0.06677819400568286,Stable,Stable
mp-2742434.cif,-1.0987931489944458,-1.0357427597045898,mp-2742434,0.0,Stable,Stable
mp-774994.cif,-2.325194835662842,-2.283087491989136,mp-774994,0.052597621590282806,Stable,Stable
mp-1192226.cif,-2.8636181354522705,-2.758793592453003,mp-1192226,0.0,Stable,Stable
mp-1191929.cif,-0.6098521947860718,-0.594368040561676,mp-1191929,0.0,Stable,Stable
mp-1223830.cif,-0.8936928510665894,-0.7863277196884155,mp-1223830,0.0,Stable,Stable
mp-30907.cif,-0.3061912655830383,-0.3531002402305603,mp-30907,0.004650330909088396,Stable,Stable
mp-1197116.cif,-2.40116810798645,-2.382833957672119,mp-1197116,0.006571504351854607,Stable,Stable
mp-1196022.cif,-0.2383548021316528,-0.2497722953557968,mp-1196022,0.023953708750004132,Stable,Stable
mp-1229254.cif,-1.8494426012039185,-1.8640141487121584,mp-1229254,0.02140880677263013,Stable,Stable
mp-1197581.cif,-2.2133233547210693,-2.174669027328491,mp-1197581,0.0,Stable,Stable
mp-558688.cif,-3.4053139686584477,-3.318065643310547,mp-558688,0.008282484144734426,Stable,Stable
mp-1222914.cif,-1.4498406648635864,-1.48024320602417,mp-1222914,0.01063853008928728,Stable,Stable
mp-1211607.cif,-3.1808559894561768,-3.120337009429932,mp-1211607,0.0031659916176476344,Stable,Stable
mp-1077278.cif,-0.1494568437337875,0.0047047319822013,mp-1077278,0.2156817829166684,Unstable,Stable
mp-1213062.cif,-0.6225942969322205,-0.6574615240097046,mp-1213062,0.0,Stable,Stable
mp-1211183.cif,-3.729774236679077,-3.635536193847656,mp-1211183,0.0,Stable,Stable
mp-10132.cif,-0.3728967010974884,-0.325224369764328,mp-10132,0.0,Stable,Stable
mp-21464.cif,-0.1735263764858245,-0.2273224741220474,mp-21464,0.008917875833336808,Stable,Stable
mp-1040099.cif,-2.993693590164185,-2.957106590270996,mp-1040099,0.06356783660156307,Stable,Stable
mp-1225873.cif,-2.898437261581421,-2.795974969863892,mp-1225873,0.15673926653549053,Stable,Stable
mp-1208860.cif,-3.293745756149292,-3.242091417312622,mp-1208860,0.007456980791682,Stable,Stable
mp-1031151.cif,-2.758249998092652,-2.7115631103515625,mp-1031151,0.25620747828125,Stable,Stable
mp-560471.cif,-2.304042100906372,-2.2554614543914795,mp-560471,0.0,Stable,Stable
mp-1210020.cif,-1.6945101022720337,-1.646923542022705,mp-1210020,0.0,Stable,Stable
mp-770921.cif,-2.113161325454712,-2.03859806060791,mp-770921,0.08847490510416645,Stable,Stable
mp-568985.cif,-0.986505091190338,-0.9335752129554749,mp-568985,0.0,Stable,Stable
mp-1206988.cif,-0.3415298163890838,-0.2695173323154449,mp-1206988,0.23062063333333072,Stable,Stable
mp-1203209.cif,-2.267775297164917,-2.264106750488281,mp-1203209,0.25751901664215726,Stable,Stable
mp-1096955.cif,-0.3031448125839233,-0.1930947005748748,mp-1096955,0.10249230115384478,Stable,Stable
mp-1195847.cif,-0.0954228118062019,-0.0498336628079414,mp-1195847,0.1425284760975627,Stable,Stable
mp-23256.cif,-0.6838673949241638,-0.5956293344497681,mp-23256,0.09947819928819346,Stable,Stable
mp-1200467.cif,-1.0178416967391968,-0.9850465655326844,mp-1200467,0.0,Stable,Stable
mp-1187784.cif,-2.1232926845550537,-2.2216217517852783,mp-1187784,0.9734987449791657,Stable,Stable
mp-779028.cif,-2.515993356704712,-2.4848175048828125,mp-779028,0.02742711239361828,Stable,Stable
mp-560899.cif,-2.3133256435394287,-2.2708773612976074,mp-560899,0.009811502500002511,Stable,Stable
mp-5401.cif,-3.2531659603118896,-3.20761775970459,mp-5401,0.0,Stable,Stable
mp-557962.cif,-1.5373857021331787,-1.5057733058929443,mp-557962,0.0008485134722171495,Stable,Stable
mp-1105397.cif,-0.3472462296485901,-0.3592551648616791,mp-1105397,0.01130982437500272,Stable,Stable
mp-18806.cif,-2.045554876327514,-1.9768816232681277,mp-18806,0.0,Stable,Stable
mp-1226123.cif,-0.0829771682620048,-0.1070643290877342,mp-1226123,0.0022815211029403315,Stable,Stable
mp-1218007.cif,-0.3466180264949798,-0.2745659947395324,mp-1218007,0.251008404062496,Stable,Stable
mp-10117.cif,-0.2727714478969574,-0.3072892129421234,mp-10117,0.0,Stable,Stable
mp-1216375.cif,-0.4967937171459198,-0.5096853971481323,mp-1216375,0.03584937249999953,Stable,Stable
mp-1217063.cif,-0.9100464582443236,-0.866003692150116,mp-1217063,0.062281982917612666,Stable,Stable
mp-1182599.cif,-1.010676383972168,-0.8865833878517151,mp-1182599,1.012943504791668,Stable,Stable
mp-30100.cif,-0.737678050994873,-0.6224246025085449,mp-30100,0.0,Stable,Stable
mp-1213808.cif,-0.5693418383598328,-0.5553621053695679,mp-1213808,0.021137638333331488,Stable,Stable
mp-22829.cif,-2.643471956253052,-2.6060307025909424,mp-22829,0.03317740144676051,Stable,Stable
mp-1104597.cif,-0.3218023777008056,-0.3226551115512848,mp-1104597,0.17741396500000217,Stable,Stable
mp-727023.cif,-2.611924409866333,-2.4876999855041504,mp-727023,0.14201349006410346,Stable,Stable
mp-28955.cif,-1.082234501838684,-1.0459834337234497,mp-28955,0.030753059821428508,Stable,Stable
mp-1188111.cif,-0.3483640551567077,-0.3861599862575531,mp-1188111,0.014185807750004109,Stable,Stable
mp-21608.cif,-0.3350916802883148,-0.3577586114406585,mp-21608,0.0,Stable,Stable
mp-1208640.cif,-2.7910192012786865,-2.779463052749634,mp-1208640,0.013011921166665275,Stable,Stable
mp-1201129.cif,-0.2306099534034729,-0.1780384927988052,mp-1201129,0.050985186460595244,Stable,Stable
mp-16084.cif,-0.2869275212287903,-0.3668515682220459,mp-16084,0.0,Stable,Stable
mp-1180894.cif,0.1076522544026374,0.1490021497011184,mp-1180894,0.6158759374999994,Unstable,Unstable
mp-1201786.cif,-2.4590561389923096,-2.4265153408050537,mp-1201786,0.0,Stable,Stable
mp-1199904.cif,-2.2226569652557373,-2.1784210205078125,mp-1199904,0.0919413762500021,Stable,Stable
mp-1190897.cif,-2.575125217437744,-2.55070424079895,mp-1190897,0.08850378717592733,Stable,Stable
mp-1104788.cif,-2.433703184127808,-2.366990327835083,mp-1104788,0.1587548599206361,Stable,Stable
mp-1194043.cif,-3.604461431503296,-3.567248582839966,mp-1194043,0.0,Stable,Stable
mp-1033263.cif,-2.457770347595215,-2.337574958801269,mp-1033263,0.5968420884166665,Stable,Stable
mp-778813.cif,-2.517199277877808,-2.48380970954895,mp-778813,0.028434935372341208,Stable,Stable
mp-1224960.cif,-0.2571877837181091,-0.2522804141044616,mp-1224960,0.05324871138889087,Stable,Stable
mp-780663.cif,-2.45041298866272,-2.4319896697998047,mp-780663,0.07136961959091082,Stable,Stable
mp-10140.cif,-0.4780813753604889,-0.4183802902698517,mp-10140,0.033947740222224354,Stable,Stable
mp-1211700.cif,-2.857564687728882,-2.800512313842773,mp-1211700,0.0,Stable,Stable
mp-1212438.cif,-0.2841852009296417,-0.1681943982839584,mp-1212438,0.020374634285708737,Stable,Stable
mp-766625.cif,-2.291260004043579,-2.257638454437256,mp-766625,0.07131988923295474,Stable,Stable
mp-759537.cif,-2.3019962310791016,-2.266953229904175,mp-759537,0.06200531082386451,Stable,Stable
mp-1201012.cif,-2.4033467769622803,-2.3404102325439453,mp-1201012,0.15375921663194525,Stable,Stable
mp-1080089.cif,-0.60666424036026,-0.6173558831214905,mp-1080089,0.0,Stable,Stable
mp-1196425.cif,-2.762215375900269,-2.684385061264038,mp-1196425,0.0035050427222218516,Stable,Stable
mp-849612.cif,-2.234502077102661,-2.2325527667999268,mp-849612,0.07537607976190941,Stable,Stable
mp-756664.cif,-2.395374298095703,-2.326425075531006,mp-756664,0.005715536111110531,Stable,Stable
mp-2898201.cif,-2.4760310649871826,-2.3877391815185547,mp-2898201,0.08475286395832171,Stable,Stable
mp-31064.cif,-0.2002910375595092,-0.2797171175479889,mp-31064,0.0,Stable,Stable
mp-1223473.cif,-0.473408043384552,-0.4515423774719238,mp-1223473,0.002754709999999605,Stable,Stable
mp-777293.cif,-2.4535982608795166,-2.425159215927124,mp-777293,0.078200095984851,Stable,Stable
mp-1103581.cif,-0.2394173741340637,-0.2597163319587707,mp-1103581,0.02866178000000552,Stable,Stable
mp-561055.cif,-2.8810479640960693,-2.80554747581482,mp-561055,0.0009588383024832225,Stable,Stable
mp-572670.cif,-0.7009981274604797,-0.7280437350273132,mp-572670,0.006751941810000162,Stable,Stable
mp-10964.cif,-0.570978045463562,-0.615347146987915,mp-10964,0.0,Stable,Stable
mp-1190085.cif,-0.5480559468269348,-0.5755860805511475,mp-1190085,0.0,Stable,Stable
mp-557856.cif,-1.7573020458221436,-1.9478176832199097,mp-557856,0.0,Stable,Stable
mp-11654.cif,-2.087218999862671,-2.0836048126220703,mp-11654,0.04684053277777789,Stable,Stable
mp-1008527.cif,-0.5620492100715637,-0.4238838255405426,mp-1008527,0.3234096225520844,Stable,Stable
mp-20278.cif,0.1767263114452362,0.4688543975353241,mp-20278,0.9073448400000004,Unstable,Unstable
mp-683990.cif,-2.816779851913452,-2.754812479019165,mp-683990,0.0,Stable,Stable
mp-1217026.cif,-0.7657264471054077,-0.7140219807624817,mp-1217026,0.06008259083333378,Stable,Stable
mp-752851.cif,-3.3069465160369877,-3.2474188804626465,mp-752851,0.014285273472220084,Stable,Stable
mp-1102943.cif,-2.96416449546814,-2.815587282180786,mp-1102943,0.0,Stable,Stable
mp-16432.cif,-3.327217102050781,-3.2447643280029297,mp-16432,0.0,Stable,Stable
mp-1200533.cif,-0.4835642576217651,-0.541484534740448,mp-1200533,0.0,Stable,Stable
mp-560751.cif,-2.5832724571228027,-2.571434497833252,mp-560751,0.010616779906243323,Stable,Stable
mp-1226151.cif,-2.9349582195281982,-2.868870973587036,mp-1226151,0.0,Stable,Stable
mp-778965.cif,-2.4857585430145264,-2.423181533813477,mp-778965,0.08427213279411916,Stable,Stable
mp-1213975.cif,-0.5197765827178955,-0.4606473445892334,mp-1213975,0.0,Stable,Stable
mp-1203229.cif,-1.2844936847686768,-1.2891533374786377,mp-1203229,0.46483366809782467,Stable,Stable
mp-1225334.cif,-0.3240852952003479,-0.3409722149372101,mp-1225334,0.19040303145833537,Stable,Stable
mp-1179440.cif,-0.1552203893661499,-0.1640482693910598,mp-1179440,0.15691705233333408,Stable,Stable
mp-984728.cif,0.2514149844646454,0.4810252785682678,mp-984728,0.562633180104168,Unstable,Unstable
mp-8872.cif,-2.281419038772583,-2.2459139823913574,mp-8872,0.0,Stable,Stable
mp-19131.cif,-2.5529630184173584,-2.514293909072876,mp-19131,0.0006656162500009444,Stable,Stable
mp-770749.cif,-2.9330008029937744,-2.87424373626709,mp-770749,0.08697478659090585,Stable,Stable
mp-1063752.cif,-0.2050619721412658,-0.2155048102140426,mp-1063752,0.21355027500000112,Stable,Stable
mp-1208857.cif,-3.8104310035705566,-3.754606246948242,mp-1208857,0.006883591785717513,Stable,Stable
mp-1201886.cif,-0.6640169024467468,-0.6329430341720581,mp-1201886,0.0,Stable,Stable
mp-1033319.cif,-2.334613084793091,-2.2226736545562744,mp-1033319,0.6242465603124989,Stable,Stable
mp-1105562.cif,-0.2459495365619659,-0.3244719803333282,mp-1105562,0.0,Stable,Stable
mp-556123.cif,-3.449656248092652,-3.339276075363159,mp-556123,0.006372859671044395,Stable,Stable
mp-558181.cif,-2.99682092666626,-2.911890745162964,mp-558181,0.0,Stable,Stable
mp-1095117.cif,-0.3658844530582428,-0.3597289621829986,mp-1095117,0.13122379600000045,Stable,Stable
mp-23087.cif,-2.93485689163208,-2.9163460731506348,mp-23087,0.011358889453133791,Stable,Stable
mp-510535.cif,-2.930651903152466,-2.829019784927368,mp-510535,0.005068083750000341,Stable,Stable
mp-775238.cif,-2.2990236282348637,-2.267712116241455,mp-775238,0.061246248778410006,Stable,Stable
mp-6760.cif,-3.387080192565918,-3.387306928634644,mp-6760,0.0,Stable,Stable
mp-1095058.cif,-0.3383543193340301,-0.2920926809310913,mp-1095058,0.14791434599999942,Stable,Stable
mp-1100876.cif,-3.5695745944976807,-3.445763349533081,mp-1100876,0.07649623866666744,Stable,Stable
mp-1191368.cif,-0.5478827953338623,-0.5315877795219421,mp-1191368,0.0,Stable,Stable
mp-1080104.cif,-0.7164450883865356,-0.7211349010467529,mp-1080104,0.0,Stable,Stable
mp-1018633.cif,-0.7886659502983093,-0.783250629901886,mp-1018633,0.16968911549999177,Stable,Stable
mp-22471.cif,-0.5313734412193298,-0.5286005139350891,mp-22471,0.0,Stable,Stable
mp-1198025.cif,-0.2163776457309723,-0.2312282472848892,mp-1198025,0.0,Stable,Stable
mp-1192421.cif,-2.3602185249328613,-2.287972927093506,mp-1192421,0.0006048655026313909,Stable,Stable
mp-1216004.cif,-0.5933889150619507,-0.5766886472702026,mp-1216004,0.02430711492283777,Stable,Stable
mp-559574.cif,-2.863708972930908,-2.813610792160034,mp-559574,0.0,Stable,Stable
mp-569726.cif,-0.2324567139148712,-0.1982413977384567,mp-569726,0.05158441036344996,Stable,Stable
mp-1407206.cif,-0.3807898461818695,-0.4016944169998169,mp-1407206,0.04688856583333223,Stable,Stable
mp-1190919.cif,-0.5539231300354004,-0.4412877559661865,mp-1190919,0.0,Stable,Stable
mp-1202698.cif,-0.3368991911411285,-0.3957012593746185,mp-1202698,0.0,Stable,Stable
mp-778857.cif,-2.473397970199585,-2.4377195835113525,mp-778857,0.06873312838889056,Stable,Stable
mp-1214606.cif,-3.186823844909668,-3.1167454719543457,mp-1214606,0.011135229717742945,Stable,Stable
mp-11219.cif,-0.8001434803009033,-0.7770810127258301,mp-11219,0.0,Stable,Stable
mp-1031931.cif,-2.6435649394989014,-2.586341381072998,mp-1031931,0.4773028193940947,Stable,Stable
mp-890764.cif,-0.5487403869628906,0.1078147515654563,mp-890764,2.61117412537879,Unstable,Stable
mp-1017263.cif,0.27653768658638,0.2225861102342605,mp-1017263,0.378931905078125,Unstable,Unstable
mp-768961.cif,-3.126927137374878,-3.038968801498413,mp-768961,0.0004887056111151367,Stable,Stable
mp-571352.cif,-0.4619977176189422,-0.3915168642997741,mp-571352,0.07931735776785587,Stable,Stable
mp-1034243.cif,-2.6065540313720703,-2.52518892288208,mp-1034243,0.38942598533724393,Stable,Stable
mp-24136.cif,-0.4807938635349273,-0.4252170920372009,mp-24136,0.0,Stable,Stable
mp-1202237.cif,-0.3450178503990173,-0.4204695224761963,mp-1202237,0.04322986011513397,Stable,Stable
mp-1215263.cif,-0.5346996784210205,-0.5097893476486206,mp-1215263,0.04571021453124757,Stable,Stable
mp-1019723.cif,-2.3828370571136475,-2.32715368270874,mp-1019723,0.006494925784306993,Stable,Stable
mp-756053.cif,-2.2902677059173584,-2.204786539077759,mp-756053,0.18122334750000135,Stable,Stable
mp-1224503.cif,-0.5027324557304382,-0.5351441502571106,mp-1224503,0.0005167390000018202,Stable,Stable
mp-1189895.cif,-0.5841590166091919,-0.4819079041481018,mp-1189895,0.0015612477777793288,Stable,Stable
mp-759585.cif,-2.2751619815826416,-2.250187397003174,mp-759585,0.07173139746364754,Stable,Stable
mp-1026603.cif,0.275780439376831,0.2230240404605865,mp-1026603,0.26756359544270647,Unstable,Unstable
mp-23131.cif,-1.7220507860183716,-1.707972526550293,mp-23131,0.07692378888889007,Stable,Stable
mp-1208153.cif,0.3705042600631714,0.5769709348678589,mp-1208153,1.047963926875001,Unstable,Unstable
mp-6486.cif,-3.1747305393218994,-3.121286630630493,mp-6486,0.0,Stable,Stable
mp-778403.cif,-2.4565269947052,-2.429618120193481,mp-778403,0.07374134931818332,Stable,Stable
mp-637.cif,-0.655178427696228,-0.6594823598861694,mp-637,0.0,Stable,Stable
mp-1191016.cif,-0.6414485573768616,-0.6396026611328125,mp-1191016,0.0,Stable,Stable
mp-760268.cif,-2.314136743545532,-2.286870241165161,mp-760268,0.04881502914583802,Stable,Stable
mp-6419.cif,-3.25489354133606,-3.1941447257995605,mp-6419,0.0010242946794907226,Stable,Stable
mp-1199892.cif,-2.701215982437134,-2.642318725585937,mp-1199892,0.004325527430518505,Stable,Stable
mp-29725.cif,-0.7903770208358765,-0.7654750347137451,mp-29725,0.0,Stable,Stable
mp-1019789.cif,-2.275526523590088,-2.2123618125915527,mp-1019789,0.0,Stable,Stable
mp-1199920.cif,-0.0990508422255516,-0.0210353247821331,mp-1199920,0.10983636340124292,Stable,Stable
mp-1187494.cif,-0.8943734169006348,-0.8391615152359009,mp-1187494,1.1100852811666657,Stable,Stable
mp-1197401.cif,-2.6225924491882324,-2.559081554412842,mp-1197401,0.0,Stable,Stable
mp-1225198.cif,-0.4411639869213104,-0.3745607137680053,mp-1225198,0.06480008035714313,Stable,Stable
mp-10044.cif,0.0194560289382934,-0.0416371151804924,mp-10044,0.08038976749999982,Stable,Unstable
mp-1199947.cif,-2.839196920394897,-2.8276000022888184,mp-1199947,0.08595892762502366,Stable,Stable
mp-20109.cif,-0.5324364304542542,-0.5974298715591431,mp-20109,0.0,Stable,Stable
mp-1216407.cif,-0.5614694952964783,-0.5333672761917114,mp-1216407,0.07339346277777636,Stable,Stable
mp-1103146.cif,-1.106722116470337,-1.1244806051254272,mp-1103146,0.0,Stable,Stable
mp-7337.cif,-3.284075975418091,-3.2343711853027344,mp-7337,0.010967771760430622,Stable,Stable
mp-1024989.cif,-0.5305782556533813,-0.4866546988487243,mp-1024989,0.06645190401515233,Stable,Stable
mp-569116.cif,-0.7558400630950928,-0.72468501329422,mp-569116,0.0,Stable,Stable
mp-1104594.cif,0.7694486379623413,0.4129000008106231,mp-1104594,0.7974495308333349,Unstable,Unstable
mp-1020643.cif,-2.712035655975342,-2.63800311088562,mp-1020643,0.0,Stable,Stable
mp-1104274.cif,-0.3829642534255981,-0.3349858522415161,mp-1104274,0.04026467573076875,Stable,Stable
mp-1209395.cif,-1.5831447839736938,-1.4806339740753174,mp-1209395,0.0,Stable,Stable
mp-1025068.cif,-0.6428442001342773,-0.7180019021034241,mp-1025068,0.01308953716665684,Stable,Stable
mp-561018.cif,-3.057399034500122,-3.0160489082336426,mp-561018,0.0,Stable,Stable
mp-865047.cif,-0.6014270186424255,-0.6077663898468018,mp-865047,0.0,Stable,Stable
mp-1026426.cif,0.5101819038391113,0.4282253682613373,mp-1026426,0.4639299417968754,Unstable,Unstable
mp-973877.cif,-2.193331003189087,-2.231474637985229,mp-973877,1.1269523429791644,Stable,Stable
mp-983230.cif,0.8407708406448364,0.7340981960296631,mp-983230,0.734098197083334,Unstable,Unstable
mp-3603.cif,-1.614862084388733,-1.5515596866607666,mp-3603,0.0,Stable,Stable
mp-6032.cif,-3.252074956893921,-3.2073564529418945,mp-6032,0.0,Stable,Stable
mp-613327.cif,-0.4834663569927215,-0.3766669929027557,mp-613327,0.05015344200000271,Stable,Stable
mp-6446.cif,-3.3739559650421143,-3.312299489974976,mp-6446,0.014896854047618646,Stable,Stable
mp-972380.cif,-0.618369460105896,-0.6626999974250793,mp-972380,0.0,Stable,Stable
mp-642871.cif,-2.942227840423584,-2.778098821640014,mp-642871,0.07311687167988623,Stable,Stable
mp-707151.cif,-1.6828542947769165,-1.7056783437728882,mp-707151,0.01832841931198903,Stable,Stable
mp-29954.cif,-1.861855387687683,-1.7900460958480835,mp-29954,0.0,Stable,Stable
mp-1145.cif,-1.1119489669799805,-1.099568009376526,mp-1145,0.0,Stable,Stable
mp-672322.cif,-0.6549682021141052,-0.6110867261886597,mp-672322,0.0,Stable,Stable
mp-2223622.cif,-2.7667558193206787,-2.721599817276001,mp-2223622,0.12200689776785723,Stable,Stable
mp-1020025.cif,-2.843249559402466,-2.772310733795166,mp-1020025,0.045089810277806563,Stable,Stable
mp-779023.cif,-2.4571895599365234,-2.4238157272338867,mp-779023,0.07954353272727488,Stable,Stable
mp-978496.cif,0.3681005537509918,0.2463018745183944,mp-978496,0.2816218045000003,Unstable,Unstable
mp-1202819.cif,-3.017369508743286,-2.950241804122925,mp-1202819,0.0,Stable,Stable
mp-1209703.cif,-0.309287279844284,-0.3365761637687683,mp-1209703,0.3845587634999985,Stable,Stable
mp-631540.cif,0.8925519585609436,0.7392054200172424,mp-631540,0.932724487881945,Unstable,Unstable
mp-3846.cif,-0.5875536203384399,-0.5776115655899048,mp-3846,0.14408425519999923,Stable,Stable
mp-753056.cif,-3.590739727020264,-3.467820167541504,mp-753056,0.08923376399999938,Stable,Stable
mp-531006.cif,-2.701920747756958,-2.651366233825684,mp-531006,0.10143650616170419,Stable,Stable
mp-764508.cif,-2.2877914905548096,-2.265856504440308,mp-764508,0.06310199241477399,Stable,Stable
mp-4073.cif,-0.4675875008106231,-0.508806586265564,mp-4073,0.0,Stable,Stable
mp-960.cif,-0.242335170507431,-0.292536199092865,mp-960,0.15610493166666828,Stable,Stable
mp-1016648.cif,0.5053709149360657,0.4238312840461731,mp-1016648,0.549390001875,Unstable,Unstable
mp-631549.cif,1.492480754852295,1.2317456007003784,mp-631549,2.045381313749999,Unstable,Unstable
mp-761255.cif,-2.2464301586151123,-2.2241053581237797,mp-761255,0.08382349785714815,Stable,Stable
mp-17672.cif,-3.0156610012054443,-2.944493532180786,mp-17672,0.0,Stable,Stable
mp-505489.cif,-2.2063724994659424,-2.049349546432495,mp-505489,0.0,Stable,Stable
mp-1204859.cif,-0.0459148213267326,-0.1396257132291793,mp-1204859,0.010427168825755118,Stable,Stable
mp-1060281.cif,-0.5443421602249146,-0.6074033379554749,mp-1060281,0.8055756825000007,Stable,Stable
mp-1102298.cif,-0.8782393932342529,-0.8314095735549927,mp-1102298,0.0,Stable,Stable
mp-1032694.cif,-2.544445276260376,-2.4548659324646,mp-1032694,0.42224222553340507,Stable,Stable
mp-1219077.cif,-0.3622377514839172,-0.3328129053115845,mp-1219077,0.17402284812500213,Stable,Stable
mp-1216398.cif,-0.7173336744308472,-0.6526933908462524,mp-1216398,0.0025949025000002734,Stable,Stable
mp-760461.cif,-3.665806531906128,-3.540390014648437,mp-760461,0.028761409000001237,Stable,Stable
mp-1207530.cif,-0.4059047400951385,-0.42570760846138,mp-1207530,0.0,Stable,Stable
mp-764547.cif,-2.300318956375122,-2.2680883407592773,mp-764547,0.060870171278410545,Stable,Stable
mp-24798.cif,-0.5693323612213135,-0.5060403943061829,mp-24798,0.08240276714285688,Stable,Stable
mp-542143.cif,-2.379528760910034,-2.327454805374145,mp-542143,0.0014655592463164169,Stable,Stable
mp-2617.cif,-0.2766489088535309,-0.259664386510849,mp-2617,0.008754007857142199,Stable,Stable
mp-571209.cif,-0.4530150592327118,-0.3656704425811767,mp-571209,0.02495004602941009,Stable,Stable
mp-1196077.cif,-0.7212057709693909,-0.7263126373291016,mp-1196077,0.18864719240123407,Stable,Stable
mp-761277.cif,-2.297407865524292,-2.264936685562134,mp-761277,0.06402162355113727,Stable,Stable
mp-766960.cif,-2.3667666912078857,-2.318369150161743,mp-766960,0.01514131679578945,Stable,Stable
mp-1203334.cif,-0.259479284286499,-0.3220102787017822,mp-1203334,0.08292474654761861,Stable,Stable
mp-1223681.cif,-0.4338012337684631,-0.325319230556488,mp-1223681,0.12692067948617147,Stable,Stable
mp-1228732.cif,0.1414943039417266,-0.0207878015935421,mp-1228732,0.45020519666666825,Stable,Unstable
mp-7559.cif,-0.4342608153820038,-0.4756236970424652,mp-7559,0.0,Stable,Stable
mp-2765.cif,0.3967124223709106,0.4444710612297058,mp-2765,0.8177980396875029,Unstable,Unstable
mp-781617.cif,-2.52343487739563,-2.477893590927124,mp-781617,0.033420162214293114,Stable,Stable
mp-764459.cif,-2.344329595565796,-2.30533218383789,mp-764459,0.03103694119566569,Stable,Stable
mp-571428.cif,-0.3274388015270233,-0.3779241740703583,mp-571428,0.0,Stable,Stable
mp-1226734.cif,-0.5885446071624756,-0.571254312992096,mp-1226734,0.0,Stable,Stable
mp-1228672.cif,-0.1678906977176666,-0.3736357390880584,mp-1228672,0.0,Stable,Stable
mp-12985.cif,-0.3686804473400116,-0.3263987898826599,mp-12985,0.05984807805555814,Stable,Stable
mp-1188616.cif,-0.4040234982967376,-0.4503818452358246,mp-1188616,3.041833333661259e-05,Stable,Stable
mp-1201949.cif,0.2976110875606537,0.2461738735437393,mp-1201949,0.32544114785564027,Unstable,Unstable
mp-556474.cif,-3.1654326915740967,-3.044116497039795,mp-556474,0.008752848035715743,Stable,Stable
mp-623787.cif,-2.890958070755005,-2.7953834533691406,mp-623787,0.0005399356451611936,Stable,Stable
mp-696656.cif,-2.084449291229248,-2.0669429302215576,mp-696656,0.0,Stable,Stable
mp-18024.cif,-0.2234301269054412,-0.1878157705068588,mp-18024,0.002711930357143899,Stable,Stable
mp-24799.cif,-0.573904812335968,-0.517865777015686,mp-24799,0.07881435499999956,Stable,Stable
mp-1217997.cif,-0.5801313519477844,-0.5079752802848816,mp-1217997,0.005786159366667931,Stable,Stable
mp-1182326.cif,-2.8345606327056885,-2.81296706199646,mp-1182326,0.06972475241900611,Stable,Stable
mp-768290.cif,-2.3050010204315186,-2.259660005569458,mp-768290,0.09088562437499981,Stable,Stable
mp-761256.cif,-2.25103497505188,-2.22414231300354,mp-761256,0.08378634404762408,Stable,Stable
mp-15709.cif,-0.4870356917381286,-0.5302177667617798,mp-15709,0.0,Stable,Stable
mp-560911.cif,-2.641451835632324,-2.643021583557129,mp-560911,0.0,Stable,Stable
mp-1197631.cif,-0.062378205358982,-0.0554825514554977,mp-1197631,0.026666843167568288,Stable,Stable
mp-1189650.cif,-2.584153175354004,-2.5773375034332275,mp-1189650,0.017246355250000178,Stable,Stable
mp-17823.cif,-0.586198627948761,-0.6727080941200256,mp-17823,0.0,Stable,Stable
mp-1027937.cif,0.2334010303020477,0.2054988294839859,mp-1027937,0.2641943607812496,Unstable,Unstable
mp-1222009.cif,-2.79151463508606,-2.7694320678710938,mp-1222009,0.0,Stable,Stable
mp-13252.cif,-2.711522340774536,-2.614625930786133,mp-13252,0.0,Stable,Stable
mp-558358.cif,-2.9993221759796143,-2.970921754837036,mp-558358,0.0,Stable,Stable
mp-1212149.cif,-3.32157826423645,-3.250490427017212,mp-1212149,0.007054460578125088,Stable,Stable
mp-1215922.cif,-0.8118655681610107,-0.7961446642875671,mp-1215922,0.07623186124999926,Stable,Stable
mp-1211036.cif,-0.721137285232544,-0.7580003142356873,mp-1211036,0.0,Stable,Stable
mp-1214604.cif,-1.8007946014404297,-1.6821246147155762,mp-1214604,0.5834143723275851,Stable,Stable
mp-3582.cif,-0.2132000923156738,-0.2285093367099762,mp-3582,0.0,Stable,Stable
mp-604486.cif,-0.32742440700531,-0.3876706063747406,mp-604486,0.11607510569443846,Stable,Stable
mp-1192144.cif,-1.5964890718460083,-1.573379397392273,mp-1192144,0.0,Stable,Stable
mp-559104.cif,-3.296306848526001,-3.187343120574951,mp-559104,0.012198551785713718,Stable,Stable
mp-556046.cif,-2.798664093017578,-2.769148588180542,mp-556046,0.0,Stable,Stable
mp-1199844.cif,-3.4799258708953857,-3.3836669921875,mp-1199844,0.0,Stable,Stable
mp-1104122.cif,-0.3409894108772278,-0.2862889468669891,mp-1104122,0.1521638876923106,Stable,Stable
mp-764651.cif,-2.28804349899292,-2.2668941020965576,mp-764651,0.06206428582386536,Stable,Stable
mp-1106184.cif,-0.2842639684677124,-0.2487954795360565,mp-1106184,0.006082310000000035,Stable,Stable
mp-1025041.cif,-0.5771724581718445,-0.5211092233657837,mp-1025041,0.10538948819443306,Stable,Stable
mp-764514.cif,-2.3018243312835693,-2.2613320350646973,mp-764514,0.0676263101420469,Stable,Stable
mp-1190456.cif,-0.0438450202345848,-0.1390846669673919,mp-1190456,0.010968215340906973,Stable,Stable
mp-1212596.cif,-3.101822853088379,-3.1426284313201904,mp-1212596,0.0,Stable,Stable
mp-1194177.cif,-0.3683574199676513,-0.3703833222389221,mp-1194177,0.0,Stable,Stable
mp-770506.cif,-2.5660126209259038,-2.539807081222534,mp-770506,0.05877124916666787,Stable,Stable
mp-1019569.cif,-2.681596279144287,-2.653662919998169,mp-1019569,0.0,Stable,Stable
mp-1077393.cif,-0.6864157915115356,-0.6948531866073608,mp-1077393,0.0,Stable,Stable
mp-1220544.cif,-0.0065735429525375,-0.0751793980598449,mp-1220544,0.005081508915441901,Stable,Stable
mp-13514.cif,-3.532864570617676,-3.4655487537384038,mp-13514,0.0013575665000011838,Stable,Stable
mp-570529.cif,-0.6511827111244202,-0.6185334920883179,mp-570529,0.0,Stable,Stable
mp-571655.cif,0.5656975507736206,0.7712547183036804,mp-571655,0.9018273573333344,Unstable,Unstable
mp-1192799.cif,-0.262503057718277,-0.308868408203125,mp-1192799,0.0,Stable,Stable
mp-6803.cif,-3.4200222492218018,-3.340008497238159,mp-6803,0.0008192816666667824,Stable,Stable
mp-1201361.cif,-0.331033706665039,-0.3593436479568481,mp-1201361,0.12635767460000125,Stable,Stable
mp-10854.cif,-0.5269869565963745,-0.5490916967391968,mp-10854,0.0,Stable,Stable
mp-1019717.cif,-2.094439744949341,-2.0171561241149902,mp-1019717,0.0,Stable,Stable
mp-863007.cif,-1.148494839668274,-1.243484377861023,mp-863007,0.43406940281882456,Stable,Stable
mp-999120.cif,-0.3085303902626037,-0.2534949779510498,mp-999120,0.16274782909090746,Stable,Stable
mp-1187853.cif,-0.5311533808708191,-0.537819504737854,mp-1187853,0.0007136691666715933,Stable,Stable
mp-1203485.cif,-2.6103694438934326,-2.550379753112793,mp-1203485,0.0,Stable,Stable
mp-579614.cif,-1.225607991218567,-1.2018862962722778,mp-579614,0.0,Stable,Stable
mp-14398.cif,-2.9226949214935303,-2.8374269008636475,mp-14398,0.0,Stable,Stable
mp-1192512.cif,-0.2965985536575317,-0.3185027837753296,mp-1192512,0.0,Stable,Stable
mp-15956.cif,-0.1192160993814468,-0.0289176814258098,mp-15956,0.41823388055555544,Stable,Stable
mp-941221.cif,-0.3925178945064544,-0.3460367321968078,mp-941221,0.05524178153138326,Stable,Stable
mp-1245193.cif,-0.7384740114212036,-0.5966624617576599,mp-1245193,0.8163165053999997,Stable,Stable
mp-974392.cif,-0.6377652287483215,-0.6400401592254639,mp-974392,0.0,Stable,Stable
mp-11610.cif,-0.1419256925582885,-0.1741120666265487,mp-11610,0.02838616088709678,Stable,Stable
mp-561525.cif,-2.595385789871216,-2.5258030891418457,mp-561525,0.0,Stable,Stable
mp-601223.cif,0.7545651197433472,1.1490241289138794,mp-601223,2.5620031374999996,Unstable,Unstable
mp-1210701.cif,-0.1530055999755859,-0.303413063287735,mp-1210701,0.09810739662202383,Stable,Stable
mp-1200581.cif,-2.286488771438598,-2.2818875312805176,mp-1200581,0.006536106190472957,Stable,Stable
mp-1215903.cif,-0.8601137399673462,-0.4958719611167907,mp-1215903,1.2104261887499987,Stable,Stable
mp-1208492.cif,-0.3856714963912964,-0.4077620804309845,mp-1208492,0.33676273349999963,Stable,Stable
mp-1182660.cif,-2.201603889465332,-2.149202585220337,mp-1182660,0.3063120674074078,Stable,Stable
mp-1078268.cif,-0.4111051559448242,-0.3744172155857086,mp-1078268,0.0,Stable,Stable
mp-1190704.cif,-0.357951670885086,-0.4067544639110565,mp-1190704,0.00521501816918768,Stable,Stable
mp-1224582.cif,-2.8865981101989746,-2.8054122924804688,mp-1224582,0.0023986893441403367,Stable,Stable
mp-1097791.cif,-0.1933338046073913,-0.2112424969673156,mp-1097791,0.3025680420454524,Stable,Stable
mp-1190680.cif,-0.305395096540451,-0.3455405235290527,mp-1190680,0.0039022957575758355,Stable,Stable
mp-1193912.cif,-0.3981163799762726,-0.4257740080356598,mp-1193912,0.0,Stable,Stable
mp-1220232.cif,-1.8191962242126465,-1.798831582069397,mp-1220232,0.05569618888887096,Stable,Stable
mp-1219983.cif,0.0194359868764877,-0.0483712553977966,mp-1219983,0.00862439993872588,Stable,Unstable
mp-978855.cif,1.0307248830795288,0.9310438632965088,mp-978855,0.9310438489583319,Unstable,Unstable
mp-1036083.cif,-2.7769155502319336,-2.7355828285217285,mp-1036083,0.2221258233917034,Stable,Stable
mp-1209651.cif,-0.5217928290367126,-0.5208248496055603,mp-1209651,0.0,Stable,Stable
mp-759371.cif,-2.286940813064575,-2.2602264881134038,mp-759371,0.06873202059659178,Stable,Stable
mp-30126.cif,-1.2634402513504028,-1.273449420928955,mp-30126,0.0,Stable,Stable
mp-973524.cif,-0.7369856834411621,-0.7824058532714844,mp-973524,0.0,Stable,Stable
mp-1195615.cif,-2.751335382461548,-2.711778402328491,mp-1195615,0.03507008045832194,Stable,Stable
mp-1106229.cif,-0.561265766620636,-0.5533790588378906,mp-1106229,0.0,Stable,Stable
mp-1183242.cif,-0.5350351333618164,-0.5565497279167175,mp-1183242,1.2187017236666664,Stable,Stable
mp-776581.cif,-2.4620134830474854,-2.431483268737793,mp-776581,0.0759702558823534,Stable,Stable
mp-1080829.cif,-0.643352210521698,-0.6677853465080261,mp-1080829,0.0,Stable,Stable
mp-1105098.cif,-0.3872953355312347,-0.3588840067386627,mp-1105098,0.14728032211538444,Stable,Stable
mp-7283.cif,-0.672238826751709,-0.6274805665016174,mp-7283,0.0,Stable,Stable
mp-1195284.cif,-0.1730212867259979,-0.3154273927211761,mp-1195284,0.0,Stable,Stable
mp-1197355.cif,-0.4430277645587921,-0.4769689440727234,mp-1197355,0.0,Stable,Stable
mp-1198121.cif,-1.3492388725280762,-1.1834596395492554,mp-1198121,0.8074685613636348,Stable,Stable
mp-1227102.cif,0.0157101675868034,-0.0887424424290657,mp-1227102,0.022102358017239254,Stable,Unstable
mp-14696.cif,-0.6975635886192322,-0.6856306791305542,mp-14696,0.0,Stable,Stable
mp-1019529.cif,-3.3385560512542725,-3.2479615211486816,mp-1019529,0.0,Stable,Stable
mp-696849.cif,-1.2631224393844604,-1.2891340255737305,mp-696849,0.32758142020832715,Stable,Stable
mp-1228665.cif,-0.1111219003796577,-0.0882113799452781,mp-1228665,0.13249513083333042,Stable,Stable
mp-1030985.cif,-2.4670522212982178,-2.4126510620117188,mp-1030985,0.6501226095965507,Stable,Stable
mp-558828.cif,-2.9665489196777344,-2.877565383911133,mp-558828,0.0,Stable,Stable
mp-768487.cif,-2.519822835922241,-2.453352689743042,mp-768487,0.10404033541666724,Stable,Stable
mp-1028436.cif,0.269750714302063,0.2002182304859161,mp-1028436,0.23740876093749996,Unstable,Unstable
mp-1213771.cif,-0.1798167824745178,-0.2015384286642074,mp-1213771,0.05617830659091183,Stable,Stable
mp-770825.cif,-2.477081537246704,-2.472730159759521,mp-770825,0.013018377083334975,Stable,Stable
mp-30105.cif,-0.7862778902053833,-0.8763530254364014,mp-30105,0.0,Stable,Stable
mp-1202742.cif,-3.594290971755981,-3.5291223526000977,mp-1202742,0.020745000664685875,Stable,Stable
mp-637575.cif,-0.3718960583209991,-0.3628772795200348,mp-637575,0.0,Stable,Stable
mp-12954.cif,-0.5666107535362244,-0.5922099351882935,mp-12954,0.0,Stable,Stable
mp-1189672.cif,-0.7277148962020874,-0.9115141034126282,mp-1189672,0.24751830277777565,Stable,Stable
mp-557364.cif,-3.0734691619873047,-2.8908069133758545,mp-557364,0.0,Stable,Stable
mp-772630.cif,-2.5929126739501958,-2.604614734649658,mp-772630,0.06408186312500419,Stable,Stable
mp-557467.cif,-2.812663555145264,-2.778116226196289,mp-557467,0.0,Stable,Stable
mp-1181701.cif,-1.0951942205429075,-0.8814816474914551,mp-1181701,0.7623228813480365,Stable,Stable
mp-7817.cif,-0.2522540092468261,-0.2594599723815918,mp-7817,0.0,Stable,Stable
mp-675926.cif,-0.3877200186252594,-0.4054574966430664,mp-675926,0.04312549166666635,Stable,Stable
mp-8000.cif,-2.896340847015381,-2.832876920700073,mp-8000,0.0,Stable,Stable
mp-1224283.cif,-0.9632376432418824,-0.8768410682678223,mp-1224283,0.0,Stable,Stable
mp-1034664.cif,-2.8014585971832275,-2.7340919971466064,mp-1034664,0.30802410716290574,Stable,Stable
mp-1222241.cif,-3.176459550857544,-3.1272666454315186,mp-1222241,0.012193285892835526,Stable,Stable
mp-22266.cif,-0.5264113545417786,-0.4899467825889587,mp-22266,0.0,Stable,Stable
mp-11183.cif,-3.251129150390625,-3.1583824157714844,mp-11183,0.0,Stable,Stable
mp-28786.cif,-0.2266881465911865,-0.350874662399292,mp-28786,0.0,Stable,Stable
mp-1020632.cif,-2.8692429065704346,-2.7812163829803467,mp-1020632,0.025289893302482547,Stable,Stable
mp-9244.cif,-0.3104551434516907,-0.3743080496788025,mp-9244,0.0,Stable,Stable
mp-768812.cif,-2.500886917114258,-2.4172048568725586,mp-768812,0.08023428805554289,Stable,Stable
mp-683922.cif,-2.86275315284729,-2.734203338623047,mp-683922,0.10577165606382977,Stable,Stable
mp-1017056.cif,0.5275691747665405,0.4986286461353302,mp-1017056,0.5885561828124999,Unstable,Unstable
mp-1227425.cif,-0.6683164238929749,-0.7182402014732361,mp-1227425,0.004932426071428964,Stable,Stable
mp-558455.cif,-2.442427396774292,-2.433157205581665,mp-558455,0.0,Stable,Stable
mp-1207921.cif,-0.21213960647583,-0.1682749688625335,mp-1207921,0.06831433625000294,Stable,Stable
mp-1102752.cif,-0.2764158546924591,-0.3073465824127197,mp-1102752,0.015668136217949602,Stable,Stable
mp-20787.cif,-0.4132428467273712,-0.3715626299381256,mp-20787,0.016383868750000197,Stable,Stable
mp-1226219.cif,-0.276242047548294,-0.2936521470546722,mp-1226219,0.09566120500000075,Stable,Stable
mp-1188251.cif,-0.2745147347450256,-0.3300886154174804,mp-1188251,0.0,Stable,Stable
mp-755783.cif,-2.899996042251587,-2.8828749656677246,mp-755783,0.0783434161363612,Stable,Stable
mp-768711.cif,-2.5191850662231445,-2.4365811347961426,mp-768711,0.05824081722221752,Stable,Stable
mp-1193129.cif,-0.3330795168876648,-0.3686681985855102,mp-1193129,0.0,Stable,Stable
mp-768521.cif,-2.4040427207946777,-2.3559718132019043,mp-768521,0.10483567047222486,Stable,Stable
mp-23612.cif,-2.796858072280884,-2.7355048656463623,mp-23612,0.024446260055523084,Stable,Stable
mp-21551.cif,-0.2187655568122863,-0.2500875890254974,mp-21551,0.0,Stable,Stable
mp-631528.cif,1.202753663063049,0.8959181308746338,mp-631528,1.5398544802604182,Unstable,Unstable
mp-1208351.cif,-0.5516557693481445,-0.5914924144744873,mp-1208351,0.000615412954545036,Stable,Stable
mp-1195933.cif,-0.1152321621775627,-0.2194197177886963,mp-1195933,0.10224138229187929,Stable,Stable
mp-1204611.cif,-3.4169762134552,-3.57144832611084,mp-1204611,0.03958833510417392,Stable,Stable
mp-1197108.cif,-0.2819831371307373,-0.3196486532688141,mp-1197108,0.002635782065213199,Stable,Stable
mp-1202733.cif,-2.3133819103240967,-2.2668588161468506,mp-1202733,0.0,Stable,Stable
mp-1193562.cif,-0.3311246037483215,-0.3402315080165863,mp-1193562,0.0,Stable,Stable
mp-510243.cif,-1.19721782207489,-1.2063419818878174,mp-510243,0.001777052900002296,Stable,Stable
mp-7229.cif,0.1780197322368621,0.0509240813553333,mp-7229,0.4354736101190504,Unstable,Unstable
mp-555279.cif,-0.6973211169242859,-0.8570007085800171,mp-555279,0.0014029152777768061,Stable,Stable
mp-1103637.cif,-0.8015154600143433,-0.6781301498413086,mp-1103637,0.0,Stable,Stable
mp-753471.cif,-2.100050449371338,-2.0502030849456787,mp-753471,0.10149821749999521,Stable,Stable
mp-685043.cif,-0.6346641182899475,-0.6094234585762024,mp-685043,0.008914843611110612,Stable,Stable
mp-1100160.cif,0.3920243084430694,0.3652619421482086,mp-1100160,0.4132507984374998,Unstable,Unstable
mp-1247247.cif,-0.4604954123497009,-0.4197343289852142,mp-1247247,0.15961527883620974,Stable,Stable
mp-1104251.cif,0.1907431781291961,0.2146670371294021,mp-1104251,0.2146670335000005,Unstable,Unstable
mp-1221661.cif,-0.2589867711067199,-0.29794442653656,mp-1221661,0.035679645833334384,Stable,Stable
mp-568748.cif,0.2430804073810577,0.0661107301712036,mp-568748,0.37360417499999965,Unstable,Unstable
mp-12315.cif,-3.5927422046661377,-3.524008512496948,mp-12315,0.0,Stable,Stable
mp-19495.cif,-2.9161226749420166,-2.869298458099365,mp-19495,0.03851992331291143,Stable,Stable
mp-1099217.cif,-2.735502004623413,-2.659592628479004,mp-1099217,0.32444590666666606,Stable,Stable
mp-764904.cif,-2.3094327449798584,-2.279457330703736,mp-764904,0.04950118218750177,Stable,Stable
mp-1198324.cif,-2.6973912715911865,-2.6397705078125,mp-1198324,0.0,Stable,Stable
mp-561177.cif,-3.445369005203247,-3.3383283615112305,mp-561177,0.006823297797611261,Stable,Stable
mp-554056.cif,-3.06777024269104,-3.00739860534668,mp-554056,0.01762928996325286,Stable,Stable
mp-759159.cif,-2.3150131702423096,-2.280618190765381,mp-759159,0.055067085145838135,Stable,Stable
mp-1182415.cif,-0.3544049859046936,-0.5447205305099487,mp-1182415,0.3845885801562492,Stable,Stable
mp-1217340.cif,-0.561220645904541,-0.5664364099502563,mp-1217340,0.014681677249996028,Stable,Stable
mp-1100399.cif,1.0439425706863403,0.8752871751785278,mp-1100399,1.4555748130555592,Unstable,Unstable
mp-973682.cif,-0.1567515432834625,-0.2134626358747482,mp-973682,0.017157454375000825,Stable,Stable
mp-1207931.cif,-2.453815221786499,-2.467808723449707,mp-1207931,0.01289415745370448,Stable,Stable
mp-1221854.cif,-0.0873884484171867,-0.1044908836483955,mp-1221854,0.08192940629310552,Stable,Stable
mp-1188734.cif,-0.4113308489322662,-0.4126497507095337,mp-1188734,0.0,Stable,Stable
mp-1103438.cif,-0.5634899735450745,-0.5662811994552612,mp-1103438,0.002454742500010987,Stable,Stable
mp-1246929.cif,-1.6962591409683228,-1.6924580335617063,mp-1246929,0.018225015000002287,Stable,Stable
mp-561186.cif,-3.4281673431396484,-3.350878953933716,mp-561186,0.0,Stable,Stable
mp-764528.cif,-2.3229124546051025,-2.2816483974456787,mp-764528,0.05403672136806037,Stable,Stable
mp-561157.cif,-3.435744047164917,-3.3564672470092773,mp-561157,0.020437793412696692,Stable,Stable
mp-1203749.cif,-0.004284493625164,-0.0864921063184738,mp-1203749,0.13208579812499988,Stable,Stable
mp-556531.cif,-3.0972230434417725,-3.061145067214966,mp-556531,0.005015607458330962,Stable,Stable
mp-1194745.cif,-2.3125760555267334,-2.2380385398864746,mp-1194745,0.11434774591463626,Stable,Stable
mp-1229225.cif,-0.2006808370351791,-0.1050903350114822,mp-1229225,0.25383371713999603,Stable,Stable
mp-1188234.cif,-0.0641090050339698,-0.2622104287147522,mp-1188234,0.02968815999999208,Stable,Stable
mp-1104448.cif,-2.5313408374786377,-2.4530351161956787,mp-1104448,0.015084422976190837,Stable,Stable
mp-1215947.cif,-0.4864809811115265,-0.5046864151954651,mp-1215947,0.026723232777781547,Stable,Stable
mp-505055.cif,-0.5211009979248047,-0.4903923273086548,mp-505055,0.0,Stable,Stable
mp-6575.cif,-3.112245321273804,-3.0509841442108154,mp-6575,0.0,Stable,Stable
mp-13151.cif,-1.30299973487854,-1.233803391456604,mp-13151,0.17917564625000004,Stable,Stable
mp-600191.cif,-0.2094299793243408,-0.1604257524013519,mp-600191,0.16723644784722236,Stable,Stable
mp-561514.cif,-3.0102407932281494,-2.9485578536987305,mp-561514,0.0,Stable,Stable
mp-1104546.cif,-0.4764868021011352,-0.486258864402771,mp-1104546,0.0,Stable,Stable
mp-759622.cif,-2.2901227474212646,-2.271073341369629,mp-759622,0.05788520127841057,Stable,Stable
mp-1216335.cif,-0.040753535926342,-0.108591116964817,mp-1216335,0.001971192794119503,Stable,Stable
mp-1246918.cif,-0.1945521235466003,-0.2924421429634094,mp-1246918,0.30748695142856874,Stable,Stable
mp-1017053.cif,0.4081535041332245,0.3331195414066314,mp-1017053,0.3811083815624998,Unstable,Unstable
mp-1202304.cif,-0.6196423768997192,-0.5945857167243958,mp-1202304,0.0,Stable,Stable
mp-1201604.cif,-1.807142972946167,-1.721707820892334,mp-1201604,0.1096971391071424,Stable,Stable
mp-1039849.cif,-3.006460905075073,-2.889059066772461,mp-1039849,0.08892448055769897,Stable,Stable
mp-1217964.cif,-0.5068823099136353,-0.4866416454315185,mp-1217964,0.006233564531250124,Stable,Stable
mp-1035090.cif,-2.898512125015259,-2.8333327770233154,mp-1035090,0.1697070166406256,Stable,Stable
mp-706631.cif,-2.568634033203125,-2.529860734939575,mp-706631,0.0,Stable,Stable
mp-1210659.cif,-2.9267282485961914,-2.8853392601013184,mp-1210659,0.013923482578132251,Stable,Stable
mp-1222229.cif,-0.1136969551444053,-0.1153497844934463,mp-1222229,0.0,Stable,Stable
mp-758885.cif,-2.556175470352173,-2.482896566390991,mp-758885,0.11188947277314476,Stable,Stable
mp-10061.cif,-0.6755648851394653,-0.6995722055435181,mp-10061,0.11476224599999796,Stable,Stable
mp-775976.cif,-2.1945817470550537,-2.1426842212677,mp-775976,0.10078045662036494,Stable,Stable
mp-571369.cif,-0.3996098935604095,-0.3337437510490417,mp-571369,0.0,Stable,Stable
mp-631525.cif,1.0909217596054075,0.8873090147972107,mp-631525,1.1096980614583316,Unstable,Unstable
mp-558534.cif,-3.4723918437957764,-3.3761627674102783,mp-558534,0.0,Stable,Stable
mp-768869.cif,-2.5761806964874268,-2.527545690536499,mp-768869,0.09742208499999983,Stable,Stable
mp-10114.cif,-0.5590866208076477,-0.585618793964386,mp-10114,0.0,Stable,Stable
mp-1022631.cif,0.3075175285339355,0.3091313242912292,mp-1022631,0.4265223721875002,Unstable,Unstable
mp-556740.cif,-2.995476007461548,-2.9106907844543457,mp-556740,0.0011999991269844301,Stable,Stable
mp-2647006.cif,-0.327626883983612,-0.2269870936870575,mp-2647006,0.04068618812500091,Stable,Stable
mp-10133.cif,-0.6173236966133118,-0.6134862899780273,mp-10133,0.0,Stable,Stable
mp-1207451.cif,-1.9329780340194704,-1.906651735305786,mp-1207451,0.07285284875000375,Stable,Stable
mp-10858.cif,-0.4295694231986999,-0.4216296970844269,mp-10858,0.028003398999999263,Stable,Stable
mp-10811.cif,-1.2759774923324585,-1.218603491783142,mp-10811,0.0,Stable,Stable
mp-680695.cif,-3.319291353225708,-3.251897096633911,mp-680695,0.09019327250000231,Stable,Stable
mp-1199979.cif,-0.1242692470550537,0.0854265913367271,mp-1199979,1.2591315637754974,Unstable,Stable
mp-1215223.cif,-0.7855342626571655,-0.7702125906944275,mp-1215223,0.04342858916666614,Stable,Stable
mp-1033841.cif,-2.703685522079468,-2.632121324539185,mp-1033841,0.355917380201614,Stable,Stable
mp-662570.cif,-3.6147828102111816,-3.515446186065674,mp-662570,0.02717049806817684,Stable,Stable
mp-8615.cif,-2.950990438461304,-2.954805850982666,mp-8615,0.0,Stable,Stable
mp-770344.cif,-2.768937826156616,-2.6649560928344727,mp-770344,0.068883836699559,Stable,Stable
mp-20524.cif,-0.755962073802948,-0.7670050263404846,mp-20524,0.027839907777774897,Stable,Stable
mp-766507.cif,-2.419989824295044,-2.3776159286499023,mp-766507,0.03132863781249906,Stable,Stable
mp-8056.cif,-3.176218032836914,-3.128601312637329,mp-8056,0.0,Stable,Stable
mp-510697.cif,-0.4048225283622741,-0.4340187013149261,mp-510697,0.0,Stable,Stable
mp-1203923.cif,-2.1988003253936768,-2.1275675296783447,mp-1203923,0.04240337273147876,Stable,Stable
mp-761265.cif,-2.2576496601104736,-2.226383686065674,mp-761265,0.08154497214286316,Stable,Stable
mp-1191981.cif,-0.6510326862335205,-0.6928440928459167,mp-1191981,0.0,Stable,Stable
mp-1200496.cif,-2.937025547027588,-2.9269919395446777,mp-1200496,0.12751402275000157,Stable,Stable
