material_raw,true_eform,pred_eform,material_id,e_hull,true_label,pred_label
mp-1181058,1.1641247272491455,1.186401128768921,mp-1181058,1.4698050560144962,Unstable,Unstable
mp-1216011,-0.1987543255090713,-0.1887879371643066,mp-1216011,0.12556332785714552,Stable,Stable
mp-989627,-0.5844531655311584,-0.5684599876403809,mp-989627,0.0,Stable,Stable
mp-1247468,-0.580650806427002,-0.5560810565948486,mp-1247468,0.20454873912499938,Stable,Stable
mp-1017577,-1.0985180139541626,-1.027221441268921,mp-1017577,0.0,Stable,Stable
mp-610992,0.0688901990652084,0.147179365158081,mp-610992,0.23827584525510037,Unstable,Unstable
mp-557537,-0.7510933876037598,-0.7055283188819885,mp-557537,0.10429983140528076,Stable,Stable
mp-1246963,-0.9753748774528505,-1.0775432586669922,mp-1246963,0.24388778488888896,Stable,Stable
mp-28202,-1.3763610124588013,-1.4347645044326782,mp-28202,0.0,Stable,Stable
mp-1247510,0.33853679895401,0.2971360683441162,mp-1247510,0.4076725443681326,Unstable,Unstable
mp-739866,1.5201202630996704,1.4027612209320068,mp-739866,1.932321686979165,Unstable,Unstable
mp-1200969,-2.025612592697144,-1.9979068040847776,mp-1200969,0.0,Stable,Stable
mp-1194181,-0.8228248953819275,-0.9129813313484192,mp-1194181,0.0094726375000036,Stable,Stable
mp-1190987,-0.2289833426475525,-0.1794335842132568,mp-1190987,0.5306013453030287,Stable,Stable
mp-1237814,-0.981801211833954,-0.990638792514801,mp-1237814,1.2204737640000038,Stable,Stable
mp-1246960,-1.159891963005066,-1.2088909149169922,mp-1246960,0.1548830966666621,Stable,Stable
mp-680180,-0.2839745879173279,-0.2314006090164184,mp-680180,0.07126285582031322,Stable,Stable
mp-760007,-3.106226682662964,-3.103767871856689,mp-760007,0.06164012906249994,Stable,Stable
mp-643432,-0.345091700553894,-0.2456340789794922,mp-643432,0.0038271875000006617,Stable,Stable
mp-1218874,-0.7355192303657532,-0.70878666639328,mp-1218874,0.0,Stable,Stable
mp-1205168,-1.115309476852417,-1.111961007118225,mp-1205168,0.00960361797619047,Stable,Stable
mp-731726,0.3285811245441437,0.345691442489624,mp-731726,1.4596275493589772,Unstable,Unstable
mp-989641,-0.5874646306037903,-0.4208039045333862,mp-989641,0.024898527000008386,Stable,Stable
mp-1014379,-0.5342777371406555,-0.6121375560760498,mp-1014379,0.10788240642856906,Stable,Stable
mp-1247493,-0.2516596913337707,-0.1804263591766357,mp-1247493,0.07362110664800614,Stable,Stable
mp-1210403,-1.3015539646148682,-1.54428231716156,mp-1210403,0.7626097727678545,Stable,Stable
mp-1233552,-0.8079392313957214,-0.6684989929199219,mp-1233552,0.07101376168103446,Stable,Stable
mp-1181831,-0.7167003154754639,-0.409801721572876,mp-1181831,0.3794874209930885,Stable,Stable
mp-1226927,-1.1276568174362185,-1.147895336151123,mp-1226927,0.03645349819444377,Stable,Stable
mp-1104571,-1.097209095954895,-1.0002000331878662,mp-1104571,0.10392535866667085,Stable,Stable
mp-1247506,0.0711882710456848,0.0500786304473876,mp-1247506,0.27284861850000297,Unstable,Unstable
mp-1245846,-0.6201799511909485,-0.7193117141723633,mp-1245846,0.3567972453703687,Stable,Stable
mp-1219906,1.2400600910186768,1.2603187561035156,mp-1219906,1.4792437820454536,Unstable,Unstable
mp-1192120,-0.6732664108276367,-0.678068995475769,mp-1192120,1.807145392380951,Stable,Stable
mp-1245920,-0.0067994385026395,0.0747618675231933,mp-1245920,0.20265243156249824,Stable,Unstable
mp-1246728,-0.0736299380660057,0.172128677368164,mp-1246728,0.29165911760416563,Stable,Unstable
mp-569078,-0.2455125451087951,-0.1284488439559936,mp-569078,0.11369103147822024,Stable,Stable
mp-1190169,0.1162085980176925,0.1321159601211547,mp-1190169,0.2986771235227277,Unstable,Unstable
mp-1196610,0.710246205329895,0.549870491027832,mp-1196610,0.9328347897222233,Unstable,Unstable
mp-1078956,2.287606000900269,2.3109192848205566,mp-1078956,2.88502332920139,Unstable,Unstable
mp-20374,-2.497832775115967,-2.471930742263794,mp-20374,0.0,Stable,Stable
mp-1223372,-1.295902132987976,-1.1411656141281128,mp-1223372,0.09060177535713887,Stable,Stable
mp-1246017,-0.3763647079467773,-0.3358066082000732,mp-1246017,0.18741297499999998,Stable,Stable
mp-623837,0.5109180808067322,0.3797647953033447,mp-623837,0.5109181082142857,Unstable,Unstable
mp-1222900,-3.0629169940948486,-3.0648927688598637,mp-1222900,0.1255613331874983,Stable,Stable
mp-1246427,-1.2549688816070557,-1.299238920211792,mp-1246427,0.19312234305555442,Stable,Stable
mp-570568,-0.9381617903709412,-1.0072158575057983,mp-570568,0.0,Stable,Stable
mp-752580,-1.256175518035889,-1.2232142686843872,mp-752580,0.01165747026041597,Stable,Stable
mp-1233956,-2.305071353912353,-2.498887300491333,mp-1233956,0.3311145717857098,Stable,Stable
mp-672348,-0.1491709947586059,-0.0695027112960815,mp-672348,0.11729980009722496,Stable,Stable
mp-754629,-0.36194908618927,-0.2976551055908203,mp-754629,0.10247169111110921,Stable,Stable
mp-1246936,-1.212035059928894,-1.2315304279327393,mp-1246936,0.10273991854166198,Stable,Stable
mp-1245964,-0.7749544978141785,-0.7083131670951843,mp-1245964,0.06102915478106219,Stable,Stable
mp-1246119,0.1893247961997985,0.3453812599182129,mp-1246119,0.18932479937499913,Unstable,Unstable
mp-1245755,-0.1198678463697433,-0.0124403238296508,mp-1245755,0.3827514909814811,Stable,Stable
mp-1029504,-0.932142436504364,-0.8239304423332214,mp-1029504,0.0,Stable,Stable
mp-28969,-2.3641610145568848,-2.4563522338867188,mp-28969,0.0,Stable,Stable
mp-1190109,-1.3785276412963867,-1.3977457284927368,mp-1190109,0.04361100300000054,Stable,Stable
mp-1205986,0.1591411530971527,-0.0331200361251831,mp-1205986,0.159141146562499,Unstable,Stable
mp-1227833,-0.6108217835426331,-0.540996789932251,mp-1227833,0.6066584381018583,Stable,Stable
mp-759288,-1.0974375009536743,-1.019934892654419,mp-759288,0.12468587733333258,Stable,Stable
mp-1208258,-0.327398806810379,-0.3088535070419311,mp-1208258,1.2155652561666637,Stable,Stable
mp-1192074,-0.7056724429130554,-0.4486004114151001,mp-1192074,0.5659116815909098,Stable,Stable
mp-722290,-0.8784950375556946,-0.9808388352394104,mp-722290,0.6284224128869047,Stable,Stable
mp-2032711,-0.5721644163131714,-0.3504689931869507,mp-2032711,0.0,Stable,Stable
mp-1245951,-1.2242873907089231,-1.0994563102722168,mp-1245951,0.32055306833333397,Stable,Stable
mp-1232897,-0.6722666025161743,-0.6724931001663208,mp-1232897,0.07692022500000029,Stable,Stable
mp-697666,-1.0042904615402222,-0.8559625148773193,mp-697666,0.13803747871457617,Stable,Stable
mp-1029368,-1.1171927452087402,-1.1480194330215454,mp-1029368,0.0,Stable,Stable
mp-1019895,-2.8122236728668213,-2.812047481536865,mp-1019895,0.11475071550925797,Stable,Stable
mp-776314,-2.332184314727783,-2.4240880012512207,mp-776314,0.1318653537500012,Stable,Stable
mp-1246442,-0.9325492978096008,-0.9559342861175536,mp-1246442,0.0782344471428571,Stable,Stable
mp-676,-0.2333580255508422,0.039799690246582,mp-676,0.04061298999999963,Stable,Unstable
mp-626542,-0.0753171071410179,0.6528341770172119,mp-626542,0.8769928056666663,Stable,Unstable
mp-669471,-0.1961054652929306,-0.0573683977127075,mp-669471,0.2633265552272732,Stable,Stable
mp-1245069,0.0104100694879889,0.2962274551391601,mp-1245069,0.6804594765000012,Unstable,Unstable
mp-1064119,1.135708928108215,1.2030808925628662,mp-1064119,1.4636171173333334,Unstable,Unstable
mp-1104300,0.3020294606685638,0.3327350616455078,mp-1104300,1.3742801975000019,Unstable,Unstable
mp-1245410,-0.6971487998962402,-0.7043114900588989,mp-1245410,0.04628759852419151,Stable,Stable
mp-643754,-0.5216136574745178,-0.337138295173645,mp-643754,0.14042582124999914,Stable,Stable
mp-6574,-2.511802911758423,-2.479786157608032,mp-6574,0.0,Stable,Stable
mp-778905,-3.0549445152282715,-3.108396291732788,mp-778905,0.08159002404255133,Stable,Stable
mp-1976674,-1.257678508758545,-1.292466402053833,mp-1976674,0.0,Stable,Stable
mp-13150,-1.412926197052002,-1.328148603439331,mp-13150,5.280250000083697e-05,Stable,Stable
mp-754353,-1.8003902435302734,-1.5701186656951904,mp-754353,0.051992941071429044,Stable,Stable
mp-730273,1.5965734720230105,1.7827231884002686,mp-730273,1.6634022699999962,Unstable,Unstable
mp-1221211,-1.6388779878616333,-1.6320744752883911,mp-1221211,0.1631625621249997,Stable,Stable
mp-1246459,-0.6275941133499146,-0.8003457188606262,mp-1246459,0.28411152349999824,Stable,Stable
mp-1191677,1.1671547889709473,1.191697359085083,mp-1191677,1.7366864512121216,Unstable,Unstable
mp-1194559,0.8537747263908386,0.7415599822998047,mp-1194559,1.4641799052040794,Unstable,Unstable
mp-567650,0.0202106852084398,0.1047197580337524,mp-567650,0.18931916300000218,Unstable,Unstable
mp-1029520,-0.8557341694831848,-0.8900229334831238,mp-1029520,0.0,Stable,Stable
mp-1070456,-1.1640393733978271,-1.347846269607544,mp-1070456,0.05331346850000074,Stable,Stable
mp-1080538,0.8801625967025757,1.008608102798462,mp-1080538,1.5701385138888897,Unstable,Unstable
mp-1245438,-0.9765377640724182,-0.874813437461853,mp-1245438,0.18277186071428808,Stable,Stable
mp-558401,-1.6330794095993042,-1.6340805292129517,mp-558401,0.08096734886363599,Stable,Stable
mp-1247352,-0.1930634528398513,-0.5280170440673828,mp-1247352,0.3451783439351841,Stable,Stable
mp-1179882,-0.0431661717593669,-0.1186205148696899,mp-1179882,0.24566404781609208,Stable,Stable
mp-1014287,2.8213675022125244,2.6118054389953613,mp-1014287,2.821367385624998,Unstable,Unstable
mp-727063,1.1553465127944946,1.0385591983795166,mp-727063,1.2933159365,Unstable,Unstable
mp-1246518,-0.1992549002170562,-0.0478686094284057,mp-1246518,0.13959400265624922,Stable,Stable
mp-1197888,0.4205345511436462,0.749107837677002,mp-1197888,1.0237919072916672,Unstable,Unstable
mp-1246122,-0.5358176231384277,-0.4456429481506347,mp-1246122,0.23705545357143265,Stable,Stable
mp-1229178,-2.0747148990631104,-1.8521887063980105,mp-1229178,0.6006266763888917,Stable,Stable
mp-1246546,-0.8399322032928467,-0.9513595104217528,mp-1246546,0.3871834758333357,Stable,Stable
mp-1246232,-0.0173750836402177,-0.0280854701995849,mp-1246232,0.46489027599999844,Stable,Stable
mp-1078335,-1.3681023120880127,-1.2296688556671145,mp-1078335,0.0,Stable,Stable
mp-1245987,-0.1365146487951278,-0.2328734397888183,mp-1245987,0.17748299735632145,Stable,Stable
mp-1246686,-0.021367946639657,-0.0458457469940185,mp-1246686,0.47892588124999946,Stable,Stable
mp-1222157,-2.692343235015869,-2.587085485458374,mp-1222157,0.35500466027777744,Stable,Stable
mp-1247257,0.34791100025177,0.3792617321014404,mp-1247257,0.3707135798055532,Unstable,Unstable
mp-1193962,-0.5216232538223267,-0.2676538228988647,mp-1193962,0.47753083732143065,Stable,Stable
mp-1224383,-1.5890352725982666,-1.619865655899048,mp-1224383,0.0943917080000034,Stable,Stable
mp-1029269,-0.273351639509201,-0.3156814575195312,mp-1029269,0.11717665833333424,Stable,Stable
mp-1227146,-2.503536462783813,-2.59845232963562,mp-1227146,0.15548843256159905,Stable,Stable
mp-1192022,1.207317352294922,1.0677752494812012,mp-1192022,1.6458207941666667,Unstable,Unstable
mp-667338,0.4187394082546234,0.4265403747558594,mp-667338,0.10931083119047358,Unstable,Unstable
mp-10736,-0.4003650844097137,-0.3053352832794189,mp-10736,0.0,Stable,Stable
mp-1204426,-2.4978673458099365,-2.5246081352233887,mp-1204426,0.02679399466665977,Stable,Stable
mp-776271,-2.254939556121826,-2.3027491569519043,mp-776271,0.2090220611666691,Stable,Stable
mp-1201305,1.3296669721603394,1.618234634399414,mp-1201305,1.6453105488888875,Unstable,Unstable
mp-1247390,-0.5594063997268677,-0.4323763847351074,mp-1247390,0.052585553666668616,Stable,Stable
mp-13590,-0.1587266772985458,-0.2017006874084472,mp-13590,0.3406379002499982,Stable,Stable
mp-568172,-0.9217641949653624,-0.9202491044998168,mp-568172,0.037956494749998626,Stable,Stable
mp-1084767,-1.2439080476760864,-1.3268314599990845,mp-1084767,0.0,Stable,Stable
mp-1246031,-0.1750508546829223,-0.1157913208007812,mp-1246031,0.21754890927083181,Stable,Stable
mp-1190909,-1.4544717073440552,-1.4972736835479736,mp-1190909,0.6088008945833341,Stable,Stable
mp-1246306,-0.2845057845115661,-0.3695814609527588,mp-1246306,0.2646486612962988,Stable,Stable
mp-1245586,-0.5030282735824585,-0.494423508644104,mp-1245586,0.45579950305555705,Stable,Stable
mp-1205276,0.0758411362767219,0.2985849380493164,mp-1205276,0.735803044583335,Unstable,Unstable
mp-1446433,-0.8456094861030579,-0.923402726650238,mp-1446433,0.006951142999998439,Stable,Stable
mp-1105968,-0.3063106536865234,-0.1934881210327148,mp-1105968,0.04693410062500014,Stable,Stable
mp-1222494,0.0327992364764213,0.1110153198242187,mp-1222494,0.4837803593749994,Unstable,Unstable
mp-672200,-0.2574683427810669,-0.2228614091873169,mp-672200,0.1226447312500012,Stable,Stable
mp-676368,-1.1788941621780396,-1.134873867034912,mp-676368,0.17575497769230797,Stable,Stable
mp-772397,-1.9453142881393437,-1.8109726905822756,mp-772397,0.08295723061983651,Stable,Stable
mp-870,0.3105548322200775,0.375154972076416,mp-870,0.31055484468750194,Unstable,Unstable
mp-989581,-0.9291442036628724,-1.0031163692474363,mp-989581,0.0,Stable,Stable
mp-557181,-1.382895827293396,-1.4706259965896606,mp-557181,0.028810863125000807,Stable,Stable
mp-1218762,-0.5228480100631714,-0.5599747896194458,mp-1218762,0.0,Stable,Stable
mp-1223753,-0.1493477374315261,0.1623961925506591,mp-1223753,0.0,Stable,Unstable
mp-1204637,-0.0432574227452278,0.1720103025436401,mp-1204637,0.7282306965789491,Stable,Unstable
mp-734137,-0.5570850968360901,-0.7188836932182312,mp-734137,0.34771584729166527,Stable,Stable
mp-1245747,-0.1979109346866607,-0.2778090238571167,mp-1245747,0.2487886666666661,Stable,Stable
mp-1096888,-0.0566432811319828,-0.153987169265747,mp-1096888,0.44281459666666834,Stable,Stable
mp-1245996,-0.3701378405094147,-0.3531570434570312,mp-1245996,0.2605855608333343,Stable,Stable
mp-1247533,0.4366151690483093,0.5104467868804932,mp-1247533,0.4308224925000026,Unstable,Unstable
mp-1246333,-0.5223193764686584,-0.4472713470458984,mp-1246333,0.13209957850000364,Stable,Stable
mp-675301,-0.2063846737146377,-0.1223222017288208,mp-675301,0.8003222999999995,Stable,Stable
mp-1200557,-1.4904431104660034,-1.3144328594207764,mp-1200557,0.0,Stable,Stable
mp-1189095,-0.6003492474555969,-0.869541585445404,mp-1189095,0.7092230643888895,Stable,Stable
mp-1245412,0.1745994985103607,0.172042965888977,mp-1245412,0.3909723341666673,Unstable,Unstable
mp-8306,-0.7116533517837524,-0.6030551195144653,mp-8306,0.0,Stable,Stable
mp-3346732,-0.8814435005187988,-0.877154529094696,mp-3346732,0.023944358799999677,Stable,Stable
mp-1245506,0.1507872492074966,0.1594343185424804,mp-1245506,0.34532606333333327,Unstable,Unstable
mp-1173578,-0.9041058421134948,-1.175079107284546,mp-1173578,0.3086587689454454,Stable,Stable
mp-560637,-0.1754643768072128,-0.0374664068222045,mp-560637,0.2950018596666695,Stable,Stable
mp-29964,-1.676596760749817,-1.699642777442932,mp-29964,0.0,Stable,Stable
mp-1247248,0.0647799670696258,0.0181424617767334,mp-1247248,0.28252168777777875,Unstable,Unstable
mp-1245672,-0.0806658342480659,0.0721493959426879,mp-1245672,0.12148522618182156,Stable,Unstable
mp-1103281,-0.3836935758590698,-0.2248564958572387,mp-1103281,0.1638139883333345,Stable,Stable
mp-570848,0.3045751452445984,0.2429829835891723,mp-570848,0.30457515562499893,Unstable,Unstable
mp-775929,-2.855776071548462,-2.9055652618408203,mp-775929,0.12174463882727515,Stable,Stable
mp-1233979,-2.201922416687012,-2.1895017623901367,mp-1233979,0.38813792142857473,Stable,Stable
mp-1214882,0.9506459832191468,1.022320032119751,mp-1214882,1.1206259817500013,Unstable,Unstable
mp-1065394,-0.5323770046234131,-0.4985541105270386,mp-1065394,0.013843436249999286,Stable,Stable
mp-729204,-0.4736998379230499,-0.4447399377822876,mp-729204,0.9681760826973651,Stable,Stable
mp-634429,-0.742986798286438,-0.7552118897438049,mp-634429,0.22910399038888585,Stable,Stable
mp-776331,-2.206670045852661,-2.270017147064209,mp-776331,0.18659067541666552,Stable,Stable
mp-743715,-1.162486910820007,-1.0818936824798584,mp-743715,0.3875220543128659,Stable,Stable
mp-1246718,-0.6226498484611511,-0.4623886346817016,mp-1246718,0.2501789758333324,Stable,Stable
mp-1178261,-1.7480610609054563,-1.9069591760635376,mp-1178261,0.11162954214285481,Stable,Stable
mp-1009831,-0.5424264669418335,-0.6640353202819824,mp-1009831,0.8162796533333321,Stable,Stable
mp-1204481,-0.6246059536933899,-0.6238542795181274,mp-1204481,1.1816200619230601,Stable,Stable
mp-752446,-1.400059461593628,-1.169139385223389,mp-752446,0.021033902000000104,Stable,Stable
mp-680008,-1.023130178451538,-0.8807400465011597,mp-680008,0.297092091949275,Stable,Stable
mp-724876,-1.3582582473754885,-1.070204496383667,mp-724876,0.5891734308333376,Stable,Stable
mp-1335659,1.7121378183364868,0.9140081405639648,mp-1335659,2.70456667,Unstable,Unstable
mp-1201090,-0.2627897560596466,-0.1842098236083984,mp-1201090,0.041847390477443014,Stable,Stable
mp-1246920,0.2936561405658722,0.3518903255462646,mp-1246920,0.29365613683333436,Unstable,Unstable
mp-1014993,-0.2026992738246917,0.0797314643859863,mp-1014993,0.29675860416666744,Stable,Unstable
mp-780722,-2.95809268951416,-3.3265771865844727,mp-780722,0.14417769035256178,Stable,Stable
mp-1103827,0.4689728915691376,0.4315454959869385,mp-1103827,1.3876881964285728,Unstable,Unstable
mp-1198000,-1.2541797161102295,-1.1338064670562744,mp-1198000,0.05342350450833333,Stable,Stable
mp-10247,-1.414389729499817,-1.2351953983306885,mp-10247,0.04144808854169213,Stable,Stable
mp-1216865,-1.3115330934524536,-1.299736499786377,mp-1216865,0.03439390499999995,Stable,Stable
mp-726225,-0.3726511895656585,-0.383388876914978,mp-726225,1.3696879940624997,Stable,Stable
mp-13098,-1.0635793209075928,-0.892901599407196,mp-13098,0.9360380049999986,Stable,Stable
mp-1208194,-1.024552345275879,-1.0133719444274902,mp-1208194,1.3416222221874996,Stable,Stable
mp-1206402,-0.1704989820718765,0.0148661136627197,mp-1206402,0.10799451524999526,Stable,Unstable
mp-1204235,-0.5163586735725403,-0.4887152910232544,mp-1204235,0.9857142844882985,Stable,Stable
mp-1209862,-1.5777606964111328,-1.6288120746612549,mp-1209862,0.6743559412500026,Stable,Stable
mp-1213527,-0.7004780173301697,-0.4792217016220093,mp-1213527,0.2890358178947361,Stable,Stable
mp-1102114,-0.3790428936481476,-0.6766611337661743,mp-1102114,0.7647210297222244,Stable,Stable
mp-1245933,-0.6247789263725281,-0.6707148551940918,mp-1245933,0.15655246642857268,Stable,Stable
mp-1246234,-0.8001024723052979,-0.9838831424713136,mp-1246234,0.28300725041666475,Stable,Stable
mp-1199129,-0.9442922472953796,-0.7928292155265808,mp-1199129,0.3545288113990628,Stable,Stable
mp-1245707,0.0556646026670932,0.2404298782348632,mp-1245707,0.41112867119047625,Unstable,Unstable
mp-1192890,-2.0472121238708496,-2.1544461250305176,mp-1192890,0.7857571269166694,Stable,Stable
mp-1193403,-0.4793463349342346,-0.494835615158081,mp-1193403,0.6798185341346166,Stable,Stable
mp-1199487,-0.5750865340232849,-0.2517609596252441,mp-1199487,0.0,Stable,Stable
mp-1020107,-1.3474433422088623,-1.3176531791687012,mp-1020107,0.01282212999999821,Stable,Stable
mp-707274,-0.9070630073547364,-0.8096537590026855,mp-707274,0.1944709083007803,Stable,Stable
mp-1245456,0.1618322730064392,0.1816321611404419,mp-1245456,0.2741778530729171,Unstable,Unstable
mp-1208477,2.2114005088806152,-0.113518476486206,mp-1208477,2.410437877142858,Unstable,Stable
mp-1246589,0.1370922476053238,0.3196456432342529,mp-1246589,0.13709225451923146,Unstable,Unstable
mp-1212814,-2.024801254272461,-1.8264702558517456,mp-1212814,0.42021903576923325,Stable,Stable
mp-720295,-1.3977370262145996,-1.3283648490905762,mp-720295,0.18784234534722533,Stable,Stable
mp-1225363,-0.2712298631668091,-0.1264688968658447,mp-1225363,0.2532185078125,Stable,Stable
mp-1228638,-0.6677722930908203,-0.941309690475464,mp-1228638,0.46261087549999935,Stable,Stable
mp-3062,-2.1167609691619877,-2.08967399597168,mp-3062,0.0,Stable,Stable
mp-1214072,-0.9583520889282228,-0.7882813811302185,mp-1214072,0.08852246000000186,Stable,Stable
mp-1246744,-0.3086403608322143,-0.324726939201355,mp-1246744,0.15879215500000043,Stable,Stable
mp-1247494,-0.5772153735160828,-0.6616847515106201,mp-1247494,0.10403609902777688,Stable,Stable
mp-1204446,0.3160595297813415,0.1200071573257446,mp-1204446,1.1464176425000048,Unstable,Unstable
mp-1245878,0.1389162391424179,0.1970303058624267,mp-1245878,0.15129686410000076,Unstable,Unstable
mp-1080848,-0.9222062230110168,-0.865075945854187,mp-1080848,0.0,Stable,Stable
mp-16929,-1.475530028343201,-1.4350543022155762,mp-16929,0.0,Stable,Stable
mp-1245926,-0.8564583659172058,-0.8814164400100708,mp-1245926,0.13586021214285537,Stable,Stable
mp-1199807,-1.2770061492919922,-1.239205002784729,mp-1199807,0.07666536786458877,Stable,Stable
mp-1202811,-0.8877023458480835,-0.8622992038726807,mp-1202811,0.8339426122500022,Stable,Stable
mp-1247130,-0.7644191384315491,-0.7167766690254211,mp-1247130,0.16674257407408,Stable,Stable
mp-569812,-1.028977632522583,-1.0376482009887695,mp-569812,0.2061061599999947,Stable,Stable
mp-1201962,-1.8485690355300903,-1.8207974433898928,mp-1201962,0.0,Stable,Stable
mp-1196565,-0.6333222985267639,-0.5070595741271973,mp-1196565,0.5934650548809568,Stable,Stable
mp-672334,-0.865363597869873,-0.7724307179450989,mp-672334,0.009074249090907927,Stable,Stable
mp-1246539,0.3280972242355346,0.4490785598754883,mp-1246539,0.3280972316666677,Unstable,Unstable
mp-1232320,1.1758297681808472,0.8501021862030029,mp-1232320,1.1758297619999958,Unstable,Unstable
mp-1197329,0.6517714262008667,0.8171472549438477,mp-1197329,1.2031662921406223,Unstable,Unstable
mp-1224289,-1.2883071899414062,-1.325985550880432,mp-1224289,0.05424369500000026,Stable,Stable
mp-628633,0.2643757164478302,0.2564828395843506,mp-628633,0.4581836233652652,Unstable,Unstable
mp-1246153,-1.5135750770568848,-1.6168336868286133,mp-1246153,0.13606298100000025,Stable,Stable
mp-1200586,-1.025940179824829,-1.0850974321365356,mp-1200586,0.26622930041666937,Stable,Stable
mp-1212614,-0.8787944912910461,-0.8897503018379211,mp-1212614,0.002441576190476802,Stable,Stable
mp-4497,-1.918821930885315,-1.882863521575928,mp-4497,0.11642926166667067,Stable,Stable
mp-1204171,-0.7960963845252991,-0.641757607460022,mp-1204171,0.7854618002500011,Stable,Stable
mp-1213515,-0.1502811163663864,-0.1823158264160156,mp-1213515,0.5692326241447354,Stable,Stable
mp-1225681,-0.7286503911018372,-0.4332888126373291,mp-1225681,0.12125431026785982,Stable,Stable
mp-560716,-1.2484245300292969,-1.079545974731445,mp-560716,0.0,Stable,Stable
mp-1212762,-0.202717512845993,-0.1493170261383056,mp-1212762,0.4378633681597224,Stable,Stable
mp-1245912,-0.4305598735809326,-0.5615050792694092,mp-1245912,0.22318766166666748,Stable,Stable
mp-1197132,-1.1255309581756592,-1.0894343852996826,mp-1197132,0.009290170526316643,Stable,Stable
mp-1245347,-0.0997788682579994,0.1707165241241455,mp-1245347,0.20947470576923166,Stable,Unstable
mp-1198640,-0.4014034569263458,-0.4336051940917969,mp-1198640,0.416556025897429,Stable,Stable
mp-1181505,-0.4585827887058258,-0.1591136455535888,mp-1181505,0.5135079767777757,Stable,Stable
mp-724995,0.6119570136070251,0.6047303676605225,mp-724995,1.8358867083333301,Unstable,Unstable
mp-1245424,0.3544812500476837,0.3371388912200928,mp-1245424,0.3865799969047572,Unstable,Unstable
mp-1247346,0.0756963714957237,0.222003698348999,mp-1247346,0.07569637340909097,Unstable,Unstable
mp-1246714,-0.85682612657547,-0.8943299651145935,mp-1246714,0.26295529166666753,Stable,Stable
mp-1418945,-0.4664342403411865,-0.5416275262832642,mp-1418945,1.0504559339999977,Stable,Stable
mp-1192144,-1.573379397392273,-1.5074833631515503,mp-1192144,0.0,Stable,Stable
mp-1228723,-1.4354068040847778,-1.366673707962036,mp-1228723,0.11487363679166673,Stable,Stable
mp-1247356,0.0843012258410453,0.071309208869934,mp-1247356,0.41952941489583395,Unstable,Unstable
mp-36248,-0.6925011873245239,-0.5173062086105347,mp-36248,0.0012559174999999811,Stable,Stable
mp-31056,-1.2032626867294312,-1.2532132863998413,mp-31056,0.0,Stable,Stable
mp-1195623,-0.6708709001541138,-0.6597497463226318,mp-1195623,0.0,Stable,Stable
mp-1029312,-0.9150327444076538,-0.9384752511978148,mp-1029312,0.0,Stable,Stable
mp-2901810,0.3516824543476105,0.0349228382110595,mp-2901810,1.1599734192187512,Unstable,Unstable
mp-1080799,-0.2462807148694992,0.1113233566284179,mp-1080799,0.9402272565000009,Stable,Unstable
mp-1225410,-1.819353461265564,-1.7285999059677124,mp-1225410,0.021292212500000574,Stable,Stable
mp-1246215,0.1298379898071289,0.0871615409851074,mp-1246215,0.39744879819444634,Unstable,Unstable
mp-1245334,0.0231515038758516,-0.1083085536956787,mp-1245334,0.3355635409782636,Unstable,Stable
mp-1246364,0.2163275182247162,0.1576809883117675,mp-1246364,0.24868127863636147,Unstable,Unstable
mp-1228304,-1.1844888925552368,-1.2561883926391602,mp-1228304,0.1592488050000025,Stable,Stable
mp-1247333,-0.8720390796661377,-0.8836577534675598,mp-1247333,0.05699525700657482,Stable,Stable
mp-1245931,0.2312071770429611,0.6933767795562744,mp-1245931,0.2677861587499999,Unstable,Unstable
mp-1189989,1.6043922901153564,1.819343090057373,mp-1189989,1.7282288607031244,Unstable,Unstable
mp-1178614,-1.0970077514648438,-0.6965404748916626,mp-1178614,0.1383495185555521,Stable,Stable
mp-1187056,0.921123743057251,1.4651083946228027,mp-1187056,0.9211237674999992,Unstable,Unstable
mp-1200509,0.0194857232272624,0.0269722938537597,mp-1200509,0.20678741784977106,Unstable,Unstable
mp-1069558,-1.906792998313904,-1.7282018661499023,mp-1069558,0.0,Stable,Stable
mp-1245484,-0.970990777015686,-0.9664382934570312,mp-1245484,0.18065491106249887,Stable,Stable
mp-1406172,-0.4687589406967163,-0.4732767343521118,mp-1406172,0.1594006728333328,Stable,Stable
mp-1245674,-0.4473951160907745,-0.4362353086471557,mp-1245674,0.0,Stable,Stable
mp-1245657,-0.7804605960845947,-0.7934155464172363,mp-1245657,0.05483191696428502,Stable,Stable
mp-1197204,0.624369204044342,0.490264892578125,mp-1197204,1.2802542031640582,Unstable,Unstable
mp-2218869,-1.870221734046936,-1.9899747371673584,mp-2218869,0.28911843826153927,Stable,Stable
mp-1195558,-0.3723199367523193,-0.2184041738510131,mp-1195558,0.0,Stable,Stable
mp-1188048,0.492199033498764,0.723048210144043,mp-1188048,1.5502463675000016,Unstable,Unstable
mp-1215180,-1.872201919555664,-1.909331202507019,mp-1215180,0.0868849375000007,Stable,Stable
mp-1071956,-2.4613609313964844,-2.6051740646362305,mp-1071956,0.14293954041666623,Stable,Stable
mp-1199250,0.1652518063783645,0.0686515569686889,mp-1199250,1.4858578300000032,Unstable,Unstable
mp-1080805,0.5368353128433228,0.5128335952758789,mp-1080805,0.6471504663541658,Unstable,Unstable
mp-1102232,0.1164332032203674,0.3984289169311523,mp-1102232,0.37996507249999656,Unstable,Unstable
mp-1199676,-1.156591773033142,-1.131637692451477,mp-1199676,0.0,Stable,Stable
mp-1247482,0.0548565760254859,0.055824875831604,mp-1247482,0.2750138202380956,Unstable,Unstable
mp-21128,0.7488581538200378,0.6924512386322021,mp-21128,1.4846569977500002,Unstable,Unstable
mp-972831,-1.3629342317581177,-1.273464322090149,mp-972831,0.18147152900000307,Stable,Stable
mp-1196452,-0.4151255488395691,-0.4898732900619507,mp-1196452,0.5418967236666647,Stable,Stable
mp-734003,-1.988910436630249,-2.0173072814941406,mp-734003,0.41863609180555184,Stable,Stable
mp-773830,-0.5790104866027832,-0.2924782037734985,mp-773830,0.21727048974999974,Stable,Stable
mp-1179029,-0.4473877549171448,-0.4691778421401977,mp-1179029,0.7286373699999986,Stable,Stable
mp-707841,-1.2441786527633667,-1.1983726024627686,mp-707841,0.014917517285713444,Stable,Stable
mp-641539,-1.0332374572753906,-1.0285433530807495,mp-641539,0.2877060364285722,Stable,Stable
mp-1246636,-0.3197706639766693,-0.3322790861129761,mp-1246636,0.22938378712963114,Stable,Stable
mp-1198034,-0.6671628355979919,-0.5159071683883667,mp-1198034,0.19379109871211053,Stable,Stable
mp-690667,0.4579781889915466,0.412114143371582,mp-690667,0.9511527818749999,Unstable,Unstable
mp-1247210,0.0104584386572241,-0.0522332191467285,mp-1247210,0.22717167879310374,Unstable,Stable
mp-1245418,0.0563976503908634,0.2329341173171997,mp-1245418,0.05639764937500047,Unstable,Unstable
mp-9383,-1.6396501064300537,-1.6382447481155396,mp-9383,0.03128223749999748,Stable,Stable
mp-1246504,-0.7816163897514343,-0.7884670495986938,mp-1246504,0.006166984861109448,Stable,Stable
mp-1246128,-0.7889643907546997,-0.7829042077064514,mp-1246128,0.10147426982142793,Stable,Stable
mp-1245511,-0.5717301964759827,-0.6219412088394165,mp-1245511,0.10774845280423495,Stable,Stable
mp-1078349,-1.5114200115203855,-1.2494440078735352,mp-1078349,0.0,Stable,Stable
mp-730487,-0.8746616840362549,-0.9767027497291564,mp-730487,0.7072000699818872,Stable,Stable
mp-776470,-1.9739463329315183,-1.9560619592666624,mp-776470,0.0,Stable,Stable
mp-1247052,-0.4503206312656402,-0.3853011131286621,mp-1247052,0.11756046329545189,Stable,Stable
mp-1106173,-0.5413272976875305,-0.5573717355728149,mp-1106173,0.21374187468749906,Stable,Stable
mp-778375,-2.863633394241333,-2.947030067443848,mp-778375,0.113887180645456,Stable,Stable
mp-1206994,-1.1725149154663086,-1.1378459930419922,mp-1206994,0.0,Stable,Stable
mp-1147731,0.5681285858154297,0.5762054920196533,mp-1147731,0.6017573207142846,Unstable,Unstable
mp-1105809,-1.9753682613372805,-2.0777530670166016,mp-1105809,0.10934262333333855,Stable,Stable
mp-1201065,-0.57790207862854,-0.5988496541976929,mp-1201065,0.005666109609374637,Stable,Stable
mp-1202899,0.9303793907165528,0.8579761981964111,mp-1202899,1.460681304038462,Unstable,Unstable
mp-1245742,-0.8047143816947937,-0.7054547071456909,mp-1245742,0.002192953913043638,Stable,Stable
mp-776966,-0.5814313888549805,-0.2788797616958618,mp-776966,0.2148495717499994,Stable,Stable
mp-1247269,0.0419113710522651,0.0541225671768188,mp-1247269,0.216671165575395,Unstable,Unstable
mp-1029960,-0.0799537301063537,0.0246046781539917,mp-1029960,0.24511613017241274,Stable,Unstable
mp-1245745,-1.4845224618911743,-1.5708177089691162,mp-1245745,0.0,Stable,Stable
mp-697075,-0.7666176557540894,-0.6930121183395386,mp-697075,0.0,Stable,Stable
mp-1246013,-0.2324491739273071,-0.1583064794540405,mp-1246013,0.2593791552272737,Stable,Stable
mp-1247458,-0.4062900841236114,-0.4667584896087646,mp-1247458,0.26747915111111276,Stable,Stable
mp-4604,-0.9590333700180054,-0.8989550471305847,mp-4604,0.0,Stable,Stable
mp-1246323,-0.7363690137863159,-0.8560876846313477,mp-1246323,0.34470936829629295,Stable,Stable
mp-1214972,0.3324277997016907,0.2513121366500854,mp-1214972,1.1593655556666667,Unstable,Unstable
mp-1221537,-1.307860255241394,-1.482157826423645,mp-1221537,0.33919243519642794,Stable,Stable
mp-1095618,0.2148063331842422,0.4417359828948974,mp-1095618,0.2148063258333366,Unstable,Unstable
mp-1247167,0.3521982729434967,0.4531176090240478,mp-1247167,0.35219828055555524,Unstable,Unstable
mp-616514,0.5121946930885315,0.6663057804107666,mp-616514,0.6054487474999997,Unstable,Unstable
mp-1189491,-0.0198526866734027,0.1750708818435669,mp-1189491,0.09320404150000172,Stable,Unstable
mp-1013557,-0.8703845739364624,-0.8678786754608154,mp-1013557,0.055228377000000606,Stable,Stable
mp-1190337,1.557297945022583,1.5658531188964844,mp-1190337,1.9827126506249995,Unstable,Unstable
mp-1079290,1.7389085292816162,2.390708446502685,mp-1079290,1.8613355502499997,Unstable,Unstable
mp-778995,-3.053069829940796,-3.103734970092773,mp-778995,0.08346482074468042,Stable,Stable
mp-1200966,-1.4196425676345823,-1.3046715259552002,mp-1200966,0.051464861302082276,Stable,Stable
mp-1181207,-1.0435571670532229,-0.9584518671035768,mp-1181207,0.08985587500000314,Stable,Stable
mp-558183,-0.7019045948982239,-0.5462523698806763,mp-558183,0.2109504841999943,Stable,Stable
mp-1018018,0.874051570892334,0.8813028335571289,mp-1018018,0.8740515875000003,Unstable,Unstable
mp-1246024,-0.9888163805007936,-0.9617128968238832,mp-1246024,0.005161793392860048,Stable,Stable
mp-601401,-0.5066533088684082,-0.5431230068206787,mp-601401,0.043086740138891244,Stable,Stable
mp-1245546,0.2082499265670776,0.2716118097305298,mp-1245546,0.29532882124999915,Unstable,Unstable
mp-1245709,-0.2549254298210144,-0.4498099088668823,mp-1245709,0.3169238762407396,Stable,Stable
mp-1029466,-0.0897068828344345,-0.0863796472549438,mp-1029466,0.06844732437739509,Stable,Stable
mp-626529,-1.1192011833190918,-1.0146355628967283,mp-626529,0.03165806482142752,Stable,Stable
mp-1246052,-0.7903725504875183,-0.8102439641952515,mp-1246052,0.12117982408333638,Stable,Stable
mp-1080587,-0.0407407917082309,-0.0231776237487792,mp-1080587,0.7243250810000004,Stable,Stable
mp-1209208,0.251158595085144,0.0597554445266723,mp-1209208,1.2491495997222222,Unstable,Unstable
mp-1080197,-0.1212602704763412,-0.2702447175979614,mp-1080197,0.15869337142857098,Stable,Stable
mp-703297,-1.061020851135254,-0.9948890805244446,mp-703297,0.053144301766918645,Stable,Stable
mp-5001,-1.006785869598389,-1.0235702991485596,mp-5001,0.0,Stable,Stable
mp-1203994,0.6429497599601746,0.3660526275634765,mp-1203994,1.5827139688616132,Unstable,Unstable
mp-1096994,-1.9617266654968264,-2.1356089115142822,mp-1096994,0.020751347500002737,Stable,Stable
mp-1029771,-0.8325716257095337,-0.9382327795028688,mp-1029771,0.09023218472221295,Stable,Stable
mp-1195226,-0.6890892386436462,-0.5024324655532837,mp-1195226,0.20491446166666893,Stable,Stable
mp-776461,-2.8429620265960693,-2.841681480407715,mp-776461,0.08690233062070085,Stable,Stable
mp-1246810,-0.8509438037872314,-0.8390801548957825,mp-1246810,0.024933742321429975,Stable,Stable
mp-23375,-0.9641799926757812,-0.8133919835090637,mp-23375,0.01587659520833462,Stable,Stable
mp-531317,-0.7788063883781433,-0.7300635576248169,mp-531317,0.1848819920303031,Stable,Stable
mp-7080,-0.4405374526977539,-0.3810864686965942,mp-7080,0.0,Stable,Stable
mp-1147612,0.2616511583328247,0.2578252553939819,mp-1147612,0.48599386851190474,Unstable,Unstable
mp-732005,-0.095571145415306,-0.0290794372558593,mp-732005,0.5533192849999944,Stable,Stable
mp-1194636,-1.414301872253418,-1.3455018997192385,mp-1194636,0.09054443950215241,Stable,Stable
mp-1217501,0.3429306447505951,0.1098161935806274,mp-1217501,1.6899348682211555,Unstable,Unstable
mp-757652,-1.156254768371582,-1.1411181688308716,mp-757652,0.004657284924086902,Stable,Stable
mp-1009483,0.9701725244522096,1.1462340354919434,mp-1009483,0.9701725316666661,Unstable,Unstable
mp-1080204,-0.2036610543727874,-0.2164926528930664,mp-1080204,0.07629258857142851,Stable,Stable
mp-1203828,-1.4866269826889038,-1.4054744243621826,mp-1203828,0.08725277196429193,Stable,Stable
mp-1071868,0.9664068818092346,0.9452242851257324,mp-1071868,1.1629511857777777,Unstable,Unstable
mp-1246073,-0.6553352475166321,-0.603661298751831,mp-1246073,0.022801256495727174,Stable,Stable
mp-1210513,0.9550275802612304,1.0841572284698486,mp-1210513,1.3253073309615373,Unstable,Unstable
mp-1080840,1.2430243492126465,1.6009979248046875,mp-1080840,1.9244271859333306,Unstable,Unstable
mp-1103524,1.611634612083435,1.778954267501831,mp-1103524,2.4994335566666672,Unstable,Unstable
mp-1181260,0.2482695877552032,0.1834923028945922,mp-1181260,0.7589341532291649,Unstable,Unstable
mp-989611,-0.8454127907752991,-0.7422870993614197,mp-989611,0.032463341499997966,Stable,Stable
mp-1395833,0.1356663107872009,-0.0904617309570312,mp-1395833,0.22458487299999774,Unstable,Stable
mp-1079140,-0.1422048062086105,-0.09302818775177,mp-1079140,1.5547712842500037,Stable,Stable
mp-2902558,-0.1313237100839615,-0.1020879745483398,mp-2902558,0.36813416875000016,Stable,Stable
mp-1029921,-1.4308736324310305,-1.393052339553833,mp-1029921,0.0,Stable,Stable
mp-1192541,-1.77873957157135,-1.745063543319702,mp-1192541,0.001672423928582134,Stable,Stable
mp-1080242,0.4810501635074615,0.599473237991333,mp-1080242,0.48105017714285836,Unstable,Unstable
mp-1202309,-2.194094181060791,-2.1042888164520264,mp-1202309,0.003054455150000912,Stable,Stable
mp-1180567,-0.1076976135373115,-0.2266324758529663,mp-1180567,0.703480722500001,Stable,Stable
mp-1246552,0.0463715232908725,-0.0649105310440063,mp-1246552,0.48589308393382424,Unstable,Stable
mp-1206425,0.0695951879024505,-0.0295475721359252,mp-1206425,0.06959518425000155,Unstable,Stable
mp-1430841,0.8756436109542847,0.9523823261260986,mp-1430841,0.8756435966666665,Unstable,Unstable
mp-1201695,-0.1493603438138961,-0.0499041080474853,mp-1201695,0.14260204936363685,Stable,Stable
mp-1247105,-1.1779974699020386,-1.191573977470398,mp-1247105,0.13111766069444464,Stable,Stable
mp-1246672,0.055143479257822,0.1132344007492065,mp-1246672,0.15732410699999821,Unstable,Unstable
mp-1245998,0.3049552142620086,0.1823040246963501,mp-1245998,0.45991017807710843,Unstable,Unstable
mp-235,0.3631117045879364,0.5413095951080322,mp-235,0.3631117059375004,Unstable,Unstable
mp-1246358,0.1445388793945312,0.1699081659317016,mp-1246358,0.34668994118182006,Unstable,Unstable
mp-776336,-2.128542900085449,-2.1521127223968506,mp-776336,0.20594139375000076,Stable,Stable
mp-1245416,0.0692227259278297,0.2483053207397461,mp-1245416,0.2040374247499983,Unstable,Unstable
mp-714851,-1.314796805381775,-1.305935621261597,mp-714851,0.0981821674999992,Stable,Stable
mp-1245486,-0.5508042573928833,-0.6552325487136841,mp-1245486,0.2890318050000005,Stable,Stable
mp-1220115,-0.1342739015817642,-0.1987257003784179,mp-1220115,0.15820095499999987,Stable,Stable
mp-1181339,-1.5457819700241089,-1.582366943359375,mp-1181339,0.27697143285714354,Stable,Stable
mp-9307,-0.5671855211257935,-0.6013706922531128,mp-9307,0.0,Stable,Stable
mp-1245593,-0.5032239556312561,-0.5945965051651001,mp-1245593,0.14617883129629483,Stable,Stable
mp-1200757,-0.1856799721717834,-0.024623155593872,mp-1200757,0.23542340433333298,Stable,Stable
mp-1245965,-0.7830578088760376,-0.7320755124092102,mp-1245965,0.0,Stable,Stable
mp-1102,-2.2157058715820312,-1.8284533023834229,mp-1102,0.0,Stable,Stable
mp-1191162,-0.22056744992733,-0.2933387756347656,mp-1191162,0.9082671995833338,Stable,Stable
mp-1212130,-1.426259160041809,-1.3607230186462402,mp-1212130,0.0,Stable,Stable
mp-1204579,-0.5635840892791748,-0.5891200304031372,mp-1204579,0.0,Stable,Stable
mp-1225023,-0.4186218082904815,-0.3406647443771362,mp-1225023,0.04042048140624921,Stable,Stable
mp-1213868,-0.8807544708251953,-0.8588874340057373,mp-1213868,0.11601470333333452,Stable,Stable
mp-1079724,1.272408962249756,1.3206357955932615,mp-1079724,1.5581604413333343,Unstable,Unstable
mp-1103502,-0.4745972156524658,-0.3844218254089355,mp-1103502,0.0838772671111121,Stable,Stable
mp-1246631,-0.8441980481147766,-0.9637870192527772,mp-1246631,0.19042940849999823,Stable,Stable
mp-1246021,-0.9035956859588624,-0.8295412659645081,mp-1246021,0.030604786666667216,Stable,Stable
mp-1182066,-0.7104318141937256,-0.6338856220245361,mp-1182066,0.4022635052428223,Stable,Stable
mp-723034,-0.3635643422603607,-0.4063539505004883,mp-723034,0.06770718427777744,Stable,Stable
mp-557565,-0.7741628885269165,-0.6620956659317017,mp-557565,0.44814544499999354,Stable,Stable
mp-1219905,-1.999147653579712,-2.127969026565552,mp-1219905,0.13624791499999933,Stable,Stable
mp-1096957,-0.1467587351799011,-0.1689937114715576,mp-1096957,0.35269913902777894,Stable,Stable
mp-1205255,-1.2644370794296265,-1.2595967054367063,mp-1205255,0.4058683103125045,Stable,Stable
mp-1245986,-0.9277550578117372,-0.9622962474822998,mp-1245986,0.05479081935184826,Stable,Stable
mp-1215374,-1.905281901359558,-2.0054943561553955,mp-1215374,0.010339767368421349,Stable,Stable
mp-1246099,-0.5129013657569885,-0.491592526435852,mp-1246099,0.12709997114197247,Stable,Stable
mp-1192245,1.1125969886779783,1.0745246410369873,mp-1192245,1.4985678217391296,Unstable,Unstable
mp-1104028,0.0683666765689849,-0.2197118997573852,mp-1104028,0.9295338289285695,Unstable,Stable
mp-1196399,0.5305774807929993,0.5133523941040039,mp-1196399,0.8139594133680568,Unstable,Unstable
mp-1017546,-1.6323202848434448,-1.5846352577209473,mp-1017546,0.34318618249999844,Stable,Stable
mp-1246929,-1.6924580335617063,-1.7794313430786133,mp-1246929,0.018225015000002287,Stable,Stable
mp-13116,0.292849063873291,0.3847138881683349,mp-13116,0.2928490616666668,Unstable,Unstable
mp-10666,-0.1771031022071838,-0.0718680620193481,mp-10666,0.10139039691666696,Stable,Stable
mp-775861,-2.3333542346954346,-2.434471607208252,mp-775861,0.13108119675000118,Stable,Stable
mp-696616,-0.5310894846916199,-0.3646810054779053,mp-696616,0.18932019099999753,Stable,Stable
mp-1197255,1.1145397424697876,1.162221908569336,mp-1197255,1.8646660905,Unstable,Unstable
mp-625635,-0.2912892699241638,-0.7237697243690491,mp-625635,0.6808015042777757,Stable,Stable
mp-1196705,-0.1786966174840927,-0.1120375394821167,mp-1196705,0.4300555416666674,Stable,Stable
mp-1209835,0.9707750082015992,0.6777825355529785,mp-1209835,1.8199270850000007,Unstable,Unstable
mp-568773,-0.2620731294155121,-0.2807471752166748,mp-568773,0.18777945432291432,Stable,Stable
mp-614311,-0.6658287048339844,-0.4376717805862427,mp-614311,0.0,Stable,Stable
mp-1247388,-1.1438381671905518,-1.1599984169006348,mp-1247388,0.27805876249999706,Stable,Stable
mp-1245625,-0.3069556653499603,-0.2550320625305176,mp-1245625,0.006095740250000148,Stable,Stable
mp-1247545,-0.5634068250656128,-0.702717661857605,mp-1247545,0.189774252400003,Stable,Stable
mp-1247253,-0.9539623856544496,-0.9147355556488036,mp-1247253,0.2446715122222205,Stable,Stable
mp-570443,0.0535792261362075,0.0750200748443603,mp-570443,0.05357922516666491,Unstable,Unstable
mp-1202911,-1.458950400352478,-1.292555570602417,mp-1202911,0.7235594866304371,Stable,Stable
mp-24068,-1.019725680351257,-0.8833750486373901,mp-24068,0.12653215926666572,Stable,Stable
mp-699686,-0.9003421664237976,-1.0750608444213867,mp-699686,0.2619001749999992,Stable,Stable
mp-1245414,-0.5519462823867798,-0.615157961845398,mp-1245414,0.21575282720485056,Stable,Stable
mp-555129,-2.351850748062134,-2.27527117729187,mp-555129,0.0,Stable,Stable
mp-1201671,-0.9109400510787964,-0.8538941144943237,mp-1201671,0.8321385535416672,Stable,Stable
mp-1210601,-0.2593473792076111,-0.2551207542419433,mp-1210601,1.2967223603846136,Stable,Stable
mp-1247474,-0.1144248470664024,-0.2977857589721679,mp-1247474,0.4067091852777782,Stable,Stable
mp-1078594,0.8600949645042419,0.9953465461730956,mp-1078594,1.4051250484722226,Unstable,Unstable
mp-1246270,-0.5343201756477356,-0.4367933273315429,mp-1246270,0.2548823289999991,Stable,Stable
mp-1191068,-0.6085550785064697,-0.5460888147354126,mp-1191068,0.0,Stable,Stable
mp-1178187,-2.460493326187134,-2.502703666687012,mp-1178187,0.19831189800000004,Stable,Stable
mp-867221,-1.6509978771209717,-1.736485719680786,mp-867221,0.0,Stable,Stable
mp-1246422,0.0890068858861923,-0.0310715436935424,mp-1246422,0.24058602499999893,Unstable,Stable
mp-8804,-0.8591241240501404,-0.7761108875274658,mp-8804,0.0,Stable,Stable
mp-3768,-0.7777177691459656,-0.7067989706993103,mp-3768,0.23968496687499474,Stable,Stable
mp-1246061,-0.5243779420852661,-0.6108074188232422,mp-1246061,0.15434689629629617,Stable,Stable
mp-1214517,-0.9663281440734864,-0.9221161007881165,mp-1214517,0.010450897000003678,Stable,Stable
mp-1196738,-0.9247931838035583,-0.9117698669433594,mp-1196738,0.3385152535459186,Stable,Stable
mp-1181268,1.0783199071884155,1.038597583770752,mp-1181268,1.5504225817592578,Unstable,Unstable
mp-772317,-1.057309627532959,-1.1422908306121826,mp-772317,0.11076502743506733,Stable,Stable
mp-1247232,-0.5684852600097656,-0.5152639150619507,mp-1247232,0.1635944545000001,Stable,Stable
mp-1204897,0.5151995420455933,0.5958664417266846,mp-1204897,1.0694204777777756,Unstable,Unstable
mp-1247417,-0.4942623078823089,-0.5115132331848145,mp-1247417,0.2535712614707428,Stable,Stable
mp-1194646,-2.330129384994507,-2.305600166320801,mp-1194646,0.09256288571428861,Stable,Stable
mp-1014318,-0.4854867458343506,-0.4313734769821167,mp-1014318,0.11386271358333389,Stable,Stable
mp-1196353,0.2071606069803238,-0.8343611359596252,mp-1196353,1.448618976323739,Unstable,Stable
mp-1247319,0.1186340525746345,0.0719566345214843,mp-1247319,0.5295402109166645,Unstable,Unstable
mp-776212,-2.529250383377075,-2.612860679626465,mp-776212,0.1295248295000011,Stable,Stable
mp-1200920,-1.5342501401901243,-1.083915114402771,mp-1200920,0.05259705095238054,Stable,Stable
mp-695592,-1.3988690376281738,-1.4320859909057615,mp-695592,0.042971862033902575,Stable,Stable
mp-775803,-2.1270415782928467,-2.156017541885376,mp-775803,0.20744262300000038,Stable,Stable
mp-1247444,0.0637650340795517,-0.0038622617721557,mp-1247444,0.19042524272727412,Unstable,Stable
mp-1246360,-0.3400208353996277,-0.475432276725769,mp-1246360,0.34871517675000074,Stable,Stable
mp-1247490,-0.4253039062023163,-0.3590415716171264,mp-1247490,0.33927067272727207,Stable,Stable
mp-1202697,-0.3102349936962127,-0.1932575702667236,mp-1202697,0.16729472717592664,Stable,Stable
mp-1029408,-1.1242668628692627,-1.2149641513824463,mp-1029408,0.03125707916666087,Stable,Stable
mp-1246545,0.1231689453125,0.2028193473815918,mp-1246545,0.29845110249999607,Unstable,Unstable
mp-1245399,-0.1217477023601532,-0.2232974767684936,mp-1245399,0.1664143899999999,Stable,Stable
mp-1245437,-0.1109420582652092,-0.211988091468811,mp-1245437,0.29315530513333243,Stable,Stable
mp-1245950,-0.144215926527977,-0.0407279729843139,mp-1245950,0.1739734508333335,Stable,Stable
mp-560120,-1.091131567955017,-0.9896813035011292,mp-560120,0.0,Stable,Stable
mp-1246105,-0.8629704713821411,-0.8155491352081299,mp-1246105,0.034059534821428095,Stable,Stable
mp-21476,-0.15292689204216,-0.1634469032287597,mp-21476,0.056840972499999864,Stable,Stable
mp-1244943,-0.7562498450279236,-0.8867068290710449,mp-1244943,0.656729168,Stable,Stable
mp-1213867,-0.8801519274711609,-0.9692168831825256,mp-1213867,0.0,Stable,Stable
mp-1104857,-1.0403085947036743,-1.0291008949279783,mp-1104857,0.0,Stable,Stable
mp-1246883,0.1545514166355133,0.2421073913574218,mp-1246883,0.27143128750000045,Unstable,Unstable
mp-557263,-0.6398340463638306,-0.5377219915390015,mp-557263,0.40769241411111157,Stable,Stable
mp-570604,-1.1162153482437134,-1.2285200357437134,mp-570604,0.2424908083333328,Stable,Stable
mp-1245562,-0.7320609092712402,-0.686937689781189,mp-1245562,0.03848944749999994,Stable,Stable
mp-1356094,-0.6664592623710632,-0.6519808769226074,mp-1356094,0.16732832199999947,Stable,Stable
mp-1247556,-0.0964689254760742,0.1229453086853027,mp-1247556,0.32905545036111095,Stable,Unstable
mp-8500,-1.7063544988632202,-1.5655732154846191,mp-8500,0.14453445188988123,Stable,Stable
mp-1213046,-0.704842209815979,-0.5977811813354492,mp-1213046,0.050227018020832404,Stable,Stable
mp-1204484,-0.3252311050891876,-0.0901033878326416,mp-1204484,0.09053797262499419,Stable,Stable
mp-1246562,-0.735344648361206,-0.7149100303649902,mp-1246562,0.09865710719047627,Stable,Stable
mp-626256,-1.0540013313293457,-0.966161012649536,mp-626256,0.0,Stable,Stable
mp-1029860,-0.7245457768440247,-0.6412514448165894,mp-1029860,0.0,Stable,Stable
mp-1246418,-0.7916780710220337,-0.8983904123306274,mp-1246418,0.5405942075000016,Stable,Stable
mp-1080110,-0.3725756406784057,-0.3479686975479126,mp-1080110,1.5702107100000022,Stable,Stable
mp-505498,0.0431494414806366,0.116697072982788,mp-505498,0.6327681341071427,Unstable,Unstable
mp-570931,-0.752861738204956,-0.7251879572868347,mp-570931,0.0,Stable,Stable
mp-1205927,-0.3832600712776184,-0.6448475122451782,mp-1205927,1.140480723750001,Stable,Stable
mp-1077299,0.069448173046112,0.1115558147430419,mp-1077299,0.1089916461111109,Unstable,Unstable
mp-1078111,0.3194307684898376,0.3154308795928955,mp-1078111,1.0199987685714271,Unstable,Unstable
mp-1245728,-0.5889462828636169,-0.5482909679412842,mp-1245728,0.10210506894444382,Stable,Stable
mp-621981,0.2575645744800567,0.1510252952575683,mp-621981,0.2575645761805596,Unstable,Unstable
mp-1215763,-0.6340305209159851,-0.5727916955947876,mp-1215763,0.15758528630681923,Stable,Stable
mp-1246160,-0.1527677774429321,-0.066835880279541,mp-1246160,0.31806576814814846,Stable,Stable
mp-989647,-0.8778761029243469,-0.9082660675048828,mp-989647,0.0,Stable,Stable
mp-1013549,-0.7924901247024536,-0.7533692717552185,mp-1013549,0.05635721999999799,Stable,Stable
mp-559129,-1.4270853996276855,-1.3690049648284912,mp-559129,0.0,Stable,Stable
mp-707784,-1.2915772199630735,-1.2687902450561523,mp-707784,0.0017794620625011248,Stable,Stable
mp-8181,-1.167017102241516,-1.045848369598389,mp-8181,0.0,Stable,Stable
mp-637235,-0.1531367301940918,-0.2432011365890503,mp-637235,0.12018121236110524,Stable,Stable
mp-1202214,-1.0849424600601196,-1.0548760890960691,mp-1202214,0.8495584636239517,Stable,Stable
mp-1245936,-0.7614649534225464,-0.7004456520080566,mp-1245936,0.052665149404762523,Stable,Stable
mp-1173453,0.7225484251976013,0.636206865310669,mp-1173453,0.7225484081597227,Unstable,Unstable
mp-696272,-0.8757274746894836,-0.8247895240783691,mp-696272,0.0,Stable,Stable
mp-1246228,-1.0729272365570068,-1.2121925354003906,mp-1246228,0.2200449694444444,Stable,Stable
mp-1105334,-0.5761058330535889,-0.4818683862686157,mp-1105334,0.5999192879999979,Stable,Stable
mp-1194805,-2.1657962799072266,-2.10139274597168,mp-1194805,0.051029470535698174,Stable,Stable
mp-1245387,-1.1466143131256104,-1.0871593952178955,mp-1245387,0.02770292660714091,Stable,Stable
mp-675601,-2.854581356048584,-2.9823927879333496,mp-675601,0.09695661071428585,Stable,Stable
mp-634059,-0.329974889755249,-0.2927134037017822,mp-634059,0.05507482937500097,Stable,Stable
mp-1020010,-0.59371417760849,-0.8699202537536621,mp-1020010,0.038677695454546246,Stable,Stable
mp-1008986,1.2853200435638428,1.1189241409301758,mp-1008986,1.285319987500003,Unstable,Unstable
mp-1227227,-1.4609975814819336,-1.5060499906539917,mp-1227227,0.0,Stable,Stable
mp-1105410,-0.3417670428752899,-0.2536450624465942,mp-1105410,0.8707746008928545,Stable,Stable
mp-504826,-0.1778711229562759,-0.0615826845169067,mp-504826,0.4230929975000004,Stable,Stable
mp-1215013,-1.7727086544036863,-1.6440210342407229,mp-1215013,0.0,Stable,Stable
mp-28370,-1.595248460769653,-1.6128400564193726,mp-28370,0.0,Stable,Stable
mp-10374,-0.3018010556697845,-0.3134335279464721,mp-10374,0.108209408000004,Stable,Stable
mp-27953,-0.3600834012031555,-0.326706051826477,mp-27953,0.004063535833333631,Stable,Stable
mp-1246141,-0.6790342330932617,-0.7294161915779114,mp-1246141,0.2935147734782575,Stable,Stable
mp-1198519,-0.9121297001838684,-0.8794949054718018,mp-1198519,0.02322565781250141,Stable,Stable
mp-1247421,-0.979237735271454,-1.11845064163208,mp-1247421,0.24321035003703528,Stable,Stable
mp-1245472,-0.955425262451172,-0.9137465953826904,mp-1245472,0.10259332015625233,Stable,Stable
mp-1181467,0.3201846182346344,0.367457628250122,mp-1181467,1.537061175441182,Unstable,Unstable
mp-1247433,-0.3044320046901703,-0.4427124261856079,mp-1247433,0.26789061954545446,Stable,Stable
mp-730823,-1.3948801755905151,-1.4470384120941162,mp-730823,0.09764271656064061,Stable,Stable
mp-1245774,-0.3576968610286712,-0.2436490058898925,mp-1245774,0.22995397903097015,Stable,Stable
mp-1246839,-0.7491104006767273,-0.949576735496521,mp-1246839,0.3185166531250001,Stable,Stable
mp-29960,-0.2532548010349273,-0.1499614715576172,mp-29960,0.12512884113636247,Stable,Stable
mp-1245779,-0.8468999862670898,-1.0454384088516235,mp-1245779,0.3482178220833383,Stable,Stable
mp-738386,0.4828307330608368,0.4325661659240722,mp-738386,1.1173968525000006,Unstable,Unstable
mp-1246784,0.3873469829559326,0.3316123485565185,mp-1246784,0.38734696906250043,Unstable,Unstable
mp-722891,-0.3876810669898987,-0.293805718421936,mp-722891,0.017468943940214032,Stable,Stable
mp-729179,-1.1009762287139893,-0.9169281721115112,mp-729179,0.3065103476190467,Stable,Stable
mp-1188453,0.9409050345420836,0.7971136569976807,mp-1188453,1.747956438333334,Unstable,Unstable
mp-1009219,-1.034273386001587,-1.119295358657837,mp-1009219,0.5010182063888884,Stable,Stable
mp-1181825,0.1644308120012283,0.2869385480880737,mp-1181825,1.3769724673214254,Unstable,Unstable
mp-1222426,-1.2411319017410278,-1.2363673448562622,mp-1222426,0.14476552312499713,Stable,Stable
mp-1245288,0.0124683510512113,0.3634200096130371,mp-1245288,0.6825177577999995,Unstable,Unstable
mp-1196501,-1.9958398342132568,-2.0076699256896973,mp-1196501,0.8088940578431387,Stable,Stable
mp-3402,-1.4881513118743896,-1.5363672971725464,mp-3402,0.0,Stable,Stable
mp-1188468,0.3680109083652496,0.3498847484588623,mp-1188468,0.3914308952941177,Unstable,Unstable
mp-726806,0.6888366341590881,0.6536176204681396,mp-726806,1.7390940386904825,Unstable,Unstable
mp-1179558,0.6231162548065186,0.5872511863708496,mp-1179558,0.7128796810546874,Unstable,Unstable
mp-1245753,-0.5520913004875183,-0.4362821578979492,mp-1245753,0.21072457354645557,Stable,Stable
mp-11670,-1.4360827207565308,-1.4506367444992063,mp-11670,0.0,Stable,Stable
mp-1227828,-2.448951482772827,-2.384072542190552,mp-1227828,0.1289355756249968,Stable,Stable
mp-773831,-0.5833343267440796,-0.2928788661956787,mp-773831,0.2129466317499995,Stable,Stable
mp-1209055,0.5363191366195679,0.5994827747344971,mp-1209055,1.3783179341666671,Unstable,Unstable
mp-1245806,0.2147578299045562,0.0155102014541625,mp-1245806,0.713088826249999,Unstable,Unstable
mp-1246671,-0.6592849493026733,-0.6370153427124023,mp-1246671,0.13772895007662544,Stable,Stable
mp-1188869,-1.019466996192932,-1.115617036819458,mp-1188869,0.017388997749996804,Stable,Stable
mp-554625,-0.4013807773590088,-0.5641915798187256,mp-554625,0.08775531574142725,Stable,Stable
mp-754752,-1.938342809677124,-1.9597744941711424,mp-754752,0.13281749914942687,Stable,Stable
mp-1247492,-0.6731178164482117,-0.8976460695266724,mp-1247492,0.3071193714999989,Stable,Stable
mp-1204359,0.9919074177742004,0.9693338871002196,mp-1204359,1.2369822728749993,Unstable,Unstable
mp-1193322,0.552048921585083,0.3169476985931396,mp-1193322,0.6024335966522945,Unstable,Unstable
mp-1204351,0.6272479295730591,0.5492715835571289,mp-1204351,1.1814688519444427,Unstable,Unstable
mp-696231,-0.3091386258602142,-0.238766074180603,mp-696231,0.2499801975378766,Stable,Stable
mp-1228997,-0.1135284379124641,-0.1365354061126709,mp-1228997,0.1551602167076025,Stable,Stable
mp-1212932,0.8223326802253723,0.837709903717041,mp-1212932,1.2243811839999985,Unstable,Unstable
mp-1245589,-0.2888204455375671,-0.2936009168624878,mp-1245589,0.29564205516666675,Stable,Stable
mp-1206517,0.0364694967865943,0.1176697015762329,mp-1206517,0.1160974269999997,Unstable,Unstable
mp-1223632,-0.5954598188400269,-0.6378813982009888,mp-1223632,0.0,Stable,Stable
mp-685810,-1.5355558395385742,-1.529523253440857,mp-685810,0.0,Stable,Stable
mp-720712,-0.5601677298545837,-0.4815034866333008,mp-720712,0.0,Stable,Stable
mp-625924,-0.7917280197143555,-0.694198489189148,mp-625924,0.05278360607142929,Stable,Stable
mp-1079200,-0.862426221370697,-1.092914342880249,mp-1079200,1.339848758000004,Stable,Stable
mp-1207408,-1.1812739372253418,-1.015223503112793,mp-1207408,0.0,Stable,Stable
mp-1101156,-2.2055532932281494,-2.258559465408325,mp-1101156,0.18770751125000018,Stable,Stable
mp-1247550,-0.1304429173469543,-0.1074901819229126,mp-1247550,0.16978972577586227,Stable,Stable
mp-1214768,0.4214087128639221,0.4557802677154541,mp-1214768,1.012691474285707,Unstable,Unstable
mp-1246555,-0.0877952054142952,-0.0267484188079834,mp-1246555,0.08292346649999871,Stable,Stable
mp-36066,-1.4767683744430542,-1.4865679740905762,mp-36066,0.062477948000000616,Stable,Stable
mp-554928,-0.7483184933662415,-0.5806268453598022,mp-554928,0.08185394250000044,Stable,Stable
mp-1246181,-0.96045184135437,-0.9377260208129884,mp-1246181,0.15949752008333462,Stable,Stable
mp-1393899,-0.1597673892974853,-0.2551045417785644,mp-1393899,0.45540028549999967,Stable,Stable
mp-1215871,-0.8791407942771912,-0.910653829574585,mp-1215871,0.7948240423666633,Stable,Stable
mp-1225260,-0.1107352674007415,-0.1947029829025268,mp-1225260,0.0600637221428606,Stable,Stable
mp-3346497,-0.993375599384308,-1.2572312355041504,mp-3346497,0.0012383167500003012,Stable,Stable
mp-1097757,0.0724747106432914,0.018890380859375,mp-1097757,0.5719325927777774,Unstable,Unstable
mp-1214815,-0.5072717070579529,0.2786262035369873,mp-1214815,0.23344471632352892,Stable,Unstable
mp-1194673,1.0362796783447266,1.159555435180664,mp-1194673,2.062469330833329,Unstable,Unstable
mp-1245963,-0.427772969007492,-0.3813787698745727,mp-1245963,0.030071778999997356,Stable,Stable
mp-30129,-1.0927914381027222,-0.9995784759521484,mp-30129,0.0,Stable,Stable
mp-989625,-0.8265104293823242,-0.9238184094429016,mp-989625,0.05551783112501951,Stable,Stable
mp-7769,-2.2967565059661865,-2.1858015060424805,mp-7769,0.0,Stable,Stable
mp-1077223,-1.1003315448760986,-1.0660285949707031,mp-1077223,0.21418068458333384,Stable,Stable
mp-761033,-3.111325025558472,-3.095867395401001,mp-761033,0.05785727093750026,Stable,Stable
mp-4978,-1.2863785028457642,-1.2616456747055054,mp-4978,0.0,Stable,Stable
mp-1417269,0.7337636351585388,0.9813337326049804,mp-1417269,1.0475090699999994,Unstable,Unstable
mp-1200492,1.030977487564087,0.848111629486084,mp-1200492,1.6922648920535717,Unstable,Unstable
mp-1211215,-1.4313095808029177,-1.4342100620269775,mp-1211215,0.0,Stable,Stable
mp-723017,0.8170316219329834,1.037257194519043,mp-723017,1.492897376805555,Unstable,Unstable
mp-1246989,-0.1493132263422012,-0.0721930265426635,mp-1246989,0.2579185505952397,Stable,Stable
mp-1020630,-1.3973803520202637,-1.248400330543518,mp-1020630,0.0044141759999956065,Stable,Stable
mp-29149,-1.0181068181991575,-1.1324241161346436,mp-29149,0.05415564791666627,Stable,Stable
mp-24091,-1.8015774488449097,-1.796227216720581,mp-24091,0.008218507500009409,Stable,Stable
mp-560169,0.4450177848339081,0.2939071655273437,mp-560169,0.44501778932142777,Unstable,Unstable
mp-574486,0.2680398523807525,0.3466188907623291,mp-574486,0.26803984333333375,Unstable,Unstable
mp-1245966,-0.150616854429245,-0.0954514741897583,mp-1245966,0.316815666250001,Stable,Stable
mp-22003,-0.1652483195066452,-0.1215548515319824,mp-22003,0.0017140024999999781,Stable,Stable
mp-1245106,0.054647970944643,0.418532133102417,mp-1245106,0.7246973765000018,Unstable,Unstable
mp-1194053,0.5104368329048157,0.7560522556304932,mp-1194053,1.107539828571427,Unstable,Unstable
mp-1019552,-1.3673601150512695,-1.3362168073654177,mp-1019552,0.025668559594218543,Stable,Stable
mp-1212536,-0.5374125242233276,-0.4439449310302734,mp-1212536,0.5521356854710078,Stable,Stable
mp-1224374,0.4973080158233642,0.2324240207672119,mp-1224374,1.2730391931666656,Unstable,Unstable
mp-1078445,-1.2452336549758911,-1.2995051145553589,mp-1078445,0.0,Stable,Stable
mp-1071791,1.518415927886963,0.87821364402771,mp-1071791,1.6827589226041662,Unstable,Unstable
mp-1201009,-0.0658200159668922,-0.0439378023147583,mp-1201009,1.1594802851388915,Stable,Stable
mp-1247099,-0.7534900307655334,-0.7380174994468689,mp-1247099,0.05191577173809314,Stable,Stable
mp-251,-1.0297564268112185,-1.2027153968811035,mp-251,0.32894977333333486,Stable,Stable
mp-1247400,0.245534747838974,0.2136498689651489,mp-1247400,0.4208169030555524,Unstable,Unstable
mp-1191910,-0.4433709383010864,-0.4538695812225342,mp-1191910,0.3023344331818194,Stable,Stable
mp-1247205,0.1604236960411071,-0.0124850273132324,mp-1247205,0.579351340312499,Unstable,Stable
mp-34898,-3.118725538253784,-3.129412174224853,mp-34898,0.0814120695454541,Stable,Stable
mp-1245891,-0.854097306728363,-0.9379518032073976,mp-1245891,0.22881833214285763,Stable,Stable
mp-16839,-0.6036837100982666,-0.6585522890090942,mp-16839,0.0,Stable,Stable
mp-1219025,-0.1788260191679,-0.1903004646301269,mp-1219025,0.11849207571428622,Stable,Stable
mp-22936,-1.796587586402893,-1.7390543222427368,mp-22936,0.0,Stable,Stable
mp-1203164,-2.0033676624298096,-1.8542739152908323,mp-1203164,0.6719739083333369,Stable,Stable
mp-1189669,1.2686867713928225,1.3582029342651367,mp-1189669,1.9116855068333347,Unstable,Unstable
mp-1220407,-0.8012470602989197,-0.8083335161209106,mp-1220407,0.1578384659375036,Stable,Stable
mp-1246720,-0.6520897746086121,-0.66064453125,mp-1246720,0.11686980499999944,Stable,Stable
mp-1222676,-0.4751383364200592,-0.4451246261596679,mp-1222676,0.03323263154761946,Stable,Stable
mp-1205931,0.3941363394260406,0.5224075317382812,mp-1205931,0.9845924850000016,Unstable,Unstable
mp-1105281,-0.3650465607643127,-0.3848360776901245,mp-1105281,0.8474950966071395,Stable,Stable
mp-5245,0.1227989122271537,0.2164586782455444,mp-5245,0.2557681054999996,Unstable,Unstable
mp-555979,-1.433104395866394,-1.5309582948684692,mp-555979,0.0,Stable,Stable
mp-1360796,0.1060059443116188,0.1979925632476806,mp-1360796,0.6271231893750002,Unstable,Unstable
mp-1245759,-0.3526024520397186,-0.3521376848220825,mp-1245759,0.23186004516666703,Stable,Stable
mp-989592,-1.2073867321014404,-0.9958862662315368,mp-989592,0.0,Stable,Stable
mp-1245847,-0.0618719346821308,-0.120585560798645,mp-1245847,0.3127214765624977,Stable,Stable
mp-1212577,-0.2056972086429596,-0.2055860757827758,mp-1212577,0.5581962005882355,Stable,Stable
mp-1207389,-0.5692529678344727,-0.3620084524154663,mp-1207389,1.0912916085000006,Stable,Stable
mp-1245860,0.0793797597289085,0.0431803464889526,mp-1245860,0.1467219044444441,Unstable,Unstable
mp-1433304,-0.4771387577056885,-0.5445847511291504,mp-1433304,0.6086610460277795,Stable,Stable
mp-1400762,-0.2075072228908538,-0.1431812047958374,mp-1400762,0.282555295499999,Stable,Stable
mp-1196441,-0.3841235041618347,-0.2660202980041504,mp-1196441,0.07247056046875233,Stable,Stable
mp-1245852,-0.5640897154808044,-0.7732638120651245,mp-1245852,0.3225281696590834,Stable,Stable
mp-1223097,-0.5739880204200745,-0.5653839111328125,mp-1223097,0.008584822812499837,Stable,Stable
mp-22597,-0.0099743092432618,-0.1402910947799682,mp-22597,1.1076772400454526,Stable,Stable
mp-1245729,-0.7925470471382141,-0.7094790935516357,mp-1245729,0.07587477069444315,Stable,Stable
mp-561127,-1.3824206590652466,-1.431493639945984,mp-561127,0.0013387882716040522,Stable,Stable
mp-720869,-1.1354026794433594,-1.055445671081543,mp-720869,0.059707455833333256,Stable,Stable
mp-568338,-0.7988028526306152,-0.7945597171783447,mp-568338,0.005673508750006384,Stable,Stable
mp-1014910,0.0195641908794641,-0.1344307661056518,mp-1014910,0.5190220708333335,Unstable,Stable
mp-1200281,-0.0496275015175342,0.2200351953506469,mp-1200281,0.29517658258789137,Stable,Unstable
mp-35695,-0.4967870414257049,-0.4956141710281372,mp-35695,0.08578581187499967,Stable,Stable
mp-1202907,-1.9984748363494875,-1.905516266822815,mp-1202907,0.4913560539285706,Stable,Stable
mp-1245646,0.0710180699825286,0.037239670753479,mp-1245646,0.08339870010000006,Unstable,Unstable
mp-1029497,-0.7068573236465454,-0.6116124391555786,mp-1029497,0.0,Stable,Stable
mp-1245725,-0.3288725614547729,-0.4238675832748413,mp-1245725,0.3091046921296279,Stable,Stable
mp-644385,0.197178915143013,0.230466604232788,mp-644385,0.46071078249999786,Unstable,Unstable
mp-1025343,0.6652001738548279,0.5222573280334473,mp-1025343,1.3441976628571437,Unstable,Unstable
mp-1246774,-0.9990625977516174,-0.9686924815177916,mp-1246774,0.199571302962962,Stable,Stable
mp-1245821,0.0481871291995048,0.1551798582077026,mp-1245821,0.3684179573333335,Unstable,Unstable
mp-37906,-0.8117910623550415,-0.8382033705711365,mp-37906,0.0,Stable,Stable
mp-728437,-0.7869147658348083,-0.723377525806427,mp-728437,0.5835567821666654,Stable,Stable
mp-1246653,0.2175662070512771,0.3180341720581054,mp-1246653,0.36610465455882313,Unstable,Unstable
mp-1238935,-0.1345763504505157,-0.2505847215652466,mp-1238935,0.8704167190340897,Stable,Stable
mp-1208904,-1.5704952478408811,-1.495287299156189,mp-1208904,0.1746896201152497,Stable,Stable
mp-1246505,-0.1212242767214775,-0.2217180728912353,mp-1246505,0.26679316220779103,Stable,Stable
mp-1245602,-0.4723599255084991,-0.4927051067352295,mp-1245602,0.13146713121212095,Stable,Stable
mp-1214576,-0.9639731645584106,-1.2054314613342283,mp-1214576,0.5733803766145842,Stable,Stable
mp-571653,0.4981181919574737,0.5679395198822021,mp-571653,0.4981181882142849,Unstable,Unstable
mp-5515,-0.6792702674865723,-0.6869031190872192,mp-5515,0.0,Stable,Stable
mp-1196142,-0.4557720124721527,-0.6069388389587402,mp-1196142,0.769496634166666,Stable,Stable
mp-27855,0.014406899921596,0.469799280166626,mp-27855,0.36966590215277817,Unstable,Unstable
mp-1030950,-0.6417468190193176,-0.6582034826278687,mp-1030950,0.0,Stable,Stable
mp-1245699,-1.124887466430664,-1.0863335132598877,mp-1245699,0.061810911874999874,Stable,Stable
mp-1203682,-0.8921595215797424,-0.8433738350868225,mp-1203682,0.6728844566435077,Stable,Stable
mp-2114,-1.999617338180542,-1.8815257549285889,mp-2114,0.0,Stable,Stable
mp-1245690,0.2305621802806854,0.3349967002868652,mp-1245690,0.23056217749999952,Unstable,Unstable
mp-1246519,-0.685971200466156,-0.755079448223114,mp-1246519,0.12449259646052546,Stable,Stable
mp-27198,-0.9925885200500488,-1.085728883743286,mp-27198,0.0,Stable,Stable
mp-24515,0.1306852847337722,0.6278247833251953,mp-24515,0.730151434642857,Unstable,Unstable
mp-1029490,-1.210351586341858,-1.3662233352661133,mp-1029490,0.10659258924242287,Stable,Stable
mp-556297,-0.481889933347702,-0.2190004587173462,mp-556297,0.19433494737500023,Stable,Stable
mp-1245827,0.3444224596023559,0.2256600856781005,mp-1245827,0.7138992424374981,Unstable,Unstable
mp-1246522,-0.7304025292396545,-0.7920977473258972,mp-1246522,0.08785375652777727,Stable,Stable
mp-776408,-2.949254512786865,-2.979618549346924,mp-776408,0.1034714605498035,Stable,Stable
mp-1197785,-0.3823443353176117,-0.2759407758712768,mp-1197785,0.02871590462121265,Stable,Stable
mp-1189263,-0.7558673024177551,-0.720291793346405,mp-1189263,0.0,Stable,Stable
mp-1192810,-0.6548170447349548,-0.6273524761199951,mp-1192810,0.9534650335833428,Stable,Stable
mp-1217538,-0.3270420730113983,-0.6011409759521484,mp-1217538,1.1761044529761895,Stable,Stable
mp-1402859,0.1664217561483383,-0.0849916934967041,mp-1402859,0.549981169999997,Unstable,Stable
mp-1181469,-0.0841818451881408,0.3460469245910644,mp-1181469,0.48939954857638757,Stable,Unstable
mp-4400,-1.5474917888641355,-1.3943562507629397,mp-4400,0.4877594663333369,Stable,Stable
mp-1246830,-0.4265458583831787,-0.3024036884307861,mp-1246830,0.16750969562500018,Stable,Stable
mp-1244927,0.0321296900510787,0.3965873718261719,mp-1244927,0.7021790985000003,Unstable,Unstable
mp-1246530,-0.9755362272262572,-0.9204819798469543,mp-1246530,0.051322726730768764,Stable,Stable
mp-1216630,-0.927133560180664,-0.834515392780304,mp-1216630,0.3355044318749947,Stable,Stable
mp-1029741,-0.6584271192550659,-0.6409729719161987,mp-1029741,0.0,Stable,Stable
mp-1246320,-0.9464986324310304,-1.0847382545471191,mp-1246320,0.1925091984444407,Stable,Stable
mp-1212403,-0.2782590091228485,-0.236875295639038,mp-1212403,0.09770421022727405,Stable,Stable
mp-1205907,0.6885021924972534,0.9355034828186036,mp-1205907,1.359379848333333,Unstable,Unstable
mp-1246069,0.057637445628643,-0.0187650918960571,mp-1246069,0.3365222691666663,Unstable,Stable
mp-1029843,-0.9845998883247375,-0.9251508712768556,mp-1029843,0.0,Stable,Stable
mp-706053,-0.9895243048667908,-1.0874415636062622,mp-706053,0.2634762024107147,Stable,Stable
mp-1244884,0.0222424194216728,0.2881652116775512,mp-1244884,0.6922918271,Unstable,Unstable
mp-1245746,-0.0659450218081474,0.1259390115737915,mp-1245746,0.26651128135416613,Stable,Unstable
mp-1019086,0.3739858269691467,0.7751476764678955,mp-1019086,0.3739858224999999,Unstable,Unstable
mp-1199403,-1.8468987941741943,-1.9843770265579224,mp-1199403,0.6393763748307286,Stable,Stable
mp-1206907,1.6115844249725342,1.0392725467681885,mp-1206907,1.611584420833335,Unstable,Unstable
mp-680300,-1.1810779571533203,-0.8773988485336304,mp-680300,0.02630569856771281,Stable,Stable
mp-1225101,-0.0903310775756836,-0.1189271211624145,mp-1225101,0.09741944981481598,Stable,Stable
mp-1232890,-0.7266751527786255,-0.6801553964614868,mp-1232890,0.02251165500000063,Stable,Stable
mp-1214460,-0.5785485506057739,-0.4631810188293457,mp-1214460,0.7054483462499999,Stable,Stable
mp-1208388,-0.8753153681755066,-0.8137395977973938,mp-1208388,1.1089875365104227,Stable,Stable
mp-1199969,-0.5901477932929993,-0.6372314691543579,mp-1199969,0.21427481799999715,Stable,Stable
mp-1245337,-0.8062983155250549,-0.7986013293266296,mp-1245337,0.2211021571111118,Stable,Stable
mp-559655,-2.0466649532318115,-1.973678708076477,mp-559655,0.009658022916665843,Stable,Stable
mp-1201503,0.4735211133956909,0.2756186723709106,mp-1201503,1.0119424270238095,Unstable,Unstable
mp-24741,-1.5716876983642578,-1.5156415700912476,mp-24741,0.0,Stable,Stable
mp-1245766,-0.1973617076873779,-0.2353503704071045,mp-1245766,0.2948467812500075,Stable,Stable
mp-1182568,0.6115165948867798,0.4078841209411621,mp-1182568,0.6604259521875004,Unstable,Unstable
mp-1192000,-0.3272365629673004,-0.4022752046585083,mp-1192000,0.025562318749997814,Stable,Stable
mp-653586,0.1271770745515823,0.1197355985641479,mp-653586,0.44183242590909,Unstable,Unstable
mp-1204894,-1.7321325540542605,-1.7247668504714966,mp-1204894,0.5156701840178535,Stable,Stable
mp-1203936,0.3921875357627868,0.5201535224914551,mp-1203936,1.1586501565624978,Unstable,Unstable
mp-1225081,-0.8531154990196228,-0.868553876876831,mp-1225081,0.2366467493452351,Stable,Stable
mp-30068,0.3017649352550506,0.8603305816650391,mp-30068,0.5058100020833329,Unstable,Unstable
mp-1199452,-0.8195326924324036,-0.6523540019989014,mp-1199452,1.360452952166666,Stable,Stable
mp-1200267,-2.394963502883911,-2.495497465133667,mp-1200267,0.4493809229166663,Stable,Stable
mp-1247192,-0.7712904810905457,-0.8564773201942444,mp-1247192,0.2591043796874999,Stable,Stable
mp-1245429,-1.5018362998962402,-1.5046560764312744,mp-1245429,0.0,Stable,Stable
mp-989643,-0.641243577003479,-0.6046735048294067,mp-989643,0.0,Stable,Stable
mp-1245558,-0.2764871120452881,-0.2931803464889526,mp-1245558,0.09801140371647499,Stable,Stable
mp-1193311,-1.4025521278381348,-1.2657982110977173,mp-1193311,0.3740403266346206,Stable,Stable
mp-1196028,-1.9589744806289675,-1.8249359130859373,mp-1196028,0.1568248637500007,Stable,Stable
mp-1211733,-1.9698411226272583,-1.9211355447769165,mp-1211733,0.23553368568840494,Stable,Stable
mp-23763,-0.9846001863479614,-1.0509378910064695,mp-23763,0.0,Stable,Stable
mp-1197218,1.1238025426864624,1.2708673477172852,mp-1197218,1.1855325895568765,Unstable,Unstable
mp-24266,-1.188179850578308,-1.1822162866592407,mp-24266,0.012006669583331409,Stable,Stable
mp-19310,-1.048845887184143,-0.977709949016571,mp-19310,0.10619890147727507,Stable,Stable
mp-827,-0.2211123406887054,0.0247678756713867,mp-827,0.0,Stable,Unstable
mp-1246001,-0.6482807993888855,-0.552619457244873,mp-1246001,0.1784423520833336,Stable,Stable
mp-16730,-0.1456597000360489,-0.3576849699020386,mp-16730,0.4005607162500002,Stable,Stable
mp-37808,-1.8579952716827397,-1.937806248664856,mp-37808,0.0,Stable,Stable
mp-31356,-1.095187067985535,-1.0838068723678589,mp-31356,0.003912262135416178,Stable,Stable
mp-721758,-1.732158660888672,-1.6982094049453735,mp-721758,0.19765254450956338,Stable,Stable
mp-1245579,0.1156967729330062,-0.0757133960723877,mp-1245579,0.4589818780555568,Unstable,Stable
mp-1246596,-0.3729266822338104,-0.4120978116989136,mp-1246596,0.012563737291666044,Stable,Stable
mp-867987,-0.6417549252510071,-0.7169631123542786,mp-867987,0.6066222224671041,Stable,Stable
mp-1197554,-1.2125424146652222,-1.27498459815979,mp-1197554,0.26132066222221173,Stable,Stable
mp-1189472,-1.0478930473327637,-0.9538663029670716,mp-1189472,0.18425119270833257,Stable,Stable
mp-725941,-1.0743833780288696,-1.282927632331848,mp-725941,0.8087617088461512,Stable,Stable
mp-1096892,2.636251926422119,2.3970980644226074,mp-1096892,2.6362519984374986,Unstable,Unstable
mp-559044,0.0239481404423713,0.2334574460983276,mp-559044,0.16284084895833395,Unstable,Unstable
mp-11018,-0.8330168128013611,-0.5972756147384644,mp-11018,0.08754998868181563,Stable,Stable
mp-1196424,-0.4293375611305237,-0.3079915046691894,mp-1196424,0.012221430773809772,Stable,Stable
mp-1199514,1.5418221950531006,1.5831665992736816,mp-1199514,1.8915390766666667,Unstable,Unstable
mp-6185,-0.2447334676980972,-0.1356325149536132,mp-6185,0.04333892392856953,Stable,Stable
mp-1118943,-0.4103960692882538,-0.357380747795105,mp-1118943,0.0,Stable,Stable
mp-989557,-0.8072201013565063,-0.698261022567749,mp-989557,0.06251445233333008,Stable,Stable
mp-755881,-3.192737340927124,-3.2540602684021,mp-755881,0.05474090026192435,Stable,Stable
mp-1209203,1.6662884950637815,1.5246801376342771,mp-1209203,1.9950519349999993,Unstable,Unstable
mp-9519,0.3441933095455169,0.7023353576660156,mp-9519,0.3441932969444448,Unstable,Unstable
mp-542148,-1.6701289415359497,-1.6260359287261963,mp-542148,0.07311867791666682,Stable,Stable
mp-775918,-3.039747953414917,-3.0725879669189453,mp-775918,0.11203982475000984,Stable,Stable
mp-775786,-2.5305869579315186,-2.614477157592773,mp-775786,0.1284122292499994,Stable,Stable
mp-1407010,-1.0857733488082886,-1.1271514892578125,mp-1407010,0.10892982813333418,Stable,Stable
mp-1019319,-0.1457215249538421,-0.1601582765579223,mp-1019319,0.028997522812499454,Stable,Stable
mp-1246107,-0.4897858202457428,-0.4436458349227905,mp-1246107,0.39893298333333505,Stable,Stable
mp-1245775,-0.9924148321151732,-1.1638431549072266,mp-1245775,0.23526632649999613,Stable,Stable
mp-1223360,-1.1520856618881226,-1.1299495697021484,mp-1223360,0.8690820952083298,Stable,Stable
mp-1187906,0.7692700624465942,0.7617645263671875,mp-1187906,0.7960967959374994,Unstable,Unstable
mp-734315,-0.612969696521759,-0.4374134540557861,mp-734315,1.0610934085416615,Stable,Stable
mp-1245792,-0.3555045425891876,-0.445376992225647,mp-1245792,0.12066607861111311,Stable,Stable
mp-725087,1.081002116203308,0.814939022064209,mp-725087,1.5358243384999994,Unstable,Unstable
mp-1193572,-0.3189524114131927,-0.1532669067382812,mp-1193572,1.3763597287333287,Stable,Stable
mp-731674,-2.0458483695983887,-2.0290215015411377,mp-731674,0.4473783583928528,Stable,Stable
mp-1029633,-0.6125781536102295,-0.3951505422592163,mp-1029633,0.0,Stable,Stable
mp-1072167,0.6936864256858826,0.9277904033660888,mp-1072167,1.3932902333333317,Unstable,Unstable
mp-1218778,-0.989982843399048,-1.1535167694091797,mp-1218778,0.10688443500000133,Stable,Stable
mp-277,-1.852383136749268,-1.7684394121170044,mp-277,0.0,Stable,Stable
mp-1179398,-1.626563310623169,-1.8361930847167969,mp-1179398,0.5536565924999985,Stable,Stable
mp-1246328,-1.1165125370025637,-1.1703786849975586,mp-1246328,0.14843500227777895,Stable,Stable
mp-733572,-0.8117839694023132,-0.7147536277770996,mp-733572,0.24767942990421687,Stable,Stable
mp-1029799,-1.143129587173462,-1.1530146598815918,mp-1029799,0.0,Stable,Stable
mp-972036,-0.1741252839565277,-0.1470129489898681,mp-972036,0.29029547749999907,Stable,Stable
mp-1247373,-0.7853990197181702,-0.7354452013969421,mp-1247373,0.2760488678846169,Stable,Stable
mp-21150,0.4640195071697235,0.119208812713623,mp-21150,1.8508698526190495,Unstable,Unstable
mp-634716,-0.4808178246021271,-0.4731961488723755,mp-634716,0.06422661388888251,Stable,Stable
mp-1246466,-0.8907762765884399,-1.027435064315796,mp-1246466,0.16808660383332974,Stable,Stable
mp-1197441,-0.3018798828125,-0.2740486860275268,mp-1197441,1.3314592161111118,Stable,Stable
mp-1246628,0.2776888608932495,0.298997163772583,mp-1246628,0.29719923863636666,Unstable,Unstable
mp-1048410,-1.1695140600204468,-1.145409345626831,mp-1048410,0.18301387250000012,Stable,Stable
mp-1246377,-0.7538278698921204,-0.6277636289596558,mp-1246377,0.10467319156249744,Stable,Stable
mp-1080198,0.3474348187446594,0.394514799118042,mp-1080198,0.3474348239999969,Unstable,Unstable
mp-1209200,0.1001770868897438,-0.1930795907974243,mp-1209200,1.336464419444444,Unstable,Stable
mp-1097791,-0.2112424969673156,-0.2869642972946167,mp-1097791,0.3025680420454524,Stable,Stable
mp-1096934,-0.1302187740802765,-0.1738806962966919,mp-1096934,0.36923910797619186,Stable,Stable
mp-1245639,0.1304913163185119,0.027717113494873,mp-1245639,0.38793714981875604,Unstable,Unstable
mp-1245048,0.2068983316421508,0.2589812278747558,mp-1245048,0.20689833489999998,Unstable,Unstable
mp-1180463,1.4429123401641846,1.465120553970337,mp-1180463,1.8551137919791651,Unstable,Unstable
mp-1214469,-0.8431683778762817,-0.7549099326133728,mp-1214469,0.41438006145833306,Stable,Stable
mp-1196086,-0.6343845129013062,-0.4823946952819824,mp-1196086,0.0,Stable,Stable
mp-1208508,-0.5732833743095398,-0.4874886274337768,mp-1208508,0.31858356625000095,Stable,Stable
mp-1179538,2.597930908203125,-0.4824554920196533,mp-1179538,3.269897336666668,Unstable,Stable
mp-1246497,-0.1812945753335952,0.0186179876327514,mp-1246497,0.1837095031666678,Stable,Unstable
mp-2925199,0.7782254815101624,0.7417209148406982,mp-2925199,0.9451877874999992,Unstable,Unstable
mp-1246148,-0.8788255453109741,-0.8239187598228455,mp-1246148,0.09879290212963276,Stable,Stable
mp-567459,0.2276421040296554,0.3451809883117676,mp-567459,0.22764210597222245,Unstable,Unstable
mp-672234,4.688204765319824,3.540358543395996,mp-672234,4.68820494375,Unstable,Unstable
mp-766117,-0.5741794109344482,-0.3033945560455322,mp-766117,0.2221015779999993,Stable,Stable
mp-683966,-1.113916516304016,-0.963276743888855,mp-683966,0.013093947734373224,Stable,Stable
mp-1246802,0.2072808742523193,0.1664994955062866,mp-1246802,0.2072808756481468,Unstable,Unstable
mp-1226544,-1.7699180841445925,-1.8208482265472408,mp-1226544,0.010755612500002343,Stable,Stable
mp-1198983,-1.002062439918518,-1.0551921129226685,mp-1198983,0.212943915654761,Stable,Stable
mp-1212626,-0.0396977253258228,0.181721806526184,mp-1212626,0.22569577294643128,Stable,Unstable
mp-1245700,-0.1642859280109405,-0.0695878267288208,mp-1245700,0.21754133799999842,Stable,Stable
mp-726118,-0.332311600446701,-0.0675830841064453,mp-726118,0.0,Stable,Stable
mp-1245855,-0.627311646938324,-0.4970279932022095,mp-1245855,0.04714371666666217,Stable,Stable
mp-1204205,1.0836552381515503,1.3095333576202393,mp-1204205,1.408521703708331,Unstable,Unstable
mp-1118911,-0.0835709124803543,0.0256319046020507,mp-1118911,0.24149894804741123,Stable,Unstable
mp-1009019,0.5526435375213623,0.7658367156982422,mp-1009019,0.8663889649999996,Unstable,Unstable
mp-1192081,0.0996825620532035,0.0763788223266601,mp-1192081,0.9134694354166668,Unstable,Unstable
mp-22175,-0.6331071257591248,-0.6506916284561157,mp-22175,0.08054784977890961,Stable,Stable
mp-1246532,0.032465387135744,0.1849582195281982,mp-1246532,0.032465387500000276,Unstable,Unstable
mp-1079569,-0.4440544843673706,-0.0548776388168334,mp-1079569,0.5114227761111128,Stable,Stable
mp-1202654,-0.2342003881931305,-0.0829198360443115,mp-1202654,1.21529862311111,Stable,Stable
mp-1009496,0.4918620884418487,0.6540782451629639,mp-1009496,0.4918620775000022,Unstable,Unstable
mp-1180334,0.107409082353115,0.3442766666412353,mp-1180334,0.6216735074999997,Unstable,Unstable
mp-13288,-0.3072441518306732,-0.2814996242523193,mp-13288,0.027976386666667796,Stable,Stable
mp-776245,-2.27832293510437,-2.377056121826172,mp-776245,0.185638653833335,Stable,Stable
mp-1212560,-0.1007040143013,-0.0674607753753662,mp-1212560,0.4764112429111087,Stable,Stable
mp-1105785,-0.5538502931594849,-0.4926797151565552,mp-1105785,0.036685419999999525,Stable,Stable
mp-989638,-0.5733301639556885,-0.5170180797576904,mp-989638,0.0,Stable,Stable
mp-1182683,1.0637593269348145,0.7988648414611816,mp-1182683,1.5521354812433854,Unstable,Unstable
mp-1246090,-0.2683106958866119,-0.2256478071212768,mp-1246090,0.2028682601851859,Stable,Stable
mp-1016078,0.0433043576776981,-0.1333353519439697,mp-1016078,0.5427622379166674,Unstable,Stable
mp-1205256,-1.277545690536499,-1.1918201446533203,mp-1205256,0.08557551692708465,Stable,Stable
mp-703527,-0.1288205981254577,-0.2428680658340454,mp-703527,0.18741764774999492,Stable,Stable
mp-849229,-1.10645854473114,-1.0343269109725952,mp-849229,0.009179653181815794,Stable,Stable
mp-1209601,-0.0994216278195381,0.256585955619812,mp-1209601,1.1599494977777782,Stable,Unstable
mp-1216786,0.1468497961759567,0.4528646469116211,mp-1216786,0.8964965225000001,Unstable,Unstable
mp-1245513,-0.1392754912376403,0.0515832901000976,mp-1245513,0.3719318287500002,Stable,Unstable
mp-559369,-1.228801965713501,-1.1441162824630735,mp-559369,0.0,Stable,Stable
mp-1226171,-0.93383526802063,-0.7491978406906128,mp-1226171,0.07913923117045574,Stable,Stable
mp-1191629,-0.4287610948085785,-0.4120837450027466,mp-1191629,1.0644810836363696,Stable,Stable
mp-1209100,0.885006844997406,0.8636617660522461,mp-1209100,1.5296259401111136,Unstable,Unstable
mp-1245333,0.4024195373058319,0.3669095039367676,mp-1245333,0.40241954946428393,Unstable,Unstable
mp-1245403,0.3796026706695556,0.5151143074035645,mp-1245403,0.37960266111111096,Unstable,Unstable
mp-1096900,-0.0136189637705683,-0.0717147588729858,mp-1096900,0.4858389158333356,Stable,Stable
mp-1200061,-0.4093553125858307,-0.3639543056488037,mp-1200061,0.11650606587120915,Stable,Stable
mp-1209607,0.1453038305044174,-0.3880947828292846,mp-1209607,0.6115199231249999,Unstable,Stable
mp-1247357,-1.086861252784729,-1.095319747924805,mp-1247357,0.2854505775000007,Stable,Stable
mp-542738,0.3699650466442108,0.4307875633239746,mp-542738,0.36996504281250076,Unstable,Unstable
mp-1205850,0.5733862519264221,0.6684327125549316,mp-1205850,1.326140745833333,Unstable,Unstable
mp-727104,0.6446112990379333,1.6444392204284668,mp-727104,1.6401122423684207,Unstable,Unstable
mp-1247141,-0.2153207808732986,0.2187798023223877,mp-1247141,0.2589854676923089,Stable,Unstable
mp-1245369,-0.3849316537380218,-0.4358432292938232,mp-1245369,0.26310330570833074,Stable,Stable
mp-1180913,-0.5511272549629211,-0.5515533685684204,mp-1180913,0.46582608039474316,Stable,Stable
mp-1200863,-1.5811318159103394,-1.6066961288452148,mp-1200863,0.5717363592424292,Stable,Stable
mp-1029938,-0.6598371863365173,-0.6125442981719971,mp-1029938,0.0,Stable,Stable
mp-1245704,-0.3827415704727173,-0.4353042840957641,mp-1245704,0.18493511888888747,Stable,Stable
mp-1247401,-0.236318364739418,-0.2982150316238403,mp-1247401,0.3459218744444428,Stable,Stable
mp-13038,-2.4889490604400635,-2.443672180175781,mp-13038,0.0,Stable,Stable
mp-1217141,-0.9775170087814332,-1.04600191116333,mp-1217141,0.002095168749997711,Stable,Stable
mp-1105011,1.1216074228286743,0.805931568145752,mp-1105011,2.210125022589282,Unstable,Unstable
mp-1102571,-0.5278592109680176,-0.455499529838562,mp-1102571,0.06967702875000015,Stable,Stable
mp-859876,-0.7715209126472473,-0.6123783588409424,mp-859876,0.1926093995000011,Stable,Stable
mp-1200918,1.0920571088790894,1.0722219944000244,mp-1200918,1.4255485382291657,Unstable,Unstable
mp-1190850,-0.2260189652442932,-0.333035945892334,mp-1190850,0.5772788132954467,Stable,Stable
mp-1014252,-1.0178687572479248,-0.9773520231246948,mp-1014252,0.0,Stable,Stable
mp-1179964,-0.126706063747406,-0.1171764135360717,mp-1179964,0.6392855866666691,Stable,Stable
mp-1079655,0.4153008162975311,0.4496321678161621,mp-1079655,0.9434099688888886,Unstable,Unstable
mp-541627,-0.2497288435697555,-0.2872434854507446,mp-541627,0.122462066197917,Stable,Stable
mp-1245888,-0.3315277397632599,-0.2084797620773315,mp-1245888,0.22446056999999975,Stable,Stable
mp-2229395,-2.5164883136749268,-2.562509298324585,mp-2229395,0.2693483587500065,Stable,Stable
mp-1199130,-0.0626152232289314,-0.1064052581787109,mp-1199130,0.9353757930555551,Stable,Stable
mp-1212515,-0.919481635093689,-0.586467981338501,mp-1212515,0.11292847736363676,Stable,Stable
mp-1245014,0.2433529645204544,0.2164473533630371,mp-1245014,0.24335296439999965,Unstable,Unstable
mp-1247501,-1.2640305757522583,-1.2663958072662354,mp-1247501,0.15786641972221815,Stable,Stable
mp-999317,0.2395195364952087,0.4900274276733398,mp-999317,0.23951953250000102,Unstable,Unstable
mp-1008985,0.8723945021629333,0.8920192718505859,mp-1008985,0.872394495,Unstable,Unstable
mp-1246674,-0.1902110278606414,-0.135244607925415,mp-1246674,0.3707443427380941,Stable,Stable
mp-625377,-0.3267896473407745,0.0362896919250488,mp-625377,0.5510116868333332,Stable,Unstable
mp-556273,0.3999018371105194,0.4015340805053711,mp-556273,0.6157623426249996,Unstable,Unstable
mp-1211282,0.9280187487602234,-1.0401077270507812,mp-1211282,2.2953692678571413,Unstable,Stable
mp-1246479,-0.6756553649902344,-0.4768227338790893,mp-1246479,0.40542755124999985,Stable,Stable
mp-556451,-0.4317800402641296,-0.2821123600006103,mp-556451,0.13452766173913044,Stable,Stable
mp-1247407,0.0578905716538429,0.2066003084182739,mp-1247407,0.23317272777777376,Unstable,Unstable
mp-2701,-1.2042224407196045,-1.180753469467163,mp-2701,0.04256885499999896,Stable,Stable
mp-1029267,-1.796189308166504,-1.661479949951172,mp-1029267,0.0,Stable,Stable
mp-731744,0.182866632938385,0.3697423934936523,mp-731744,0.6562973164999999,Unstable,Unstable
mp-1194323,-1.4015270471572876,-1.0993919372558594,mp-1194323,0.6080607952083286,Stable,Stable
mp-1246112,-0.9008506536483764,-0.9582608342170716,mp-1246112,0.15079447812499858,Stable,Stable
mp-23702,-0.5905357003211975,-0.5395654439926147,mp-23702,0.0,Stable,Stable
mp-1078941,-1.5822687149047852,-1.7012476921081543,mp-1078941,0.2979159350000016,Stable,Stable
mp-1101353,-3.1556646823883057,-3.2108139991760254,mp-1101353,0.09373430351190137,Stable,Stable
mp-1246154,-0.1597345322370529,-0.0289629697799682,mp-1246154,0.24891282545454274,Stable,Stable
mp-999292,1.1082717180252075,1.2610890865325928,mp-999292,1.1082717562500015,Unstable,Unstable
mp-1029737,-1.23837149143219,-1.2306532859802246,mp-1029737,0.042143475416672516,Stable,Stable
mp-1245754,0.0251455623656511,0.3370833396911621,mp-1245754,0.24375104488889043,Unstable,Unstable
mp-722862,-1.176070213317871,-1.0801424980163574,mp-722862,0.0,Stable,Stable
mp-11824,-1.2054234743118286,-1.2238149642944336,mp-11824,0.0,Stable,Stable
mp-1204030,-0.810365617275238,-0.8766893148422241,mp-1204030,1.424050335928574,Stable,Stable
mp-697645,-0.9077154397964478,-0.8546005487442017,mp-697645,0.19381846599308883,Stable,Stable
mp-1196548,-0.8885369896888733,-0.8136698007583618,mp-1196548,0.21713913509259175,Stable,Stable
mp-1246912,-0.4587628245353699,-0.5976879596710205,mp-1246912,0.3000552148000004,Stable,Stable
mp-637242,-0.2563350796699524,-0.1935765743255615,mp-637242,0.12377798583333455,Stable,Stable
mp-1224340,-1.2415896654129028,-1.1901044845581057,mp-1224340,0.05347734843750018,Stable,Stable
mp-1245573,-0.0684377327561378,-0.0364851951599121,mp-1245573,0.4368495047222254,Stable,Stable
mp-726974,1.3769510984420776,1.3717327117919922,mp-726974,1.6974531108424906,Unstable,Unstable
mp-1247233,-0.7638164162635803,-0.585065484046936,mp-1247233,0.4339405573611117,Stable,Stable
mp-1217107,-1.7158857583999634,-1.6884156465530396,mp-1217107,0.0019528412499987269,Stable,Stable
mp-1247425,0.1200852394104003,0.2835289239883423,mp-1247425,0.2769579531249997,Unstable,Unstable
mp-343,-1.5457937717437744,-1.5500893592834473,mp-343,0.0,Stable,Stable
mp-28637,-0.1935129165649414,-0.4514443874359131,mp-28637,0.27404404761904555,Stable,Stable
mp-1245701,-0.0311229806393384,0.0242738723754882,mp-1245701,0.22004064021163927,Stable,Unstable
mp-1181950,-0.557428240776062,-0.4217637777328491,mp-1181950,0.5311314427840923,Stable,Stable
mp-1209399,-0.3520223498344421,-0.0085477828979492,mp-1209399,0.0063119252777763535,Stable,Stable
mp-1008826,0.8030698299407959,0.9695920944213868,mp-1008826,0.8030698133333303,Unstable,Unstable
mp-1057084,2.1616432666778564,1.9278864860534668,mp-1057084,2.1625346775,Unstable,Unstable
mp-1213652,-0.3546712696552276,-0.081933856010437,mp-1213652,0.004858975833331058,Stable,Stable
mp-1173041,-1.3841608762741089,-1.2752028703689575,mp-1173041,0.04016446749999858,Stable,Stable
mp-1246637,-0.8522400856018066,-0.8136026859283447,mp-1246637,0.06032471277777596,Stable,Stable
mp-1247359,0.1560022383928299,0.2054922580718994,mp-1247359,0.1560022315909091,Unstable,Unstable
mp-1201218,-1.5250606536865234,-1.8293434381484983,mp-1201218,0.9446834491216238,Stable,Stable
mp-34326,-1.270429611206055,-1.2994095087051392,mp-34326,0.17384582399999937,Stable,Stable
mp-1216861,0.1630434691905975,0.4349210262298584,mp-1216861,1.5439124474074069,Unstable,Unstable
mp-626392,-0.7237221598625183,-0.8239060640335083,mp-626392,0.21799101565789236,Stable,Stable
mp-1245474,-1.1607495546340942,-1.194025993347168,mp-1245474,0.14636735263888667,Stable,Stable
mp-23045,-0.6863649487495422,-0.7289398908615112,mp-23045,0.3357368979166653,Stable,Stable
mp-1102642,0.1384335458278656,-0.2010471820831298,mp-1102642,1.0636620118489568,Unstable,Stable
mp-1182750,0.3861927092075348,0.601442813873291,mp-1182750,1.2035387613254303,Unstable,Unstable
mp-696283,-0.0885273814201355,0.1243548393249511,mp-696283,0.44543887183333375,Stable,Unstable
mp-1247500,-0.0136551316827535,0.0838675498962402,mp-1247500,0.23734120999999853,Stable,Unstable
mp-1227977,-1.4538304805755615,-1.4004079103469849,mp-1227977,0.09802574145833454,Stable,Stable
mp-1246398,0.287205696105957,0.3224272727966308,mp-1246398,0.3395170905555567,Unstable,Unstable
mp-1078490,-0.4308316707611084,-0.4229520559310913,mp-1078490,1.437469530250004,Stable,Stable
mp-556518,-1.1348211765289309,-1.1994574069976809,mp-556518,0.0,Stable,Stable
mp-567060,-0.9053728580474854,-0.5372811555862427,mp-567060,0.37366068752603976,Stable,Stable
mp-1104869,0.1099888384342193,-0.2095497846603393,mp-1104869,1.5110830716833332,Unstable,Stable
mp-1202126,0.352862685918808,0.5830018520355225,mp-1202126,1.2617062114473705,Unstable,Unstable
mp-1060281,-0.6074033379554749,-0.1456606388092041,mp-1060281,0.8055756825000007,Stable,Stable
mp-505233,-0.3902218341827392,-0.4325371980667114,mp-505233,0.01732244279762085,Stable,Stable
mp-1228986,-1.618079423904419,-1.5008652210235596,mp-1228986,0.011887461249997067,Stable,Stable
mp-1245582,0.0537744797766208,-0.2213064432144165,mp-1245582,0.43442112888889106,Unstable,Stable
mp-849727,-2.850788354873657,-2.929722785949707,mp-849727,0.12673227155454825,Stable,Stable
mp-1180222,0.0725805088877677,-0.0026497840881347,mp-1180222,0.27334333969348634,Unstable,Stable
mp-1214385,-0.0274405851960182,0.1127505302429199,mp-1214385,0.4685578747023804,Stable,Unstable
mp-504768,0.297025978565216,0.3975622653961181,mp-504768,0.29702596562500005,Unstable,Unstable
mp-1245824,-0.6226070523262024,-0.5836296081542969,mp-1245824,0.015750799166669438,Stable,Stable
mp-1105265,-2.096141815185547,-1.9450644254684448,mp-1105265,0.14538403109375064,Stable,Stable
mp-1226550,-1.0486029386520386,-1.1214693784713743,mp-1226550,0.04043944194444293,Stable,Stable
mp-1246450,0.3025725185871124,0.1345304250717163,mp-1246450,0.36307585833333267,Unstable,Unstable
mp-1189912,-1.512500286102295,-0.9329779148101808,mp-1189912,0.5892372146875022,Stable,Stable
mp-1195997,-0.3494720757007599,-0.2630834579467773,mp-1195997,0.03869354009375847,Stable,Stable
mp-1200374,-0.0081733521074056,-0.2138919830322265,mp-1200374,0.6108433949652756,Stable,Stable
mp-1246995,-0.1479590833187103,-0.1502014398574829,mp-1246995,0.024181729125001716,Stable,Stable
mp-1247107,-0.9218711256980896,-0.8588526844978333,mp-1247107,0.056386189750000426,Stable,Stable
mp-1197795,-0.3570117652416229,-0.3158696889877319,mp-1197795,0.18305723470237822,Stable,Stable
mp-776278,-2.12834095954895,-2.153815746307373,mp-776278,0.20614318249999997,Stable,Stable
mp-1379904,0.943814754486084,0.9575119018554688,mp-1379904,3.4077762937500014,Unstable,Unstable
mp-1246612,-0.4533492624759674,-0.5339329242706299,mp-1246612,0.2562688637500017,Stable,Stable
mp-1015780,-0.1514480710029602,-0.2193812131881714,mp-1015780,0.3480098156862734,Stable,Stable
mp-24025,-0.1279051452875137,0.0192853212356567,mp-24025,0.7350105734057975,Stable,Unstable
mp-568867,-0.6140545010566711,-0.7457568049430847,mp-568867,0.7068889746428564,Stable,Stable
mp-560947,-0.1793626248836517,0.0476613044738769,mp-560947,0.4284812693518498,Stable,Unstable
mp-1103616,1.8053505420684812,1.7871770858764648,mp-1103616,1.8558570005465365,Unstable,Unstable
mp-684744,-0.1524421572685241,-0.0709736347198486,mp-684744,0.057325703611113,Stable,Stable
mp-781828,-0.4797684252262115,-0.3377809524536133,mp-781828,0.07605390179365301,Stable,Stable
mp-703306,-0.3733392059803009,-0.7422632575035095,mp-703306,0.7809827818750006,Stable,Stable
mp-1247374,-0.457343190908432,-0.337782621383667,mp-1247374,0.228732616913792,Stable,Stable
mp-1246250,-0.3924728035926819,-0.4918240308761596,mp-1246250,0.3971508986111054,Stable,Stable
mp-1201325,-1.392569065093994,-1.2717833518981934,mp-1201325,0.03983421774038565,Stable,Stable
mp-542891,0.1383545249700546,0.3218641281127929,mp-542891,0.19879506719697204,Unstable,Unstable
mp-36940,-0.2208484560251236,-0.3360289335250854,mp-36940,0.4000714055000021,Stable,Stable
mp-1198753,-1.0680253505706787,-0.922892689704895,mp-1198753,0.020824852122809823,Stable,Stable
mp-1025352,-2.3285775184631348,-2.4162278175354004,mp-1025352,0.08318757305555202,Stable,Stable
mp-1198330,-0.5202429294586182,-0.3428114652633667,mp-1198330,0.24484912438596407,Stable,Stable
mp-864954,-1.0387458801269531,-0.9556896090507508,mp-864954,0.0,Stable,Stable
mp-755205,-2.235008001327514,-1.903274655342102,mp-755205,0.22895343000000246,Stable,Stable
mp-555122,-1.1339980363845823,-0.9909884333610536,mp-555122,0.0,Stable,Stable
mp-35035,-0.3735430538654327,-0.244570255279541,mp-35035,0.13920057208333425,Stable,Stable
mp-779712,-3.053636074066162,-3.108121156692505,mp-779712,0.08289849478723355,Stable,Stable
mp-1208579,-0.7013459205627441,-0.5792367458343506,mp-1208579,0.689526363125001,Stable,Stable
mp-1245432,-0.5783221125602722,-0.4675983190536499,mp-1245432,0.11395964948717996,Stable,Stable
mp-1017554,-0.1006752550601959,-0.1177245378494262,mp-1017554,0.0,Stable,Stable
mp-1246940,0.4751827120780945,0.2756118774414062,mp-1246940,0.4751827158333324,Unstable,Unstable
mp-734925,-1.110132336616516,-1.120038986206055,mp-734925,0.17589636663762942,Stable,Stable
mp-542635,0.6339892148971558,0.8642857074737549,mp-542635,0.6339892010156252,Unstable,Unstable
mp-1184037,-0.3858736753463745,-0.3764779567718506,mp-1184037,0.010894965937499279,Stable,Stable
mp-1190356,-1.8989121913909912,-1.9097307920455933,mp-1190356,0.6544080474999916,Stable,Stable
mp-603327,-1.1692699193954468,-0.9473357796669006,mp-603327,0.05343874152573491,Stable,Stable
mp-1245501,0.098897099494934,0.1109616756439209,mp-1245501,0.25622087569444396,Unstable,Unstable
mp-734266,-1.2357971668243408,-1.2097123861312866,mp-734266,0.12063654403225765,Stable,Stable
mp-2964,-1.2261921167373655,-1.1674540042877195,mp-2964,0.018363367343749992,Stable,Stable
mp-776823,-2.8535189628601074,-2.939301013946533,mp-776823,0.12400159655454779,Stable,Stable
mp-1417640,-0.7788639068603516,-0.8151900768280029,mp-1417640,0.7380262589999997,Stable,Stable
mp-1247021,0.251109778881073,0.210343599319458,mp-1247021,0.32369036722222333,Unstable,Unstable
mp-1095181,0.5752811431884766,0.4442317485809326,mp-1095181,0.5766182487499991,Unstable,Unstable
mp-1246081,0.4043083488941192,0.3623597621917724,mp-1246081,0.40430833694444956,Unstable,Unstable
mp-554001,-2.2185709476470947,-2.204423189163208,mp-554001,0.0,Stable,Stable
mp-1225519,-1.8697789907455444,-1.8977564573287964,mp-1225519,0.02630380833332424,Stable,Stable
mp-23009,-1.6352770328521729,-1.6029610633850098,mp-23009,0.0,Stable,Stable
mp-1245434,-1.1234060525894165,-1.0406224727630615,mp-1245434,0.07522780361111181,Stable,Stable
mp-626112,-1.1142677068710327,-1.0196812152862549,mp-626112,0.036591498571426406,Stable,Stable
mp-567933,0.0584250353276729,0.1452653408050537,mp-567933,0.2152977487500003,Unstable,Unstable
mp-1225916,-1.2376042604446411,-1.1626670360565186,mp-1225916,0.022143983541663026,Stable,Stable
mp-1245849,0.0715246349573135,-0.0810511112213134,mp-1245849,0.24101154283333237,Unstable,Stable
mp-1002252,-0.342779278755188,-0.8599637150764465,mp-1002252,0.5574749525999989,Stable,Stable
mp-1247340,-0.1225545406341552,-0.2103537321090698,mp-1247340,0.19421980949999984,Stable,Stable
mp-684642,0.5498054027557373,0.5020673274993896,mp-684642,0.5498053901041668,Unstable,Unstable
mp-999503,-0.2985781729221344,-0.4117783308029175,mp-999503,0.24764224375000055,Stable,Stable
mp-556340,-2.750553607940674,-2.797703266143799,mp-556340,0.08271247070000598,Stable,Stable
mp-34381,-0.5665510892868042,-0.4944120645523071,mp-34381,0.006155149999999665,Stable,Stable
mp-1247368,-0.6630975008010864,-0.7516066431999207,mp-1247368,0.35154663208333403,Stable,Stable
mp-1204260,1.0770504474639893,1.0354962348937988,mp-1204260,1.2248747787499994,Unstable,Unstable
mp-1194016,-1.162806510925293,-1.2378733158111572,mp-1194016,0.9624790578333302,Stable,Stable
mp-569461,0.6740137338638306,0.4724113941192627,mp-569461,0.3645851474999997,Unstable,Unstable
mp-999086,0.1798784732818603,0.3286342620849609,mp-999086,0.3545975283333327,Unstable,Unstable
mp-1245932,0.1140119805932045,0.1229522228240966,mp-1245932,0.304925613,Unstable,Unstable
mp-1245467,-1.6623516082763672,-1.6021592617034912,mp-1245467,0.08441611970587992,Stable,Stable
mp-14712,-0.8964065313339233,-0.892113208770752,mp-14712,0.0,Stable,Stable
mp-1029869,-0.5638939738273621,-0.553033709526062,mp-1029869,0.0,Stable,Stable
mp-15703,-0.5619475841522217,-0.4730068445205688,mp-15703,0.0029211112500000525,Stable,Stable
mp-818262,-0.8300572633743286,-0.7736304402351379,mp-818262,0.7025350563194479,Stable,Stable
mp-1245480,-0.7599214911460876,-0.8403719663619995,mp-1245480,0.21226373097222329,Stable,Stable
mp-1245874,-1.1482882499694824,-1.2172261476516724,mp-1245874,0.24115461090909385,Stable,Stable
mp-732121,-1.647872805595398,-1.559579372406006,mp-732121,0.5399533448958342,Stable,Stable
mp-1246347,-0.4463011920452118,-0.519909143447876,mp-1246347,0.3165146516714561,Stable,Stable
mp-3677,-1.3460087776184082,-1.3792283535003662,mp-3677,0.0,Stable,Stable
mp-1029784,-0.5724393725395203,-0.4505503177642822,mp-1029784,0.0,Stable,Stable
mp-1222753,-2.9906022548675537,-3.04840087890625,mp-1222753,0.16118563075001013,Stable,Stable
mp-1217767,-1.8764731884002688,-2.0045695304870605,mp-1217767,0.4176939440000016,Stable,Stable
mp-1245477,0.0148065565153956,-0.0123127698898315,mp-1245477,0.295517561999997,Unstable,Stable
mp-1247292,-0.1399192661046981,-0.2564935684204101,mp-1247292,0.3067803380555567,Stable,Stable
mp-1245812,0.0539529174566268,-0.1187896728515625,mp-1245812,0.4224157989285704,Unstable,Stable
mp-1227303,-2.6317179203033447,-2.659955739974976,mp-1227303,0.10458369761111896,Stable,Stable
mp-1246829,0.0192240308970212,-0.0856468677520752,mp-1246829,0.08163980714285657,Unstable,Stable
mp-6070,0.0807987675070762,-0.0599536895751953,mp-6070,0.834320023958333,Unstable,Stable
mp-1245760,-0.9260480999946594,-0.8110155463218689,mp-1245760,0.15597422399999417,Stable,Stable
mp-1245584,-0.0691293105483055,-0.2299586534500122,mp-1245584,0.31151733555555516,Stable,Stable
mp-558979,-0.537962794303894,-0.2873636484146118,mp-558979,0.4065458040624996,Stable,Stable
mp-1246139,0.0915991067886352,0.1164827346801757,mp-1246139,0.40032964041666474,Unstable,Unstable
mp-1700,-1.6589230298995972,-1.5359069108963013,mp-1700,0.020749162499999585,Stable,Stable
mp-1225554,-1.8032031059265137,-1.7906326055526731,mp-1225554,0.0,Stable,Stable
mp-6799,-1.3168749809265137,-1.2840416431427002,mp-6799,0.0,Stable,Stable
mp-728544,-1.3680137395858765,-1.3602232933044434,mp-728544,0.0,Stable,Stable
mp-1247413,0.1492512673139572,0.0901045799255371,mp-1247413,0.33903632425287356,Unstable,Unstable
mp-1246096,-0.473677784204483,-0.4322147369384765,mp-1246096,0.15281668930555536,Stable,Stable
mp-1245972,0.0577070787549018,0.217612624168396,mp-1245972,0.3798321458680576,Unstable,Unstable
mp-1245341,0.1664584875106811,0.2314546108245849,mp-1245341,0.2319628961904776,Unstable,Unstable
mp-11918,-1.2485347986221311,-1.2293601036071775,mp-11918,0.0,Stable,Stable
mp-1247381,-0.0966633632779121,-0.1950465440750122,mp-1247381,0.4036304691666679,Stable,Stable
mp-29136,-0.6192317008972168,-0.5229204893112183,mp-29136,0.0,Stable,Stable
mp-1209230,-0.7695140242576599,-0.885766863822937,mp-1209230,1.0987871672500038,Stable,Stable
mp-2229191,-2.5447778701782227,-2.6332924365997314,mp-2229191,0.24105894286765484,Stable,Stable
mp-1064272,0.7989907264709473,0.7798454761505127,mp-1064272,0.9659530675000001,Unstable,Unstable
mp-731856,0.5108076930046082,0.8121204376220703,mp-731856,1.0459031870833315,Unstable,Unstable
mp-1245391,-0.7367721199989319,-0.672876238822937,mp-1245391,0.3228645931818157,Stable,Stable
mp-1247460,-0.3573895394802093,-0.2918620109558105,mp-1247460,0.09363261499999798,Stable,Stable
mp-29943,-1.1097984313964844,-1.0318069458007812,mp-29943,0.005839696590906662,Stable,Stable
mp-1215146,-1.4367579221725464,-1.5455446243286133,mp-1215146,0.7293530286675338,Stable,Stable
mp-7214,-1.0846058130264282,-0.960369884967804,mp-7214,0.0,Stable,Stable
mp-10525,-0.0525350496172905,-0.0756306648254394,mp-10525,0.31727093437739473,Stable,Stable
mp-1245075,0.0640450790524482,0.3982255458831787,mp-1245075,0.7340944892000003,Unstable,Unstable
mp-1196867,-0.6770377159118652,-0.5542656183242798,mp-1196867,0.1106574237500002,Stable,Stable
mp-545788,-1.2042899131774902,-1.2923688888549805,mp-545788,0.1107405257142835,Stable,Stable
mp-1245445,-0.8762914538383484,-0.7442667484283447,mp-1245445,0.0,Stable,Stable
mp-1178820,-1.3321701288223269,-1.2841737270355225,mp-1178820,0.38701658750000245,Stable,Stable
mp-731813,-0.3189347088336944,-0.3017251491546631,mp-731813,0.9848481287499995,Stable,Stable
mp-1245911,-0.5128808617591858,-0.5043679475784302,mp-1245911,0.25416656233333335,Stable,Stable
mp-1204301,-0.6465198993682861,-0.5546478033065796,mp-1204301,0.29993072924528263,Stable,Stable
mp-1246526,-0.4056296944618225,-0.4127583503723144,mp-1246526,0.17681553203703437,Stable,Stable
mp-1019316,-0.2329587340354919,-0.0546895265579223,mp-1019316,0.0,Stable,Stable
mp-1211655,-0.3440078496932983,-0.2218294143676757,mp-1211655,0.014462388055553,Stable,Stable
mp-1094084,0.2944701611995697,0.3704323768615722,mp-1094084,0.2944701640476204,Unstable,Unstable
mp-11583,-1.888679265975952,-1.9387847185134888,mp-11583,0.0,Stable,Stable
mp-1058549,-0.4413817822933197,-0.5783268213272095,mp-1058549,0.39816828843749974,Stable,Stable
mp-1228663,-1.1809920072555542,-1.2151751518249512,mp-1228663,0.0,Stable,Stable
mp-1100774,0.1663673222064972,0.5877807140350342,mp-1100774,0.9572085000000072,Unstable,Unstable
mp-1008556,-1.1602128744125366,-1.053760290145874,mp-1008556,0.014647899999999936,Stable,Stable
mp-1078609,-0.2308287322521209,-0.232721209526062,mp-1078609,0.43799873750000096,Stable,Stable
mp-1210761,-0.4163701832294464,-0.4412215948104858,mp-1210761,0.017221922499996545,Stable,Stable
mp-629082,-1.0130313634872437,-0.9650149345397948,mp-629082,0.008825760416667272,Stable,Stable
mp-1245734,0.2552910149097442,0.2936964035034179,mp-1245734,0.29883936000000055,Unstable,Unstable
mp-29961,-0.2715928256511688,-0.1929559707641601,mp-29961,0.08914109704545226,Stable,Stable
mp-1228410,-2.402815341949463,-2.448455572128296,mp-1228410,0.13975831815590922,Stable,Stable
mp-570046,-1.0990992784500122,-1.0431468486785889,mp-570046,0.0,Stable,Stable
mp-672350,-1.6271312236785889,-1.7659426927566528,mp-672350,0.4812769183333341,Stable,Stable
mp-1029730,-1.3798059225082395,-1.2850931882858276,mp-1029730,0.0,Stable,Stable
mp-1104046,-2.5617918968200684,-2.5633034706115723,mp-1104046,0.12793262303571407,Stable,Stable
mp-780671,-2.7437710762023926,-2.773291110992432,mp-780671,0.03744070533333854,Stable,Stable
mp-1246329,-1.7655844688415527,-1.761132836341858,mp-1246329,0.14102544833333752,Stable,Stable
mp-1190824,0.9005261659622192,0.5286285877227783,mp-1190824,0.9234224104687501,Unstable,Unstable
mp-1181677,-0.807114839553833,-0.8565489649772644,mp-1181677,0.16497594261110926,Stable,Stable
mp-1246938,-0.0193316731601953,0.0781090259552002,mp-1246938,0.22269851492277226,Stable,Unstable
mp-759722,-1.8016918897628784,-1.6346904039382937,mp-759722,0.0,Stable,Stable
mp-1009750,-1.7890210151672363,-1.9310067892074585,mp-1009750,0.3033325250000001,Stable,Stable
mp-1029359,-1.8755446672439573,-1.7611618041992188,mp-1029359,0.0,Stable,Stable
mp-561469,-2.065002679824829,-2.060543775558472,mp-561469,0.09701523619047858,Stable,Stable
mp-1029850,-0.5139270424842834,-0.5023180246353149,mp-1029850,0.0,Stable,Stable
mp-637209,0.6450778841972351,0.6497395038604736,mp-637209,0.3201778624999996,Unstable,Unstable
mp-1101007,-0.3919481933116913,-0.1691974401473999,mp-1101007,0.5194216284848459,Stable,Stable
mp-1247568,-0.7531939744949341,-0.8077340126037598,mp-1247568,0.22378320009258967,Stable,Stable
mp-1106080,-0.7220327258110046,-0.5571216344833374,mp-1106080,0.0,Stable,Stable
mp-1245010,0.2028210461139679,0.2415368556976318,mp-1245010,0.20282104310000193,Unstable,Unstable
mp-1224351,0.25308758020401,0.1879680156707763,mp-1224351,0.6960536831944433,Unstable,Unstable
mp-1213521,-0.5030848383903503,-0.6361511945724487,mp-1213521,0.9459180017708331,Stable,Stable
mp-1244984,0.0716243982315063,0.5043144226074219,mp-1244984,0.7416738018000011,Unstable,Unstable
mp-558667,-0.3508296906948089,-0.2596149444580078,mp-558667,0.45025129194444347,Stable,Stable
mp-1210939,0.6178221702575684,0.6264541149139404,mp-1210939,1.6950264558472217,Unstable,Unstable
mp-1204920,-1.4509001970291138,-1.627094268798828,mp-1204920,0.7776283432720517,Stable,Stable
mp-27378,-0.0094465799629688,0.0512604713439941,mp-27378,0.33769450725000016,Stable,Unstable
mp-679928,-1.469249606132507,-1.4097414016723633,mp-679928,0.0,Stable,Stable
mp-554783,-1.6999571323394775,-1.5094890594482422,mp-554783,0.000290412500000059,Stable,Stable
mp-1201004,-0.6347147226333618,-0.3804191350936889,mp-1201004,0.28758710468235105,Stable,Stable
mp-1008525,-0.404166579246521,-0.7846822142601013,mp-1008525,0.3431268675520851,Stable,Stable
mp-11893,-0.1909034550189972,-0.1916501522064209,mp-11893,0.09801822662878656,Stable,Stable
mp-1246464,0.2200731337070465,0.715613603591919,mp-1246464,0.2661136327499989,Unstable,Unstable
mp-647275,-0.0678162574768066,-0.0272619724273681,mp-647275,0.06091367011067694,Stable,Stable
mp-1178181,-0.6931135058403015,-0.58357834815979,mp-1178181,0.2710168405000015,Stable,Stable
mp-1029851,-0.2910727262496948,-0.2365038394927978,mp-1029851,0.0,Stable,Stable
mp-1079041,1.785796046257019,1.7363474369049072,mp-1079041,2.333550593370371,Unstable,Unstable
mp-1194537,1.179414987564087,1.2604546546936035,mp-1194537,1.472038184615383,Unstable,Unstable
mp-1216730,-2.3360941410064697,-2.215805768966675,mp-1216730,0.2682062670833325,Stable,Stable
mp-626155,-0.3006192743778229,-0.5973738431930542,mp-626155,0.6714714831666644,Stable,Stable
mp-570555,-0.9828205704689026,-0.9622423648834229,mp-570555,0.006460004464285518,Stable,Stable
mp-1245871,-0.2984959483146667,-0.3880889415740967,mp-1245871,0.3343173331944431,Stable,Stable
mp-1245723,0.1542778015136718,0.1296801567077636,mp-1245723,0.36833118214285676,Unstable,Unstable
mp-1101823,0.5884784460067749,0.0704926252365112,mp-1101823,1.4005963523863647,Unstable,Unstable
mp-1181009,-0.5445886254310608,-0.4653490781784057,mp-1181009,0.4697755288815797,Stable,Stable
mp-1245608,0.4024205207824707,0.3217072486877441,mp-1245608,0.4024205157142866,Unstable,Unstable
mp-754712,-0.5215970873832703,-0.4849734306335449,mp-754712,0.0,Stable,Stable
mp-1181417,-0.3132112920284271,-0.3910571336746216,mp-1181417,0.6588794703888867,Stable,Stable
mp-1246668,-0.1002620756626129,-0.118529200553894,mp-1246668,0.21587460592105323,Stable,Stable
mp-1203948,-0.6189533472061157,-0.4620801210403442,mp-1203948,0.2868166769599796,Stable,Stable
mp-559099,-1.198354721069336,-1.1239638328552246,mp-559099,0.0,Stable,Stable
mp-1207722,-0.1806883215904235,-0.3172445297241211,mp-1207722,0.6476185374999996,Stable,Stable
mp-999498,1.4680567979812622,1.1365201473236084,mp-999498,1.4680567887499993,Unstable,Unstable
mp-1210777,-0.9162042140960692,-0.7800309658050537,mp-1210777,0.6628631910416658,Stable,Stable
mp-1247247,-0.4197343289852142,-0.3277938365936279,mp-1247247,0.15961527883620974,Stable,Stable
mp-11917,-1.1857904195785522,-1.2053955793380735,mp-11917,0.0,Stable,Stable
mp-560008,-2.0563230514526367,-1.9346157312393188,mp-560008,0.0,Stable,Stable
mp-1245648,0.2169451564550399,0.1231451034545898,mp-1245648,0.24079116043859727,Unstable,Unstable
mp-777302,-0.5839691162109375,-0.2918579578399658,mp-777302,0.21231186049999984,Stable,Stable
mp-1399796,-0.3997868001461029,-0.6279686689376831,mp-1399796,0.6279780615454538,Stable,Stable
mp-1246457,-0.9743748903274536,-0.8728312253952026,mp-1246457,0.14224113966666607,Stable,Stable
mp-1246511,-0.2179594933986663,-0.1953616142272949,mp-1246511,0.2211248159999979,Stable,Stable
mp-1246840,-0.6916763782501221,-0.6405365467071533,mp-1246840,0.0810610537037002,Stable,Stable
mp-1209922,-0.3279119431972503,-0.4871853590011596,mp-1209922,0.7004671864583338,Stable,Stable
mp-2117,-1.976947784423828,-2.1038308143615723,mp-2117,0.0,Stable,Stable
mp-1246432,-0.0239776596426963,0.2170610427856445,mp-1246432,0.3487191319444456,Stable,Unstable
mp-1247317,0.1407955884933471,0.2283577919006347,mp-1247317,0.3211326396666685,Unstable,Unstable
mp-616463,0.4656446278095245,0.3710737228393554,mp-616463,0.4656446210357146,Unstable,Unstable
mp-7913,-1.4004157781600952,-1.3592630624771118,mp-7913,0.0,Stable,Stable
mp-1246060,-1.3564481735229492,-1.1897752285003662,mp-1246060,0.08429434361111277,Stable,Stable
mp-1208416,-2.066767930984497,-2.153559684753418,mp-1208416,0.59362912919135,Stable,Stable
mp-721299,-1.1517729759216309,-1.0634973049163818,mp-721299,0.01481654155870249,Stable,Stable
mp-1209071,0.0540068112313747,-0.017687439918518,mp-1209071,1.4776265442499978,Unstable,Stable
mp-1222421,0.2848548889160156,0.175597071647644,mp-1222421,0.7593217765000011,Unstable,Unstable
mp-1001828,0.0935401022434234,-0.0051032304763793,mp-1001828,0.5579608675000003,Unstable,Stable
mp-1180300,-0.424675315618515,-0.5106512308120728,mp-1180300,0.09692177300001958,Stable,Stable
mp-1199528,-0.4521211981773376,-0.3357547521591186,mp-1199528,0.09470021294871778,Stable,Stable
mp-1233256,-2.212655782699585,-2.2236008644104004,mp-1233256,0.42353012321428274,Stable,Stable
mp-1029387,-0.7046725153923035,-0.8405506610870361,mp-1029387,0.0,Stable,Stable
mp-1246755,-0.161576971411705,-0.0441639423370361,mp-1246755,0.22653504166666316,Stable,Stable
mp-10732,-1.5075743198394775,-1.5151759386062622,mp-10732,0.23130849750000237,Stable,Stable
mp-570950,0.9876503348350524,0.4334073066711426,mp-570950,1.3574563118773941,Unstable,Unstable
mp-1207386,-2.74523663520813,-2.8860902786254883,mp-1207386,0.02157548187500069,Stable,Stable
mp-1247534,-0.3086583614349365,-0.0240164995193481,mp-1247534,0.13613227999999644,Stable,Stable
mp-556958,-2.228839874267578,-2.099360466003418,mp-556958,0.0,Stable,Stable
mp-1246577,-0.9269184470176696,-1.087656021118164,mp-1246577,0.23858452951923237,Stable,Stable
mp-989616,-0.8058685064315796,-0.7526399493217468,mp-989616,0.09130367112501148,Stable,Stable
mp-23977,0.0549562610685825,0.0938233137130737,mp-23977,0.15304388827256954,Unstable,Unstable
mp-1079018,0.1899036914110183,-0.0653975009918212,mp-1079018,1.2539058894444466,Unstable,Stable
mp-1246383,0.1949421465396881,0.1623626947402954,mp-1246383,0.27714219752057545,Unstable,Unstable
mp-556439,-0.0386427640914917,-0.099258542060852,mp-556439,0.7167345542857131,Stable,Stable
mp-1018718,-1.1600321531295776,-1.2249950170516968,mp-1018718,0.40659793388889653,Stable,Stable
mp-505435,-2.1952614784240723,-2.18396520614624,mp-505435,0.20330415500000143,Stable,Stable
mp-683987,-1.1122599840164185,-1.4405778646469116,mp-683987,0.4829884917708327,Stable,Stable
mp-1180500,0.0169581826776266,0.6132745742797852,mp-1180500,0.7026440875000004,Unstable,Unstable
mp-1246594,0.170155867934227,0.1656396389007568,mp-1246594,0.26958104815789596,Unstable,Unstable
mp-1197425,-2.1873791217803955,-2.132404565811157,mp-1197425,0.3844229627343738,Stable,Stable
mp-1181876,-0.6779013872146606,-0.6748126745223999,mp-1181876,0.40342063103515624,Stable,Stable
mp-1220201,-2.318555355072021,-2.4314520359039307,mp-1220201,0.30451437541665527,Stable,Stable
mp-1009640,-0.7857455015182495,-0.7215101718902588,mp-1009640,0.7600483099999984,Stable,Stable
mp-567441,-1.6595094203948977,-1.7466782331466677,mp-567441,0.0641294968750028,Stable,Stable
mp-35644,-0.7466955780982971,-0.742336630821228,mp-35644,0.016766070000000077,Stable,Stable
mp-1246448,-0.9097561836242676,-0.9327372312545776,mp-1246448,0.032328946071428,Stable,Stable
mp-9723,-1.2519868612289429,-1.2896504402160645,mp-9723,0.0,Stable,Stable
mp-1192059,-1.2046058177947998,-1.284400224685669,mp-1192059,0.9676860362499928,Stable,Stable
mp-1246480,0.5180449485778809,0.4265105724334717,mp-1246480,0.6303905488392854,Unstable,Unstable
mp-1367097,2.05340576171875,2.19245719909668,mp-1367097,2.692858767045454,Unstable,Unstable
mp-1199527,-0.9430363774299622,-0.683922290802002,mp-1199527,0.3974666866666645,Stable,Stable
mp-985299,0.9805402159690856,1.3332808017730713,mp-985299,0.9805402187500007,Unstable,Unstable
mp-1246064,-0.3198985755443573,-0.3406695127487182,mp-1246064,0.13150905548611203,Stable,Stable
mp-1247481,-0.357156902551651,-0.3565648794174194,mp-1247481,0.20379847773809523,Stable,Stable
mp-1197141,-0.8995190262794495,-0.7299489974975586,mp-1197141,0.5982964733014686,Stable,Stable
mp-1245887,0.2031237781047821,0.1165510416030883,mp-1245887,0.4122873928735631,Unstable,Unstable
mp-15799,-1.0409573316574097,-1.1174782514572144,mp-15799,0.2058338762500007,Stable,Stable
mp-1078503,-1.7288217544555664,-1.7835540771484375,mp-1078503,0.3798715656249998,Stable,Stable
mp-572707,0.0477793924510479,-0.019194483757019,mp-572707,0.2923427428928784,Unstable,Stable
mp-1247264,-0.9366600513458252,-1.0461668968200684,mp-1247264,0.11973292722222162,Stable,Stable
mp-720847,-1.0965971946716309,-0.8758662343025208,mp-720847,0.0361241744444456,Stable,Stable
mp-606338,-0.7755392789840698,-0.733456015586853,mp-606338,0.0,Stable,Stable
mp-1245559,-0.6828261017799377,-0.628879189491272,mp-1245559,0.08772426421875146,Stable,Stable
mp-1020193,-1.40898597240448,-1.4516329765319824,mp-1020193,0.013152605000001039,Stable,Stable
mp-1354560,2.5531673431396484,3.11168909072876,mp-1354560,3.3494483529999997,Unstable,Unstable
mp-22387,-1.7470053434371948,-1.8581655025482176,mp-22387,0.0,Stable,Stable
mp-974591,-0.2334529012441635,-0.1689085960388183,mp-974591,0.5089360519444437,Stable,Stable
mp-20999,-1.05857515335083,-1.0370581150054932,mp-20999,0.0,Stable,Stable
mp-1079006,-0.5071552395820618,-0.7439265847206116,mp-1079006,0.25883643000000234,Stable,Stable
mp-1245904,-1.36383056640625,-1.4044554233551023,mp-1245904,0.15922215075757506,Stable,Stable
mp-1245596,0.0793466866016388,0.007039189338684,mp-1245596,0.2960599271264357,Unstable,Unstable
mp-567666,-0.8488473892211914,-0.7380931973457336,mp-567666,0.0,Stable,Stable
mp-1245641,-0.0286781955510377,-0.0853246450424194,mp-1245641,0.253029297500003,Stable,Stable
mp-740765,-0.0770218223333358,0.0441957712173461,mp-740765,0.38211060500000027,Stable,Unstable
mp-1247077,-0.2797429859638214,-0.2044017314910888,mp-1247077,0.28403468062500004,Stable,Stable
mp-1975,-2.1520562171936035,-2.274655342102051,mp-1975,0.0,Stable,Stable
mp-744840,-1.7088534832000732,-1.6724998950958252,mp-744840,0.21923984683825903,Stable,Stable
mp-755526,-3.194544792175293,-3.240689516067505,mp-755526,0.05293334645240222,Stable,Stable
mp-1246976,0.2616288959980011,0.2751913070678711,mp-1246976,0.26162890312499876,Unstable,Unstable
mp-672285,0.0240590218454599,0.2359262704849243,mp-672285,0.1629517302083343,Unstable,Unstable
mp-1205483,-0.9774283170700072,-1.0496962070465088,mp-1205483,0.0,Stable,Stable
mp-567771,-1.313510179519653,-1.2931170463562012,mp-567771,0.0,Stable,Stable
mp-1203251,-0.7272152900695801,-0.4914203882217407,mp-1203251,0.0,Stable,Stable
mp-1246844,0.1175767183303833,0.1421493291854858,mp-1246844,0.38479349416666864,Unstable,Unstable
mp-726261,-0.6504900455474854,-0.6239783763885498,mp-726261,0.6210940775000005,Stable,Stable
mp-558217,-1.0600013732910156,-0.9990283846855164,mp-558217,0.0,Stable,Stable
mp-1187591,-1.6183913946151731,-1.6430855989456177,mp-1187591,0.03124664899999985,Stable,Stable
mp-1197477,-0.1945745795965194,-0.042149543762207,mp-1197477,0.7091595247500013,Stable,Stable
mp-570454,-0.0515464097261428,-0.5770930051803589,mp-570454,1.3071597399999995,Stable,Stable
mp-24119,-0.9456374645233154,-0.8285362124443054,mp-24119,0.0,Stable,Stable
mp-1245628,-1.5937918424606323,-1.6577342748641968,mp-1245628,0.24585293125000085,Stable,Stable
mp-1244886,0.0349851250648498,0.4180972576141357,mp-1244886,0.7050345336999992,Unstable,Unstable
mp-1192293,1.2275456190109253,0.9008510112762452,mp-1192293,1.6660489808333332,Unstable,Unstable
mp-1245841,-0.1610453873872757,-0.1679509878158569,mp-1245841,0.2033023642987013,Stable,Stable
mp-1246199,-0.2265533059835434,-0.1990286111831665,mp-1246199,0.29458072298610993,Stable,Stable
mp-23396,-1.0952881574630735,-0.7624742984771729,mp-23396,0.04523143649999817,Stable,Stable
mp-1246730,0.1299153715372085,0.0576479434967041,mp-1246730,0.27970947913095223,Unstable,Unstable
mp-568759,-1.7146614789962769,-1.6405903100967407,mp-568759,0.0862444224999992,Stable,Stable
mp-1203058,-0.8785278797149658,-0.8084267973899841,mp-1203058,0.0332190715909082,Stable,Stable
mp-1245483,0.0155200902372598,0.1231218576431274,mp-1245483,0.15045426785714255,Unstable,Unstable
mp-570948,-0.8404244780540466,-0.7294158339500427,mp-570948,0.0,Stable,Stable
mp-1196627,0.1912810653448104,-0.0558210611343383,mp-1196627,1.5773228041927068,Unstable,Stable
mp-16945,-0.7975283265113831,-0.663179874420166,mp-16945,0.0,Stable,Stable
mp-817993,-0.7019874453544617,-0.5564253330230713,mp-817993,1.0381981618749991,Stable,Stable
mp-754453,-3.0093533992767334,-3.033775329589844,mp-754453,0.14243443525000998,Stable,Stable
mp-1219808,-1.470950961112976,-1.6569041013717651,mp-1219808,0.14753126000000094,Stable,Stable
mp-1193882,-1.0490546226501465,-0.9627565741539,mp-1193882,0.13458357455357284,Stable,Stable
mp-1222851,-1.6632282733917236,-1.7568180561065674,mp-1222851,0.032057736249999635,Stable,Stable
mp-1103675,-0.753166913986206,-0.3215411901473999,mp-1103675,0.5862666883333301,Stable,Stable
mp-1246072,-0.9505984783172609,-0.7510886192321777,mp-1246072,0.13619496638889217,Stable,Stable
mp-973793,-0.750440776348114,-0.7781185507774353,mp-973793,0.0,Stable,Stable
mp-1212202,-0.951028048992157,-0.9903708696365356,mp-1212202,0.7800994255756484,Stable,Stable
mp-1227386,0.2906806766986847,0.2893674373626709,mp-1227386,0.32809676913792885,Unstable,Unstable
mp-1247320,-0.2828949093818664,-0.3045490980148315,mp-1247320,0.11583482993055405,Stable,Stable
mp-1245829,-0.440839022397995,-0.3289000988006592,mp-1245829,0.04706124565788983,Stable,Stable
mp-13146,-0.8667898178100586,-0.8699004054069519,mp-13146,0.09293087150000012,Stable,Stable
mp-1078816,0.8090262413024902,0.8117213249206543,mp-1078816,0.8090262296875004,Unstable,Unstable
mp-13041,-2.504269599914551,-2.2671658992767334,mp-13041,0.0,Stable,Stable
mp-733481,0.0028849665541201,-0.0220656394958496,mp-733481,0.31680664053229535,Unstable,Stable
mp-1196421,0.4810541272163391,0.4604623317718506,mp-1196421,0.481054139687501,Unstable,Unstable
mp-1147587,-2.13325572013855,-1.9856245517730715,mp-1147587,0.18077489375661315,Stable,Stable
mp-696291,-1.1171101331710815,-1.1176059246063232,mp-696291,0.004832912083333696,Stable,Stable
mp-1196163,-0.1430449038743972,-0.0401872396469116,mp-1196163,0.10040620803571176,Stable,Stable
mp-1219350,-1.1374400854110718,-1.0583094358444214,mp-1219350,0.028990906449270604,Stable,Stable
mp-778973,-0.9922043681144714,-0.9671147465705872,mp-778973,0.006538474861111254,Stable,Stable
mp-1214243,-0.4998380839824676,-0.2637407779693603,mp-1214243,0.6523533967788486,Stable,Stable
mp-1202853,-1.850507378578186,-1.8303484916687007,mp-1202853,0.3502714351851868,Stable,Stable
mp-669377,-1.1438251733779907,-1.0681943893432615,mp-669377,0.00415725312500026,Stable,Stable
mp-1245885,0.0182833727449178,0.0002148151397705,mp-1245885,0.21818243446581143,Unstable,Unstable
mp-1179730,-0.5081937909126282,-0.3642207384109497,mp-1179730,0.6228526357051312,Stable,Stable
mp-1245281,-0.5776690244674683,-0.8032189607620239,mp-1245281,0.8353099933999992,Stable,Stable
mp-1199197,-0.1862288117408752,-0.0679668188095092,mp-1199197,0.0039886591666595805,Stable,Stable
mp-1247236,0.2172905206680297,0.2951912879943847,mp-1247236,0.3419623750000014,Unstable,Unstable
mp-1179967,-1.1177374124526978,-0.7315015196800232,mp-1179967,0.4962985851562509,Stable,Stable
mp-759603,-0.4542729258537292,-0.4643272161483764,mp-759603,0.20328075450980432,Stable,Stable
mp-776201,-2.2434444427490234,-2.2977170944213867,mp-776201,0.22051716950000255,Stable,Stable
mp-1201609,-0.9542149901390076,-0.755694568157196,mp-1201609,0.17080364399073655,Stable,Stable
mp-675472,-3.1147236824035645,-3.2434275150299072,mp-675472,0.0685280114634148,Stable,Stable
mp-1245730,0.3565584123134613,0.4296212196350097,mp-1245730,0.35655841076923167,Unstable,Unstable
mp-571281,-0.1291216164827346,-0.220727801322937,mp-571281,0.06347081571428603,Stable,Stable
mp-28018,-0.6717962026596069,-0.5821660757064819,mp-28018,0.0,Stable,Stable
mp-569704,0.1317427307367324,0.1273475885391235,mp-569704,0.1317427296212088,Unstable,Unstable
mp-1226730,-0.7816252708435059,-0.6442486047744751,mp-1226730,0.0,Stable,Stable
mp-1245138,0.0355808325111866,0.4276723861694336,mp-1245138,0.7056302410999997,Unstable,Unstable
mp-1245752,-0.0675570964813232,-0.0908399820327758,mp-1245752,0.10148468267502508,Stable,Stable
mp-1213535,0.6062948703765869,0.6699845790863037,mp-1213535,1.9026977052976157,Unstable,Unstable
mp-1214928,-2.453599214553833,-2.285757780075073,mp-1214928,0.43302135897435967,Stable,Stable
mp-559514,-2.414506435394287,-2.398946046829224,mp-559514,0.00505471850649819,Stable,Stable
mp-1445156,0.0418766550719738,-0.1663628816604614,mp-1445156,0.1307952219999997,Unstable,Stable
mp-1215232,-1.1847717761993408,-1.1862872838974,mp-1215232,0.08580299343750042,Stable,Stable
mp-1209884,0.8184798955917358,1.311079502105713,mp-1209884,1.3802871291904735,Unstable,Unstable
mp-778978,-3.0549302101135254,-3.1090636253356934,mp-778978,0.081604309042552,Stable,Stable
mp-1182497,-0.2969859540462494,0.1152091026306152,mp-1182497,0.6062944343750005,Stable,Unstable
mp-1223370,-1.6960651874542236,-1.632853627204895,mp-1223370,0.1731053647448988,Stable,Stable
mp-1029309,-0.8863862156867981,-1.162684679031372,mp-1029309,0.04406460083716546,Stable,Stable
mp-1208952,-1.8210649490356443,-1.7924067974090576,mp-1208952,0.0,Stable,Stable
mp-1200143,0.4863583743572235,0.5670640468597412,mp-1200143,0.5991300712500003,Unstable,Unstable
mp-1096919,-0.1431974917650222,-0.1792961359024047,mp-1096919,0.35626038124999937,Stable,Stable
mp-1245875,-0.6654679775238037,-0.6979014873504639,mp-1245875,0.17410229499999907,Stable,Stable
mp-552185,-0.680663526058197,-0.7503368854522705,mp-552185,0.0,Stable,Stable
mp-1246838,-0.3973807990550995,-0.2898076772689819,mp-1246838,0.22553988000000125,Stable,Stable
mp-1194197,-2.014831066131592,-1.996206521987915,mp-1194197,0.12651241160493853,Stable,Stable
mp-1245958,-0.6137678027153015,-0.654708981513977,mp-1245958,0.0826339466071424,Stable,Stable
mp-1210176,-0.823915958404541,-0.75886470079422,mp-1210176,0.6438813539912287,Stable,Stable
mp-1180510,0.459218680858612,0.573296308517456,mp-1180510,1.056892019010415,Unstable,Unstable
mp-989399,-0.9646658897399902,-1.2580190896987915,mp-989399,0.04468752773333362,Stable,Stable
mp-1192688,0.3677068948745727,0.4165370464324951,mp-1192688,0.37792659571428544,Unstable,Unstable
mp-971684,0.0887405574321746,0.2273225784301757,mp-971684,0.0887405596428561,Unstable,Unstable
mp-1189096,-0.2075374126434326,-0.118783950805664,mp-1189096,0.568612415625001,Stable,Stable
mp-1246246,-0.8065432906150818,-0.7894015312194824,mp-1246246,0.0,Stable,Stable
mp-1246646,-0.2779961824417114,-0.3237099647521972,mp-1246646,0.049825114639703294,Stable,Stable
mp-1202871,-3.353091239929199,-3.493133544921875,mp-1202871,0.3471877716666416,Stable,Stable
mp-1220055,1.5183136463165283,1.8051989078521729,mp-1220055,2.1342018634374993,Unstable,Unstable
mp-1220138,-0.3610671162605285,-0.3616975545883178,mp-1220138,0.09155154260000131,Stable,Stable
mp-1246796,-0.6705401539802551,-0.6558260917663574,mp-1246796,0.17581233111111239,Stable,Stable
mp-756204,-2.6739342212677,-2.670701026916504,mp-756204,0.176845795277778,Stable,Stable
mp-1095611,0.7577213048934937,1.8958690166473389,mp-1095611,1.4629186566666617,Unstable,Unstable
mp-1246768,0.1117534413933754,0.2071304321289062,mp-1246768,0.1806101537179483,Unstable,Unstable
mp-567373,-1.5107786655426023,-1.292217254638672,mp-567373,0.0,Stable,Stable
mp-1224690,-0.1643655747175216,-0.2123463153839111,mp-1224690,0.16009258499999746,Stable,Stable
mp-1246509,-0.5504966974258423,-0.539713978767395,mp-1246509,0.01799485863636363,Stable,Stable
mp-1222411,-0.7586213946342468,-0.8624424338340759,mp-1222411,0.0,Stable,Stable
mp-569576,-1.6316989660263062,-1.5448064804077148,mp-569576,0.0,Stable,Stable
mp-989513,-0.8078959584236145,-0.8408755660057068,mp-989513,0.07413227512502019,Stable,Stable
mp-1247162,-0.6331318616867065,-0.7380955815315247,mp-1247162,0.1685258014130424,Stable,Stable
mp-21498,0.5313290357589722,0.3556723594665527,mp-21498,0.5836768090000017,Unstable,Unstable
mp-1209413,0.2589289844036102,0.2527568340301513,mp-1209413,0.25892899546875014,Unstable,Unstable
mp-676599,-0.8606078028678894,-0.4655413627624511,mp-676599,0.03850462184375214,Stable,Stable
mp-1199625,-0.7851082682609558,-0.6608895063400269,mp-1199625,0.0041251385576899224,Stable,Stable
mp-1245598,-0.577320396900177,-0.5178991556167603,mp-1245598,0.0695156436111084,Stable,Stable
mp-849260,-0.4736532270908355,-0.332161545753479,mp-849260,0.10967411366013291,Stable,Stable
mp-1183003,0.6387050747871399,0.6644372940063477,mp-1183003,0.8800199700892852,Unstable,Unstable
mp-1029679,-0.3550666570663452,-0.2592802047729492,mp-1029679,0.0,Stable,Stable
mp-725605,0.1436545550823211,0.2461464405059814,mp-725605,0.27308928919642916,Unstable,Unstable
mp-1225387,-1.037512183189392,-1.1935724020004272,mp-1225387,0.0776408425000028,Stable,Stable
mp-12334,0.2331152260303497,0.0779229402542114,mp-12334,0.4699251971666616,Unstable,Unstable
mp-1009005,1.4999746084213257,1.8621859550476076,mp-1009005,1.4999746625000014,Unstable,Unstable
mp-1029532,-0.8337875604629517,-0.7448528409004211,mp-1029532,0.0,Stable,Stable
mp-986716,-0.6396512389183044,-0.6179218292236328,mp-986716,0.031059600000000742,Stable,Stable
mp-1193658,-1.7219613790512085,-1.6485645771026611,mp-1193658,0.1781527060714323,Stable,Stable
mp-1029422,-0.5791059732437134,-0.7443668246269226,mp-1029422,0.0,Stable,Stable
mp-1245401,-0.2836114168167114,-0.467705488204956,mp-1245401,0.2542882750000004,Stable,Stable
mp-1246670,-0.5226175785064697,-0.5605659484863281,mp-1246670,0.31721852687500096,Stable,Stable
mp-1199362,-0.5952038764953613,-0.5784939527511597,mp-1199362,0.14646226526315687,Stable,Stable
mp-1188466,-0.4117030501365661,-0.3482215404510498,mp-1188466,0.02963206773437399,Stable,Stable
mp-1002181,-0.0800003856420517,0.1965698003768921,mp-1002181,0.09471866833333209,Stable,Unstable
mp-1019734,-1.260715365409851,-1.2944083213806152,mp-1019734,0.0,Stable,Stable
mp-755368,-2.2791178226470947,-2.291372299194336,mp-755368,0.18484368183333544,Stable,Stable
mp-1245949,0.0988109484314918,0.2106684446334839,mp-1245949,0.1305105127777786,Unstable,Unstable
mp-1247339,-0.7198184728622437,-0.8221607804298401,mp-1247339,0.18849899472222198,Stable,Stable
mp-684592,0.0729787796735763,0.0237610340118408,mp-684592,0.3055913808333335,Unstable,Unstable
mp-1212058,-1.1289352178573608,-1.4718413352966309,mp-1212058,0.3315188631770827,Stable,Stable
mp-1029595,-0.1547452360391616,-0.0541095733642578,mp-1029595,0.00020972828543897037,Stable,Stable
mp-1245519,-0.7666481733322144,-0.9239789247512816,mp-1245519,0.38482054062499316,Stable,Stable
mp-1204312,1.460135579109192,0.9875788688659668,mp-1204312,1.654396011750002,Unstable,Unstable
mp-567763,-0.0482709296047687,-0.0992907285690307,mp-567763,0.2611092710937495,Stable,Stable
mp-7790,-1.433421969413757,-1.362553596496582,mp-7790,0.02086333333333279,Stable,Stable
mp-546679,-3.07706356048584,-3.093210458755493,mp-546679,0.12804336464285448,Stable,Stable
mp-2525045,-2.248729944229126,-2.1086127758026123,mp-2525045,0.21523155150000228,Stable,Stable
mp-1380156,-1.1369503736495972,-1.098344326019287,mp-1380156,0.01987504863095335,Stable,Stable
mp-696797,0.0462778285145759,0.2285187244415283,mp-696797,1.0403902485714278,Unstable,Unstable
mp-1245768,1.5024863481521606,0.853050708770752,mp-1245768,2.086948787166667,Unstable,Unstable
mp-1101173,-0.3737454414367676,-0.2892524003982544,mp-1101173,0.09067532999999983,Stable,Stable
mp-1181845,-0.2950111329555511,0.138054609298706,mp-1181845,0.11490237045454421,Stable,Unstable
mp-1008557,-1.1616812944412231,-1.1149623394012451,mp-1008557,0.3846442475000007,Stable,Stable
mp-1069250,0.7105547189712524,0.615288496017456,mp-1069250,1.121002686500003,Unstable,Unstable
mp-1246409,-0.7260261178016663,-0.7452390789985657,mp-1246409,0.2861221786904764,Stable,Stable
mp-541035,-1.717660427093506,-1.5661437511444092,mp-541035,0.0,Stable,Stable
mp-1247453,0.0026230446528643,0.0189790725708007,mp-1247453,0.17166482267502747,Unstable,Unstable
mp-1009495,1.378461837768555,0.957169771194458,mp-1009495,1.3784618174999999,Unstable,Unstable
mp-1193599,-1.1964945793151855,-0.9338437914848328,mp-1193599,0.15267948303571544,Stable,Stable
mp-1001826,-1.0272756814956665,-1.0655746459960938,mp-1001826,0.32525225500000055,Stable,Stable
mp-530841,-1.8232511281967163,-2.002944231033325,mp-530841,0.12083246731958663,Stable,Stable
mp-1079581,2.5798325538635254,2.596438407897949,mp-1079581,2.877646267777777,Unstable,Unstable
mp-1245388,-1.1772799491882324,-1.122258543968201,mp-1245388,0.052495528035713335,Stable,Stable
mp-1203978,-0.3747405707836151,-0.4143776893615722,mp-1203978,0.15246011636393186,Stable,Stable
mp-1179474,-0.1633124500513076,-0.206891655921936,mp-1179474,0.8346785649999999,Stable,Stable
mp-676894,-1.1259448528289795,-1.645985722541809,mp-676894,0.5418804648141862,Stable,Stable
mp-1245566,-0.804956316947937,-0.8803285360336304,mp-1245566,0.22543851749999888,Stable,Stable
mp-1178511,-3.1446235179901123,-3.208573341369629,mp-1178511,0.11363517005952772,Stable,Stable
mp-722329,-0.2237166315317154,-0.1261247396469116,mp-722329,0.1071649819444449,Stable,Stable
mp-5475,-1.1392968893051147,-1.055729866027832,mp-5475,0.0,Stable,Stable
mp-28668,-0.0437895804643631,-0.0691672563552856,mp-28668,0.4715854318134447,Stable,Stable
mp-1202512,-1.3553526401519775,-1.356431245803833,mp-1202512,0.0,Stable,Stable
mp-1193353,-0.8423587083816528,-0.7990756034851074,mp-1193353,0.6008975449038472,Stable,Stable
mp-1209688,-0.758882462978363,-0.7329289317131042,mp-1209688,0.4059097435416703,Stable,Stable
mp-1247310,0.3610457479953766,0.4563140869140625,mp-1247310,0.36104575566666597,Unstable,Unstable
mp-1147624,-0.3809365034103393,-0.184363842010498,mp-1147624,0.4230064153749993,Stable,Stable
mp-1245712,-0.7443434596061707,-0.8613779544830322,mp-1245712,0.2583608121739136,Stable,Stable
mp-1019888,-0.6185259819030762,-0.5224220752716064,mp-1019888,0.0,Stable,Stable
mp-1029776,-0.5682422518730164,-0.4975014925003052,mp-1029776,0.0,Stable,Stable
mp-1246161,-1.3943339586257937,-1.541337490081787,mp-1246161,0.3122480916666692,Stable,Stable
mp-14433,-0.3833356499671936,-0.2887136936187744,mp-14433,0.0,Stable,Stable
mp-555443,-2.05102276802063,-1.9922810792922971,mp-555443,0.0053003851250004175,Stable,Stable
mp-1078939,-1.0923986434936523,-0.868618369102478,mp-1078939,1.1194662519999934,Stable,Stable
mp-1181658,0.3733280301094055,0.5302379131317139,mp-1181658,1.1397394320624974,Unstable,Unstable
mp-989630,-1.2136743068695068,-1.235360860824585,mp-989630,0.03060932350000556,Stable,Stable
mp-1179984,0.9893475770950316,1.0349361896514893,mp-1179984,1.4278509679166667,Unstable,Unstable
mp-1232314,0.3278326392173767,0.2724907398223877,mp-1232314,0.5192753164285708,Unstable,Unstable
mp-1232782,-0.701616644859314,-0.6626746654510498,mp-1232782,0.047570155000000724,Stable,Stable
mp-1246405,-0.0604717172682285,0.0429353713989257,mp-1246405,0.384001610535714,Stable,Unstable
mp-505791,-0.7080407738685608,-0.7523752450942993,mp-505791,0.051595166568625395,Stable,Stable
mp-1234733,-0.0625418797135353,-0.0256513357162475,mp-1234733,0.25153793025000226,Stable,Stable
mp-1238430,-0.258615493774414,-0.220920443534851,mp-1238430,0.12149756375000109,Stable,Stable
mp-1182172,0.2578309178352356,0.3591527938842773,mp-1182172,0.2578309310714282,Unstable,Unstable
mp-28771,-0.7124207019805908,-0.6299237012863159,mp-28771,0.019037129800000052,Stable,Stable
mp-1179627,0.3450842797756195,0.4063720703125,mp-1179627,0.8988844848214277,Unstable,Unstable
mp-18635,-0.7462177276611328,-0.6936551332473755,mp-18635,0.0041403791666674294,Stable,Stable
mp-570577,-1.4017431735992432,-1.402207612991333,mp-570577,0.031172448365369476,Stable,Stable
mp-1057979,1.844244122505188,2.06535267829895,mp-1057979,1.960811695625,Unstable,Unstable
mp-1247259,-0.7603484988212585,-0.6446112394332886,mp-1247259,0.0,Stable,Stable
mp-1064161,2.683617115020752,2.921542167663574,mp-1064161,2.8505795224999995,Unstable,Unstable
mp-1196750,-0.0640629306435585,-0.2323988676071167,mp-1196750,1.144068134640528,Stable,Stable
mp-1246493,-1.4190680980682373,-1.4510746002197266,mp-1246493,0.14616170431817999,Stable,Stable
mp-989606,-0.735113263130188,-0.6715990304946899,mp-989606,0.0,Stable,Stable
mp-1068786,-0.0245548896491527,0.0172122716903686,mp-1068786,0.022525376999999125,Stable,Unstable
mp-5824,-0.7395435571670532,-0.7199186682701111,mp-5824,0.0,Stable,Stable
mp-1080687,-0.6283223628997803,-0.8232876658439636,mp-1080687,1.1828174783333454,Stable,Stable
mp-1245554,-0.8129603862762451,-0.7652339935302734,mp-1245554,0.3506957633333343,Stable,Stable
mp-1181217,-0.3612412214279175,-0.1453748941421508,mp-1181217,0.3259311488958301,Stable,Stable
mp-1029313,-0.0722021535038948,0.0730915069580078,mp-1029313,0.08595205354406232,Stable,Unstable
mp-1179327,-0.8171395659446716,-0.9173953533172609,mp-1179327,1.1950527033854161,Stable,Stable
mp-733610,-1.0255870819091797,-0.9344276189804076,mp-733610,0.04285254714646314,Stable,Stable
mp-1247208,-0.5209071040153503,-0.59449303150177,mp-1247208,0.5395663625000005,Stable,Stable
mp-1245945,0.1854844391345977,0.2166868448257446,mp-1245945,0.5172223751833327,Unstable,Unstable
mp-1009657,-0.6392657160758972,-0.8105453252792358,mp-1009657,0.0,Stable,Stable
mp-1020671,-1.4495136737823486,-1.423641800880432,mp-1020671,0.0,Stable,Stable
mp-557333,-0.2077117413282394,-0.1427959203720092,mp-557333,0.10246882236956445,Stable,Stable
mp-1173344,-0.7342935800552368,-0.838421106338501,mp-1173344,0.6203555400000003,Stable,Stable
mp-1210612,-0.5728660225868225,-0.4974088668823242,mp-1210612,0.8720558841071453,Stable,Stable
mp-1546639,-0.5230817794799805,-0.4848495721817016,mp-1546639,0.0,Stable,Stable
mp-504828,-1.3577953577041626,-1.3662081956863403,mp-504828,0.0,Stable,Stable
mp-1245377,0.3456859886646271,0.4124479293823242,mp-1245377,0.3798277608333347,Unstable,Unstable
mp-1194420,0.2695373296737671,0.1748356819152832,mp-1194420,0.7679142473317295,Unstable,Unstable
mp-608366,0.6486340761184692,0.5113239288330078,mp-608366,0.33920551071428484,Unstable,Unstable
mp-856200,2.247267723083496,3.5700650215148926,mp-856200,5.2247882529181835,Unstable,Unstable
mp-1211116,0.0268355291336774,0.0368155241012573,mp-1211116,0.2119682028440355,Unstable,Unstable
mp-505213,-0.0557865351438522,0.0931569337844848,mp-505213,0.01935470786731619,Stable,Unstable
mp-1180015,1.026402235031128,0.7937276363372803,mp-1180015,1.5788398036875,Unstable,Unstable
mp-1206429,-1.14729905128479,-1.0964943170547483,mp-1206429,0.04397480433333456,Stable,Stable
mp-1236902,-0.7186720967292786,-0.3520288467407226,mp-1236902,0.20362970762352806,Stable,Stable
mp-697283,-0.5937117338180542,-0.176598310470581,mp-697283,0.0,Stable,Stable
mp-684736,-1.155240178108215,-0.9234778881072998,mp-684736,0.5034250189130445,Stable,Stable
mp-1220726,-0.8655728697776794,-0.8136354684829712,mp-1220726,0.11733092999999784,Stable,Stable
mp-1079695,-0.7924901247024536,-0.8185900449752808,mp-1079695,0.0,Stable,Stable
mp-762501,-1.3641881942749023,-1.3919843435287476,mp-762501,0.019745631190474455,Stable,Stable
mp-1212815,0.9898077845573424,0.3862161636352539,mp-1212815,1.0380763126923078,Unstable,Unstable
mp-696886,0.418287068605423,0.0927307605743408,mp-696886,0.7143858857575713,Unstable,Unstable
mp-1213988,-0.4184208810329437,-0.5321588516235352,mp-1213988,0.6106128621014495,Stable,Stable
mp-1204211,-1.419596552848816,-1.3129489421844482,mp-1204211,0.051837565364583504,Stable,Stable
mp-1008820,1.4172402620315552,1.8231041431427,mp-1008820,1.4172402966666642,Unstable,Unstable
mp-708997,-0.8494338989257812,-0.6435424089431763,mp-708997,0.07764319428571387,Stable,Stable
mp-2639,0.1265764832496643,0.392258882522583,mp-2639,0.270991595632184,Unstable,Unstable
mp-1029862,-0.5367119312286377,-0.5237061977386475,mp-1029862,0.0,Stable,Stable
mp-758356,-0.5708267688751221,-0.3923535346984863,mp-758356,0.10712902681818193,Stable,Stable
mp-1181373,-0.5229231119155884,-0.4507737159729004,mp-1181373,0.41879008618420777,Stable,Stable
mp-28628,-0.513993501663208,-0.48714280128479,mp-28628,0.0,Stable,Stable
mp-17696,-1.2168712615966797,-1.1978983879089355,mp-17696,0.0,Stable,Stable
mp-626006,-0.260476142168045,-0.3339966535568237,mp-626006,0.7116146409444424,Stable,Stable
mp-1194133,-0.3408457040786743,-0.0912203788757324,mp-1194133,0.012731679821428088,Stable,Stable
mp-1247275,0.0122592570260167,-0.1231017112731933,mp-1247275,0.4020007606481464,Unstable,Stable
mp-1069841,-0.9860095381736756,-0.9522792100906372,mp-1069841,0.09601281100000136,Stable,Stable
mp-1193127,-0.963158130645752,-0.7538025975227356,mp-1193127,0.06365135035714786,Stable,Stable
mp-1222476,-0.426204115152359,-0.4264795780181885,mp-1222476,0.027915547803031515,Stable,Stable
mp-1216189,-0.5757460594177246,-0.8762281537055969,mp-1216189,0.8772193718055572,Stable,Stable
mp-1246324,-0.0471392609179019,-0.1842142343521118,mp-1246324,0.30219105375653044,Stable,Stable
mp-981366,0.7429323792457581,1.1054706573486328,mp-981366,0.7697591034374991,Unstable,Unstable
mp-1096889,0.0882894918322563,-0.0489135980606079,mp-1096889,0.5877473700000007,Unstable,Stable
mp-1232415,-0.7598880529403687,-0.7964975833892822,mp-1232415,0.7499598916947141,Stable,Stable
mp-30057,-0.3613495826721191,-0.3907506465911865,mp-30057,0.3077016904166676,Stable,Stable
mp-1199809,0.7741181254386902,0.956855535507202,mp-1199809,1.3042418387499985,Unstable,Unstable
mp-999469,1.098939299583435,1.4642348289489746,mp-999469,1.134708275624999,Unstable,Unstable
mp-1245543,-0.6014975309371948,-0.5600165128707886,mp-1245543,0.295118140192308,Stable,Stable
mp-556430,0.0842089131474495,-0.0132014751434326,mp-556430,0.4215904067389449,Unstable,Stable
mp-1009766,1.5494896173477173,1.4467806816101074,mp-1009766,1.5494896491666665,Unstable,Unstable
mp-1224483,-0.2684132754802704,-0.2059144973754882,mp-1224483,1.1490455309983778,Stable,Stable
mp-762347,-0.5782910585403442,-0.2814581394195556,mp-762347,0.2179899062499997,Stable,Stable
mp-1199939,1.0749578475952148,0.7548141479492188,mp-1199939,1.6419436680133916,Unstable,Unstable
mp-1245990,-1.11830472946167,-1.0184440612792969,mp-1245990,0.14664280311111177,Stable,Stable
mp-1204560,-1.0094102621078491,-0.8415224552154541,mp-1204560,0.274595503703706,Stable,Stable
mp-1214850,-0.7242808938026428,-0.8559300303459167,mp-1214850,0.9400278220238114,Stable,Stable
mp-541204,-1.773116946220398,-1.6752418279647827,mp-541204,0.14482144296365806,Stable,Stable
mp-29306,-0.0889585688710212,-0.0448989868164062,mp-29306,0.5429735053267066,Stable,Stable
mp-849270,-3.054096221923828,-3.105217933654785,mp-849270,0.08243835563829727,Stable,Stable
mp-1247239,-0.5493501424789429,-0.4582077264785766,mp-1247239,0.029300659722216515,Stable,Stable
mp-20812,0.0931446179747581,0.4138143062591553,mp-20812,0.21084528749999976,Unstable,Unstable
mp-1246516,0.1372098922729492,0.1169416904449462,mp-1246516,0.14649536269999963,Unstable,Unstable
mp-1246337,0.2679600715637207,0.3674559593200683,mp-1246337,0.2976176683333307,Unstable,Unstable
mp-1245840,-0.4660546779632568,-0.5121380090713501,mp-1245840,0.14231580266666644,Stable,Stable
mp-1190645,-0.1683111786842346,-0.2740640640258789,mp-1190645,1.1894750234090914,Stable,Stable
mp-1207067,-0.4636795818805694,-0.5701135396957397,mp-1207067,1.1790946959259365,Stable,Stable
mp-1247419,-0.2793256938457489,-0.0709376335144043,mp-1247419,0.16160466062499879,Stable,Stable
mp-1222008,-1.2330979108810425,-1.2274956703186035,mp-1222008,0.13770157333333266,Stable,Stable
mp-1102100,0.3414166867733001,0.0907070636749267,mp-1102100,1.0677953068489585,Unstable,Unstable
mp-1430706,-0.1054039597511291,-0.1841686964035034,mp-1430706,0.35901679999999914,Stable,Stable
mp-4644,-1.729790449142456,-1.540548324584961,mp-4644,0.3054607934166711,Stable,Stable
mp-1215387,-1.7637025117874146,-1.6749353408813477,mp-1215387,0.0,Stable,Stable
mp-1205002,-1.1211190223693848,-1.0512616634368896,mp-1205002,0.16561538093749917,Stable,Stable
mp-1246343,-0.4728292226791382,-0.364708662033081,mp-1246343,0.07602617687500057,Stable,Stable
mp-10419,-0.4046595990657806,-0.3579531908035278,mp-10419,0.0,Stable,Stable
mp-1208544,-1.366331934928894,-1.476081132888794,mp-1208544,0.0,Stable,Stable
mp-567722,-1.3467963933944702,-1.2619284391403198,mp-567722,0.0,Stable,Stable
mp-567699,0.2213489413261413,0.1583409309387207,mp-567699,0.5188182028947352,Unstable,Unstable
mp-734411,-0.6008360981941223,-0.4689363241195678,mp-734411,0.3341057272727257,Stable,Stable
mp-1214975,-0.2050897479057312,-0.3773326873779297,mp-1214975,0.7961531953846173,Stable,Stable
mp-570258,-1.3619095087051392,-1.284666657447815,mp-570258,0.004685832916663912,Stable,Stable
mp-1330,-1.5076695680618286,-1.586024284362793,mp-1330,0.17200263750000033,Stable,Stable
mp-1216472,-1.0745713710784912,-1.0381735563278198,mp-1216472,0.16243095761904947,Stable,Stable
mp-1245442,-0.0582489147782325,-0.0623033046722412,mp-1245442,0.17151673402777767,Stable,Stable
mp-1245534,-1.1418546438217163,-1.1583256721496582,mp-1245534,0.21221782833333336,Stable,Stable
mp-707535,-0.475014179944992,-0.448894739151001,mp-707535,0.38428662493939747,Stable,Stable
mp-696210,-0.3856025040149688,-0.1723268032073974,mp-696210,0.2964991702777757,Stable,Stable
mp-1078930,1.2217402458190918,1.3230583667755127,mp-1078930,1.0753401938425924,Unstable,Unstable
mp-2634,-1.2467912435531616,-1.1001992225646973,mp-2634,0.0,Stable,Stable
mp-1247457,-0.9584517478942872,-0.8993281126022339,mp-1247457,0.059534578712122865,Stable,Stable
mp-571394,-0.1470964699983596,-0.0853461027145385,mp-571394,0.12622146944443813,Stable,Stable
mp-1246302,-1.0852563381195068,-1.102081060409546,mp-1246302,0.06979974107142972,Stable,Stable
mp-554110,-1.000400185585022,-0.495252251625061,mp-554110,0.35428793833333305,Stable,Stable
mp-999135,-0.470015287399292,-0.4509820938110351,mp-999135,0.3878076616666668,Stable,Stable
mp-1013531,0.5227135419845581,0.516310453414917,mp-1013531,1.5656792199999998,Unstable,Unstable
mp-1079674,-0.3846018016338348,-0.3538745641708374,mp-1079674,1.2195293872222246,Stable,Stable
mp-1246703,-0.0712667480111122,-0.1105924844741821,mp-1246703,0.16670167846153916,Stable,Stable
mp-1029404,-0.2950890064239502,-0.2931200265884399,mp-1029404,0.0,Stable,Stable
mp-1237608,-1.3405863046646118,-1.1606013774871826,mp-1237608,0.26061785840909835,Stable,Stable
mp-728225,-0.5971238017082214,-0.6067733764648438,mp-728225,0.0229976539668586,Stable,Stable
mp-754790,-2.6748745441436768,-2.6838455200195312,mp-754790,0.09969899015624861,Stable,Stable
mp-20017,0.6858174204826355,0.7977232933044434,mp-20017,1.8741486206818108,Unstable,Unstable
mp-1059879,1.2090736627578735,1.0909671783447266,mp-1059879,1.534143505689654,Unstable,Unstable
mp-1246469,-0.4700243473052978,-0.5176695585250854,mp-1246469,0.3079335901111069,Stable,Stable
mp-1246207,-1.0562744140625,-1.028270244598389,mp-1246207,0.044470735370369496,Stable,Stable
mp-1197524,0.7129338383674622,0.65505051612854,mp-1197524,1.1850365709259245,Unstable,Unstable
mp-554051,-0.7063181400299072,-0.6303178071975708,mp-554051,0.07337178472222217,Stable,Stable
mp-1246593,-0.192465454339981,-0.2343618869781494,mp-1246593,0.35092689622685036,Stable,Stable
mp-1245882,0.1890221387147903,0.2937972545623779,mp-1245882,0.3013677197916671,Unstable,Unstable
mp-1206777,1.482416033744812,1.6809000968933103,mp-1206777,1.8303656004999969,Unstable,Unstable
mp-583606,-0.4348496198654175,-0.3051427602767944,mp-583606,0.4460217780882374,Stable,Stable
mp-706590,0.0793006718158721,0.047597050666809,mp-706590,0.6417509750000008,Unstable,Unstable
mp-581834,-0.5952017307281494,-0.5699230432510376,mp-581834,0.0,Stable,Stable
mp-1199388,-0.7264130115509033,-0.4636515378952026,mp-1199388,0.6955625533823504,Stable,Stable
mp-998880,-0.3541187345981598,-0.2979933023452759,mp-998880,0.16350865450000107,Stable,Stable
mp-1200511,-0.9163753986358644,-1.5934208631515503,mp-1200511,0.8561893342500007,Stable,Stable
mp-1225199,-2.672072410583496,-2.7786648273468018,mp-1225199,0.1029193012857128,Stable,Stable
mp-1245572,-0.1990391761064529,-0.2486611604690551,mp-1245572,0.3004187019444444,Stable,Stable
mp-1208149,-1.5703966617584229,-1.5206462144851685,mp-1208149,0.019326984934210145,Stable,Stable
mp-1246211,-1.08848774433136,-1.0445308685302734,mp-1246211,0.11076174123809324,Stable,Stable
mp-1202727,0.5361858606338501,0.4367446899414062,mp-1202727,0.5610695978124998,Unstable,Unstable
mp-1008526,-0.3978888392448425,-0.7553656697273254,mp-1008526,0.3494046100520851,Stable,Stable
mp-1212966,-1.3837759494781494,-1.4682976007461548,mp-1212966,0.0,Stable,Stable
mp-27341,-0.4280559122562408,-0.3907060623168945,mp-27341,0.042937087083335435,Stable,Stable
mp-31043,-1.273526310920715,-1.3098502159118652,mp-31043,0.0,Stable,Stable
mp-1182482,-0.5078414082527161,-0.2286320924758911,mp-1182482,0.4913126516071449,Stable,Stable
mp-1191646,-0.6157963275909424,-0.4249744415283203,mp-1191646,0.24711936731884077,Stable,Stable
mp-706455,-0.0569383315742015,0.1126918792724609,mp-706455,0.3610273606707315,Stable,Unstable
mp-6802,-0.1371697187423706,-0.0122014284133911,mp-6802,0.1276751494097237,Stable,Stable
mp-7523,-2.107963800430298,-2.059071779251098,mp-7523,0.0,Stable,Stable
mp-1205775,-1.5709975957870483,-1.6249300241470337,mp-1205775,0.0,Stable,Stable
mp-1247370,-0.5494910478591919,-0.6372940540313721,mp-1247370,0.20758409213792994,Stable,Stable
mp-1208732,-1.997824549674988,-2.193248748779297,mp-1208732,0.2668112965113867,Stable,Stable
mp-1202402,-2.3425278663635254,-2.128750801086426,mp-1202402,0.028397038017577536,Stable,Stable
mp-707023,-0.5612341165542603,-0.5156286954879761,mp-707023,0.06312767431818145,Stable,Stable
mp-1226983,-0.2080356180667877,-0.0160083770751953,mp-1226983,0.687983284777463,Stable,Stable
mp-1246473,-0.4743057787418365,-0.5304850339889526,mp-1246473,0.3259293694444443,Stable,Stable
mp-1246710,-0.8091049790382385,-0.9191098809242249,mp-1246710,0.05902225916666737,Stable,Stable
mp-1247230,0.1425677835941314,0.2212542295455932,mp-1247230,0.2465318365,Unstable,Unstable
mp-1220107,-1.4454549551010132,-1.4771116971969604,mp-1220107,0.02816385083333195,Stable,Stable
mp-1247363,0.2055460959672927,0.1653704643249511,mp-1247363,0.2988639728571414,Unstable,Unstable
mp-1245626,-1.644057273864746,-1.6747784614562988,mp-1245626,0.19558750374999967,Stable,Stable
mp-1224666,-0.4262289404869079,-0.173003077507019,mp-1224666,1.286004624435484,Stable,Stable
mp-1077354,0.0738404020667076,0.3220090866088867,mp-1077354,0.11338387791666449,Unstable,Unstable
mp-1202251,-0.1847178786993026,-0.0867002010345459,mp-1202251,0.005499595833325266,Stable,Stable
mp-1200366,-0.6747974753379822,-0.5740547180175781,mp-1200366,0.09851775944444485,Stable,Stable
mp-9610,-0.8028615117073059,-0.6989134550094604,mp-9610,0.0,Stable,Stable
mp-1213745,-0.3859231173992157,-0.2664015293121338,mp-1213745,1.334819984499994,Stable,Stable
mp-674297,-1.3537501096725464,-1.1999205350875854,mp-674297,0.009446822000000132,Stable,Stable
mp-569173,0.1489105075597763,0.2149118185043335,mp-569173,0.16035480010416947,Unstable,Unstable
mp-1105616,0.4087656736373901,0.6564407348632812,mp-1105616,1.4367949062499976,Unstable,Unstable
mp-1179668,1.7638006210327148,1.6986863613128662,mp-1179668,1.7627796286111108,Unstable,Unstable
mp-1246716,-1.1174051761627195,-1.0813145637512207,mp-1246716,0.06600952783333369,Stable,Stable
mp-1246341,-0.0124484356492757,0.0414390563964843,mp-1246341,0.28936847750000183,Stable,Unstable
mp-1191299,-0.5431989431381226,-0.511086106300354,mp-1191299,0.027976473437500538,Stable,Stable
mp-570598,-1.3464539051055908,-1.310783624649048,mp-570598,0.015499520416666357,Stable,Stable
mp-16995,-1.5616563558578491,-1.4344544410705566,mp-16995,0.0,Stable,Stable
mp-1245599,0.0765777230262756,0.066780686378479,mp-1245599,0.22625263900000192,Unstable,Unstable
mp-7768,-2.2334680557250977,-2.2115707397460938,mp-7768,0.0,Stable,Stable
mp-1940,-1.6392557621002195,-1.8598487377166748,mp-1940,0.11960623633333967,Stable,Stable
mp-1205481,-1.5914766788482666,-1.6206094026565552,mp-1205481,0.0,Stable,Stable
mp-1029492,-0.3890974819660187,-0.4309906959533691,mp-1029492,0.020552375208334972,Stable,Stable
mp-560460,-0.0192569326609373,-0.0367053747177124,mp-560460,0.7387673608333332,Stable,Stable
mp-4937,-0.5751371383666992,-0.5748631954193115,mp-4937,0.37662074552083347,Stable,Stable
mp-1246016,-0.6222385168075562,-0.5275555849075317,mp-1246016,0.37628901437499973,Stable,Stable
mp-1212171,-1.4211550951004028,-1.3759605884552002,mp-1212171,0.0,Stable,Stable
mp-1202909,1.343938231468201,1.2188706398010254,mp-1202909,1.8733082265340903,Unstable,Unstable
mp-1218378,-1.584585666656494,-1.553642511367798,mp-1218378,0.04930728000000073,Stable,Stable
mp-697715,-0.0620721839368343,-0.0199226140975952,mp-697715,0.18882821951388795,Stable,Stable
mp-1202752,0.4868506193161011,0.9055943489074708,mp-1202752,1.5903108616071462,Unstable,Unstable
mp-778848,-1.405794978141785,-1.3994792699813845,mp-778848,0.09131399571428478,Stable,Stable
mp-989624,-1.0570496320724487,-1.2222421169281006,mp-989624,0.0,Stable,Stable
mp-1212581,-0.3898288309574127,-0.2397104501724243,mp-1212581,0.3391473489743584,Stable,Stable
mp-685615,-0.6083540320396423,-0.978046417236328,mp-685615,0.6681749460477935,Stable,Stable
mp-1094090,0.0666879788041114,-0.0956379175186157,mp-1094090,0.06668797600000076,Unstable,Stable
mp-21653,-0.588426411151886,-0.6134552955627441,mp-21653,0.0,Stable,Stable
mp-1029569,-0.1158951669931411,-0.1696333885192871,mp-1029569,0.03905979911877644,Stable,Stable
mp-1192330,-0.0997940152883529,0.0770522356033325,mp-1192330,0.46465227272727283,Stable,Unstable
mp-27892,-0.2653650343418121,-0.1487103700637817,mp-27892,0.20654898972222213,Stable,Stable
mp-1224601,-0.8547171950340271,-0.5600659847259521,mp-1224601,0.11730612356578796,Stable,Stable
mp-975336,-0.4912863075733185,-0.4665911197662353,mp-975336,0.058453749513889264,Stable,Stable
mp-1246956,0.3044284582138061,0.2135292291641235,mp-1246956,0.30442845399999996,Unstable,Unstable
mp-1245834,-1.669717788696289,-1.5183871984481812,mp-1245834,0.12440720722222665,Stable,Stable
mp-1219059,-0.1434899568557739,-0.2292902469635009,mp-1219059,0.16642086857142502,Stable,Stable
mp-864918,-1.2430680990219116,-0.7541006207466125,mp-864918,0.12424694666667335,Stable,Stable
mp-1224894,-1.3605549335479736,-1.3318380117416382,mp-1224894,0.004638093055554293,Stable,Stable
mp-1246308,-0.2487322837114334,-0.2518916130065918,mp-1246308,0.3476025624907404,Stable,Stable
mp-973674,1.415452003479004,1.5512616634368896,mp-973674,1.4154520250000004,Unstable,Unstable
mp-1245356,-0.2204878628253936,-0.0841258764266967,mp-1245356,0.20761888928571182,Stable,Stable
mp-1203927,-1.22338604927063,-0.9516414999961852,mp-1203927,0.38994043773810283,Stable,Stable
mp-1246118,-1.2695207595825195,-1.2114207744598389,mp-1246118,0.21104348807693185,Stable,Stable
mp-1029804,-0.4526861011981964,-0.3014200925827026,mp-1029804,0.0,Stable,Stable
mp-9964,-0.8451594114303589,-0.9882529973983764,mp-9964,0.03644500666666772,Stable,Stable
mp-999263,0.6088917851448059,0.7242226600646973,mp-999263,0.6088917924999997,Unstable,Unstable
mp-582028,-0.3749270439147949,-0.27217698097229,mp-582028,0.08466802849999766,Stable,Stable
mp-11009,-0.6044259667396545,-0.575678825378418,mp-11009,0.09159942823979428,Stable,Stable
mp-1195303,-0.585796594619751,-0.478258728981018,mp-1195303,0.2786632064999992,Stable,Stable
mp-1245351,-0.0866710320115089,-0.1341743469238281,mp-1245351,0.18160872180076648,Stable,Stable
mp-707339,-1.109406590461731,-1.0446842908859253,mp-707339,0.10656072506944447,Stable,Stable
mp-1246499,-0.0948240011930465,-0.2189275026321411,mp-1246499,0.11433961594827391,Stable,Stable
mp-1246490,-0.1157581657171249,-0.2321033477783203,mp-1246490,0.0934054558333326,Stable,Stable
mp-722472,0.5428135395050049,0.5356860160827637,mp-722472,0.6988051994695361,Unstable,Unstable
mp-1080652,1.039011836051941,0.8257219791412354,mp-1080652,1.233755549166669,Unstable,Unstable
mp-29456,-0.6489265561103821,-0.6533665657043457,mp-29456,0.072993105000001,Stable,Stable
mp-685674,-1.1563581228256226,-1.326582670211792,mp-685674,0.49730733246752834,Stable,Stable
mp-34337,-0.7607980966567993,-0.608670711517334,mp-34337,0.0,Stable,Stable
mp-1213494,-0.5350621938705444,-0.4784348011016845,mp-1213494,0.5551419451449204,Stable,Stable
mp-1386487,-1.167790770530701,-1.2193844318389893,mp-1386487,0.12356567466666668,Stable,Stable
mp-1246430,-0.362094908952713,-0.3336579799652099,mp-1246430,0.0,Stable,Stable
mp-706654,-0.0270504113286733,-0.0241224765777587,mp-706654,0.1860655965156246,Stable,Stable
mp-1030752,-0.6690220832824707,-0.6247725486755371,mp-1030752,0.0,Stable,Stable
mp-24625,-0.4567448496818542,-0.4866940975189209,mp-24625,0.010534179277780886,Stable,Stable
mp-1223490,-0.3867076337337494,-0.1898993253707885,mp-1223490,0.12603600208333354,Stable,Stable
mp-1202455,-0.1374064087867736,0.0600537061691284,mp-1202455,0.15232914070175418,Stable,Unstable
mp-1222915,-0.5955106019973755,-0.5043303966522217,mp-1222915,0.542987337403841,Stable,Stable
mp-776214,-2.527892589569092,-2.606165647506714,mp-776214,0.13095080875000065,Stable,Stable
mp-1193813,-2.310722589492798,-2.230984926223755,mp-1193813,0.45199737589101296,Stable,Stable
mp-2228941,-2.546548843383789,-2.67139196395874,mp-2228941,0.23928798051471034,Stable,Stable
mp-1029580,-1.1380804777145386,-1.0239248275756836,mp-1029580,0.0,Stable,Stable
mp-1245516,-0.4442976713180542,-0.4781273603439331,mp-1245516,0.06809537361110252,Stable,Stable
mp-1707,-0.182876318693161,-0.1953227519989013,mp-1707,0.0,Stable,Stable
mp-1211164,-1.181349515914917,-1.0679643154144287,mp-1211164,0.8368810721999944,Stable,Stable
mp-1014303,-0.5114235281944275,-0.4367866516113281,mp-1014303,0.08792594133333687,Stable,Stable
mp-1097766,0.1723400801420211,0.0382074117660522,mp-1097766,0.6717979605555549,Unstable,Unstable
mp-696822,-0.2878974080085754,-0.2087048292160034,mp-696822,1.0988650979999992,Stable,Stable
mp-759356,-1.3333661556243896,-1.1734497547149658,mp-759356,0.0,Stable,Stable
mp-1237159,0.5751685500144958,0.5637161731719971,mp-1237159,0.5751685356597207,Unstable,Unstable
mp-1192608,0.7722147107124329,0.6931591033935547,mp-1192608,0.8397458968711167,Unstable,Unstable
mp-1197337,-1.36517596244812,-1.2988511323928833,mp-1197337,0.1250712968146761,Stable,Stable
mp-1215389,-1.2975107431411743,-1.2797126770019531,mp-1215389,0.0,Stable,Stable
mp-1246495,-0.4137424528598785,-0.3938802480697632,mp-1246495,0.10935068175439078,Stable,Stable
mp-1246772,0.1082323566079139,0.0950026512145996,mp-1246772,0.25790727600000185,Unstable,Unstable
mp-1201491,-1.572245717048645,-1.6351653337478638,mp-1201491,0.0,Stable,Stable
mp-1078828,0.3944635391235351,0.7257277965545654,mp-1078828,0.3944635500000011,Unstable,Unstable
mp-27898,-1.1175049543380735,-1.1200073957443235,mp-27898,0.0,Stable,Stable
mp-1223660,-0.31668221950531,-0.3208144903182983,mp-1223660,0.07719281500000008,Stable,Stable
mp-1029584,-1.2031350135803225,-1.2673814296722412,mp-1029584,0.0,Stable,Stable
mp-989406,-0.7980525493621826,-0.6169041395187378,mp-989406,0.040955397499999435,Stable,Stable
mp-570037,0.2527180910110473,0.4969608783721924,mp-570037,0.2533154465151526,Unstable,Unstable
mp-1245263,-0.9343708753585817,-0.9915370941162108,mp-1245263,0.3865726003333343,Stable,Stable
mp-555688,-0.5532329082489014,-0.2623324394226074,mp-555688,0.35230310076388793,Stable,Stable
mp-23672,-1.4717415571212769,-1.2957253456115725,mp-23672,0.0018772562499993484,Stable,Stable
mp-554674,4.461264610290527,5.062995910644531,mp-554674,5.5363082703124995,Unstable,Unstable
mp-1020625,0.1960238069295883,0.265740156173706,mp-1020625,0.7247868555208332,Unstable,Unstable
mp-1228732,-0.0207878015935421,0.1822719573974609,mp-1228732,0.45020519666666825,Stable,Unstable
mp-647252,0.1418740153312683,0.3063437938690185,mp-647252,0.20231455856060876,Unstable,Unstable
mp-749,-1.7674729824066162,-1.8031697273254397,mp-749,0.0,Stable,Stable
mp-542782,-0.7271050810813904,-0.6915152072906494,mp-542782,0.12432878511029255,Stable,Stable
