id,true_eform,pred_eform,error,material_id,e_hull,true_label,pred_label
mp-768856,-2.55230974297619,-2.5348827838897705,0.0174269590864195,mp-768856,0.10369349773807723,Stable,Stable
mp-6075,-3.03236290967593,-3.0307741165161133,0.0015887931598168,mp-6075,0.0,Stable,Stable
mp-1208003,-0.602067534318184,-0.579833447933197,0.022234086384987,mp-1208003,0.0,Stable,Stable
mp-1195627,-2.30254697739362,-2.3102619647979736,-0.0077149874043538,mp-1195627,0.005051400274810547,Stable,Stable
mp-1182666,-1.52361005503788,-1.5722001791000366,-0.0485901240621566,mp-1182666,0.3391005365151649,Stable,Stable
mp-766516,-2.38418280248221,-2.3708596229553223,0.0133231795268877,mp-766516,0.09666320312187349,Stable,Stable
mp-768705,-2.13770953074074,-2.220548152923584,-0.0828386221828441,mp-768705,0.14458802784722025,Stable,Stable
mp-1026709,0.161189277942714,0.1757084280252456,0.0145191500825316,mp-1026709,0.21859599286458398,Unstable,Unstable
mp-23225,-0.927507426041666,-0.7811151742935181,0.1463922517481479,mp-23225,0.0,Stable,Stable
mp-558358,-2.97092170455882,-2.9731359481811523,-0.0022142436223324,mp-558358,0.0,Stable,Stable
mp-8109,-2.98255163597222,-2.99271297454834,-0.0101613385761196,mp-8109,0.0,Stable,Stable
mp-1221215,-0.231925502857141,-0.3749579191207886,-0.1430324162636475,mp-1221215,0.015840798500001085,Stable,Stable
mp-1103146,-1.12448058729167,-1.0152723789215088,0.1092082083701613,mp-1103146,0.0,Stable,Stable
mp-32715,-0.670942542317072,-0.6753743886947632,-0.0044318463776912,mp-32715,0.016485291219513698,Stable,Stable
mp-1212324,-0.498541333589741,-0.5256791114807129,-0.0271377778909718,mp-1212324,0.0,Stable,Stable
mp-776580,-2.44424436007663,-2.441633939743042,0.0026104203335881,mp-776580,0.06220841216666706,Stable,Stable
mp-3615,-3.16329933,-3.1755847930908203,-0.0122854630908202,mp-3615,0.011970126687499416,Stable,Stable
mp-10137,-0.538875150833334,-0.3438251614570617,0.1950499893762722,mp-10137,0.0,Stable,Stable
mp-1223830,-0.786327714351849,-0.8296186327934265,-0.0432909184415775,mp-1223830,0.0,Stable,Stable
mp-863007,-1.24348439327632,-1.1802496910095217,0.0632347022667985,mp-863007,0.43406940281882456,Stable,Stable
mp-1199066,-3.16686707079365,-3.192425012588501,-0.025557941794851,mp-1199066,0.015571090714290747,Stable,Stable
mp-1222740,-0.238645246944444,-0.2423134446144104,-0.0036681976699664,mp-1222740,0.012541257583336574,Stable,Stable
mp-1195626,-2.72994762870371,-2.7362680435180664,-0.0063204148143563,mp-1195626,0.0,Stable,Stable
mp-541883,-0.426573042685184,-0.4315844774246216,-0.0050114347394376,mp-541883,0.010363827222223954,Stable,Stable
mp-557110,-3.38203812958333,-3.3956961631774902,-0.0136580335941602,mp-557110,0.0,Stable,Stable
mp-1191902,-0.588980947222227,-0.5910096168518066,-0.0020286696295795,mp-1191902,0.0,Stable,Stable
mp-1097959,-1.24964113505953,-1.2676997184753418,-0.0180585834158117,mp-1097959,0.0,Stable,Stable
mp-1225103,-0.632604327941177,-0.6321297287940979,0.0004745991470791,mp-1225103,0.0,Stable,Stable
mp-1104249,-2.79993700214286,-2.869415760040283,-0.0694787578974232,mp-1104249,0.1616334438190501,Stable,Stable
mp-28786,-0.350874656000002,-0.1974402368068695,0.1534344191931325,mp-28786,0.0,Stable,Stable
mp-759069,-1.85161840708333,-1.864668846130371,-0.0130504390470411,mp-759069,0.0025561504761801856,Stable,Stable
mp-1222682,0.001822359666667,-0.2729445695877075,-0.2747669292543745,mp-1222682,0.2595244192000026,Unstable,Stable
mp-759279,-2.50373523318519,-2.4951488971710205,0.0085863360141695,mp-759279,0.09105069077314365,Stable,Stable
mp-1196557,-2.70706929503818,-2.7061655521392822,0.0009037428988976,mp-1196557,0.018087567500002066,Stable,Stable
mp-29654,-0.09809325075,-0.108279675245285,-0.010186424495285,mp-29654,0.0,Stable,Stable
mp-669526,0.203360379375001,0.1854026168584823,-0.0179577625165186,mp-669526,0.48595617800000035,Unstable,Unstable
mp-1080089,-0.617355878833333,-0.5210734605789185,0.0962824182544145,mp-1080089,0.0,Stable,Stable
mp-1203229,-1.28915328923913,-1.056697964668274,0.232455324570856,mp-1203229,0.46483366809782467,Stable,Stable
mp-1031160,-2.4070570605,-2.42056655883789,-0.0135094983378905,mp-1031160,0.4242953963076914,Stable,Stable
mp-754594,-2.51515073986111,-2.528208017349243,-0.0130572774881332,mp-754594,0.0,Stable,Stable
mp-849708,-2.25048622310077,-2.24365782737732,0.0068283957234505,mp-849708,0.07143258723109103,Stable,Stable
mp-8431,-0.600185274666687,-0.6405841112136841,-0.040398836546997,mp-8431,0.0,Stable,Stable
mp-505207,-0.322041775208334,-0.3407106399536133,-0.0186688647452792,mp-505207,0.016344270285387985,Stable,Stable
mp-14622,-0.735122803666666,-0.7471321821212769,-0.0120093784546108,mp-14622,0.0,Stable,Stable
mp-1226655,-0.589861599722221,-0.5657426118850708,0.0241189878371501,mp-1226655,0.0004966946428535124,Stable,Stable
mp-1077930,-0.624314770899837,-0.6579751372337341,-0.0336603663338971,mp-1077930,0.0,Stable,Stable
mp-770343,-2.57022156861111,-2.57736611366272,-0.0071445450516098,mp-770343,0.09847513791666973,Stable,Stable
mp-1204314,-3.1753758040625,-3.1783602237701416,-0.0029844197076416,mp-1204314,0.0,Stable,Stable
mp-1199522,-0.420901024903844,-0.419640839099884,0.0012601858039599,mp-1199522,0.0,Stable,Stable
mp-976181,-0.368740399583333,-0.3945057988166809,-0.0257653992333479,mp-976181,0.017012908333333243,Stable,Stable
mp-1211101,-1.86161790768518,-1.8711013793945312,-0.0094834717093512,mp-1211101,0.0,Stable,Stable
mp-541852,-0.104551050000001,-0.1216223835945129,-0.0170713335945119,mp-541852,0.02931419396551682,Stable,Stable
mp-768736,-2.40139910435185,-2.3969080448150635,0.0044910595367864,mp-768736,0.0960399961110987,Stable,Stable
mp-22252,-2.58589710358333,-2.574105978012085,0.011791125571245,mp-22252,0.009758886624997132,Stable,Stable
mp-1033200,-2.17211362119792,-2.155104398727417,0.0170092224705031,mp-1033200,0.6634656539062496,Stable,Stable
mp-542024,-0.890809058583332,-0.8550028204917908,0.0358062380915412,mp-542024,0.0,Stable,Stable
mp-1199255,-0.20016877970486,-0.1463746130466461,0.0537941666582138,mp-1199255,0.09208488645834212,Stable,Stable
mp-12054,-0.316819639499999,-0.3398077487945556,-0.0229881092945566,mp-12054,0.045477424666666266,Stable,Stable
mp-1188833,-0.243771127629631,-0.4322287440299988,-0.1884576164003678,mp-1188833,0.20643802787037657,Stable,Stable
mp-10552,-0.832793233739582,-0.8264942169189453,0.0062990168206367,mp-10552,0.002148952016667316,Stable,Stable
mp-1193180,-0.36438618281609,-0.3723670244216919,-0.0079808416056019,mp-1193180,0.0,Stable,Stable
mp-1188930,-0.424095345740738,-0.4188473224639892,0.0052480232767487,mp-1188930,0.0,Stable,Stable
mp-1221636,-0.451537417370689,-0.4578818678855896,-0.0063444505149006,mp-1221636,0.01793615500000101,Stable,Stable
mp-777404,-2.48431332532159,-2.482271671295166,0.0020416540264238,mp-777404,0.02793133962766081,Stable,Stable
mp-768452,-2.39999539753623,-2.4322187900543213,-0.0322233925180914,mp-768452,0.041779421793469496,Stable,Stable
mp-1103171,-0.533879179444442,-0.5369925498962402,-0.0031133704517982,mp-1103171,0.015616502673626798,Stable,Stable
mp-2049185,-0.205257270833328,-0.2385345995426178,-0.0332773287092897,mp-2049185,0.0,Stable,Stable
mp-12062,0.523821864999999,0.612194836139679,0.0883729711396799,mp-12062,0.5238218650000004,Unstable,Unstable
mp-1223036,-0.504470988518518,-0.4926241636276245,0.0118468248908935,mp-1223036,0.0,Stable,Stable
mp-569270,-0.859898987142857,-0.8586735129356384,0.0012254742072185,mp-569270,0.0,Stable,Stable
mp-1202869,-0.502498860787036,-0.493459403514862,0.0090394572721739,mp-1202869,0.10073117152777922,Stable,Stable
mp-21127,-0.592521515555553,-0.5575792193412781,0.0349422962142749,mp-21127,0.0,Stable,Stable
mp-2371187,0.630763111916665,0.7575916647911072,0.1268285528744421,mp-2371187,0.6960494375833317,Unstable,Unstable
mp-764508,-2.26585643287879,-2.265923500061035,-6.706718224513963e-05,mp-764508,0.06310199241477399,Stable,Stable
mp-3859,-3.23798798259259,-3.2360048294067383,0.0019831531858516,mp-3859,0.004791330555554474,Stable,Stable
mp-557012,-2.95006311694445,-2.9775640964508057,-0.0275009795063558,mp-557012,0.0022469566666680763,Stable,Stable
mp-776779,-2.43321629299373,-2.374673366546631,0.0585429264470991,mp-776779,0.07919770595454434,Stable,Stable
mp-1192133,-0.448582993749999,-0.3781047463417053,0.0704782474082936,mp-1192133,0.0,Stable,Stable
mp-1188485,-3.11800927989583,-3.2029342651367188,-0.0849249852408888,mp-1188485,0.0349704858333304,Stable,Stable
mp-1191556,-0.49396677527777,-0.5021337866783142,-0.0081670114005442,mp-1191556,0.0,Stable,Stable
mp-15809,-0.206672950833334,-0.2160497307777404,-0.0093767799444064,mp-15809,0.06716988333333163,Stable,Stable
mp-1033312,-1.96487118151042,-2.10972261428833,-0.14485143277791,mp-1033312,0.8810379527343759,Stable,Stable
mp-1222914,-1.48024325544643,-1.4867751598358154,-0.0065319043893854,mp-1222914,0.01063853008928728,Stable,Stable
mp-505346,-3.18402753666667,-3.169212579727173,0.0148149569394973,mp-505346,0.0,Stable,Stable
mp-1204414,-0.581074018518518,-0.5849303007125854,-0.0038562821940674,mp-1204414,0.011561840999998019,Stable,Stable
mp-1198603,-2.70851171212963,-2.615079402923584,0.093432309206046,mp-1198603,0.10560617406251094,Stable,Stable
mp-1181496,-0.468334447962962,-0.4741802811622619,-0.0058458331992999,mp-1181496,0.0,Stable,Stable
mp-1184492,0.910900077708333,0.9442084431648254,0.0333083654564924,mp-1184492,0.9109000777083338,Unstable,Unstable
mp-20517,-0.263228629374996,-0.2598280310630798,0.0034005983119161,mp-20517,0.0,Stable,Stable
mp-758885,-2.48289645118518,-2.504283905029297,-0.0213874538441167,mp-758885,0.11188947277314476,Stable,Stable
mp-569787,-0.1035334578125,-0.1987429559230804,-0.0952094981105804,mp-569787,0.0,Stable,Stable
mp-1207600,-0.570161949027779,-0.5815497040748596,-0.0113877550470806,mp-1207600,0.0,Stable,Stable
mp-1026690,0.185542761614583,0.1698227375745773,-0.0157200240400056,mp-1026690,0.22815115515625028,Unstable,Unstable
mp-10852,-0.532102903,-0.5254295468330383,0.0066733561669616,mp-10852,0.0,Stable,Stable
mp-1027886,0.197498493802083,0.1912925392389297,-0.0062059545631532,mp-1027886,0.22205761450625028,Unstable,Unstable
mp-704915,-2.64599311345293,-2.640475273132324,0.0055178403206057,mp-704915,0.0,Stable,Stable
mp-1212827,-3.25095152391667,-3.259655714035034,-0.0087041901183639,mp-1212827,0.005670116541688586,Stable,Stable
mp-20234,-0.624376497638891,-0.5866711735725403,0.0377053240663507,mp-20234,0.0,Stable,Stable
mp-3088,-0.697862200833333,-0.7076912522315979,-0.0098290513982649,mp-3088,0.0,Stable,Stable
mp-1098202,-2.86735118858073,-2.8728578090667725,-0.0055066204860425,mp-1098202,0.12027550769531192,Stable,Stable
mp-1417806,0.634081701916666,0.7423429489135742,0.1082612469969082,mp-1417806,0.6993680275833327,Unstable,Unstable
mp-18399,-0.506060602361107,-0.5123337507247925,-0.0062731483636855,mp-18399,0.0,Stable,Stable
mp-640740,-2.74317642120343,-2.7494125366210938,-0.0062361154176637,mp-640740,0.009406355421686996,Stable,Stable
mp-706631,-2.52986072585488,-2.526909351348877,0.002951374506003,mp-706631,0.0,Stable,Stable
mp-570602,0.223468545633334,0.2950248122215271,0.0715562665881931,mp-570602,0.22346854563333363,Unstable,Unstable
mp-1179393,-1.73090253175926,-1.655142068862915,0.0757604628963448,mp-1179393,0.36503064287036846,Stable,Stable
mp-1209930,-0.697662275624999,-0.6291728615760803,0.0684894140489187,mp-1209930,0.0,Stable,Stable
mp-1176642,-2.30594538220443,-2.2841737270355225,0.0217716551689073,mp-1176642,0.062301210068029356,Stable,Stable
mp-15519,-2.92063847696078,-2.9235024452209477,-0.0028639682601672,mp-15519,0.006188874448529447,Stable,Stable
mp-1204782,-1.01397992345327,-1.0425125360488892,-0.0285326125956191,mp-1204782,0.5352361484782593,Stable,Stable
mp-1197108,-0.319648652768116,-0.3464056849479675,-0.0267570321798515,mp-1197108,0.002635782065213199,Stable,Stable
mp-1226641,-0.25864285275,-0.268608421087265,-0.009965568337265,mp-1226641,0.016992745499997852,Stable,Stable
mp-1200538,-0.710303660833331,-0.650243878364563,0.0600597824687679,mp-1200538,0.0,Stable,Stable
mp-1208284,-0.438476269909909,-0.4589025974273681,-0.0204263275174591,mp-1208284,0.025133943236587797,Stable,Stable
mp-861504,-3.44649738866667,-3.4571378231048584,-0.0106404344381885,mp-861504,0.0,Stable,Stable
mp-556799,-2.52946278625,-2.536462783813477,-0.0069999975634766,mp-556799,0.009382464062498208,Stable,Stable
mp-1176674,-2.41779880886625,-2.423342704772949,-0.0055438959066993,mp-1176674,0.08556056613636542,Stable,Stable
mp-1190960,-0.052560809930554,-0.1250336617231369,-0.0724728517925828,mp-1190960,0.46211719694444486,Stable,Stable
mp-582389,-0.390264084583334,-0.4514890909194946,-0.0612250063361606,mp-582389,0.0,Stable,Stable
mp-1077521,-0.418020802222222,-0.4111133217811584,0.0069074804410635,mp-1077521,0.022502599166672965,Stable,Stable
mp-631581,0.968938673125001,1.0015039443969729,0.0325652712719716,mp-631581,1.2987491922916674,Unstable,Unstable
mp-1026687,0.213219020052083,0.2235642224550247,0.0103452024029417,mp-1026687,0.2448586607812504,Unstable,Unstable
mp-5990,-2.84078672933269,-2.8351850509643555,0.0056016783683343,mp-5990,0.0007770066666665798,Stable,Stable
mp-753902,-2.32948366958333,-2.3110275268554688,0.0184561427278611,mp-753902,0.0026569483333327426,Stable,Stable
mp-2252,-0.886796353333334,-0.85993891954422,0.0268574337891139,mp-2252,0.0,Stable,Stable
mp-984,-1.407274898125,-1.4053194522857666,0.0019554458392334,mp-984,0.005704095000000464,Stable,Stable
mp-760280,-2.26537744242424,-2.257803201675415,0.0075742407488248,mp-760280,0.06358098286932012,Stable,Stable
mp-1189925,-0.587166850208332,-0.6067838668823242,-0.0196170166739921,mp-1189925,0.0,Stable,Stable
mp-10058,-0.461221055,-0.4564472436904907,0.0047738113095092,mp-10058,0.0,Stable,Stable
mp-1071504,0.130343930833333,-0.4102617502212524,-0.5406056810545854,mp-1071504,0.7153529880555549,Unstable,Stable
mp-757083,-1.96062777583333,-1.9797416925430296,-0.0191139167096998,mp-757083,0.17638730172222505,Stable,Stable
mp-1030699,-2.34608401436973,-2.3609275817871094,-0.0148435674173792,mp-1030699,0.43885718034234333,Stable,Stable
mp-703444,-1.84421607819444,-1.8375030755996704,0.0067130025947694,mp-703444,0.0,Stable,Stable
mp-850784,-2.4541103084094,-2.4595417976379395,-0.0054314892285396,mp-850784,0.053343268823530465,Stable,Stable
mp-1184483,0.900622400208334,0.7991544604301453,-0.1014679397781886,mp-1184483,0.9006224002083343,Unstable,Unstable
mp-761265,-2.22638379285714,-2.226057291030884,0.0003265018262563,mp-761265,0.08154497214286316,Stable,Stable
mp-1224510,-0.829890392380913,-0.8194112777709961,0.0104791146099169,mp-1224510,0.0064361476190519795,Stable,Stable
mp-1019539,-2.31544454320175,-2.3261165618896484,-0.0106720186878983,mp-1019539,0.0,Stable,Stable
mp-1191710,-0.660108658472221,-0.6690052151679993,-0.0088965566957782,mp-1191710,0.0,Stable,Stable
mp-1200773,-0.391225624732142,-0.3994610905647278,-0.0082354658325857,mp-1200773,0.10262529869047388,Stable,Stable
mp-1190580,-0.520299676590907,-0.5637686848640442,-0.0434690082731371,mp-1190580,0.0,Stable,Stable
mp-1201381,-2.49168828388889,-2.4841654300689697,0.0075228538199203,mp-1201381,0.16738568543518095,Stable,Stable
mp-707273,-0.196364179285713,-0.1970757097005844,-0.0007115304148714,mp-707273,0.005437845119047324,Stable,Stable
mp-1226151,-2.86887102256106,-2.886537790298462,-0.0176667677374018,mp-1226151,0.0,Stable,Stable
mp-1192463,-0.136415280000002,-0.0783859267830848,0.0580293532169171,mp-1192463,0.03748617285713962,Stable,Stable
mp-1180492,-2.10468568131066,-2.1296682357788086,-0.0249825544681487,mp-1180492,0.27991706002314665,Stable,Stable
mp-570499,-1.58136933173077,-1.551948070526123,0.0294212612046469,mp-570499,0.0,Stable,Stable
mp-22703,-0.300986961346154,-0.2762593626976013,0.0247275986485526,mp-22703,0.0,Stable,Stable
mp-1195458,-0.361396773268229,-0.3693994283676147,-0.0080026550993857,mp-1195458,0.036580513007812065,Stable,Stable
mp-683990,-2.75481248914322,-2.7556402683258057,-0.0008277791825856,mp-683990,0.0,Stable,Stable
mp-559574,-2.81361089396528,-2.8340649604797363,-0.0204540665144561,mp-559574,0.0,Stable,Stable
mp-1219765,-0.482202230370369,-0.4850883483886719,-0.0028861180183028,mp-1219765,0.023697087222227964,Stable,Stable
mp-972442,-1.23579384983333,-1.3321771621704102,-0.09638331233708,mp-972442,1.1284979960624977,Stable,Stable
mp-862754,-1.55080411566667,-1.5508129596710205,-8.844004350416768e-06,mp-862754,0.0,Stable,Stable
mp-569655,-1.091811370625,-0.6892753839492798,0.4025359866757203,mp-569655,0.32116762250000086,Stable,Stable
mp-1104127,0.257092778221155,-0.0015355795621871,-0.2586283577833422,mp-1104127,0.29440814658653913,Unstable,Stable
mp-999118,-0.152876557840908,-0.138074517250061,0.0148020405908469,mp-999118,0.26336623909091017,Stable,Stable
mp-893207,-2.15978140797865,-2.188061237335205,-0.0282798293565549,mp-893207,0.3515324170714367,Stable,Stable
mp-30148,-0.1635067953125,-0.1676395088434219,-0.0041327135309219,mp-30148,0.5429827012500006,Stable,Stable
mp-1209317,-2.42964222608333,-2.444392204284668,-0.0147499782013378,mp-1209317,0.04004284766667787,Stable,Stable
mp-764672,-2.2529962696124,-2.248862028121948,0.0041342414904517,mp-764672,0.06892254071946269,Stable,Stable
mp-540900,-2.21182316809524,-2.206185102462769,0.0056380656324712,mp-540900,0.012453169047617507,Stable,Stable
mp-1189526,-2.34634650491667,-2.3459572792053223,0.0003892257113475,mp-1189526,0.23078423199999776,Stable,Stable
mp-1183146,0.876944082708334,0.7672237753868103,-0.1097203073215237,mp-1183146,0.8769440827083343,Unstable,Unstable
mp-1221919,-0.465533241674878,-0.4936970472335815,-0.0281638055587035,mp-1221919,0.027957510892857584,Stable,Stable
mp-554346,-3.12371380763235,-3.122545957565308,0.0011678500670422,mp-554346,0.0,Stable,Stable
mp-1212115,-0.625633711527777,-0.6282992362976074,-0.0026655247698303,mp-1212115,0.0,Stable,Stable
mp-1033242,-2.36094090166667,-2.429090738296509,-0.0681498366298387,mp-1033242,0.5105364251041626,Stable,Stable
mp-1182326,-2.81296713587963,-2.7501144409179688,0.0628526949616614,mp-1182326,0.06972475241900611,Stable,Stable
mp-1228559,-0.374853701379308,-0.3507314324378967,0.0241222689414112,mp-1228559,0.0004890425861976411,Stable,Stable
mp-3428,-0.644615349893666,-0.5926277041435242,0.0519876457501418,mp-3428,0.10793925681818095,Stable,Stable
mp-22632,-2.27818958075758,-1.9956892728805544,0.2825003078770258,mp-22632,0.0,Stable,Stable
mp-1200137,-1.95116266288462,-1.924889326095581,0.0262733367890388,mp-1200137,0.0,Stable,Stable
mp-849617,-2.26770776401515,-2.2624762058258057,0.0052315581893442,mp-849617,0.061250661278410945,Stable,Stable
mp-862847,-0.215252308124998,-0.4515851736068725,-0.2363328654818745,mp-862847,0.4476631453124966,Stable,Stable
mp-8926,-1.00230192083333,-0.9930813312530518,0.0092205895802781,mp-8926,0.004483982083333338,Stable,Stable
mp-761194,-2.28180420755556,-2.282998561859131,-0.0011943543035708,mp-761194,0.053880960923616605,Stable,Stable
mp-29651,0.408400335833331,0.4973636269569397,0.0889632911236086,mp-29651,0.6008436473333347,Unstable,Unstable
mp-1177802,-2.51344900260417,-2.507213592529297,0.0062354100748729,mp-1177802,0.11151878781249902,Stable,Stable
mp-1274711,-2.16788360083333,-2.149711847305298,0.0181717535280321,mp-1274711,0.10247873100000149,Stable,Stable
mp-1224758,-0.061055751465516,-0.0320029929280281,0.0290527585374878,mp-1224758,0.03437324862069069,Stable,Stable
mp-12076,-0.45197801166667,-0.4855578541755676,-0.0335798425088976,mp-12076,0.0,Stable,Stable
mp-1203945,-0.389579378873873,-0.3660128712654114,0.0235665076084616,mp-1203945,0.01544549450245647,Stable,Stable
mp-760257,-2.25959720787879,-2.254446029663086,0.0051511782157041,mp-760257,0.06936121741477308,Stable,Stable
mp-756217,-2.17454777885417,-2.151207685470581,0.023340093383589,mp-756217,0.07635937593749986,Stable,Stable
mp-1207701,-0.498322872051281,-0.5251448154449463,-0.0268219433936652,mp-1207701,0.0,Stable,Stable
mp-1226141,-0.176292886622022,-0.1369756907224655,0.0393171958995564,mp-1226141,0.050465247187499784,Stable,Stable
mp-761226,-2.26832595969697,-2.2551393508911133,0.0131866088058565,mp-761226,0.06063246559659241,Stable,Stable
mp-1198697,-0.687584132092592,-0.688125491142273,-0.000541359049681,mp-1198697,0.2143382230154307,Stable,Stable
mp-831163,-2.50875160882184,-2.4971108436584477,0.0116407651633925,mp-831163,0.0062080058333346955,Stable,Stable
mp-9244,-0.374308039166667,-0.2469181716442108,0.1273898675224561,mp-9244,0.0,Stable,Stable
mp-1020060,-1.908172922875,-1.9187867641448972,-0.0106138412698975,mp-1020060,0.0,Stable,Stable
mp-759614,-2.06524182348039,-2.0768139362335205,-0.0115721127531305,mp-759614,0.10367277705881417,Stable,Stable
mp-768177,-2.54630941385417,-2.537015199661255,0.009294214192915,mp-768177,0.0786583765624993,Stable,Stable
mp-561055,-2.80554744638889,-2.7934703826904297,0.0120770636984604,mp-561055,0.0009588383024832225,Stable,Stable
mp-1191101,-2.77859494231944,-2.788235664367676,-0.0096407220482359,mp-1191101,0.0,Stable,Stable
mp-556626,-2.92240256708333,-2.9077906608581543,0.0146119062251757,mp-556626,0.048838674255950565,Stable,Stable
mp-12736,-0.593831916666668,-0.5803624391555786,0.0134694775110894,mp-12736,0.008590445833321247,Stable,Stable
mp-1228556,-2.89289458902299,-2.8432533740997314,0.0496412149232585,mp-1228556,0.013920784971277023,Stable,Stable
mp-1195197,-1.63917142101852,-1.5776602029800415,0.0615112180384784,mp-1195197,0.10253770805555718,Stable,Stable
mp-1196457,-3.00282009076389,-2.991183996200561,0.0116360945633284,mp-1196457,0.0,Stable,Stable
mp-1188136,-0.584093417708332,-0.561813235282898,0.022280182425434,mp-1188136,0.0,Stable,Stable
mp-581285,-3.53867902993056,-3.5477654933929443,-0.0090864634623843,mp-581285,0.008145955578692465,Stable,Stable
mp-1213769,-2.66798731725694,-2.671748399734497,-0.0037610824775571,mp-1213769,0.0,Stable,Stable
mp-557384,-3.20566001462121,-3.210822820663452,-0.0051628060422421,mp-557384,0.0,Stable,Stable
mp-1099318,0.248129838229166,0.2225501388311386,-0.0255796993980274,mp-1099318,0.3775857440624999,Unstable,Unstable
mp-1237990,0.165374487833334,-0.1283865720033645,-0.2937610598366985,mp-1237990,0.4580616991666684,Unstable,Stable
mp-1021319,0.4146770840625,0.4085661768913269,-0.006110907171173,mp-1021319,0.6226907571875002,Unstable,Unstable
mp-1197003,-0.082678896029412,-0.0860364735126495,-0.0033575774832375,mp-1197003,0.0,Stable,Stable
mp-1220477,-0.076952858039215,-0.0878538861870765,-0.0109010281478615,mp-1220477,0.007393103988970751,Stable,Stable
mp-1221451,-2.94647408239169,-2.9489293098449707,-0.0024552274532805,mp-1221451,0.00015030500000001723,Stable,Stable
mp-1192682,-0.193155799404761,-0.2560345530509949,-0.0628787536462338,mp-1192682,0.3136419901373646,Stable,Stable
mp-3919,-2.64408143910417,-2.6148695945739746,0.0292118445301952,mp-3919,0.0,Stable,Stable
mp-1198909,-2.43943354079861,-2.4895095825195312,-0.0500760417209211,mp-1198909,0.02577163109374858,Stable,Stable
mp-1176667,-2.42099692318443,-2.42475962638855,-0.0037627032041198,mp-1176667,0.08236245181818447,Stable,Stable
mp-1189226,-0.385437095185185,-0.3953738212585449,-0.0099367260733599,mp-1189226,0.0,Stable,Stable
mp-1245270,-2.66948571916667,-2.6152985095977783,0.0541872095688917,mp-1245270,0.1285705908333341,Stable,Stable
mp-768301,-3.28675168677778,-3.291705846786499,-0.0049541600087188,mp-768301,0.03068925958331903,Stable,Stable
mp-721905,-1.82596735066667,-1.7879691123962402,0.0379982382704298,mp-721905,0.35600496243750346,Stable,Stable
mp-504583,-1.98459708845238,-1.967060089111328,0.0175369993410519,mp-504583,0.15575309309523266,Stable,Stable
mp-1202870,-1.6158190975,-1.528257966041565,0.087561131458435,mp-1202870,0.35087207812499965,Stable,Stable
mp-768798,-2.38066907044118,-2.360817670822144,0.0198513996190365,mp-768798,0.04771272602941945,Stable,Stable
mp-21522,-1.8349809712963,-1.8212617635726929,0.013719207723607,mp-21522,0.0,Stable,Stable
mp-1202687,-1.98982803614583,-2.088991641998291,-0.0991636058524609,mp-1202687,0.11068177694196368,Stable,Stable
mp-1223079,-0.076154823333334,-0.0942379832267761,-0.0180831598934421,mp-1223079,0.06700155338235181,Stable,Stable
mp-1191987,-0.613415433888882,-0.61691814661026,-0.003502712721378,mp-1191987,0.0,Stable,Stable
mp-779307,-2.20763662486111,-2.352297782897949,-0.1446611580368393,mp-779307,0.27811198354166944,Stable,Stable
mp-1018783,-0.122692704166667,-0.0154066085815429,0.107286095585124,mp-1018783,0.0,Stable,Stable
mp-3515,-0.542693703666668,-0.5447564721107483,-0.0020627684440802,mp-3515,0.0,Stable,Stable
mp-1095722,2.96046034395833,2.2657058238983154,-0.6947545200600147,mp-1095722,3.2145271466666667,Unstable,Unstable
mp-1181701,-0.88148165367647,-0.9465292692184448,-0.0650476155419748,mp-1181701,0.7623228813480365,Stable,Stable
mp-766463,-2.63822171784145,-2.626152753829956,0.0120689640114939,mp-766463,0.0,Stable,Stable
mp-581471,-0.392116013055556,-0.4760922193527221,-0.0839762062971661,mp-581471,0.0,Stable,Stable
mp-21230,-0.554536819027776,-0.5496609210968018,0.0048758979309742,mp-21230,0.0,Stable,Stable
mp-1200214,-2.44915748241071,-2.4553513526916504,-0.0061938702809403,mp-1200214,0.1838260610491096,Stable,Stable
mp-1214836,-0.234124803690474,-0.2853903770446777,-0.0512655733542037,mp-1214836,0.003008840238095445,Stable,Stable
mp-1221391,-0.411097830164611,-0.4031215906143188,0.0079762395502921,mp-1221391,0.022565238492305184,Stable,Stable
mp-6943,-3.37750509652778,-3.3811941146850586,-0.0036890181572784,mp-6943,0.0,Stable,Stable
mp-567164,-0.429055083749998,-0.4041299819946289,0.0249251017553691,mp-567164,0.0,Stable,Stable
mp-973391,-0.202180563541666,-0.1553221940994262,0.0468583694422397,mp-973391,0.0,Stable,Stable
mp-761278,-2.28287333955556,-2.275334119796753,0.0075392197588071,mp-761278,0.05281182892361613,Stable,Stable
mp-531006,-2.65136631444153,-2.620840311050415,0.0305260033911149,mp-531006,0.10143650616170419,Stable,Stable
mp-1198007,-3.40554594057292,-3.381605386734009,0.0239405538389112,mp-1198007,0.005847459440962766,Stable,Stable
mp-1207990,-0.649871653611112,-0.6648903489112854,-0.0150186953001734,mp-1207990,0.0,Stable,Stable
mp-1201885,-1.87964972020548,-1.9806358814239504,-0.1009861612184701,mp-1201885,0.11264647871232736,Stable,Stable
mp-780659,-2.46002646514743,-2.454953670501709,0.0050727946457209,mp-780659,0.04938520880434183,Stable,Stable
mp-1195284,-0.315427383814393,-0.2196809649467468,0.0957464188676461,mp-1195284,0.0,Stable,Stable
mp-1192098,-0.590634049469697,-0.600100040435791,-0.009465990966094,mp-1192098,0.0,Stable,Stable
mp-1224291,-0.833419490583338,-0.8843713402748108,-0.0509518496914728,mp-1224291,0.009947190833329955,Stable,Stable
mp-15617,-0.2661138259375,-0.376670241355896,-0.110556415418396,mp-15617,0.0419593625000001,Stable,Stable
mp-768944,-2.67223338101852,-2.7027385234832764,-0.0305051424647562,mp-768944,0.06752378388886449,Stable,Stable
mp-19726,-0.476900683499985,-0.4902479648590088,-0.0133472813590238,mp-19726,0.08454891699999934,Stable,Stable
mp-768922,-2.55314885916667,-2.55495285987854,-0.00180400071187,mp-768922,0.10285438154760129,Stable,Stable
mp-1106328,-0.389492276929823,-0.387700617313385,0.001791659616438,mp-1106328,0.00558535052631548,Stable,Stable
mp-1026624,0.354818188333333,0.3196436166763305,-0.0351745716570024,mp-1026624,0.36609556093750006,Unstable,Unstable
mp-570530,-1.23649296439655,-1.200509786605835,0.0359831777907151,mp-570530,0.0,Stable,Stable
mp-1207487,-2.49666208434028,-2.496332883834839,0.0003292005054409,mp-1207487,0.04261501917968058,Stable,Stable
mp-634464,0.568510667080357,0.401832640171051,-0.166678026909306,mp-634464,1.133596951785714,Unstable,Unstable
mp-1202821,-3.22843516159091,-3.213141202926636,0.0152939586642744,mp-1202821,0.0,Stable,Stable
mp-759292,-1.99508869906863,-2.2072386741638184,-0.2121499750951883,mp-759292,0.3427727686764701,Stable,Stable
mp-505375,-2.27731579823515,-2.2409141063690186,0.0364016918661316,mp-505375,0.2884130639583331,Stable,Stable
mp-1214382,-2.42519481472222,-2.351409673690796,0.0737851410314243,mp-1214382,0.2568418314285772,Stable,Stable
mp-721875,-1.92385288122807,-1.930338740348816,-0.0064858591207459,mp-721875,0.037318680921050174,Stable,Stable
mp-1215865,-0.453278449166667,-0.5189642310142517,-0.0656857818475847,mp-1215865,0.04991292395061464,Stable,Stable
mp-1224295,-0.647945693500003,-0.6851662993431091,-0.0372206058431061,mp-1224295,0.06242481583333159,Stable,Stable
mp-1245193,-0.596662487725001,-0.6815596222877502,-0.0848971345627492,mp-1245193,0.8163165053999997,Stable,Stable
mp-1020160,-2.61955511210375,-2.61177134513855,0.0077837669652001,mp-1020160,0.0013948653947899459,Stable,Stable
mp-531600,-0.707823131092059,-0.6300392150878906,0.0777839160041683,mp-531600,0.0,Stable,Stable
mp-644223,-0.401481665416666,-0.4051342010498047,-0.0036525356331386,mp-644223,0.04710132833333258,Stable,Stable
mp-782654,-2.47573489797865,-2.474177837371826,0.001557060606824,mp-782654,0.03557892707143573,Stable,Stable
mp-721584,-1.69688130157051,-1.6050117015838623,0.0918695999866476,mp-721584,0.2876142064743652,Stable,Stable
mp-1188579,-0.29834522984375,-0.3184272646903991,-0.0200820348466491,mp-1188579,0.05489951843749985,Stable,Stable
mp-8546,-0.655511716500001,-0.6486302018165588,0.0068815146834421,mp-8546,0.0,Stable,Stable
mp-1080104,-0.721134923999997,-0.7405565977096558,-0.0194216737096587,mp-1080104,0.0,Stable,Stable
mp-1200174,-0.527573730630631,-0.5054428577423096,0.0221308728883213,mp-1200174,0.021227223603604628,Stable,Stable
mp-560899,-2.2708774655147,-2.2815330028533936,-0.0106555373386934,mp-560899,0.009811502500002511,Stable,Stable
mp-1188589,-0.330593030263157,-0.3310009241104126,-0.0004078938472555,mp-1188589,0.0,Stable,Stable
mp-758855,-2.39861682958333,-2.3719615936279297,0.0266552359554004,mp-758855,0.03578590041666718,Stable,Stable
mp-7099,-0.471307997916663,-0.4098592400550842,0.0614487578615787,mp-7099,0.01768169333333347,Stable,Stable
mp-5313,-0.493031105555554,-0.4949320554733276,-0.0019009499177736,mp-5313,0.0,Stable,Stable
mp-569121,-1.01942557958333,-1.0455536842346191,-0.0261281046512891,mp-569121,0.0,Stable,Stable
mp-16085,-0.322930018532608,-0.3808663487434387,-0.0579363302108307,mp-16085,0.0,Stable,Stable
mp-1007881,-0.387946513333332,-0.3961203694343567,-0.0081738561010246,mp-1007881,0.0,Stable,Stable
mp-558442,-2.57692098892361,-2.5650854110717773,0.0118355778518326,mp-558442,0.0,Stable,Stable
mp-1096844,0.339286516428574,0.2969837784767151,-0.0423027379518589,mp-1096844,0.3392865164285741,Unstable,Unstable
mp-556141,-2.42202989996528,-2.417187452316284,0.0048424476489956,mp-556141,0.0,Stable,Stable
mp-7692,-0.381104271,-0.4048647880554199,-0.0237605170554199,mp-7692,0.0,Stable,Stable
mp-1077506,-1.11125674395833,-1.305328369140625,-0.1940716251822949,mp-1077506,0.3017222491666658,Stable,Stable
mp-639306,-0.47792558358333,-0.4947901368141174,-0.0168645532307874,mp-639306,0.027159466277776545,Stable,Stable
mp-777049,-2.33214061791667,-2.326012372970581,0.0061282449460891,mp-777049,0.0,Stable,Stable
mp-1216966,-0.667893634166668,-0.6701474785804749,-0.0022538444138068,mp-1216966,0.046883184166667036,Stable,Stable
mp-758800,-0.633033537210526,-0.6417486667633057,-0.0087151295527796,mp-758800,0.01966110052631631,Stable,Stable
mp-1245924,-0.103710172564101,-0.0311500653624534,0.0725601072016475,mp-1245924,0.1500362960256405,Stable,Stable
mp-756046,-2.28450438819444,-2.2935502529144287,-0.0090458647199889,mp-756046,0.04763622972222237,Stable,Stable
mp-1200811,-0.349442811515151,-0.3408806920051574,0.0085621195099935,mp-1200811,0.0,Stable,Stable
mp-22774,-1.98739749041667,-1.9618816375732424,0.0255158528434278,mp-22774,0.0013293519999990622,Stable,Stable
mp-1103082,-0.273456495694444,-0.2976319193840027,-0.0241754236895586,mp-1103082,0.0309605641666586,Stable,Stable
mp-505473,-0.279680897666665,-0.3513010740280151,-0.0716201763613501,mp-505473,0.029769778000000358,Stable,Stable
mp-8000,-2.83287689533333,-2.81967568397522,0.0132012113581101,mp-8000,0.0,Stable,Stable
mp-5410,-0.412496965555555,-0.4261419177055359,-0.0136449521499809,mp-5410,0.01150854666666934,Stable,Stable
mp-1217367,-0.422834351617646,-0.489074170589447,-0.066239818971801,mp-1217367,0.011059157205885128,Stable,Stable
mp-1078299,-0.438490446666666,-0.4268400073051452,0.0116504393615207,mp-1078299,0.0,Stable,Stable
mp-2659898,-0.421020042916666,-0.4223473668098449,-0.0013273238931789,mp-2659898,0.0275629508333326,Stable,Stable
mp-1026562,0.359119241066809,0.3541998863220215,-0.0049193547447874,mp-1026562,0.3756103029418103,Unstable,Unstable
mp-30905,-1.17730263148148,-1.250128149986267,-0.072825518504787,mp-30905,0.0,Stable,Stable
mp-1202380,-0.392166862719298,-0.3923056721687317,-0.0001388094494336,mp-1202380,0.0,Stable,Stable
mp-1193187,-0.6059369055,-0.5567005276679993,0.0492363778320007,mp-1193187,0.0,Stable,Stable
mp-1344419,-1.26956961558221,-1.366897702217102,-0.097328086634892,mp-1344419,1.2398420583695602,Stable,Stable
mp-1014138,-0.468956122500001,-0.4846228361129761,-0.015666713612975,mp-1014138,0.33107580249999913,Stable,Stable
mp-770876,-2.27507419819444,-2.2944936752319336,-0.0194194770374935,mp-770876,0.06169259402778415,Stable,Stable
mp-1225050,-1.03860537101852,-0.9750120043754578,0.0635933666430621,mp-1225050,0.040588105555563914,Stable,Stable
mp-6076,-3.37916960847222,-3.384826898574829,-0.0056572901026092,mp-6076,0.0,Stable,Stable
mp-5311,-1.25026048375,-0.9500769972801208,0.3001834864698791,mp-5311,0.0,Stable,Stable
mp-1222906,-1.71371116695238,-1.7054044008255005,0.0083067661268794,mp-1222906,0.05825123841428592,Stable,Stable
mp-1106180,-0.232539774500003,-0.2586093246936798,-0.0260695501936768,mp-1106180,0.008654345300001864,Stable,Stable
mp-1097047,-1.61697335268519,-1.6220906972885132,-0.0051173446033232,mp-1097047,0.06335902833332963,Stable,Stable
mp-8697,-3.43694115683333,-3.4512412548065186,-0.0143000979731886,mp-8697,0.0,Stable,Stable
mp-1278986,-2.39675402391954,-2.42547345161438,-0.0287194276948397,mp-1278986,0.03233746455207154,Stable,Stable
mp-1203744,-2.33734809147619,-2.320727825164795,0.0166202663113952,mp-1203744,0.100489552333352,Stable,Stable
mp-1189073,-0.680435598333325,-0.6498822569847107,0.0305533413486143,mp-1189073,0.0,Stable,Stable
mp-1222891,-0.594920202857143,-0.5952529311180115,-0.0003327282608684,mp-1222891,0.0010598771428664833,Stable,Stable
mp-768738,-2.41937811861111,-2.440999746322632,-0.0216216277115219,mp-768738,0.04634770229166385,Stable,Stable
mp-976384,-0.598663788611117,-0.6057898998260498,-0.0071261112149327,mp-976384,0.0,Stable,Stable
mp-1097,-0.863821164916668,-0.8486661911010742,0.0151549738155938,mp-1097,0.0,Stable,Stable
mp-1222703,-0.572230745357144,-0.5762572288513184,-0.0040264834941743,mp-1222703,0.0,Stable,Stable
mp-1026525,0.262593916302083,0.2604302763938904,-0.0021636399081926,mp-1026525,0.35879876343750006,Unstable,Unstable
mp-1001600,-0.193911678461539,-0.1493556499481201,0.0445560285134188,mp-1001600,0.05643777115383841,Stable,Stable
mp-23316,-0.810515123796298,-0.9314759969711304,-0.1209608731748324,mp-23316,0.11629490064814796,Stable,Stable
mp-1031185,-2.36039770716667,-2.369379758834839,-0.0089820516681689,mp-1031185,0.4709547496410238,Stable,Stable
mp-569415,-0.220165477396174,-0.2341758161783218,-0.0140103387821478,mp-569415,0.020937042306199416,Stable,Stable
mp-5971,-1.10885349395834,-1.020626664161682,0.0882268297966579,mp-5971,0.0,Stable,Stable
mp-1190291,-0.511113564629629,-0.5112395286560059,-0.0001259640263768,mp-1190291,0.0,Stable,Stable
mp-706662,0.010559028289473,-0.1581379175186157,-0.1686969458080887,mp-706662,0.24091718388158068,Unstable,Stable
mp-1197839,-0.207559380772726,-0.2629727125167846,-0.0554133317440586,mp-1197839,0.0758166882954523,Stable,Stable
mp-1195438,-0.262905729818844,-0.1959613114595413,0.0669444183593027,mp-1195438,0.07869569599637671,Stable,Stable
mp-18990,-2.95411090049671,-2.9536726474761963,0.0004382530205138,mp-18990,0.0,Stable,Stable
mp-977058,-2.26232797258333,-2.205007553100586,0.0573204194827439,mp-977058,0.8432484849791653,Stable,Stable
mp-10115,-0.756167947500003,-0.6579626202583313,0.0982053272416717,mp-10115,0.0,Stable,Stable
mp-1238776,-0.159621723333335,-0.5657363533973694,-0.4061146300640343,mp-1238776,0.44025313749999917,Stable,Stable
mp-759456,-2.32619704007407,-2.3340463638305664,-0.0078493237564964,mp-759456,0.09260736026667082,Stable,Stable
mp-567836,-0.380922458221948,-0.5236342549324036,-0.1427117967104555,mp-567836,0.0,Stable,Stable
mp-7492,-3.50693075283333,-3.5264151096343994,-0.0194843568010694,mp-7492,0.014214797000001056,Stable,Stable
mp-758915,-2.2457628751938,-2.241591691970825,0.0041711832229749,mp-758915,0.07615593513806651,Stable,Stable
mp-553990,-1.46552460575758,-1.4115949869155884,0.0539296188419915,mp-553990,0.14238531227272944,Stable,Stable
mp-1202708,-0.582349039305556,-0.2808591723442077,0.3014898669613483,mp-1202708,0.0,Stable,Stable
mp-975663,-0.433111575925926,-0.4715860486030578,-0.0384744726771318,mp-975663,0.0,Stable,Stable
mp-849704,-2.22784864857143,-2.215808153152466,0.0120404954189643,mp-849704,0.0800801164285776,Stable,Stable
mp-29721,-0.04114488109375,-0.0762086883187294,-0.0350638072249794,mp-29721,0.04459328468750101,Stable,Stable
mp-15323,-0.445875924166664,-0.4071627855300903,0.0387131386365736,mp-15323,0.0,Stable,Stable
mp-849585,-2.47273694869294,-2.462749719619751,0.009987229073189,mp-849585,0.03857687635714946,Stable,Stable
mp-1208163,-2.13082464491667,-2.4814133644104004,-0.3505887194937305,mp-1208163,0.6761161514166645,Stable,Stable
mp-1032987,-2.55269745307292,-2.530465602874756,0.0222318501981639,mp-1032987,0.43520144109374836,Stable,Stable
mp-22225,-3.36705612302083,-3.375459671020508,-0.008403547999678,mp-22225,0.0,Stable,Stable
mp-20278,0.468854393333333,0.6708778738975525,0.2020234805642194,mp-20278,0.9073448400000004,Unstable,Unstable
mp-12403,-3.14099125319444,-3.1326773166656494,0.0083139365287907,mp-12403,0.0,Stable,Stable
mp-1035858,-2.78408835778646,-2.795438289642334,-0.0113499318558738,mp-1035858,0.26688832719705147,Stable,Stable
mp-1192121,-0.6416628525,-0.6304412484169006,0.0112216040830993,mp-1192121,0.0,Stable,Stable
mp-777353,-2.66254574023201,-2.678816318511963,-0.0162705782799528,mp-777353,0.08271944482446614,Stable,Stable
mp-1196416,-3.20594875486979,-3.233359098434448,-0.0274103435646582,mp-1196416,0.073483933619789,Stable,Stable
mp-778884,-2.28172383643518,-2.2897844314575195,-0.0080605950223393,mp-778884,0.05041678148148154,Stable,Stable
mp-1222458,-0.272499205865078,-0.0573870986700058,0.2151121071950721,mp-1222458,0.0,Stable,Stable
mp-1225361,-0.634376038137268,-0.6358568072319031,-0.0014807690946351,mp-1225361,0.0,Stable,Stable
mp-568384,0.020847606666665,-0.0591866597533226,-0.0800342664199875,mp-568384,0.9076439600000015,Unstable,Stable
mp-556531,-3.061145014375,-3.0535247325897217,0.0076202817852784,mp-556531,0.005015607458330962,Stable,Stable
mp-1184546,-2.68598905783333,-2.564723491668701,0.1212655661646286,mp-1184546,0.8710648649999984,Stable,Stable
mp-1212152,-3.10089797166667,-3.10157322883606,-0.0006752571693895,mp-1212152,0.01191651772058755,Stable,Stable
mp-30977,-0.270302788715277,-0.2063727974891662,0.0639299912261107,mp-30977,0.08844604770833353,Stable,Stable
mp-1215903,-0.495871972500001,-0.4891864061355591,0.0066855663644418,mp-1215903,1.2104261887499987,Stable,Stable
mp-770833,-2.33632927166667,-2.3091084957122803,0.0272207759543898,mp-770833,0.07971834484375062,Stable,Stable
mp-764513,-2.24630085170543,-2.2438652515411377,0.0024356001642922,mp-764513,0.07561795862643983,Stable,Stable
mp-965,-0.608675188333334,-0.6232160329818726,-0.0145408446485385,mp-965,0.01987397799999968,Stable,Stable
mp-1202054,-0.0658117997961,-0.069459281861782,-0.003647482065682,mp-1202054,0.12879806138297578,Stable,Stable
mp-1204645,-0.623934791203701,-0.6418318152427673,-0.0178970240390663,mp-1204645,0.0,Stable,Stable
mp-768290,-2.25966001885417,-2.294729232788086,-0.0350692139339159,mp-768290,0.09088562437499981,Stable,Stable
mp-1244917,-0.496786855325001,-0.5779434442520142,-0.0811565889270131,mp-1244917,0.9161921377999995,Stable,Stable
mp-8874,-2.97232756035714,-2.9753692150115967,-0.0030416546544564,mp-8874,0.005259894880951244,Stable,Stable
mp-1203686,-0.218030324454021,-0.2225923091173172,-0.0045619846632961,mp-1203686,0.02106457428571451,Stable,Stable
mp-28668,-0.043789579583333,-0.1303025931119918,-0.0865130135286588,mp-28668,0.4715854318134447,Stable,Stable
mp-1205056,-0.394873581465519,-0.4097139835357666,-0.0148404020702476,mp-1205056,0.13668408797413356,Stable,Stable
mp-13150,-1.412926190625,-1.42681086063385,-0.0138846700088501,mp-13150,5.280250000083697e-05,Stable,Stable
mp-1210559,-2.84274727335323,-2.8603169918060303,-0.0175697184528003,mp-1210559,0.08713317942306809,Stable,Stable
mp-1195214,-2.61106771982456,-2.5859830379486084,0.0250846818759518,mp-1195214,0.0,Stable,Stable
mp-1211708,-0.512566756782944,-0.5032978653907776,0.0092688913921664,mp-1211708,0.0,Stable,Stable
mp-1016422,0.36571881650862,0.4210165143013,0.05529769779268,mp-1016422,0.398700940258621,Unstable,Unstable
mp-1070916,-0.3211235025,-0.3777662515640259,-0.0566427490640258,mp-1070916,0.0,Stable,Stable
mp-556123,-3.33927596061403,-3.3919665813446045,-0.0526906207305746,mp-556123,0.006372859671044395,Stable,Stable
mp-696656,-2.06694287691667,-2.069643020629883,-0.0027001437132128,mp-696656,0.0,Stable,Stable
mp-1215822,-2.08358475380952,-2.1120617389678955,-0.0284769851583757,mp-1215822,0.0767090929761931,Stable,Stable
mp-1224582,-2.805412341661,-2.811835527420044,-0.0064231857590439,mp-1224582,0.0023986893441403367,Stable,Stable
mp-10129,-0.511598959027778,-0.5138579607009888,-0.0022590016732108,mp-10129,0.0,Stable,Stable
mp-1099260,-2.52762175851038,-2.577796697616577,-0.0501749391061969,mp-1099260,0.3858167483491757,Stable,Stable
mp-568803,-0.194153023,-0.1687982678413391,0.0253547551586608,mp-568803,0.0,Stable,Stable
mp-1193817,-0.105932642440477,-0.025580383837223,0.0803522586032539,mp-1193817,0.3294079221428552,Stable,Stable
mp-1188249,-0.620341858333334,-0.6218852400779724,-0.0015433817446384,mp-1188249,0.0,Stable,Stable
mp-1214764,-0.914729523541666,-0.993485152721405,-0.078755629179739,mp-1214764,0.8340556702083335,Stable,Stable
mp-18936,-2.57251375320833,-2.5722060203552246,0.0003077328531055,mp-18936,0.009484396343758306,Stable,Stable
mp-24796,-0.492922956517856,-0.4925630688667297,0.0003598876511262,mp-24796,0.08007141928571482,Stable,Stable
mp-1222565,-2.75506657697917,-2.78416109085083,-0.02909451387166,mp-1222565,0.031277193645813384,Stable,Stable
mp-771174,-3.13535209259259,-3.1385087966918945,-0.0031567040993043,mp-771174,0.006215355555554858,Stable,Stable
mp-1226217,-0.191808050000001,-0.2761430740356445,-0.0843350240356435,mp-1226217,0.08203478416666599,Stable,Stable
mp-568556,-0.155239767407408,-0.057034570723772,0.0982051966836359,mp-568556,0.0,Stable,Stable
mp-1198358,-1.99192471539682,-1.9478509426116943,0.0440737727851257,mp-1198358,0.0018019135267870467,Stable,Stable
mp-1034626,-2.84208893251706,-2.8534743785858154,-0.0113854460687554,mp-1034626,0.14240945218750145,Stable,Stable
mp-761230,-2.26319825083333,-2.258556842803955,0.004641408029375,mp-761230,0.06576017446022764,Stable,Stable
mp-850396,-2.44843229635057,-2.448375940322876,5.635602769382686e-05,mp-850396,0.059021280882353366,Stable,Stable
mp-1221176,-1.84887740552981,-1.809910774230957,0.038966631298853,mp-1221176,0.3223173279687499,Stable,Stable
mp-23691,-0.239929671730768,-0.2011404037475586,0.0387892679832094,mp-23691,0.0,Stable,Stable
mp-11183,-3.15838233991667,-3.174783706665039,-0.0164013667483691,mp-11183,0.0,Stable,Stable
mp-11772,-3.34295669691667,-3.3533294200897217,-0.0103727231730514,mp-11772,0.026880787750005908,Stable,Stable
mp-555385,-2.88052778889048,-2.8939197063446045,-0.0133919174541246,mp-555385,0.004511007638882347,Stable,Stable
mp-1201222,-2.00735085931159,-2.064512014389038,-0.057161155077448,mp-1201222,0.09352456813664833,Stable,Stable
mp-5182,-0.055875890392156,-0.0553049594163894,0.0005709309757665,mp-5182,0.001119763713234967,Stable,Stable
mp-27245,-0.858403642777776,-0.7684736847877502,0.0899299579900257,mp-27245,0.0,Stable,Stable
mp-1352620,0.843628531666667,-0.8331068158149719,-1.6767353474816389,mp-1352620,3.7479940003000065,Unstable,Stable
mp-22335,-0.45981140138889,-0.4654529094696045,-0.0056415080807145,mp-22335,0.0,Stable,Stable
mp-365,-0.1727923235,-0.3033589124679565,-0.1305665889679565,mp-365,0.0,Stable,Stable
mp-29028,-0.488556519055553,-0.4854870438575744,0.0030694751979785,mp-29028,0.13432225266666453,Stable,Stable
mp-759933,-2.46593096,-2.468589782714844,-0.0026588227148436,mp-759933,0.11331288772727444,Stable,Stable
mp-760324,-2.24670331798449,-2.2395150661468506,0.0071882518376393,mp-760324,0.07521549234737002,Stable,Stable
mp-6602,-2.2868555280303,-2.287115335464477,-0.0002598074341775,mp-6602,0.04341828659090918,Stable,Stable
mp-6576,-0.503124492222222,-0.500566303730011,0.002558188492211,mp-6576,0.0,Stable,Stable
mp-13772,-3.08077181740196,-3.082786321640014,-0.0020145042380548,mp-13772,0.0,Stable,Stable
mp-10130,-0.319641632241384,-0.3543031215667724,-0.0346614893253884,mp-10130,0.0,Stable,Stable
mp-566717,-2.05707138863095,-2.0312819480896,0.0257894405413505,mp-566717,0.021417791964296384,Stable,Stable
mp-1207649,-2.5724328955,-2.5723743438720703,5.85516279296705e-05,mp-1207649,0.010903766499955836,Stable,Stable
mp-1022181,0.485779728854166,0.5245314836502075,0.0387517547960415,mp-1022181,0.5827663571874999,Unstable,Unstable
mp-997588,-3.57781695897917,-3.587341785430908,-0.009524826451738,mp-997588,0.11948447737500167,Stable,Stable
mp-1189270,-0.638073238749999,-0.6254485845565796,0.0126246541934194,mp-1189270,0.0,Stable,Stable
mp-768960,-2.36044023070833,-2.335206985473633,0.025233245234697,mp-768960,0.04684860387500045,Stable,Stable
mp-773200,-2.66040900768519,-2.640931367874145,0.0194776398110443,mp-773200,0.07934815722219746,Stable,Stable
mp-666026,-3.09072550348485,-3.113389015197754,-0.0226635117129037,mp-666026,0.02983511272727224,Stable,Stable
mp-558149,-2.92626727125,-2.9020235538482666,0.0242437174017333,mp-558149,0.0013903446875005443,Stable,Stable
mp-850994,-2.42776603227534,-2.417328357696533,0.0104376745788066,mp-850994,0.07559334272727547,Stable,Stable
mp-1211228,-3.09626543367647,-3.09762978553772,-0.0013643518612496,mp-1211228,0.012104743161764908,Stable,Stable
mp-1227192,-2.87600747611979,-2.898073196411133,-0.022065720291343,mp-1227192,0.10332460976562086,Stable,Stable
mp-1228031,-1.182081315,-1.1506679058074951,0.0314134091925049,mp-1228031,0.00384072946502112,Stable,Stable
mp-1205147,-0.396469822894736,-0.3805331587791443,0.0159366641155916,mp-1205147,0.0,Stable,Stable
mp-30936,-1.96030160727273,-1.981619954109192,-0.0213183468364619,mp-30936,0.16991509136363536,Stable,Stable
mp-1033909,-2.63755605465054,-2.64408802986145,-0.00653197521091,mp-1033909,0.35048274407258173,Stable,Stable
mp-753767,-2.50822311840517,-2.4939486980438232,0.0142744203613469,mp-753767,0.006736496250002055,Stable,Stable
mp-866638,-0.405453471541666,-0.405841588973999,-0.000388117432333,mp-866638,0.0,Stable,Stable
mp-766466,-2.42513279685737,-2.420429944992065,0.0047028518653045,mp-766466,0.0872812020909075,Stable,Stable
mp-31408,-3.0834730528,-3.0743770599365234,0.0090959928634766,mp-31408,0.0,Stable,Stable
mp-22213,-2.49898062412644,-2.514382839202881,-0.015402215076441,mp-22213,0.0,Stable,Stable
mp-1202491,-1.02381286831418,-0.7013505697250366,0.3224622985891434,mp-1202491,0.5689560303571408,Stable,Stable
mp-18735,-2.86510783333333,-2.882623672485352,-0.0175158391520215,mp-18735,0.06060043519840441,Stable,Stable
mp-29000,-0.975352333968897,-0.9384804964065552,0.0368718375623418,mp-29000,0.0,Stable,Stable
mp-1196763,-0.323522641439394,-0.3351504206657409,-0.0116277792263469,mp-1196763,0.0259201700757572,Stable,Stable
mp-1069774,-0.585564656752728,-0.6056026816368103,-0.0200380248840823,mp-1069774,0.05523639378571232,Stable,Stable
mp-1194745,-2.2380385502439,-2.378946542739868,-0.1409079924959679,mp-1194745,0.11434774591463626,Stable,Stable
mp-7348,-0.638699818999998,-0.5844666361808777,0.0542331828191202,mp-7348,0.0,Stable,Stable
mp-1232521,-3.06251055083333,-3.076243162155152,-0.0137326113218212,mp-1232521,0.008678563833337094,Stable,Stable
mp-10853,-0.490952754333332,-0.5033226609230042,-0.0123699065896721,mp-10853,0.0,Stable,Stable
mp-23349,-2.56861433175,-2.539871454238892,0.0287428775111084,mp-23349,0.018676021999998405,Stable,Stable
mp-1204348,-1.70448792125,-1.7360568046569824,-0.0315688834069824,mp-1204348,0.5912243050000328,Stable,Stable
mp-1026415,0.23133939234375,0.220456913113594,-0.0108824792301559,mp-1026415,0.3353462289062503,Unstable,Unstable
mp-16183,-0.28725675440341,-0.352895438671112,-0.065638684267702,mp-16183,0.0,Stable,Stable
mp-849620,-2.23244914380952,-2.224016666412353,0.0084324773971666,mp-849620,0.0754796211904818,Stable,Stable
mp-770381,-2.54920395435185,-2.5661988258361816,-0.0169948714843317,mp-770381,0.07792685833333746,Stable,Stable
mp-1211684,-2.78352020203431,-2.878938913345337,-0.0954187113110269,mp-1211684,0.05128370691178574,Stable,Stable
mp-1033587,-2.12474607604167,-2.17371153831482,-0.0489654622731494,mp-1033587,0.8095796956249997,Stable,Stable
mp-542573,-0.650208842500001,-0.6705678105354309,-0.0203589680354299,mp-542573,0.0,Stable,Stable
mp-1201030,-0.943439899242424,-0.7663792371749878,0.1770606620674362,mp-1201030,0.43750282763405135,Stable,Stable
mp-1213107,-0.558038364722222,-0.5461233854293823,0.0119149792928396,mp-1213107,0.0,Stable,Stable
mp-558506,-0.757319898151041,-0.800828218460083,-0.043508320309042,mp-558506,0.1719891992187499,Stable,Stable
mp-650968,-0.424441189939024,-0.424890398979187,-0.0004492090401629,mp-650968,0.0009410089939017041,Stable,Stable
mp-756511,-2.60092664928571,-2.582056999206543,0.0188696500791669,mp-756511,0.05507659142855381,Stable,Stable
mp-3186,-0.4672984075,-0.4749293923377991,-0.007630984837799,mp-3186,0.0,Stable,Stable
mp-1222412,-0.161667837291667,-0.132332444190979,0.029335393100688,mp-1222412,0.1238615012499995,Stable,Stable
mp-3182,-0.546342898124997,-0.5628509521484375,-0.0165080540234404,mp-3182,0.0016334206249979388,Stable,Stable
mp-1217552,-0.561889757184684,-0.4874449968338012,0.0744447603508827,mp-1217552,0.0014082129054067138,Stable,Stable
mp-1228669,-2.28291417604651,-2.228006601333618,0.0549075747128919,mp-1228669,0.24030029284883625,Stable,Stable
mp-1207540,-0.451583139144143,-0.4489628672599792,0.0026202718841637,mp-1207540,7.50595720813152e-05,Stable,Stable
mp-1026657,0.223385714885587,0.2185307890176773,-0.0048549258679096,mp-1026657,0.23987677676058805,Unstable,Unstable
mp-8308,-0.33624928486111,-0.3438271284103393,-0.0075778435492293,mp-8308,0.0,Stable,Stable
mp-1022631,0.309131324479166,0.3040133714675903,-0.0051179530115756,mp-1022631,0.4265223721875002,Unstable,Unstable
mp-1204604,-2.55636164411458,-2.372903347015381,0.1834582970991989,mp-1204604,0.1560376683789073,Stable,Stable
mp-1198994,-3.17275421724359,-3.134826183319092,0.0379280339244982,mp-1198994,0.0,Stable,Stable
mp-560019,-2.40185113840196,-2.392545700073242,0.0093054383287176,mp-560019,0.0009076026688363825,Stable,Stable
mp-1001788,-0.054884679523811,-0.0495431348681449,0.005341544655666,mp-1001788,0.4022764204761913,Stable,Stable
mp-15588,-0.537105637666667,-0.5427671670913696,-0.0056615294247026,mp-15588,0.0019292222499949219,Stable,Stable
mp-5560,-2.08612420530303,-2.080477476119995,0.0056467291830348,mp-5560,0.0,Stable,Stable
mp-1190755,-0.579347339027778,-0.5746960639953613,0.0046512750324166,mp-1190755,0.0,Stable,Stable
mp-1222899,-0.599484566785713,-0.5998194813728333,-0.0003349145871202,mp-1222899,0.00797452571428714,Stable,Stable
mp-758705,-2.25039551333333,-2.248246192932129,0.0021493204012013,mp-758705,0.07856291196022891,Stable,Stable
mp-1191190,-2.58080305050418,-2.650921583175659,-0.0701185326714792,mp-1191190,0.1648087606060562,Stable,Stable
mp-1197879,-1.73203236658384,-1.6456013917922974,0.0864309747915426,mp-1197879,0.36396584838235313,Stable,Stable
mp-722237,-0.098674914130434,-0.0837445110082626,0.0149304031221713,mp-722237,0.11148694522232816,Stable,Stable
mp-1177118,-2.28493626666667,-2.282283067703247,0.002653198963423,mp-1177118,0.05074890181250513,Stable,Stable
mp-18677,-3.45317686891667,-3.461017608642578,-0.0078407397259079,mp-18677,0.0,Stable,Stable
mp-764519,-2.26266940287879,-2.254863977432251,0.0078054254465391,mp-764519,0.0662890224147743,Stable,Stable
mp-560136,-2.00625604583333,-2.014578342437744,-0.008322296604414,mp-560136,0.03003303167856952,Stable,Stable
mp-1245228,-0.746801005725001,-0.747839629650116,-0.001038623925115,mp-1245228,0.6661779873999993,Stable,Stable
mp-1182357,-0.178913561421569,-0.1817430257797241,-0.0028294643581551,mp-1182357,0.21590012911764678,Stable,Stable
mp-1201387,-2.11567219256481,-2.0756235122680664,0.0400486802967434,mp-1201387,0.2455708816015072,Stable,Stable
mp-780407,-2.45616093811528,-2.4535601139068604,0.0026008242084194,mp-780407,0.05129263911764781,Stable,Stable
mp-28052,-0.039820834108543,-0.144361525774002,-0.104540691665459,mp-28052,0.08610511755681749,Stable,Stable
mp-567334,-0.736950766538461,-0.904527485370636,-0.1675767188321749,mp-567334,0.0,Stable,Stable
mp-1208486,-1.5164350127381,-1.5121842622756958,0.0042507504624043,mp-1208486,0.0,Stable,Stable
mp-778358,-2.42331174664469,-2.422520160675049,0.0007915859696412,mp-778358,0.0841418305882371,Stable,Stable
mp-1197938,-2.47420134267361,-2.5231306552886963,-0.0489293126150864,mp-1197938,0.10302076207175936,Stable,Stable
mp-1025170,-0.977180241428572,-1.0241552591323853,-0.0469750177038132,mp-1025170,0.0,Stable,Stable
mp-1209025,-0.929119034333332,-0.8806213736534119,0.0484976606799201,mp-1209025,0.0,Stable,Stable
mp-1102298,-0.831409567777773,-0.8339828848838806,-0.0025733171061076,mp-1102298,0.0,Stable,Stable
mp-1068850,-0.8094099979,-0.9886963963508606,-0.1792863984508605,mp-1068850,0.41503084719999883,Stable,Stable
mp-1213402,-1.59719254978571,-1.5168553590774536,0.0803371907082564,mp-1213402,0.4491548526111133,Stable,Stable
mp-30209,-0.44843481375,-0.367950975894928,0.080483837855072,mp-30209,0.0001481799999991651,Stable,Stable
mp-849239,-2.45516733135058,-2.4567103385925293,-0.0015430072419491,mp-849239,0.0522862458823532,Stable,Stable
mp-1221680,-0.386948826566092,-0.4148136377334595,-0.0278648111673674,mp-1221680,0.05803331312499971,Stable,Stable
mp-759167,-2.24727280891473,-2.2408852577209477,0.0063875511937827,mp-759167,0.07464600141713618,Stable,Stable
mp-1178967,-0.577411453703703,-0.5714564919471741,0.0059549617565288,mp-1178967,0.011373627979797796,Stable,Stable
mp-556463,-2.35617725014167,-2.362781524658203,-0.0066042745165333,mp-556463,0.00967896382893052,Stable,Stable
mp-768788,-2.39248937527778,-2.368430852890014,0.0240585223877651,mp-768788,0.07323644562499787,Stable,Stable
mp-995182,0.491177731,0.4586212038993835,-0.0325565271006164,mp-995182,1.1228151090000011,Unstable,Unstable
mp-676049,-3.22684165606944,-3.2456228733062744,-0.0187812172368344,mp-676049,0.0738720995833333,Stable,Stable
mp-978921,-0.564857270925928,-0.5755159854888916,-0.0106587145629636,mp-978921,0.0,Stable,Stable
mp-1192983,-1.41337067064103,-1.2584325075149536,0.1549381631260764,mp-1192983,0.27126083980769433,Stable,Stable
mp-1103089,-0.30183213986111,-0.3054342865943908,-0.0036021467332808,mp-1103089,0.015426827171712176,Stable,Stable
mp-29597,-1.60594339458333,-1.6075657606124878,-0.0016223660291578,mp-29597,0.0,Stable,Stable
mp-1226435,-0.2340641343125,-0.2037911713123321,0.0302729630001678,mp-1226435,0.0829476841249992,Stable,Stable
mp-779023,-2.42381584227534,-2.4246222972869877,-0.0008064550116473,mp-779023,0.07954353272727488,Stable,Stable
mp-985292,-0.546613989166666,-0.5613523125648499,-0.0147383233981838,mp-985292,1.039755712499999,Stable,Stable
mp-717,-2.79242499066667,-2.6924636363983154,0.0999613542683546,mp-717,0.005631319333332385,Stable,Stable
mp-1205090,-2.06551474378571,-2.0752766132354736,-0.0097618694497634,mp-1205090,0.012165577942858441,Stable,Stable
mp-1191553,-0.633897262708335,-0.570091187953949,0.063806074754386,mp-1191553,0.0,Stable,Stable
mp-707942,-2.27607834929167,-2.3084349632263184,-0.0323566139346485,mp-707942,0.052895363698599596,Stable,Stable
mp-1079812,2.24423888554167,2.151766061782837,-0.092472823758833,mp-1079812,2.5268346841666673,Unstable,Unstable
mp-1097708,-0.06394829461039,-0.0111172422766685,0.0528310523337214,mp-1097708,0.1645492712987,Stable,Stable
mp-1216692,-0.912196011111111,-0.9138231873512268,-0.0016271762401157,mp-1216692,0.0,Stable,Stable
mp-1019607,-2.71040857304085,-2.727644205093384,-0.0172356320525337,mp-1019607,0.003907451617076063,Stable,Stable
mp-1213771,-0.201538430863634,-0.2184487134218216,-0.0169102825581876,mp-1213771,0.05617830659091183,Stable,Stable
mp-1212823,-0.753855963,-0.7659427523612976,-0.0120867893612975,mp-1212823,0.0,Stable,Stable
mp-754873,-2.51500159541667,-2.5166494846343994,-0.0016478892177294,mp-754873,0.10996619499999927,Stable,Stable
mp-1214203,-2.37746582892857,-2.4776289463043213,-0.1001631173757511,mp-1214203,0.3256365182738312,Stable,Stable
mp-1034649,-2.67729222437245,-2.684543371200561,-0.0072511468281115,mp-1034649,0.2384195382301666,Stable,Stable
mp-1212642,-0.528295035897434,-0.5235051512718201,0.0047898846256139,mp-1212642,0.0,Stable,Stable
mp-1237093,-1.40375200998684,-1.3665851354599,0.03716687452694,mp-1237093,0.2738017861082982,Stable,Stable
mp-1196191,-1.75262977391667,-1.7415605783462524,0.0110691955704176,mp-1196191,6.386250000023352e-05,Stable,Stable
mp-1017272,0.388183916979167,0.4165596961975097,0.0283757792183427,mp-1017272,0.5790375968750006,Unstable,Unstable
mp-1207798,-1.72106202,-1.7137808799743652,0.0072811400256347,mp-1207798,0.0,Stable,Stable
mp-1021406,0.404108605874999,0.364251971244812,-0.039856634630187,mp-1021406,0.43709072962499995,Unstable,Unstable
mp-1099082,0.190584139427083,0.1893132179975509,-0.001270921429532,mp-1099082,0.28314895375000004,Unstable,Unstable
mp-1207531,-2.50329978361111,-2.517976760864258,-0.0146769772531478,mp-1207531,0.035977319908846894,Stable,Stable
mp-1228851,-2.4089581535119,-2.365440368652344,0.043517784859556,mp-1228851,0.007224506822915977,Stable,Stable
mp-1224948,-2.44106234522222,-2.4538753032684326,-0.0128129580462124,mp-1224948,0.004287537444444212,Stable,Stable
mp-7783,-0.408449910999999,-0.3935339450836181,0.0149159659163808,mp-7783,0.12365299200000202,Stable,Stable
mp-1023215,0.273572746335034,0.261197030544281,-0.0123757157907529,mp-1023215,0.37955688852253466,Unstable,Unstable
mp-772588,-2.60959973974638,-2.5900111198425293,0.0195886199038506,mp-772588,0.04378763293476773,Stable,Stable
mp-1225359,-1.62897110712963,-1.6244617700576782,0.0045093370719517,mp-1225359,0.051361273888884895,Stable,Stable
mp-640950,-0.516334923571997,-0.4619291424751282,0.0544057810968687,mp-640950,0.0,Stable,Stable
mp-1225365,-0.616223789166664,-0.5639880895614624,0.0522356996052015,mp-1225365,0.0,Stable,Stable
mp-972309,-0.245439725013895,-0.1674375981092453,0.0780021269046497,mp-972309,1.1313573713888943,Stable,Stable
mp-27564,-2.39554328125914,-2.3905723094940186,0.0049709717651214,mp-27564,0.0,Stable,Stable
mp-756840,-2.25453524916667,-2.213442087173462,0.0410931619932082,mp-756840,0.13147475041666823,Stable,Stable
mp-3867,-0.261954113819443,-0.2634811997413635,-0.0015270859219205,mp-3867,0.03245456052755369,Stable,Stable
mp-685145,-1.411691570625,-1.4456895589828491,-0.0339979883578491,mp-685145,0.001287422500000801,Stable,Stable
mp-1201361,-0.35934364841,-0.3937743306159973,-0.0344306822059973,mp-1201361,0.12635767460000125,Stable,Stable
mp-780156,-2.48135899197865,-2.479318380355835,0.0020406116228151,mp-780156,0.02995483307143587,Stable,Stable
mp-754950,-2.45780731007184,-2.4627368450164795,-0.0049295349446394,mp-754950,0.05715230458333487,Stable,Stable
mp-19333,-2.28482130703704,-2.214852809906006,0.0699684971310339,mp-19333,0.0,Stable,Stable
mp-580797,0.193213786833333,0.3466242551803589,0.1534104683470258,mp-580797,0.7158193113333349,Unstable,Unstable
mp-944,-0.050413121666666,-0.0751417204737663,-0.0247285988071003,mp-944,0.01683494079999992,Stable,Stable
mp-1105388,-0.404238326363403,-0.4250189661979675,-0.0207806398345645,mp-1105388,0.016594439374999936,Stable,Stable
mp-14555,-2.90861019593137,-2.903738260269165,0.0048719356622051,mp-14555,0.0,Stable,Stable
mp-1019894,-3.22942590090476,-3.236981153488159,-0.007555252583399,mp-1019894,0.012671912942856522,Stable,Stable
mp-1188836,-0.670511516875,-0.7335364818572998,-0.0630249649822998,mp-1188836,0.057914717187498965,Stable,Stable
mp-1025143,-0.702099826666663,-0.7068588733673096,-0.0047590467006465,mp-1025143,0.006018859901955054,Stable,Stable
mp-696746,-0.049383757333333,-0.0286021940410137,0.0207815632923192,mp-696746,0.08118889400000029,Stable,Stable
mp-31130,-0.430146142045453,-0.4290078282356262,0.0011383138098267,mp-31130,0.0,Stable,Stable
mp-770288,-2.39167517131944,-2.4058103561401367,-0.0141351848206965,mp-770288,0.11003460729166825,Stable,Stable
mp-4634,-0.416481805694433,-0.424996554851532,-0.0085147491570989,mp-4634,0.0,Stable,Stable
mp-6217,-3.47203560458333,-3.475731611251831,-0.003696006668501,mp-6217,0.0,Stable,Stable
mp-1020664,-2.71003716717262,-2.7391622066497803,-0.0291250394771602,mp-1020664,0.007860332172612061,Stable,Stable
mp-764720,-2.2783447819697,-2.263622522354126,0.0147222596155738,mp-764720,0.05061364332386553,Stable,Stable
mp-1217508,-3.44985944691667,-3.46721625328064,-0.0173568063639697,mp-1217508,0.00019450081249949847,Stable,Stable
mp-1190715,-0.638584478106059,-0.6542711853981018,-0.0156867072920428,mp-1190715,0.0,Stable,Stable
mp-1225826,-0.20821075083333,-0.2705411911010742,-0.0623304402677442,mp-1225826,0.0,Stable,Stable
mp-1202375,-2.40081350281025,-2.410341501235962,-0.0095279984257117,mp-1202375,0.0,Stable,Stable
mp-1180646,-2.14021981708949,-2.3900179862976074,-0.2497981692081174,mp-1180646,0.565216492747977,Stable,Stable
mp-966802,-2.69102062825718,-2.708802461624145,-0.0177818333669654,mp-966802,0.006559990763888912,Stable,Stable
mp-1105575,-0.445002032685184,-0.3848528265953064,0.0601492060898776,mp-1105575,0.12336724124999954,Stable,Stable
mp-13342,-0.62449847111111,-0.6246464252471924,-0.0001479541360823,mp-13342,0.0,Stable,Stable
mp-780388,-2.39098888091415,-2.39017653465271,0.0008123462614402,mp-780388,0.09700771066406944,Stable,Stable
mp-1181765,0.384631681111113,0.3532953858375549,-0.031336295273558,mp-1181765,0.3846316811111121,Unstable,Unstable
mp-555489,-3.56617354274305,-3.5639686584472656,0.0022048842957844,mp-555489,0.01251001994791423,Stable,Stable
mp-1217647,-0.522007921048462,-0.5174424648284912,0.0045654562199708,mp-1217647,0.00039258431203847977,Stable,Stable
mp-1198595,-0.627083003464912,-0.5938442945480347,0.0332387089168773,mp-1198595,0.12105385748144393,Stable,Stable
mp-1201695,-0.149360346924241,-0.2051674276590347,-0.0558070807347937,mp-1201695,0.14260204936363685,Stable,Stable
mp-6803,-3.34000843428571,-3.3541483879089355,-0.0141399536232253,mp-6803,0.0008192816666667824,Stable,Stable
mp-23742,-2.12657279001879,-2.1274259090423584,-0.0008531190235685,mp-23742,0.0,Stable,Stable
mp-1212868,-0.586494785138887,-0.5979114174842834,-0.0114166323453964,mp-1212868,0.0,Stable,Stable
mp-770280,-2.48979731105263,-2.473021984100342,0.0167753269522883,mp-770280,0.008981870789476432,Stable,Stable
mp-29783,-0.06188175974026,-0.0956084877252578,-0.0337267279849978,mp-29783,0.019773636241883885,Stable,Stable
mp-558455,-2.433157202604,-2.445950984954834,-0.0127937823508341,mp-558455,0.0,Stable,Stable
mp-1225353,-0.355301708194444,-0.3702078461647033,-0.0149061379702593,mp-1225353,0.02298431716666549,Stable,Stable
mp-558805,-2.79958095145594,-2.804251194000244,-0.0046702425443041,mp-558805,0.0,Stable,Stable
mp-1106047,-0.374368472333334,-0.3890053629875183,-0.0146368906541843,mp-1106047,0.0,Stable,Stable
mp-1034697,-2.72521217466146,-2.729471445083618,-0.0042592704221582,mp-1034697,0.31690404403790495,Stable,Stable
mp-2647006,-0.226987091874999,-0.3817597031593323,-0.1547726112843332,mp-2647006,0.04068618812500091,Stable,Stable
mp-30975,-2.25883615547208,-2.243345022201538,0.015491133270542,mp-30975,0.0,Stable,Stable
mp-10463,-0.270259252361112,-0.2719342112541199,-0.0016749588930078,mp-10463,0.008564608092100912,Stable,Stable
mp-27816,-1.14902078273809,-1.1408573389053345,0.0081634438327555,mp-27816,0.06813990955357063,Stable,Stable
mp-1224217,-0.631909603823526,-0.6327245831489563,-0.0008149793254302,mp-1224217,0.0,Stable,Stable
mp-559238,-1.2913871593555,-1.3191372156143188,-0.0277500562588188,mp-559238,0.0,Stable,Stable
mp-569341,-0.926370942499999,-0.9784327149391174,-0.0520617724391184,mp-569341,0.0,Stable,Stable
mp-1080515,-0.528502174499999,-0.4394373893737793,0.0890647851262197,mp-1080515,0.0,Stable,Stable
mp-758961,-2.29748816094203,-2.29201889038086,0.0054692705611705,mp-758961,0.03888091119566628,Stable,Stable
mp-752663,-2.26758991354167,-2.286555290222168,-0.018965376680498,mp-752663,0.08295572968749987,Stable,Stable
mp-559723,-2.64706465156084,-2.6121957302093506,0.0348689213514892,mp-559723,0.0051444508333489125,Stable,Stable
mp-1024993,-0.692621191666667,-0.6977999210357666,-0.0051787293690995,mp-1024993,0.0,Stable,Stable
mp-758691,-2.26498657833333,-2.261903047561645,0.0030835307716845,mp-758691,0.06397184696022862,Stable,Stable
mp-1214440,-1.12398042720238,-1.1793503761291504,-0.0553699489267704,mp-1214440,0.022537673690477433,Stable,Stable
mp-1147533,-2.71463632702381,-2.7027158737182617,0.0119204533055481,mp-1147533,0.13111067591269787,Stable,Stable
mp-1225583,-0.343159422222221,-0.3345599770545959,0.008599445167625,mp-1225583,0.19679673729166947,Stable,Stable
mp-6982,-0.577387227222222,-0.568693995475769,0.0086932317464529,mp-6982,0.041182732500003816,Stable,Stable
mp-1105309,-0.641214438333328,-0.5053147077560425,0.1358997305772855,mp-1105309,0.0,Stable,Stable
mp-1203780,-0.911491399370748,-1.5440247058868408,-0.6325333065160929,mp-1203780,0.796526285698981,Stable,Stable
mp-1096955,-0.19309469576923,-0.0934192985296249,0.099675397239605,mp-1096955,0.10249230115384478,Stable,Stable
mp-1196273,-2.1529058818006,-2.130814552307129,0.0220913294934712,mp-1196273,0.0,Stable,Stable
mp-571135,-1.67971735802083,-1.6301950216293335,0.0495223363914965,mp-571135,0.012665605227275556,Stable,Stable
mp-23791,-1.85417455755952,-1.8682485818862915,-0.0140740243267714,mp-23791,0.0,Stable,Stable
mp-1226663,-1.73679869495238,-1.7451727390289309,-0.0083740440765507,mp-1226663,0.046574188771431935,Stable,Stable
mp-569450,-0.243856877291666,-0.2527568340301513,-0.0088999567384853,mp-569450,0.0,Stable,Stable
mp-1193985,-0.262851591712647,-0.2464596331119537,0.0163919586006932,mp-1193985,0.0,Stable,Stable
mp-1216857,-0.48282770320178,-0.3850142955780029,0.097813407623777,mp-1216857,0.005815977894741309,Stable,Stable
mp-1036103,-2.7400125192843,-2.751906633377075,-0.011894114092775,mp-1036103,0.2176961955792036,Stable,Stable
mp-504617,-0.543543369833338,-0.5698593258857727,-0.0263159560524347,mp-504617,0.0,Stable,Stable
mp-1221663,-2.02883418507024,-2.0424816608428955,-0.0136474757726556,mp-1221663,0.0769541239814906,Stable,Stable
mp-20787,-0.371562644583332,-0.3984425067901611,-0.0268798622068291,mp-20787,0.016383868750000197,Stable,Stable
mp-1226455,-2.65637836349856,-2.6677701473236084,-0.0113917838250485,mp-1226455,0.0,Stable,Stable
mp-30315,-1.28424486125,-1.302087664604187,-0.017842803354187,mp-30315,0.0,Stable,Stable
mp-555808,-1.98594685647321,-1.9983067512512207,-0.0123598947780108,mp-555808,0.02418119901785687,Stable,Stable
mp-1211631,-2.83553133139583,-2.845864534378052,-0.0103332029822218,mp-1211631,0.0,Stable,Stable
mp-1016337,0.2651074504055,0.2905666828155517,0.0254592324100517,mp-1016337,0.3788525644791676,Unstable,Unstable
mp-1222515,-0.678056169901959,-0.6414564251899719,0.0365997447119871,mp-1222515,0.012557374941177812,Stable,Stable
mp-22248,-2.95834377575,-2.9474565982818604,0.0108871774681396,mp-22248,0.0014915960000010386,Stable,Stable
mp-13827,-3.08773910880952,-3.096400022506714,-0.0086609136971937,mp-13827,0.040862267738081215,Stable,Stable
mp-1181688,-2.79555711372506,-2.798379898071289,-0.0028227843462289,mp-1181688,0.00036635483871005903,Stable,Stable
mp-1215396,-0.592729977338711,-0.5506662726402283,0.0420637046984827,mp-1215396,0.0,Stable,Stable
mp-556808,-2.89312339378333,-2.895508050918579,-0.002384657135249,mp-556808,0.0,Stable,Stable
mp-1219077,-0.332812910972222,-0.3337180018424988,-0.0009050908702767,mp-1219077,0.17402284812500213,Stable,Stable
mp-555104,-3.17771053046861,-3.1758909225463867,0.0018196079222234,mp-555104,0.0,Stable,Stable
mp-1208984,-0.821771044833333,-0.7465967535972595,0.0751742912360734,mp-1208984,0.0,Stable,Stable
mp-1194808,-0.400672876996212,-0.4203641414642334,-0.0196912644680213,mp-1194808,0.0,Stable,Stable
mp-1025070,-0.424503005555556,-0.4128926396369934,0.0116103659185625,mp-1025070,0.02774174749999414,Stable,Stable
mp-557683,-2.28009491257576,-2.2649929523468018,0.0151019602289581,mp-557683,0.013102456060607004,Stable,Stable
mp-1197728,-2.4765074146164,-2.426293134689331,0.050214279927069,mp-1197728,0.012644074166662023,Stable,Stable
mp-696210,-0.385602507268518,-0.2754988074302673,0.1101036998382506,mp-696210,0.2964991702777757,Stable,Stable
mp-23566,-2.60205837387332,-2.6011905670166016,0.0008678068567182,mp-23566,0.0,Stable,Stable
mp-1208523,-0.518287133076922,-0.5382628440856934,-0.0199757110087713,mp-1208523,0.0,Stable,Stable
mp-1201886,-0.632943014166664,-0.6580529808998108,-0.0251099667331468,mp-1201886,0.0,Stable,Stable
mp-1183263,0.759747159375002,0.6401309370994568,-0.1196162222755452,mp-1183263,0.8959248875000014,Unstable,Unstable
mp-19520,-2.85577473843137,-2.856674671173096,-0.0008999327417256,mp-19520,0.0,Stable,Stable
mp-849701,-2.30088608094203,-2.2980997562408447,0.0027863247011854,mp-849701,0.035482991195666,Stable,Stable
mp-1033642,-2.58221488716146,-2.5862185955047607,-0.0040037083433008,mp-1033642,0.35472933539062446,Stable,Stable
mp-1201201,-1.71932735053491,-1.6989617347717283,0.0203656157631815,mp-1201201,0.0,Stable,Stable
mp-1188803,-0.377761374259261,-0.3926562666893005,-0.0148948924300395,mp-1188803,0.009755416923077576,Stable,Stable
mp-9784,-2.62582684729167,-2.667958974838257,-0.0421321275465866,mp-9784,0.0,Stable,Stable
mp-1078540,-0.280691705833332,-0.2620071172714233,0.0186845885619086,mp-1078540,0.0,Stable,Stable
mp-1206415,-0.265770898833332,-0.2658960223197937,-0.0001251234864617,mp-1206415,0.04329892715530104,Stable,Stable
mp-1221600,-0.365680324870684,-0.3312146067619324,0.0344657181087516,mp-1221600,0.075591378875,Stable,Stable
mp-2653,-1.318274873125,-1.3631417751312256,-0.0448669020062255,mp-2653,0.09470411999999939,Stable,Stable
mp-1208336,-0.57363728138889,-0.5835554003715515,-0.0099181189826614,mp-1208336,0.0,Stable,Stable
mp-1192224,-0.588600603827063,-0.579822838306427,0.008777765520636,mp-1192224,0.0,Stable,Stable
mp-1188842,-0.333664651666666,-0.337964653968811,-0.004300002302145,mp-1188842,0.0,Stable,Stable
mp-761235,-2.22951000880952,-2.219973087310791,0.009536921498729,mp-761235,0.07841875619048189,Stable,Stable
mp-4164,-0.076041646470588,-0.0952856838703155,-0.0192440373997275,mp-4164,0.008447319705867429,Stable,Stable
mp-1189692,-0.181339494444442,-0.3792066574096679,-0.1978671629652259,mp-1189692,0.03520090305555357,Stable,Stable
mp-1038483,-2.81006269967448,-2.809579372406006,0.0004833272684741,mp-1038483,0.1775639966015623,Stable,Stable
mp-29762,-3.27960931483333,-3.405060291290283,-0.1254509764569533,mp-29762,0.2194210333333313,Stable,Stable
mp-966591,-0.470522744621212,-0.4789215326309204,-0.0083987880097083,mp-966591,0.007791710227272652,Stable,Stable
mp-1239206,0.239347538697916,0.3272576332092285,0.0879100945113125,mp-1239206,0.28015149223958424,Unstable,Unstable
mp-556343,-2.89733144720238,-2.91021990776062,-0.0128884605582402,mp-556343,0.0030687146428576284,Stable,Stable
mp-776581,-2.43148332135057,-2.4290685653686523,0.0024147559819178,mp-776581,0.0759702558823534,Stable,Stable
mp-1206441,-0.874831544090908,-0.8784880042076111,-0.003656460116703,mp-1206441,0.0,Stable,Stable
mp-8408,-0.579738014629629,-0.5812027454376221,-0.001464730807993,mp-8408,0.013340275000002677,Stable,Stable
mp-554479,-3.21052537198413,-3.2148725986480717,-0.0043472266639414,mp-554479,0.018078683541666862,Stable,Stable
mp-1195877,-0.254496649392361,-0.1759384572505951,0.0785581921417659,mp-1195877,0.09810566281250921,Stable,Stable
mp-9584,-0.633753530277772,-0.5970494151115417,0.0367041151662302,mp-9584,0.0,Stable,Stable
mp-849458,-2.47139990826437,-2.46117901802063,0.0102208902437399,mp-849458,0.039913916785721426,Stable,Stable
mp-780510,-2.39250281185165,-2.389406442642212,0.0030963692094378,mp-780510,0.09549377972656892,Stable,Stable
mp-1077776,-0.620235400555556,-0.5969154238700867,0.0233199766854693,mp-1077776,0.006337389722220976,Stable,Stable
mp-30529,-0.049254262826703,-0.0857507362961769,-0.0364964734694739,mp-30529,0.02219420865767141,Stable,Stable
mp-3974,-3.15079980320833,-3.1585419178009038,-0.0077421145925731,mp-3974,0.0,Stable,Stable
mp-770749,-2.87424363757576,-2.871622323989868,0.0026213135858919,mp-770749,0.08697478659090585,Stable,Stable
mp-9973,-0.89981229125,-0.9044026136398317,-0.0045903223898315,mp-9973,0.0,Stable,Stable
mp-1055985,0.707305280833334,0.8018521666526794,0.0945468858193454,mp-1055985,0.7073052808333342,Unstable,Unstable
mp-1103476,-0.265182011923076,-0.268930435180664,-0.003748423257588,mp-1103476,0.0,Stable,Stable
mp-729572,-1.91322921423372,-1.8458845615386963,0.0673446526950236,mp-729572,0.38330032378600976,Stable,Stable
mp-1180507,0.113220592291665,0.1959410160779953,0.0827204237863303,mp-1180507,0.20839703847222246,Unstable,Unstable
mp-1019597,-3.09789427607407,-3.10327696800232,-0.0053826919282493,mp-1019597,0.018457673481480086,Stable,Stable
mp-631539,1.58984065824074,1.5075886249542236,-0.0822520332865164,mp-631539,2.053956951296295,Unstable,Unstable
mp-1195647,-0.339838418977267,-0.3717272877693176,-0.0318888687920506,mp-1195647,0.00808976585227672,Stable,Stable
mp-1201529,-2.02653127065476,-2.0110132694244385,0.0155180012303213,mp-1201529,0.0,Stable,Stable
mp-1019719,-3.05251358300718,-3.011720895767212,0.0407926872399682,mp-1019719,0.0,Stable,Stable
mp-1106171,-0.390867677105261,-0.3848912715911865,0.0059764055140744,mp-1106171,0.002059003947368687,Stable,Stable
mp-1019528,-3.05202613238095,-3.0581836700439453,-0.0061575376629954,mp-1019528,0.006211954613114301,Stable,Stable
mp-1008527,-0.423883827552082,-0.5285007357597351,-0.1046169082076531,mp-1008527,0.3234096225520844,Stable,Stable
mp-1106398,-0.458094894351851,-0.3907355666160583,0.0673593277357926,mp-1106398,0.0,Stable,Stable
mp-759387,-2.25069649565891,-2.2412610054016118,0.0094354902572986,mp-759387,0.07122231467295048,Stable,Stable
mp-1210908,-3.52543438467391,-3.5196595191955566,0.0057748654783531,mp-1210908,0.002079945760872448,Stable,Stable
mp-1106386,-0.300266792656249,-0.290899246931076,0.0093675457251729,mp-1106386,0.05297795562500074,Stable,Stable
mp-1072285,-0.693464145138889,-0.6752274036407471,0.0182367414981419,mp-1072285,0.033636678749992655,Stable,Stable
mp-1226273,-0.24550584604167,-0.2885068655014038,-0.0430010194597338,mp-1226273,0.10674990729167,Stable,Stable
mp-28151,-0.435792767083331,-0.4298052787780761,0.0059874883052548,mp-28151,0.006320313381700693,Stable,Stable
mp-556548,-2.57701016175,-2.580336570739746,-0.003326408989746,mp-556548,0.010280192000000632,Stable,Stable
mp-1187526,1.00077615270833,1.0179585218429563,0.0171823691346264,mp-1187526,1.0007761527083332,Unstable,Unstable
mp-23045,-0.6863649384375,-0.7146364450454712,-0.0282715066079711,mp-23045,0.3357368979166653,Stable,Stable
mp-1252808,-0.005877316052632,-0.1789272427558899,-0.1730499267032579,mp-1252808,0.22448083953947506,Stable,Stable
mp-3071,-0.366687158935184,-0.370865523815155,-0.004178364879971,mp-3071,0.006321916111123649,Stable,Stable
mp-1079201,0.180655174687499,0.0946252793073654,-0.0860298953801335,mp-1079201,0.8871446712500006,Unstable,Unstable
mp-1201365,-0.359075863958341,-0.5315726399421692,-0.1724967759838281,mp-1201365,0.2008772734722193,Stable,Stable
mp-21343,-0.584408567857145,-0.6012017726898193,-0.0167932048326743,mp-21343,0.0,Stable,Stable
mp-554315,-3.11859297092593,-3.1150596141815186,0.0035333567444113,mp-554315,0.004287166944422438,Stable,Stable
mp-1095351,-0.415325711979164,-0.4476774334907532,-0.0323517215115891,mp-1095351,0.020350263958334835,Stable,Stable
mp-779296,-2.48417240425776,-2.48250150680542,0.0016708974523402,mp-779296,0.02807226069149049,Stable,Stable
mp-1214847,-1.54718351408333,-1.2832064628601074,0.2639770512232227,mp-1214847,0.2593185388333268,Stable,Stable
mp-1033729,-2.70306793626344,-2.6924819946289062,0.0105859416345337,mp-1033729,0.2849708624596783,Stable,Stable
mp-1247817,-0.004893997500003,-0.3998691439628601,-0.3949751464628571,mp-1247817,0.3965931464285717,Stable,Stable
mp-1192767,-0.113625812857143,-0.0462017804384231,0.0674240324187198,mp-1192767,0.060493504285712874,Stable,Stable
mp-764702,-2.26653899151515,-2.2615110874176025,0.0050279040975476,mp-764702,0.06241943377841075,Stable,Stable
mp-542833,-2.27419881598485,-2.2587931156158447,0.0154057003690053,mp-542833,0.01899855265151551,Stable,Stable
mp-6499,-2.95885919583333,-2.963512420654297,-0.0046532248209669,mp-6499,0.0,Stable,Stable
mp-1095058,-0.292092681666666,-0.371103823184967,-0.079011141518301,mp-1095058,0.14791434599999942,Stable,Stable
mp-1103972,-0.38833662653846,-0.3812942504882812,0.0070423760501787,mp-1103972,0.08159897942307737,Stable,Stable
mp-1104122,-0.286288940528843,-0.2672237753868103,0.0190651651420327,mp-1104122,0.1521638876923106,Stable,Stable
mp-556156,-3.179332528125,-3.164222955703736,0.0151095724212644,mp-556156,0.004834398125000305,Stable,Stable
mp-561502,-1.37002573847222,-1.3937525749206543,-0.0237268364484342,mp-561502,0.144262260416669,Stable,Stable
mp-1245025,-2.73488649546667,-2.717627048492432,0.0172594469742382,mp-1245025,0.06316981453333348,Stable,Stable
mp-557744,-3.15388321756825,-3.1302380561828613,0.0236451613853887,mp-557744,0.0,Stable,Stable
mp-1194357,-2.68699181672619,-2.66568922996521,0.0213025867609801,mp-1194357,0.15827481559523715,Stable,Stable
mp-680724,-3.20009416179167,-3.199602603912353,0.0004915578793163,mp-680724,0.0,Stable,Stable
mp-631540,0.739205404756944,0.7688201069831848,0.0296147022262408,mp-631540,0.932724487881945,Unstable,Unstable
mp-1192731,-1.46628062986111,-1.4503368139266968,0.0159438159344131,mp-1192731,0.0,Stable,Stable
mp-754347,-2.55980838142857,-2.576564311981201,-0.0167559305526312,mp-754347,0.09619485928569649,Stable,Stable
mp-9718,-0.325055949444443,-0.2460436820983886,0.0790122673460543,mp-9718,0.0,Stable,Stable
mp-1193360,-2.68635882023809,-2.6540534496307373,0.0323053706073528,mp-1193360,0.1514366898511872,Stable,Stable
mp-10860,-0.480553000555554,-0.4730703234672546,0.0074826770882993,mp-10860,0.0,Stable,Stable
mp-3521,-3.13860785875,-3.156622648239136,-0.0180147894891358,mp-3521,0.0,Stable,Stable
mp-770354,-2.57467241268518,-2.559934377670288,0.0147380350148917,mp-770354,0.052458400000004346,Stable,Stable
mp-850965,-2.44809102282116,-2.45274019241333,-0.0046491695921702,mp-850965,0.05936255441176641,Stable,Stable
mp-705892,-0.205326633746211,-0.2426013499498367,-0.0372747162036257,mp-705892,0.43828203210278627,Stable,Stable
mp-1200679,-0.377975715902778,-0.1827416867017746,0.1952340292010034,mp-1200679,0.17055481555555652,Stable,Stable
mp-15956,-0.028917681388888,-0.0411984920501709,-0.0122808106612829,mp-15956,0.41823388055555544,Stable,Stable
mp-4929,-3.30071375565278,-3.213496685028076,0.0872170706247037,mp-4929,0.0,Stable,Stable
mp-1190178,-0.564754823194443,-0.5687133073806763,-0.0039584841862332,mp-1190178,0.0,Stable,Stable
mp-1033774,-2.71259355614583,-2.7233705520629883,-0.0107769959171584,mp-1033774,0.24229969223958392,Stable,Stable
mp-1100164,0.460351381666666,0.382684051990509,-0.0776673296761569,mp-1100164,0.4829061268750001,Unstable,Unstable
mp-1034177,-2.61917891833333,-2.646639108657837,-0.0274601903245068,mp-1034177,0.36713855249999927,Stable,Stable
mp-1079629,-0.223938114,-0.1181617230176925,0.1057763909823074,mp-1079629,0.004571217249991655,Stable,Stable
mp-1224887,-0.210309687291665,-0.2134127616882324,-0.0031030743965674,mp-1224887,0.04601265249999997,Stable,Stable
mp-1194590,-1.65453688252431,-1.571888089179993,0.0826487933443174,mp-1194590,0.0,Stable,Stable
mp-1196929,-2.55577192301282,-2.616284847259521,-0.0605129242467015,mp-1196929,0.0,Stable,Stable
mp-1184343,-0.198910966041665,-0.1731212139129638,0.0257897521287011,mp-1184343,0.0552364287499989,Stable,Stable
mp-1026386,0.23980901421875,0.2341619282960891,-0.0056470859226608,mp-1026386,0.34381585078125054,Unstable,Unstable
mp-1193777,-1.71445776326923,-1.745850920677185,-0.0313931574079551,mp-1193777,0.526741344519194,Stable,Stable
mp-29979,-0.7018207807967,-0.7179007530212402,-0.0160799722245402,mp-29979,0.01805228928571445,Stable,Stable
mp-569294,-0.577715003472224,-0.5742122530937195,0.0035027503785045,mp-569294,0.0,Stable,Stable
mp-1182301,-2.17079257454861,-2.2623510360717773,-0.0915584615231672,mp-1182301,0.2847220290740742,Stable,Stable
mp-16600,-3.28808079033333,-3.3059260845184326,-0.0178452941851028,mp-16600,0.01847847499998423,Stable,Stable
mp-5364,-3.42637511375,-3.418185234069824,0.0081898796801755,mp-5364,0.0,Stable,Stable
mp-569428,-0.040314487941174,-0.0357672162353992,0.0045472717057747,mp-569428,0.014300920931373362,Stable,Stable
mp-1197916,-2.90040016184524,-2.909019947052002,-0.0086197852067617,mp-1197916,0.0,Stable,Stable
mp-1217026,-0.714021982777775,-0.7715486884117126,-0.0575267056339376,mp-1217026,0.06008259083333378,Stable,Stable
mp-1196038,-2.5705614965377,-2.570101737976074,0.0004597585616257,mp-1196038,0.0,Stable,Stable
mp-3268,-0.530165807500002,-0.4239999055862427,0.1061659019137593,mp-3268,0.0,Stable,Stable
mp-19882,-2.21673174315681,-2.1992111206054688,0.0175206225513413,mp-19882,0.0,Stable,Stable
mp-1098016,-2.6943049492647,-2.7430007457733154,-0.0486957965086154,mp-1098016,0.26450194779411795,Stable,Stable
mp-1220622,-0.373225809748801,-0.3761215806007385,-0.0028957708519375,mp-1220622,0.026917339121947492,Stable,Stable
mp-780096,-2.41255119568443,-2.4182333946228027,-0.0056821989383726,mp-780096,0.0908081793181843,Stable,Stable
mp-1018633,-0.783250659499998,-0.7360982298851013,0.0471524296148966,mp-1018633,0.16968911549999177,Stable,Stable
mp-721294,-2.36550477623563,-2.3684756755828857,-0.0029708993472556,mp-721294,0.0,Stable,Stable
mp-1191359,-0.648689226527777,-0.6408646106719971,0.0078246158557799,mp-1191359,0.0,Stable,Stable
mp-27430,-2.84738221316667,-2.8054723739624023,0.0419098392042678,mp-27430,0.0,Stable,Stable
mp-780182,-2.46732194181409,-2.464373588562012,0.0029483532520782,mp-780182,0.04208973213767564,Stable,Stable
mp-1002184,0.68944186965909,0.7718472480773926,0.0824053784183025,mp-1002184,1.1056846665909088,Unstable,Unstable
mp-1226228,-0.426475028750001,-0.4558491110801697,-0.0293740823301686,mp-1226228,0.04088871562499996,Stable,Stable
mp-1098205,0.327446267916667,0.3063709735870361,-0.0210752943296308,mp-1098205,0.3968965284374999,Unstable,Unstable
mp-1102794,-1.28714033152778,-1.2736200094223022,0.0135203221054778,mp-1102794,0.11930632947916742,Stable,Stable
mp-1033291,-2.19191551088542,-2.171151876449585,0.020763634435835,mp-1033291,0.6539936233593755,Stable,Stable
mp-1198141,-3.22129461915385,-3.2052016258239746,0.0160929933298752,mp-1198141,0.0,Stable,Stable
mp-1197672,-1.50308032239883,-1.403255581855774,0.0998247405430561,mp-1197672,0.07593931678030863,Stable,Stable
mp-1033841,-2.63212141852151,-2.640252113342285,-0.0081306948207751,mp-1033841,0.355917380201614,Stable,Stable
mp-1079837,-0.465919633666666,-0.4518673419952392,0.0140522916714267,mp-1079837,0.0,Stable,Stable
mp-534,-0.241300638888888,-0.3186207711696625,-0.0773201322807744,mp-534,0.13549375927777962,Stable,Stable
mp-1084760,-2.81758174383333,-2.8449995517730717,-0.0274178079397411,mp-1084760,0.10091963800000325,Stable,Stable
mp-1079609,-2.57088619575,-2.546071529388428,0.0248146663615722,mp-1079609,0.01640415799999939,Stable,Stable
mp-7839,0.814264036250001,0.8433617949485779,0.0290977586985768,mp-7839,1.1507634181250026,Unstable,Unstable
mp-1027954,0.187224350052083,0.1773941665887832,-0.0098301834632997,mp-1027954,0.21178347075625026,Unstable,Unstable
mp-1211502,-3.39707031583333,-3.5273191928863525,-0.1302488770530225,mp-1211502,0.04480825415344114,Stable,Stable
mp-23748,-2.59576037423611,-2.620187759399414,-0.0244273851633041,mp-23748,0.0,Stable,Stable
mp-2203,-0.462353786428573,-0.477296769618988,-0.014942983190415,mp-2203,0.011403886160714194,Stable,Stable
mp-1214985,-0.890082134230767,-1.40752375125885,-0.5174416170280831,mp-1214985,1.3344575201041664,Stable,Stable
mp-554542,-3.41476461241667,-3.377234935760498,0.0375296766561721,mp-554542,0.0,Stable,Stable
mp-2719,-0.668548079499999,-0.6787894368171692,-0.0102413573171702,mp-2719,0.0,Stable,Stable
mp-989473,2.65315996681818,2.4288322925567627,-0.2243276742614171,mp-989473,3.166970509772727,Unstable,Unstable
mp-3183,-0.793701890166664,-0.7995672225952148,-0.0058653324285508,mp-3183,0.0,Stable,Stable
mp-556300,-2.52376125684028,-2.501220703125,0.02254055371528,mp-556300,0.0,Stable,Stable
mp-1199830,-0.246776734691175,-0.2858323454856872,-0.0390556107945122,mp-1199830,0.010778075000000165,Stable,Stable
mp-1432,0.040718446944444,0.039053201675415,-0.0016652452690289,mp-1432,0.054649395972222514,Unstable,Unstable
mp-764874,-2.24704360914729,-2.2482895851135254,-0.0012459759662353,mp-764874,0.0748752011845788,Stable,Stable
mp-1217997,-0.507975304333333,-0.5540034174919128,-0.0460281131585798,mp-1217997,0.005786159366667931,Stable,Stable
mp-554041,-2.94662438739169,-2.94370436668396,0.0029200207077302,mp-554041,0.0,Stable,Stable
mp-1205309,-0.153806017083333,-0.0800918936729431,0.0737141234103898,mp-1205309,0.07088204500000028,Stable,Stable
mp-1197795,-0.35701176637897,-0.3990086317062378,-0.0419968653272678,mp-1197795,0.18305723470237822,Stable,Stable
mp-10255,-0.789740828571429,-0.7859557271003723,0.0037851014710567,mp-10255,0.0,Stable,Stable
mp-1221544,-2.18435702266603,-2.186654090881348,-0.0022970682153178,mp-1221544,0.011530759166685556,Stable,Stable
mp-1026516,0.267266836927083,0.2593880891799927,-0.0078787477470902,mp-1026516,0.33345006890625006,Unstable,Unstable
mp-532413,-1.00205371873333,-0.9970346093177797,0.0050191094155505,mp-532413,0.0,Stable,Stable
mp-569303,0.107412464868419,0.0592607706785202,-0.0481516941898988,mp-569303,0.4398736203947333,Unstable,Unstable
mp-1173570,-2.83861351519231,-3.0692832469940186,-0.2306697318017083,mp-1173570,0.40925533553846094,Stable,Stable
mp-1030977,-2.48993778338542,-2.4525694847106934,0.0373682986747265,mp-1030977,0.5728359802215506,Stable,Stable
mp-561177,-3.33832835636905,-3.3403570652008057,-0.0020287088317556,mp-561177,0.006823297797611261,Stable,Stable
mp-1188857,-0.616042791458332,-0.5608635544776917,0.0551792369806403,mp-1188857,0.0,Stable,Stable
mp-778403,-2.42961802568443,-2.427729368209839,0.0018886574745913,mp-778403,0.07374134931818332,Stable,Stable
mp-1195203,-0.225632158684966,-0.2581117749214172,-0.0324796162364512,mp-1195203,0.08395933241152331,Stable,Stable
mp-1212598,-1.87707686330702,-2.125877141952514,-0.2488002786454946,mp-1212598,0.3355853590789586,Stable,Stable
mp-1196778,-0.65318564,-0.6653674244880676,-0.0121817844880676,mp-1196778,0.0,Stable,Stable
mp-1192512,-0.318502784816091,-0.3363199830055237,-0.0178171981894326,mp-1192512,0.0,Stable,Stable
mp-1021796,0.355242536979166,0.3624795079231262,0.0072369709439601,mp-1021796,0.45724182621527776,Unstable,Unstable
mp-24065,-1.86062124344697,-1.8635426759719849,-0.0029214325250148,mp-24065,0.007663695681824123,Stable,Stable
mp-754059,-2.03692177385417,-2.0372869968414307,-0.0003652229872606,mp-754059,0.09015114510416655,Stable,Stable
mp-24391,-1.76142147253906,-1.7579482793807983,0.0034731931582616,mp-24391,0.016486089062492937,Stable,Stable
mp-768509,-2.59937593421296,-2.6417276859283447,-0.0423517517153846,mp-768509,0.08582402131944988,Stable,Stable
mp-1196433,-3.56067937992063,-3.56744122505188,-0.0067618451312498,mp-1196433,0.030831128571431776,Stable,Stable
mp-31064,-0.279717109191176,-0.3198939561843872,-0.0401768469932112,mp-31064,0.0,Stable,Stable
mp-1201057,-0.258469048870967,-0.4020992517471313,-0.1436302028761643,mp-1201057,1.0093714152233204,Stable,Stable
mp-20040,-0.514773107499996,-0.5046004056930542,0.0101727018069418,mp-20040,0.07280895046428526,Stable,Stable
mp-1247928,0.021632901666665,-0.612616240978241,-0.634249142644906,mp-1247928,0.7167404199999998,Unstable,Stable
mp-568083,-0.441237624722222,-0.4391956329345703,0.0020419917876516,mp-568083,0.0,Stable,Stable
mp-1018643,-0.682722851330865,-0.6317379474639893,0.0509849038668757,mp-1018643,0.09077507272727559,Stable,Stable
mp-769061,-1.64235783723684,-1.8345385789871216,-0.1921807417502816,mp-769061,0.4108411457894734,Stable,Stable
mp-24240,-0.454466500419641,-0.4757275581359863,-0.0212610577163453,mp-24240,0.08574814642857209,Stable,Stable
mp-556039,-2.82694390603927,-2.813873052597046,0.0130708534422239,mp-556039,0.0,Stable,Stable
mp-2217796,-2.22836147121212,-2.247607469558716,-0.0192459983465957,mp-2217796,0.2999091498484905,Stable,Stable
mp-1102201,-0.417946303402774,-0.4378581047058105,-0.0199118013030365,mp-1102201,3.404458333378102e-05,Stable,Stable
mp-1016262,0.348933864374998,0.3313294649124145,-0.0176043994625834,mp-1016262,0.38191598812499983,Unstable,Unstable
mp-20467,-0.597323156250001,-0.5720802545547485,0.0252429016952524,mp-20467,0.0,Stable,Stable
mp-23617,-2.90627703746528,-2.908647060394287,-0.0023700229290071,mp-23617,0.02142786695313248,Stable,Stable
mp-781955,-2.44525240076234,-2.447428941726685,-0.0021765409643443,mp-781955,0.06220117647058743,Stable,Stable
mp-761241,-2.24758524565891,-2.240126371383667,0.007458874275243,mp-761241,0.07433356467295127,Stable,Stable
mp-978886,0.771170680416666,0.7003862857818604,-0.0707843946348056,mp-978886,0.7711706804166667,Unstable,Unstable
mp-568923,-1.63548133625,-1.6738717555999756,-0.0383904193499755,mp-568923,0.10988759236111179,Stable,Stable
mp-1223895,-0.553711669074074,-0.5382516384124756,0.0154600306615984,mp-1223895,0.037269881888893686,Stable,Stable
mp-707349,-1.38174978761364,-1.3663407564163208,0.0154090311973191,mp-707349,0.2584568535795366,Stable,Stable
mp-1214634,-3.13265097642473,-3.135549306869507,-0.0028983304447769,mp-1214634,0.004439662217748719,Stable,Stable
mp-1203923,-2.12756761760417,-2.1621267795562744,-0.0345591619521044,mp-1203923,0.04240337273147876,Stable,Stable
mp-1189727,-0.367297084444445,-0.4849357604980469,-0.1176386760536019,mp-1189727,0.019913934722223914,Stable,Stable
mp-1228657,-0.243192331003776,-0.2548371851444244,-0.0116448541406484,mp-1228657,0.09159416795454689,Stable,Stable
mp-1209706,0.142625961388888,-0.2823323905467987,-0.4249583519356867,mp-1209706,0.8698732829166689,Unstable,Stable
mp-1215263,-0.509789347343755,-0.4849324822425842,0.0248568651011708,mp-1215263,0.04571021453124757,Stable,Stable
mp-1228750,-0.102716550699232,-0.2625516653060913,-0.1598351146068593,mp-1228750,0.14648971909961617,Stable,Stable
mp-1202880,-2.60927736056547,-2.610948085784912,-0.0016707252194421,mp-1202880,0.0,Stable,Stable
mp-1228730,-0.151850970215055,-0.259774774312973,-0.107923804097918,mp-1228730,0.15206720559139697,Stable,Stable
mp-759766,-1.59501055898718,-1.633897304534912,-0.0388867455477321,mp-759766,0.09804535705769535,Stable,Stable
mp-851119,-2.42082174977534,-2.42187762260437,-0.0010558728290299,mp-851119,0.0825376252272747,Stable,Stable
mp-1216398,-0.65269336875,-0.663607656955719,-0.010914288205719,mp-1216398,0.0025949025000002734,Stable,Stable
mp-4984,-0.414122774374998,-0.3677067756652832,0.0464159987097148,mp-4984,0.00011416437499889298,Stable,Stable
mp-568966,-0.493766424,-0.4881482124328613,0.0056182115671386,mp-568966,0.0,Stable,Stable
mp-1212893,-0.594918605454546,-0.5743674635887146,0.0205511418658314,mp-1212893,0.0,Stable,Stable
mp-1217131,-2.65534429401515,-2.58711576461792,0.06822852939723,mp-1217131,0.1281012055303048,Stable,Stable
mp-1223419,-2.87490077282083,-2.882575273513794,-0.0076745006929641,mp-1223419,0.12381463337500165,Stable,Stable
mp-18108,-3.37330150826666,-3.3684771060943604,0.0048244021722996,mp-18108,0.02023741360000031,Stable,Stable
mp-780674,-2.46077778101699,-2.461635112762451,-0.0008573317454612,mp-780674,0.04863389293477738,Stable,Stable
mp-1189206,-0.559472110370369,-0.579680860042572,-0.0202087496722029,mp-1189206,0.0,Stable,Stable
mp-649084,-0.423724595,-0.4050894379615783,0.0186351570384216,mp-649084,0.0,Stable,Stable
mp-1203590,-2.65100511263158,-2.670708417892456,-0.0197033052608759,mp-1203590,0.13645630348684712,Stable,Stable
mp-768280,-3.27519395644445,-3.287665367126465,-0.0124714106820147,mp-768280,0.010028034666648367,Stable,Stable
mp-754889,-2.42980832659352,-2.431292772293091,-0.0014844456995706,mp-754889,0.07355104840909377,Stable,Stable
mp-1222413,-0.285529338541667,-0.0280000567436218,0.2575292817980452,mp-1222413,0.0,Stable,Stable
mp-1207603,-2.77744445645833,-2.780085802078247,-0.0026413456199172,mp-1207603,0.003265323791664443,Stable,Stable
mp-1198355,-2.35932951573809,-2.3616201877593994,-0.0022906720213096,mp-1198355,0.3215893897063369,Stable,Stable
mp-1201055,-0.416552293055551,-0.4614526033401489,-0.0449003102845979,mp-1201055,0.0029654404861112482,Stable,Stable
mp-1226547,-0.664259752000001,-0.6848477125167847,-0.0205879605167836,mp-1226547,0.0,Stable,Stable
mp-1020655,-1.9123594391523,-1.9486116170883176,-0.0362521779360178,mp-1020655,0.0,Stable,Stable
mp-18259,-3.0229477145098,-3.025918483734131,-0.0029707692243308,mp-18259,0.015123113750007633,Stable,Stable
mp-1025127,-0.461351175595244,-0.3554803133010864,0.1058708622941576,mp-1025127,0.041612061547610324,Stable,Stable
mp-567433,-0.66051848110119,-0.4237114191055298,0.2368070619956602,mp-567433,0.11623930249999903,Stable,Stable
mp-1098076,0.244520225703118,0.2473069578409195,0.0027867321378015,mp-1098076,0.38193214640624973,Unstable,Unstable
mp-1194548,-0.082079241754803,-0.1401636600494384,-0.0580844182946354,mp-1194548,0.03624395721014473,Stable,Stable
mp-1191182,-0.484617397777777,-0.4672823548316955,0.0173350429460814,mp-1191182,0.0,Stable,Stable
mp-557104,-2.98882957185185,-2.9925971031188965,-0.0037675312670466,mp-557104,0.0006171097777878387,Stable,Stable
mp-16737,-2.72387233860919,-2.6979801654815674,0.0258921731276227,mp-16737,0.0,Stable,Stable
mp-761253,-2.28306220355555,-2.277229785919189,0.0058324176363604,mp-761253,0.05262296492361607,Stable,Stable
mp-1190481,-0.561377326851849,-0.6283048987388611,-0.066927571887012,mp-1190481,0.0,Stable,Stable
mp-549737,-3.2246878580303,-3.236065149307251,-0.0113772912769509,mp-549737,0.0,Stable,Stable
mp-1209355,-2.45835512820238,-2.4875383377075195,-0.0291832095051396,mp-1209355,0.2786740801772227,Stable,Stable
mp-504752,-1.96362683796297,-1.9291236400604248,0.0345031979025451,mp-504752,0.00241856666666429,Stable,Stable
mp-34763,-0.1772358134375,-0.1061299741268158,0.0711058393106842,mp-34763,0.0,Stable,Stable
mp-764559,-2.26424996265151,-2.252491235733032,0.0117587269184777,mp-764559,0.06470846264204688,Stable,Stable
mp-1207490,-1.91706715324074,-1.9085071086883545,0.0085600445523854,mp-1207490,0.08129760953703613,Stable,Stable
mp-1102220,-0.450852904027777,-0.4331284165382385,0.0177244874895384,mp-1102220,0.0,Stable,Stable
mp-2898201,-2.3877392287069,-2.4646520614624023,-0.0769128327555024,mp-2898201,0.08475286395832171,Stable,Stable
mp-569897,-0.951704107088861,-0.9951198697090148,-0.0434157626201539,mp-569897,0.0,Stable,Stable
mp-1223873,-3.48700578483333,-3.4992268085479736,-0.0122210237146438,mp-1223873,0.009991754999990832,Stable,Stable
mp-755757,-2.47133246454545,-2.47251296043396,-0.0011804958885099,mp-755757,0.10791138318182014,Stable,Stable
mp-1019569,-2.65366282975904,-2.6579763889312744,-0.0043135591722345,mp-1019569,0.0,Stable,Stable
mp-27426,-2.35206638360544,-2.419960260391236,-0.0678938767857952,mp-27426,0.22758962482142842,Stable,Stable
mp-1208474,-0.635254049772728,-0.5965473055839539,0.0387067441887741,mp-1208474,0.0,Stable,Stable
mp-766637,-2.30963586419048,-2.297483444213867,0.0121524199766129,mp-766637,0.025283452214285518,Stable,Stable
mp-29980,-0.641230205683756,-0.6907305121421814,-0.0495003064584254,mp-29980,0.050205160277780436,Stable,Stable
mp-1202352,-0.12626001376344,-0.1386219561100006,-0.0123619423465606,mp-1202352,0.10767741081863935,Stable,Stable
mp-1222784,-0.845467441805553,-0.8042783737182617,0.0411890680872912,mp-1222784,0.00218332875000371,Stable,Stable
mp-1217023,-0.808811032916668,-0.81870037317276,-0.009889340256092,mp-1217023,0.015864989999997192,Stable,Stable
mp-2646920,-0.470098719848484,-0.4417670369148254,0.0283316829336585,mp-2646920,0.0,Stable,Stable
mp-505693,-0.632307745833331,-0.6189249157905579,0.0133828300427731,mp-505693,0.0,Stable,Stable
mp-1211607,-3.12033695558823,-3.119135856628418,0.0012010989598119,mp-1211607,0.0031659916176476344,Stable,Stable
mp-1076987,-0.621634501611112,-0.6503495573997498,-0.0287150557886377,mp-1076987,0.0036753742816131307,Stable,Stable
mp-1215212,-0.010646281666671,-0.4813172221183777,-0.4706709404517067,mp-1215212,0.9661065116666698,Stable,Stable
mp-29337,-0.632581811666666,-0.6999666094779968,-0.0673847978113307,mp-29337,0.0,Stable,Stable
mp-2501,-0.322163114166668,-0.386828601360321,-0.064665487193653,mp-2501,0.02714571083333084,Stable,Stable
mp-1191955,-0.31629984857372,-0.3143549561500549,0.001944892423665,mp-1191955,0.00486637788461497,Stable,Stable
mp-631526,1.41117182902777,1.5885987281799316,0.1774268991521617,mp-631526,1.4307940161111112,Unstable,Unstable
mp-1020670,-3.01483582402778,-3.0203254222869877,-0.0054895982592073,mp-1020670,0.008882567905093453,Stable,Stable
mp-29219,-0.291795605294117,-0.1431661397218704,0.1486294655722466,mp-29219,0.011178452205884426,Stable,Stable
mp-1192421,-2.28797299629629,-2.309743881225586,-0.0217708849292961,mp-1192421,0.0006048655026313909,Stable,Stable
mp-1100876,-3.44576341383333,-3.4602127075195312,-0.014449293686201,mp-1100876,0.07649623866666744,Stable,Stable
mp-1080030,0.230050979505207,0.1944901198148727,-0.0355608596903342,mp-1080030,0.2504529562760407,Unstable,Unstable
mp-30926,-3.08286142655555,-3.087851047515869,-0.0049896209603192,mp-30926,0.0,Stable,Stable
mp-1106184,-0.248795484896552,-0.2476939409971237,0.0011015438994282,mp-1106184,0.006082310000000035,Stable,Stable
mp-5457,-0.235728570092592,-0.2329869568347931,0.0027416132577988,mp-5457,0.028043287036291886,Stable,Stable
mp-1106065,-0.263152847750001,-0.3224119246006012,-0.0592590768506002,mp-1106065,0.012482750499998474,Stable,Stable
mp-24241,-0.466654862946428,-0.4692995548248291,-0.0026446918784011,mp-24241,0.08257266107142769,Stable,Stable
mp-1214951,-0.456757475765765,-0.4593183994293213,-0.0025609236635563,mp-1214951,0.0050873411261385115,Stable,Stable
mp-10135,-0.657622925499998,-0.6437774300575256,0.0138454954424723,mp-10135,0.11604181113332857,Stable,Stable
mp-1194753,-2.40095908435185,-2.440143585205078,-0.0391845008532283,mp-1194753,0.018237387291663687,Stable,Stable
mp-1194097,-0.062414561350576,-0.0529757812619209,0.009438780088655,mp-1194097,0.06144986591954016,Stable,Stable
mp-1238820,0.125983309371032,-0.2592032253742218,-0.3851865347452538,mp-1238820,0.7099635614583377,Unstable,Stable
mp-20376,-3.12434494675,-3.1261208057403564,-0.0017758589903564,mp-20376,0.0317939577500006,Stable,Stable
mp-1200183,-0.304932651944443,-0.6533142328262329,-0.3483815808817899,mp-1200183,0.42403687631944553,Stable,Stable
mp-1200259,-2.08974828652778,-2.3803296089172363,-0.2905813223894564,mp-1200259,0.5590842024088456,Stable,Stable
mp-4720,-0.460830579166666,-0.4413007497787475,0.0195298293879184,mp-4720,0.0,Stable,Stable
mp-1235124,-2.52144648770115,-2.6013829708099365,-0.0799364831087863,mp-1235124,0.19226123641427684,Stable,Stable
mp-1190829,-2.08645491558333,-2.073839902877808,0.0126150127055222,mp-1190829,0.49975262737500614,Stable,Stable
mp-706664,-0.091312795692935,-0.0975218340754509,-0.0062090383825158,mp-706664,0.005489127574727526,Stable,Stable
mp-1105793,-0.422246671083333,-0.4511570334434509,-0.0289103623601179,mp-1105793,0.0,Stable,Stable
mp-1025024,-0.76334831611112,-0.704463005065918,0.058885311045202,mp-1025024,0.024255737333337635,Stable,Stable
mp-1095030,0.261316422005208,0.2044067829847335,-0.0569096390204744,mp-1095030,0.2817183987760412,Unstable,Unstable
mp-9936,-0.171204862083333,-0.0426095649600029,0.1285952971233301,mp-9936,0.4479748249479165,Stable,Stable
mp-1222841,-3.44027378947917,-3.4433043003082275,-0.0030305108290575,mp-1222841,0.0,Stable,Stable
mp-1032236,-2.41049392494792,-2.49454402923584,-0.08405010428792,mp-1032236,0.4321736860937504,Stable,Stable
mp-777359,-2.44587960985441,-2.442889928817749,0.0029896810366611,mp-777359,0.060573162388889656,Stable,Stable
mp-1216199,-0.713636570277776,-0.741147518157959,-0.0275109478801829,mp-1216199,0.016324778888892943,Stable,Stable
mp-768910,-1.7367550380303,-1.8391467332839968,-0.1023916952536965,mp-768910,0.3621230406060585,Stable,Stable
mp-6799,-1.31687498077381,-1.366765379905701,-0.0498903991318906,mp-6799,0.0,Stable,Stable
mp-1005955,-0.544639101944445,-0.5290429592132568,0.0155961427311881,mp-1005955,0.0,Stable,Stable
mp-1225372,-0.206339389340277,-0.2486734837293625,-0.0423340943890854,mp-1225372,0.0,Stable,Stable
mp-1072852,2.57259119722222,1.6991801261901855,-0.8734110710320344,mp-1072852,2.5725911972222217,Unstable,Unstable
mp-604315,-0.142270002121212,-0.1596531271934509,-0.0173831250722389,mp-604315,0.02860534545455229,Stable,Stable
mp-558794,-1.42085112877976,-1.4095417261123655,0.0113094026673943,mp-558794,0.049892489285713104,Stable,Stable
mp-554815,-3.47180235058333,-3.487293004989624,-0.0154906544062938,mp-554815,0.00023325399999940544,Stable,Stable
mp-1017377,0.218631217604166,0.2207968384027481,0.002165620798582,mp-1017377,0.2819104990625001,Unstable,Unstable
mp-2847,-0.653387246666667,-0.6529983282089233,0.0003889184577436,mp-2847,0.0,Stable,Stable
mp-759792,-2.49910724213768,-2.5064876079559326,-0.0073803658182525,mp-759792,0.011548473586954877,Stable,Stable
mp-1184351,0.512042695833333,0.3208679556846618,-0.191174740148671,mp-1184351,0.5120426958333333,Unstable,Unstable
mp-10857,-0.534900606000002,-0.4226475954055786,0.1122530105944233,mp-10857,0.0,Stable,Stable
mp-1205775,-1.57099760079545,-1.546316385269165,0.0246812155262849,mp-1205775,0.0,Stable,Stable
mp-1103255,-0.503430966944441,-0.4807662963867187,0.0226646705577222,mp-1103255,0.0,Stable,Stable
mp-12022,-2.41219527993055,-2.472001314163208,-0.059806034232658,mp-12022,0.07199320427083755,Stable,Stable
mp-849625,-2.46905466026437,-2.465695381164551,0.0033592790998193,mp-849625,0.04225916478572067,Stable,Stable
mp-1197401,-2.55908146785586,-2.5638580322265625,-0.0047765643707022,mp-1197401,0.0,Stable,Stable
mp-13234,-0.637150310370376,-0.647612452507019,-0.010462142136643,mp-13234,0.13525142388888511,Stable,Stable
mp-14704,-2.8140717343421,-2.812049865722656,0.0020218686194435,mp-14704,0.0,Stable,Stable
mp-1191731,-0.623808392651513,-0.6157869696617126,0.0080214229898003,mp-1191731,0.0,Stable,Stable
mp-1034026,-2.77669387132812,-2.778719663619995,-0.0020257922918749,mp-1034026,0.24112148471093686,Stable,Stable
mp-9664,-0.539756795783729,-0.5407964587211609,-0.0010396629374318,mp-9664,0.0,Stable,Stable
mp-29846,-1.83710699814815,-1.839250922203064,-0.0021439240549139,mp-29846,0.0,Stable,Stable
mp-28618,0.08380373078059,-0.0280039422214031,-0.1118076730019931,mp-28618,0.2631824819462123,Unstable,Stable
mp-781610,-2.46870651601699,-2.471118688583374,-0.0024121725663839,mp-781610,0.04070515793477725,Stable,Stable
mp-1196893,-0.211636451447367,-0.2087490707635879,0.002887380683779,mp-1196893,0.0,Stable,Stable
mp-776332,-0.279452651993209,-0.2918854355812073,-0.0124327835879982,mp-776332,0.07662463721133594,Stable,Stable
mp-12965,-0.507394170694443,-0.5086411237716675,-0.0012469530772244,mp-12965,0.0,Stable,Stable
mp-1033299,-2.42217775057292,-2.444615602493286,-0.0224378519203662,mp-1033299,0.456288574218747,Stable,Stable
mp-1024956,-0.551326529027773,-0.5527932643890381,-0.001466735361265,mp-1024956,0.05851835874999978,Stable,Stable
mp-1020662,-2.25254022938272,-2.269829750061035,-0.017289520678315,mp-1020662,0.0,Stable,Stable
mp-1214900,-0.797933629895836,-0.8941493630409241,-0.096215733145088,mp-1214900,0.4196476258984365,Stable,Stable
mp-1222578,-0.374126466818182,-0.4004863500595093,-0.0263598832413272,mp-1222578,0.0,Stable,Stable
mp-771772,-3.38223450306667,-3.386413812637329,-0.004179309570659,mp-771772,0.0392940713500014,Stable,Stable
mp-1570353,-2.42789515113897,-2.424720287322998,0.003174863815972,mp-1570353,0.07546422386363894,Stable,Stable
mp-570655,-0.543120562152786,-0.4474480152130127,0.0956725469397733,mp-570655,0.012586354166668201,Stable,Stable
mp-561154,-3.17992787,-3.191537380218506,-0.0116095102185056,mp-561154,0.01566198784999351,Stable,Stable
mp-764722,-2.24855840170543,-2.24357008934021,0.0049883123652199,mp-764722,0.07336040862643944,Stable,Stable
mp-2646982,-0.378171202499999,-0.2953963875770569,0.0827748149229421,mp-2646982,0.007582105416666707,Stable,Stable
mp-1034243,-2.52518880682796,-2.560868263244629,-0.0356794564166689,mp-1034243,0.38942598533724393,Stable,Stable
mp-1223739,-2.99059337239744,-2.9958956241607666,-0.0053022517633265,mp-1223739,0.0005297305128193486,Stable,Stable
mp-1229024,-0.129286814836956,-0.1292224675416946,6.434729526136329e-05,mp-1229024,0.0100362014830635,Stable,Stable
mp-1077788,-0.202928745833328,-0.2469802498817443,-0.0440515040484163,mp-1077788,0.0023285250000029123,Stable,Stable
mp-1245057,-2.65125084546667,-2.615804672241211,0.0354461732254591,mp-1245057,0.1468054645333332,Stable,Stable
mp-23701,-2.60254235779762,-2.5856380462646484,0.0169043115329716,mp-23701,0.0,Stable,Stable
mp-632822,0.147170024444444,0.1019739359617233,-0.0451960884827206,mp-632822,0.3468927462962963,Unstable,Unstable
mp-1209703,-0.336576160499998,-0.3457844853401184,-0.0092083248401204,mp-1209703,0.3845587634999985,Stable,Stable
mp-1196535,-0.838476777493939,-0.8322852253913879,0.006191552102551,mp-1196535,0.0,Stable,Stable
mp-1196136,-3.17522231083333,-3.173797845840454,0.0014244649928758,mp-1196136,0.01402926391024728,Stable,Stable
mp-1194505,-0.286195237129629,-0.2621529996395111,0.0240422374901179,mp-1194505,0.012936473560603012,Stable,Stable
mp-781623,-2.4222449014117,-2.4237523078918457,-0.0015074064801456,mp-781623,0.08111447359091173,Stable,Stable
mp-1199954,-2.61374950571634,-2.5577523708343506,0.0559971348819892,mp-1199954,0.04017187789285437,Stable,Stable
mp-720897,0.889882997698412,1.0778928995132446,0.1880099018148326,mp-720897,1.5557488211142854,Unstable,Unstable
mp-2880,-0.345800379166667,-0.3973847031593323,-0.0515843239926652,mp-2880,0.0795817800000016,Stable,Stable
mp-560278,-3.36513711129167,-3.372426271438598,-0.0072891601469287,mp-560278,0.018498564624998437,Stable,Stable
mp-1183242,-0.556549732833332,-0.6557987928390503,-0.0992490600057183,mp-1183242,1.2187017236666664,Stable,Stable
mp-768923,-2.4015546122,-2.3737189769744877,0.0278356352255126,mp-768923,0.007641579200000415,Stable,Stable
mp-10126,-0.741634495625,-0.7409793734550476,0.0006551221699523,mp-10126,0.0,Stable,Stable
mp-1026743,0.229804469114583,0.200471356511116,-0.0293331126034669,mp-1026743,0.2945324220312502,Unstable,Unstable
mp-680747,-0.566406142996684,-0.647982656955719,-0.0815765139590349,mp-680747,0.0,Stable,Stable
mp-559636,-2.81180248367593,-2.8171839714050293,-0.0053814877290991,mp-559636,0.0008996413580382168,Stable,Stable
mp-1202698,-0.395701268289472,-0.3796983361244201,0.0160029321650518,mp-1202698,0.0,Stable,Stable
mp-1203033,-2.53020146897436,-2.6611151695251465,-0.1309137005507863,mp-1203033,0.12453926451921049,Stable,Stable
mp-8307,-0.303647313194439,-0.2986932396888733,0.0049540735055657,mp-8307,0.0,Stable,Stable
mp-1188194,-0.575070497199999,-0.5014094710350037,0.0736610261649953,mp-1188194,0.0,Stable,Stable
mp-1187632,0.982296657708332,0.9465600848197936,-0.0357365728885382,mp-1187632,0.9822966577083321,Unstable,Unstable
mp-761207,-2.26876365560606,-2.263896942138672,0.004866713467388,mp-761207,0.06019476968750048,Stable,Stable
mp-755482,-2.41921947932079,-2.414287805557251,0.0049316737635392,mp-755482,0.08413989568182068,Stable,Stable
mp-1207931,-2.46780879129629,-2.417008399963379,0.0508003913329111,mp-1207931,0.01289415745370448,Stable,Stable
mp-766660,-2.31018223178404,-2.3071930408477783,0.0029891909362618,mp-766660,0.0233281670774792,Stable,Stable
mp-571500,-0.442298576666664,-0.4431012272834778,-0.0008026506168137,mp-571500,0.0,Stable,Stable
mp-770506,-2.53980696827778,-2.433154821395874,0.1066521468819061,mp-770506,0.05877124916666787,Stable,Stable
mp-21551,-0.250087595689655,-0.2581900358200073,-0.0081024401303523,mp-21551,0.0,Stable,Stable
mp-1106057,-0.332393145087718,-0.3362059593200683,-0.0038128142323503,mp-1106057,0.0,Stable,Stable
mp-1189775,-0.564979221499999,-0.5495684146881104,0.0154108068118886,mp-1189775,0.09232280758333467,Stable,Stable
mp-1098606,-2.81817128768518,-2.8510262966156006,-0.0328550089304204,mp-1098606,0.19540166787698343,Stable,Stable
mp-1034618,-2.72631593566277,-2.7518560886383057,-0.0255401529755356,mp-1034618,0.18939582693984391,Stable,Stable
mp-1106338,-0.617310942000006,-0.6756826639175415,-0.0583717219175354,mp-1106338,0.030052569000002194,Stable,Stable
mp-6648,-2.79587592488462,-2.7943286895751958,0.0015472353094247,mp-6648,0.0,Stable,Stable
mp-9720,-0.373853823492063,-0.4694505333900451,-0.0955967098979821,mp-9720,0.0,Stable,Stable
mp-760254,-2.28494276155555,-2.2795984745025635,0.0053442870529867,mp-760254,0.0507424069236162,Stable,Stable
mp-1213100,-0.610820421944443,-0.606515645980835,0.004304775963608,mp-1213100,0.0,Stable,Stable
mp-27341,-0.428055910625,-0.5230603218078613,-0.0950044111828613,mp-27341,0.042937087083335435,Stable,Stable
mp-752710,-2.6201890127451,-2.638425827026367,-0.0182368142812672,mp-752710,0.0984013348897097,Stable,Stable
mp-1203334,-0.322010276111819,-0.3936963081359863,-0.0716860320241673,mp-1203334,0.08292474654761861,Stable,Stable
mp-1020632,-2.78121639138889,-2.771562337875366,0.0096540535135236,mp-1020632,0.025289893302482547,Stable,Stable
mp-555093,-2.45610344888889,-2.470158576965332,-0.0140551280764418,mp-555093,0.047189572083333964,Stable,Stable
mp-1201509,-1.724600011642,-1.6790392398834229,0.045560771758577,mp-1201509,0.0,Stable,Stable
mp-1222386,-0.381860074583333,-0.3380821943283081,0.0437778802550248,mp-1222386,0.06672291916666584,Stable,Stable
mp-1189091,-2.7564541383375,-2.7529752254486084,0.0034789128888914,mp-1189091,0.03045235255552381,Stable,Stable
mp-728878,-0.885196207845527,-0.8285744786262512,0.0566217292192757,mp-728878,0.2884125409654459,Stable,Stable
mp-20857,-0.297524255,-0.3224256336688995,-0.0249013786688995,mp-20857,0.0,Stable,Stable
mp-720430,-2.1256551198125,-2.131070137023926,-0.0054150172114257,mp-720430,0.00493095199998983,Stable,Stable
mp-1017056,0.498628654062498,0.4766371846199035,-0.0219914694425944,mp-1017056,0.5885561828124999,Unstable,Unstable
mp-1208742,-2.73373418821999,-2.742674827575684,-0.0089406393556936,mp-1208742,0.006508369521571744,Stable,Stable
mp-22785,-0.596046508247127,-0.5939351916313171,0.0021113166158098,mp-22785,0.004008629999992408,Stable,Stable
mp-1201056,-2.08326112546296,-2.0629546642303467,0.0203064612326131,mp-1201056,0.007714744166670506,Stable,Stable
mp-15707,-0.616146412499999,-0.5666316151618958,0.0495147973381032,mp-15707,0.0,Stable,Stable
mp-1225489,-0.722801951833332,-0.7071470618247986,0.0156548900085333,mp-1225489,0.0706293201568684,Stable,Stable
mp-620325,-1.81358846189394,-1.7963266372680664,0.0172618246258735,mp-620325,0.1470453057323189,Stable,Stable
mp-28641,-3.41435294510417,-3.3759653568267822,0.0383875882773878,mp-28641,0.0,Stable,Stable
mp-644751,-1.140737818125,-1.0881001949310305,0.0526376231939698,mp-644751,0.27224117499999956,Stable,Stable
mp-1279062,-2.4568056147619,-2.418604850769043,0.0382007639928572,mp-1279062,0.011313907619049601,Stable,Stable
mp-850881,-2.4623229884094,-2.450302600860596,0.0120203875488043,mp-850881,0.045130588823530715,Stable,Stable
mp-542727,-0.124568466724144,-0.1229448467493057,0.0016236199748382,mp-542727,0.014164327931034393,Stable,Stable
mp-770910,-2.5328322309387,-2.527437210083008,0.0053950208556923,mp-770910,0.024560782916666746,Stable,Stable
mp-1079335,-0.57081333066671,-0.5510424971580505,0.0197708335086594,mp-1079335,0.0,Stable,Stable
mp-10136,-0.8309063155,-0.8397663831710815,-0.0088600676710814,mp-10136,0.0,Stable,Stable
mp-1017491,0.229087957187499,0.2298592180013656,0.0007712608138666,mp-1017491,0.36649987789063054,Unstable,Unstable
mp-1213062,-0.657461503409088,-0.6083491444587708,0.0491123589503172,mp-1213062,0.0,Stable,Stable
mp-882580,-2.2294935597619,-2.2201645374298096,0.0093290223320905,mp-882580,0.07843520523810099,Stable,Stable
mp-1103502,-0.474597216055554,-0.4827845692634582,-0.0081873532079042,mp-1103502,0.0838772671111121,Stable,Stable
mp-740714,-2.57128755686275,-2.5744454860687256,-0.0031579292059755,mp-740714,0.0,Stable,Stable
mp-1026566,0.187398676927083,0.1824939996004104,-0.0049046773266725,mp-1026566,0.21139309921875005,Unstable,Unstable
mp-1103959,-0.350014519615383,-0.3611922264099121,-0.0111777067945291,mp-1103959,0.1767839410897425,Stable,Stable
mp-765572,-1.93757879133333,-1.9013746976852417,0.0362040936480883,mp-765572,0.1994362862222241,Stable,Stable
mp-867937,-2.5841302094697,-2.5021908283233643,0.0819393811463355,mp-867937,0.18197397547351102,Stable,Stable
mp-13514,-3.46554875583333,-3.467153310775757,-0.0016045549424266,mp-13514,0.0013575665000011838,Stable,Stable
mp-1196808,-1.65900728291667,-1.7516770362854004,-0.0926697533687304,mp-1196808,0.41853295849999395,Stable,Stable
mp-10057,-0.6105516375,-0.5455930233001709,0.064958614199829,mp-10057,0.0,Stable,Stable
mp-1194311,-0.438209554827584,-0.4424604773521423,-0.0042509225245583,mp-1194311,0.0,Stable,Stable
mp-1038485,-2.88061719593915,-2.8849427700042725,-0.0043255740651222,mp-1038485,0.1329557596230151,Stable,Stable
mp-510376,-0.799905212499999,-0.8007252812385559,-0.0008200687385568,mp-510376,0.0,Stable,Stable
mp-1191051,-0.542065206527775,-0.5425407290458679,-0.0004755225180929,mp-1191051,0.0,Stable,Stable
mp-1181911,-1.42580829484848,-1.449337124824524,-0.0235288299760438,mp-1181911,0.5651198538636351,Stable,Stable
mp-849540,-2.42378135782116,-2.425788164138794,-0.0020068063176337,mp-849540,0.08367221941176517,Stable,Stable
mp-1077278,0.00470473215278,-0.2755914330482483,-0.2802961652010283,mp-1077278,0.2156817829166684,Unstable,Stable
mp-1079124,-2.10426316427083,-2.031505823135376,0.0727573411354538,mp-1079124,0.32155733385416596,Stable,Stable
mp-1226337,-0.403861332187498,-0.3433102369308471,0.0605510952566508,mp-1226337,0.007152716171875184,Stable,Stable
mp-637575,-0.362877286249998,-0.3609301447868347,0.0019471414631632,mp-637575,0.0,Stable,Stable
mp-3045,-0.250211944861112,-0.2326967269182205,0.0175152179428914,mp-3045,0.0,Stable,Stable
mp-1067451,4.10152491215909,4.311824321746826,0.2102994095877361,mp-1067451,4.517767709090908,Unstable,Unstable
mp-1103416,-0.355652792916666,-0.2090562880039215,0.1465965049127445,mp-1103416,0.030100514999999994,Stable,Stable
mp-1200475,-2.56346455589743,-2.5500905513763428,0.0133740045210872,mp-1200475,0.1446063462179481,Stable,Stable
mp-557632,-2.343015471,-2.363097667694092,-0.0200821966940916,mp-557632,0.0,Stable,Stable
mp-10566,-0.495186403452381,-0.6454459428787231,-0.1502595394263421,mp-10566,0.0,Stable,Stable
