id,true_eform,pred_eform,error,material_id,e_hull,true_label,pred_label
mp-697408,-1.03764115855263,-1.0488914251327517,-0.0112502665801215,mp-697408,0.03680522553946819,Stable,Stable
mp-722329,-0.22371662611111,-0.2080472707748413,0.0156693553362687,mp-722329,0.1071649819444449,Stable,Stable
mp-973835,0.8724563125,0.9442662596702576,0.0718099471702575,mp-973835,0.8724563125000007,Unstable,Unstable
mp-1246162,-0.301747936666665,-0.3328301906585693,-0.0310822539919043,mp-1246162,0.3362293212962939,Stable,Stable
mp-7790,-1.43342192902778,-1.3884600400924685,0.0449618889353118,mp-7790,0.02086333333333279,Stable,Stable
mp-11918,-1.248534829,-1.283692479133606,-0.0351576501336059,mp-11918,0.0,Stable,Stable
mp-1092268,-0.233309686014798,-0.5241195559501648,-0.2908098699353668,mp-1092268,0.3828463845937513,Stable,Stable
mp-1245977,0.244011926321389,0.2054605782032013,-0.0385513481181876,mp-1245977,0.2848384993750006,Unstable,Unstable
mp-1101159,-2.259184299,-2.2506532669067383,0.0085310320932618,mp-1101159,0.2047772365000018,Stable,Stable
mp-723044,-0.887200795238095,-0.8984950184822083,-0.0112942232441132,mp-723044,0.0,Stable,Stable
mp-10558,-1.53863926159091,-1.537756085395813,0.0008831761950969,mp-10558,0.0,Stable,Stable
mp-1246278,-1.08589553655856,-0.984018087387085,0.1018774491714751,mp-1246278,0.15130039624999903,Stable,Stable
mp-755234,-2.67687387607408,-2.6657631397247314,0.0111107363493485,mp-755234,0.17390610333333356,Stable,Stable
mp-1180026,-0.595983682698413,-0.4734795689582824,0.1225041137401304,mp-1180026,1.3890518672222232,Stable,Stable
mp-1199527,-0.943036358888888,-0.9691427946090698,-0.0261064357201817,mp-1199527,0.3974666866666645,Stable,Stable
mp-1245541,-0.394749417499999,-0.4410977959632873,-0.0463483784632883,mp-1245541,0.4674849860416668,Stable,Stable
mp-1245394,-0.17816622061638,-0.2099082469940185,-0.0317420263776385,mp-1245394,0.1581568329999996,Stable,Stable
mp-1101868,0.633648126666666,0.5071539282798767,-0.1264941983867893,mp-1101868,0.6336481266666674,Unstable,Unstable
mp-1246309,0.291755209444441,0.6370141506195068,0.3452589411750658,mp-1246309,0.5848668783333331,Unstable,Unstable
mp-1245244,0.032771455624999,0.0026949346065521,-0.0300765210184468,mp-1245244,0.7028208625000012,Unstable,Unstable
mp-1193106,-0.683750417738095,-0.7115132212638855,-0.0277628035257905,mp-1193106,0.0,Stable,Stable
mp-1246874,-1.15354740520833,-1.1270025968551636,0.0265448083531665,mp-1246874,0.005467598333336099,Stable,Stable
mp-1197085,-0.920845863428571,-1.061982035636902,-0.1411361722083308,mp-1197085,0.8963390172500034,Stable,Stable
mp-1245411,-0.697184083428031,-0.5907480120658875,0.1064360713621435,mp-1245411,0.04434352253787921,Stable,Stable
mp-558481,-1.165362940625,-1.1480857133865356,0.0172772272384642,mp-558481,0.14829934499999986,Stable,Stable
mp-1201023,-0.249775919171874,-0.2357195019721985,0.0140564171996755,mp-1201023,0.12241498463541767,Stable,Stable
mp-1029679,-0.355066663333333,-0.3544959425926208,0.0005707207407121,mp-1029679,0.0,Stable,Stable
mp-567060,-0.905372837057292,-0.7940926551818848,0.1112801818754072,mp-567060,0.37366068752603976,Stable,Stable
mp-558979,-0.537962801874999,-0.599414587020874,-0.061451785145875,mp-558979,0.4065458040624996,Stable,Stable
mp-1210647,-2.03875630956633,-2.0494463443756104,-0.0106900348092802,mp-1210647,0.4544703691071392,Stable,Stable
mp-1196217,0.553765741307867,0.7179717421531677,0.1642060008453006,mp-1196217,0.8371476758680565,Unstable,Unstable
mp-1246674,-0.19021102875479,-0.2830779552459717,-0.0928669264911816,mp-1246674,0.3707443427380941,Stable,Stable
mp-1080191,0.534185174000003,0.6283034086227417,0.0941182346227387,mp-1080191,0.534185174000001,Unstable,Unstable
mp-554079,-0.534049250681818,-0.5045241713523865,0.0295250793294314,mp-554079,0.15799549818181813,Stable,Stable
mp-1178197,-0.789617428999999,-0.7929022908210754,-0.0032848618210764,mp-1178197,0.17451289450000118,Stable,Stable
mp-557991,-0.435416675,-0.4165001213550567,0.0189165536449432,mp-557991,0.3932447984999978,Stable,Stable
mp-574060,-0.134867562641667,-0.0862888693809509,0.048578693260716,mp-574060,0.38589190141666485,Stable,Stable
mp-1246161,-1.39433393416667,-1.3669915199279783,0.0273424142386915,mp-1246161,0.3122480916666692,Stable,Stable
mp-1029446,-0.601278283125001,-0.6520130634307861,-0.0507347803057851,mp-1029446,0.21949066500000036,Stable,Stable
mp-1246780,-1.01636377961538,-1.0078810453414917,0.0084827342738882,mp-1246780,0.07918212102564315,Stable,Stable
mp-755526,-3.19454485785714,-3.199450969696045,-0.0049061118389048,mp-755526,0.05293334645240222,Stable,Stable
mp-729291,-0.781311357738095,-0.8346380591392517,-0.0533267014011566,mp-729291,0.45670072202381373,Stable,Stable
mp-1246799,-0.546271374722222,-0.5556040406227112,-0.0093326659004892,mp-1246799,0.1644031041666647,Stable,Stable
mp-1196097,0.947557801602789,0.3925535678863525,-0.5550042337164365,mp-1196097,1.3921021906097542,Unstable,Unstable
mp-1180489,0.961269831041665,0.9793272614479064,0.0180574304062415,mp-1180489,1.4303803575000007,Unstable,Unstable
mp-1198034,-0.66716281215909,-0.6560249924659729,0.0111378196931171,mp-1198034,0.19379109871211053,Stable,Stable
mp-1245482,-0.501954770535714,-0.2159209847450256,0.2860337857906884,mp-1245482,0.28063175642857274,Stable,Stable
mp-1173466,0.508762712604166,0.5409485101699829,0.0321857975658169,mp-1173466,0.5087627126041667,Unstable,Unstable
mp-1219036,-3.023147554,-3.062762260437012,-0.0396147064370118,mp-1219036,0.14533865296874637,Stable,Stable
mp-662643,-0.738478748003247,-0.7307209968566895,0.0077577511465575,mp-662643,0.10568494708333276,Stable,Stable
mp-541912,-1.90251695,-1.939105987548828,-0.036589037548828,mp-541912,0.0015913247916614637,Stable,Stable
mp-1212560,-0.100704016916666,-0.2013770639896392,-0.1006730470729732,mp-1212560,0.4764112429111087,Stable,Stable
mp-1195097,-0.368165966711299,-0.3500922918319702,0.0180736748793287,mp-1195097,0.009935862872339385,Stable,Stable
mp-1104786,-1.08265083141667,-0.9491236209869384,0.1335272104297316,mp-1104786,0.0,Stable,Stable
mp-1245908,-0.319250116666667,-0.3602081537246704,-0.0409580370580033,mp-1245908,0.3814366562962954,Stable,Stable
mp-979265,0.118340379609108,0.1661731004714965,0.0478327208623885,mp-979265,1.202614355178568,Unstable,Unstable
mp-1245718,-0.664671864833333,-0.7363215684890747,-0.0716497036557417,mp-1245718,0.2280785418333373,Stable,Stable
mp-1209901,-1.48254950708333,-1.4721825122833252,0.0103669948000049,mp-1209901,0.005452700092604346,Stable,Stable
mp-727235,0.600974909500001,0.7839640974998474,0.1829891879998464,mp-727235,2.1911901334999975,Unstable,Unstable
mp-1202287,-0.582741940366379,-0.5952277183532715,-0.0124857779868924,mp-1202287,0.9773996487499996,Stable,Stable
mp-1079006,-0.507155214444444,-0.8265589475631714,-0.3194037331187274,mp-1079006,0.25883643000000234,Stable,Stable
mp-616514,0.512194678999999,0.5248445272445679,0.0126498482445688,mp-616514,0.6054487474999997,Unstable,Unstable
mp-650049,0.089989012898286,-0.0607421994209289,-0.1507312123192149,mp-650049,0.36219175119485136,Unstable,Stable
mp-555,-0.069032481666667,-0.0466495677828788,0.0223829138837881,mp-555,0.0010915550000003549,Stable,Stable
mp-1189669,1.26868681875,1.2336626052856443,-0.0350242134643554,mp-1189669,1.9116855068333347,Unstable,Unstable
mp-707956,-0.550145311971354,-0.4806454479694366,0.0694998640019173,mp-707956,0.021579544648437476,Stable,Stable
mp-13944,-1.04508379833333,-0.9920687079429626,0.0530150903903674,mp-13944,0.0,Stable,Stable
mp-1102530,-1.20742740517036,-1.245315432548523,-0.0378880273781629,mp-1102530,0.997214539722223,Stable,Stable
mp-1182706,2.32267855104167,-0.0684230998158454,-2.391101650857516,mp-1182706,3.089854534583333,Unstable,Stable
mp-1245982,-1.72497888604166,-1.7423348426818848,-0.0173559566402248,mp-1245982,0.16799005750000262,Stable,Stable
mp-1391177,-0.672459508,-0.7350667119026184,-0.0626072039026184,mp-1391177,0.13227267600000037,Stable,Stable
mp-1180460,0.450707717674279,0.3240339457988739,-0.126673771875405,mp-1180460,1.029982122253604,Unstable,Unstable
mp-731602,0.347654207011493,0.6626620888710022,0.3150078818595092,mp-731602,1.6455540038888863,Unstable,Unstable
mp-1213485,-0.36220152576923,-0.230541318655014,0.1316602071142159,mp-1213485,0.8998327250641038,Stable,Stable
mp-34038,-1.387506003125,-1.3573874235153198,0.0301185796096801,mp-34038,0.06771470724999995,Stable,Stable
mp-1079018,0.189903684416667,0.1740153431892395,-0.0158883412274274,mp-1079018,1.2539058894444466,Unstable,Unstable
mp-1181080,-0.277427324166666,-0.1993122696876526,0.0781150544790134,mp-1181080,0.25766815749999816,Stable,Stable
mp-1245789,0.270005312000002,0.3335895836353302,0.0635842716353282,mp-1245789,0.2700053120000021,Unstable,Unstable
mp-1444353,-0.532016765999999,-0.4755404889583587,0.0564762770416402,mp-1444353,0.2041671829166667,Stable,Stable
mp-1246527,-0.688704873415949,-0.6492586731910706,0.0394462002248784,mp-1246527,0.1441148566666648,Stable,Stable
mp-1245801,-0.270854300222223,-0.2707147002220154,0.0001396000002076,mp-1245801,0.09760858309523535,Stable,Stable
mp-8818,-0.848958886000002,-0.925842583179474,-0.0768836971794718,mp-8818,0.0,Stable,Stable
mp-2039551,-1.00469846925,-1.424777269363403,-0.4200788001134032,mp-2039551,0.03443286599999951,Stable,Stable
mp-989497,-1.22459037825,-1.2094357013702393,0.0151546768797607,mp-989497,0.019693266000000875,Stable,Stable
mp-1017546,-1.632320264375,-1.481267333030701,0.1510529313442994,mp-1017546,0.34318618249999844,Stable,Stable
mp-1246013,-0.232449179090909,-0.1759072244167328,0.0565419546741762,mp-1246013,0.2593791552272737,Stable,Stable
mp-7139,1.32321330083333,1.354806423187256,0.0315931223539258,mp-7139,1.6660562533333323,Unstable,Unstable
mp-557385,-1.20973705821739,-1.247257947921753,-0.0375208897043628,mp-557385,0.0736329298369558,Stable,Stable
mp-1181419,-0.799036628026316,-0.8192906975746155,-0.0202540695482994,mp-1181419,0.14267656881578716,Stable,Stable
mp-28123,-1.46490793489585,-1.464020013809204,0.0008879210866459,mp-28123,0.0,Stable,Stable
mp-1199492,-1.56737592455808,-1.5784735679626465,-0.0110976434045664,mp-1199492,0.17915182511782568,Stable,Stable
mp-1246205,-0.372499603703704,-0.3438104689121246,0.0286891347915793,mp-1246205,0.2876118422222209,Stable,Stable
mp-1194088,0.076252991071427,0.3384917676448822,0.2622387765734552,mp-1194088,1.1065167872023736,Unstable,Unstable
mp-1179379,-1.33088102576923,-1.2798737287521362,0.0510072970170938,mp-1179379,0.5650826965384548,Stable,Stable
mp-1245575,0.253086055555556,0.2822703421115875,0.0291842865560315,mp-1245575,0.2530860555555563,Unstable,Unstable
mp-652353,-0.038766001108633,-0.0176743529736995,0.0210916481349334,mp-652353,0.12452488087797775,Stable,Stable
mp-1201671,-0.910940070104166,-1.0177711248397827,-0.1068310547356167,mp-1201671,0.8321385535416672,Stable,Stable
mp-1016059,-0.096224641666665,-0.048061653971672,0.0481629876949929,mp-1016059,0.4032332379166679,Stable,Stable
mp-1180351,-0.112678330357143,-0.115797534584999,-0.003119204227856,mp-1180351,1.1340497191071508,Stable,Stable
mp-1198367,1.10177873426996,1.116666316986084,0.0148875827161238,mp-1198367,1.185420451071428,Unstable,Unstable
mp-1246305,0.592721217,0.4293524920940399,-0.1633687249059601,mp-1246305,0.5927212169999994,Unstable,Unstable
mp-2247,0.624941838333334,0.4856588542461395,-0.1392829840871945,mp-2247,0.35419183833333445,Unstable,Unstable
mp-1246857,-1.23439323988637,-1.2414560317993164,-0.0070627919129464,mp-1246857,0.1611756813636358,Stable,Stable
mp-1247494,-0.577215394374999,-0.578206479549408,-0.0009910851744089,mp-1247494,0.10403609902777688,Stable,Stable
mp-1246533,-0.434886949999999,-0.5337479114532471,-0.098860961453248,mp-1246533,0.18247373712500004,Stable,Stable
mp-1205256,-1.27754569652119,-1.3098101615905762,-0.0322644650693861,mp-1205256,0.08557551692708465,Stable,Stable
mp-1080711,1.91422121425,1.2654582262039185,-0.6487629880460815,mp-1080711,1.9142212142499995,Unstable,Unstable
mp-1096968,-0.131829163125,-0.1157511323690414,0.0160780307559585,mp-1096968,0.3676287164583325,Stable,Stable
mp-504574,0.120424732166666,0.0393988713622093,-0.0810258608044566,mp-504574,0.807867053999999,Unstable,Unstable
mp-1246427,-1.25496887777778,-1.2566288709640503,-0.0016599931862701,mp-1246427,0.19312234305555442,Stable,Stable
mp-570931,-0.752861739741379,-0.733970582485199,0.01889115725618,mp-570931,0.0,Stable,Stable
mp-504422,-1.14617718080357,-1.1380112171173096,0.0081659636862603,mp-504422,0.004682026428569408,Stable,Stable
mp-1030015,-0.832411320624999,-0.8842100501060486,-0.0517987294810495,mp-1030015,0.0,Stable,Stable
mp-1018710,-1.27106866115278,-1.3014638423919678,-0.0303951812391878,mp-1018710,0.5034854277777718,Stable,Stable
mp-1214236,0.287041587035714,0.413635641336441,0.126594054300727,mp-1214236,0.2870415870357146,Unstable,Unstable
mp-29973,-0.668827469375001,-0.5169849395751953,0.1518425297998057,mp-29973,0.0,Stable,Stable
mp-1246810,-0.850943824999999,-0.8449886441230774,0.0059551808769215,mp-1246810,0.024933742321429975,Stable,Stable
mp-1356724,0.841853406749999,0.9228856563568116,0.0810322496068125,mp-1356724,3.3058149422500014,Unstable,Unstable
mp-1198081,1.95307479454657,1.3796324729919434,-0.5734423215546267,mp-1198081,2.313456740845589,Unstable,Unstable
mp-674982,-0.432740468423894,-0.4421267211437225,-0.0093862527198285,mp-674982,0.12302611552594822,Stable,Stable
mp-558460,-0.870861091630747,-0.922553777694702,-0.0516926860639551,mp-558460,0.12294191944444322,Stable,Stable
mp-1193819,-0.680671228928572,-0.6283283829689026,0.0523428459596694,mp-1193819,0.07359265461428599,Stable,Stable
mp-1245501,0.098897100416666,0.0667255595326423,-0.0321715408840236,mp-1245501,0.25622087569444396,Unstable,Unstable
mp-1216094,-0.046620128214286,-0.1592427790164947,-0.1126226508022087,mp-1216094,0.2184916592857178,Stable,Stable
mp-1193738,-0.103656337666667,0.0204532593488693,0.1241095970155363,mp-1193738,0.707521997833334,Stable,Unstable
mp-10555,-0.963360580104167,-0.9851016402244568,-0.0217410601202897,mp-10555,0.0,Stable,Stable
mp-1389439,0.500860289999999,0.5141271948814392,0.0132669048814402,mp-1389439,0.5371623019999996,Unstable,Unstable
mp-1209165,-1.37584554,-1.338457703590393,0.0373878364096069,mp-1209165,0.3158134047499992,Stable,Stable
mp-1194352,1.02557514440476,1.1345096826553345,0.1089345382505744,mp-1194352,1.5395518630714284,Unstable,Unstable
mp-1215642,-0.670888273124999,-0.6453256607055664,0.0255626124194325,mp-1215642,0.006282349687500854,Stable,Stable
mp-731858,-0.470456482499999,-0.5594574213027954,-0.0890009388027964,mp-731858,0.2876194448717957,Stable,Stable
mp-1204205,1.08365526690277,0.8328033089637756,-0.2508519579389943,mp-1204205,1.408521703708331,Unstable,Unstable
mp-1199465,-1.56870243975728,-1.5802271366119385,-0.0115246968546585,mp-1199465,0.0,Stable,Stable
mp-781992,-0.61286875265306,-0.6063805818557739,0.006488170797286,mp-781992,0.08283895071428393,Stable,Stable
mp-1246285,-0.744660844687501,-0.6915197968482971,0.0531410478392039,mp-1246285,0.15402557468749833,Stable,Stable
mp-1245721,-0.765820103,-0.7285937070846558,0.0372263959153442,mp-1245721,0.3854847495039646,Stable,Stable
mp-1229212,-0.418777713461538,-0.4795574843883514,-0.0607797709268134,mp-1229212,0.34586170461538224,Stable,Stable
mp-685023,-0.479340733749999,-0.3231184780597687,0.1562222556902303,mp-685023,0.19083199428571618,Stable,Stable
mp-24227,-0.849392803529412,-0.8177997469902039,0.0315930565392081,mp-24227,0.0,Stable,Stable
mp-10554,-0.75960140775,-0.6977918744087219,0.061809533341278,mp-10554,0.02351003933333473,Stable,Stable
mp-1247482,0.054856576428572,0.1663529574871063,0.1114963810585343,mp-1247482,0.2750138202380956,Unstable,Unstable
mp-1212515,-0.919481650999999,-0.9534838795661926,-0.0340022285661936,mp-1212515,0.11292847736363676,Stable,Stable
mp-1245513,-0.139275495833332,0.0751558765769004,0.2144313724102325,mp-1245513,0.3719318287500002,Stable,Unstable
mp-1180486,-0.18397704580721,-0.1864750981330871,-0.0024980523258771,mp-1180486,0.9833417850189363,Stable,Stable
mp-1200439,-0.350322750937502,-0.3554664552211761,-0.0051437042836741,mp-1200439,0.0,Stable,Stable
mp-1216865,-1.31153314604167,-1.298375129699707,0.0131580163419628,mp-1216865,0.03439390499999995,Stable,Stable
mp-1029770,-0.984781878125,-1.0486685037612915,-0.0638866256362915,mp-1029770,0.0,Stable,Stable
mp-554646,0.072161638282059,-0.0314828567206859,-0.1036444950027449,mp-554646,0.4298517746282071,Unstable,Stable
mp-1203490,0.290504036818182,-0.1304096430540084,-0.4209136798721904,mp-1203490,1.2584522393181832,Unstable,Stable
mp-1247281,-1.08929247986111,-1.076076865196228,0.013215614664882,mp-1247281,0.15910117111111255,Stable,Stable
mp-11583,-1.8886792975,-1.912647485733032,-0.0239681882330322,mp-11583,0.0,Stable,Stable
mp-1226171,-0.933835290340909,-0.9164083003997804,0.0174269899411286,mp-1226171,0.07913923117045574,Stable,Stable
mp-1189035,0.184731462661638,0.1703953742980957,-0.0143360883635423,mp-1189035,0.3291465731321841,Unstable,Unstable
mp-850829,2.63165116753247,0.9028432965278624,-1.7288078710046073,mp-850829,3.309606941363637,Unstable,Unstable
mp-7913,-1.400415780625,-1.3765590190887451,0.0238567615362548,mp-7913,0.0,Stable,Stable
mp-1225033,-0.3484396575,-0.3126918971538543,0.0357477603461456,mp-1225033,0.0,Stable,Stable
mp-1216730,-2.33609415111111,-2.303607225418091,0.0324869256930191,mp-1216730,0.2682062670833325,Stable,Stable
mp-1985,0.336138734642856,0.3825662136077881,0.0464274789649321,mp-1985,0.33613873464285504,Unstable,Unstable
mp-779465,-3.0547145116312,-3.0653834342956543,-0.0106689226644545,mp-779465,0.08182002691489387,Stable,Stable
mp-1225208,-1.13642174777778,-1.1656149625778198,-0.0291932148000397,mp-1225208,0.05868842879629632,Stable,Stable
mp-6628,-1.03401351496865,-1.0281777381896973,0.0058357767789527,mp-6628,0.08066579974241783,Stable,Stable
mp-1246203,-0.724663067857142,-0.7417044043540955,-0.0170413364969534,mp-1246203,0.10770081625000039,Stable,Stable
mp-696221,-0.101863601696431,-0.0635196641087532,0.0383439375876777,mp-696221,0.5686591524999969,Stable,Stable
mp-1246357,-0.002702744687503,-0.1079608500003814,-0.1052581053128784,mp-1246357,0.39578444166666316,Stable,Stable
mp-1211010,-0.317691617280219,-0.2588136196136474,0.0588779976665715,mp-1211010,0.8217945158653777,Stable,Stable
mp-1214243,-0.499838082664836,-0.4027246236801147,0.0971134589847212,mp-1214243,0.6523533967788486,Stable,Stable
mp-1029505,-0.677868880714286,-0.7299200892448425,-0.0520512085305565,mp-1029505,0.003737031927940393,Stable,Stable
mp-1029565,-0.622613311913792,-0.6103437542915344,0.0122695576222575,mp-1029565,0.0,Stable,Stable
mp-562667,-0.321044200714286,-0.4212929904460907,-0.1002487897318046,mp-562667,0.1651440459523803,Stable,Stable
mp-12335,-0.09281004283944,-0.0436171852052211,0.0491928576342188,mp-12335,0.07049624937499921,Stable,Stable
mp-1080587,-0.040740791999998,-0.2880168855190277,-0.2472760935190297,mp-1080587,0.7243250810000004,Stable,Stable
mp-726128,0.64414424181818,0.2628666460514068,-0.3812775957667731,mp-726128,1.257796064999999,Unstable,Unstable
mp-1246854,-0.490521943266366,-0.5272775292396545,-0.0367555859732885,mp-1246854,0.4225089830357156,Stable,Stable
mp-1216288,-1.74147200245098,-1.720224142074585,0.021247860376395,mp-1216288,0.32051445078431584,Stable,Stable
mp-726796,0.01850426127604,0.0256284400820732,0.0071241788060332,mp-726796,0.8922647870833336,Unstable,Unstable
mp-1246539,0.328097231666668,0.3390690982341766,0.0109718665675086,mp-1246539,0.3280972316666677,Unstable,Unstable
mp-1029655,-0.970605918035717,-0.9254993796348572,0.0451065384008598,mp-1029655,0.0222710456122428,Stable,Stable
mp-1172825,-1.64612175333333,-1.7546696662902832,-0.1085479129569531,mp-1172825,0.25798652145833056,Stable,Stable
mp-2901810,0.351682447520833,-0.2265911698341369,-0.57827361735497,mp-2901810,1.1599734192187512,Unstable,Stable
mp-756096,-2.4574179835,-2.445253849029541,0.012164134470459,mp-756096,0.20138722549999954,Stable,Stable
mp-1246626,-0.46729582,-0.552753210067749,-0.085457390067749,mp-1246626,0.21059205819444582,Stable,Stable
mp-1245978,-0.235861925277777,-0.3876301646232605,-0.1517682393454835,mp-1245978,0.0921207233333341,Stable,Stable
mp-1245474,-1.16074949611111,-1.2766560316085815,-0.1159065354974715,mp-1245474,0.14636735263888667,Stable,Stable
mp-4937,-0.575137135,-0.5886290669441223,-0.0134919319441223,mp-4937,0.37662074552083347,Stable,Stable
mp-1247335,-0.217610364230603,-0.2976186275482178,-0.0800082633176147,mp-1247335,0.38739544425000005,Stable,Stable
mp-1245629,-1.2167436975,-1.206806778907776,0.0099369185922242,mp-1245629,0.031192194062500178,Stable,Stable
mp-675601,-2.85458142214286,-2.8598763942718506,-0.0052949721289907,mp-675601,0.09695661071428585,Stable,Stable
mp-1246797,-0.36471672274425,-0.3829773366451263,-0.0182606139008763,mp-1246797,0.10275394000000304,Stable,Stable
mp-1104828,-0.505334814999998,-0.4776450991630554,0.0276897158369425,mp-1104828,0.9597825299999991,Stable,Stable
mp-776823,-2.85351900227273,-2.8664538860321045,-0.0129348837593745,mp-776823,0.12400159655454779,Stable,Stable
mp-1236926,0.022578122916667,-0.5087168216705322,-0.5312949445871993,mp-1236926,1.2222380832638855,Unstable,Stable
mp-28955,-1.04598338285714,-1.0169957876205444,0.0289875952365956,mp-28955,0.030753059821428508,Stable,Stable
mp-1245697,-0.149823365128204,-0.2007469236850738,-0.0509235585568698,mp-1245697,0.32436146769230945,Stable,Stable
mp-1216630,-0.927133532906246,-1.096203088760376,-0.1690695558541299,mp-1216630,0.3355044318749947,Stable,Stable
mp-1096914,-0.116994307916665,-0.1288005113601684,-0.0118062034435034,mp-1096914,0.38246357166666733,Stable,Stable
mp-688151,0.471628239722224,0.6596387028694153,0.1880104631471912,mp-688151,1.1951631672222223,Unstable,Unstable
mp-722891,-0.387681061750375,-0.3814442157745361,0.0062368459758388,mp-722891,0.017468943940214032,Stable,Stable
mp-731886,0.712295376666666,0.4796872437000274,-0.2326081329666385,mp-731886,1.3576140217901242,Unstable,Unstable
mp-1179625,0.382285694583332,0.2725468873977661,-0.1097388071855658,mp-1179625,0.8165952698611125,Unstable,Unstable
mp-1001826,-1.027275664375,-0.9352179765701294,0.0920576878048706,mp-1001826,0.32525225500000055,Stable,Stable
mp-1191097,-2.41922697588067,-2.395848035812378,0.0233789400682922,mp-1191097,0.035572482499999225,Stable,Stable
mp-1246774,-0.999062579999997,-0.985108494758606,0.013954085241391,mp-1246774,0.199571302962962,Stable,Stable
mp-1079585,-0.982903795138886,-0.8807058930397034,0.1021979020991826,mp-1079585,0.0,Stable,Stable
mp-1029418,-1.08535447620833,-1.1029099225997925,-0.0175554463914624,mp-1029418,0.0,Stable,Stable
mp-1009836,-1.089742936875,-0.7131721377372742,0.3765707991377258,mp-1009836,0.8857635100000003,Stable,Stable
mp-1245368,-1.08757832772059,-1.1724741458892822,-0.0848958181686923,mp-1245368,0.1679699236764698,Stable,Stable
mp-1180449,-1.97020646267857,-1.886291980743408,0.0839144819351618,mp-1180449,0.06201049415179227,Stable,Stable
mp-1188742,-0.902382203697918,-0.9604144096374512,-0.0580322059395331,mp-1188742,0.2547136856249992,Stable,Stable
mp-570537,-2.10990824895833,-2.168529987335205,-0.0586217383768752,mp-570537,0.22365983020833458,Stable,Stable
mp-1181896,1.16804008636364,0.6873236298561096,-0.4807164565075303,mp-1181896,1.7324863777272723,Unstable,Unstable
mp-1190940,-0.25422070486111,-0.2747714519500732,-0.0205507470889632,mp-1190940,0.08030492604166461,Stable,Stable
mp-1247149,-1.17096265057694,-1.1920690536499023,-0.0211064030729624,mp-1247149,0.10623816846153744,Stable,Stable
mp-653586,0.127177074545452,0.0630432292819023,-0.0641338452635496,mp-653586,0.44183242590909,Unstable,Unstable
mp-7214,-1.08460575703125,-1.0240577459335327,0.0605480110977172,mp-7214,0.0,Stable,Stable
mp-1220115,-0.134273897321429,-0.1319790482521057,0.0022948490693232,mp-1220115,0.15820095499999987,Stable,Stable
mp-1247307,-0.271097502083337,-0.2985337078571319,-0.0274362057737949,mp-1247307,0.06108970638888955,Stable,Stable
mp-1182993,0.9221746515,0.7789480090141296,-0.1432266424858703,mp-1182993,1.304067485692305,Unstable,Unstable
mp-1190534,-0.510519337142857,-0.3350676298141479,0.175451707328709,mp-1190534,1.0793855479744936,Stable,Stable
mp-1228943,-0.919422340625001,-0.8874161243438721,0.0320062162811288,mp-1228943,0.003032757499999761,Stable,Stable
mp-1246175,-1.38857329722222,-1.262341022491455,0.1262322747307649,mp-1246175,0.2080394099999996,Stable,Stable
mp-1210626,-1.28507586744032,-1.205086588859558,0.0799892785807618,mp-1210626,0.46527834320512973,Stable,Stable
mp-1245498,-0.516622438888892,-0.525905430316925,-0.009282991428033,mp-1245498,0.14411589055555396,Stable,Stable
mp-1246108,-0.171086427433994,-0.2165145277976989,-0.0454281003637049,mp-1246108,0.1789665033299599,Stable,Stable
mp-787744,0.942554798749999,1.2147077322006226,0.2721529334506235,mp-787744,3.4065163342500018,Unstable,Unstable
mp-1246645,-0.789303899583334,-0.8524643778800964,-0.0631604782967624,mp-1246645,0.31562516625000114,Stable,Stable
mp-1246379,-0.588216280570649,-0.6812766790390015,-0.0930603984683524,mp-1246379,0.2115669386413046,Stable,Stable
mp-1246298,-0.598389017777776,-0.592668890953064,0.005720126824712,mp-1246298,0.11228546111111015,Stable,Stable
mp-683956,-1.93575902986111,-1.9346067905426023,0.0011522393185074,mp-683956,0.17995686010666123,Stable,Stable
mp-1219471,-0.980776370555554,-1.0735427141189575,-0.0927663435634035,mp-1219471,0.7298709816666697,Stable,Stable
mp-733551,-0.894016287105263,-0.8928614854812622,0.0011548016240008,mp-733551,0.6686464807894685,Stable,Stable
mp-1196421,0.481054139687501,0.4942773282527923,0.0132231885652913,mp-1196421,0.481054139687501,Unstable,Unstable
mp-732021,0.205709414166667,0.2264000177383422,0.0206906035716752,mp-732021,1.287094536770831,Unstable,Unstable
mp-1193297,-0.563806256309524,-0.4114046394824981,0.1524016168270258,mp-1193297,0.8214584866666685,Stable,Stable
mp-558865,0.145052025653409,0.0600536093115806,-0.0849984163418283,mp-558865,0.4133060640716737,Unstable,Unstable
mp-1096918,-0.125779978333331,-0.1247235387563705,0.0010564395769604,mp-1096918,0.37367790125000155,Stable,Stable
mp-720843,-0.875032397647058,-0.9355459213256836,-0.0605135236786256,mp-720843,0.16793945084313666,Stable,Stable
mp-1246451,0.14826034736842,0.0834706351161003,-0.0647897122523196,mp-1246451,0.25166821447368637,Unstable,Unstable
mp-28898,-0.917146265416666,-0.819273054599762,0.097873210816904,mp-28898,0.05653151083333352,Stable,Stable
mp-1245249,-0.734590487761904,-0.7645837068557739,-0.0299932190938698,mp-1245249,0.5863529750952399,Stable,Stable
mp-1246785,-0.065976433439655,-0.0718986466526985,-0.0059222132130435,mp-1246785,0.2656373197500024,Stable,Stable
mp-1204890,-0.782845059166666,-0.903666079044342,-0.120821019877676,mp-1204890,0.5865093565277748,Stable,Stable
mp-608398,-1.17343760583333,-1.052485704421997,0.1209519014113329,mp-608398,0.13384694407407238,Stable,Stable
mp-1201891,-0.302852672894736,-0.3987303078174591,-0.0958776349227231,mp-1201891,0.7583262389144672,Stable,Stable
mp-725133,0.895169758703703,0.8899734616279602,-0.0051962970757427,mp-725133,1.436675572083335,Unstable,Unstable
mp-1009767,1.54442637916667,1.4879794120788574,-0.0564469670878124,mp-1009767,1.5444263791666675,Unstable,Unstable
mp-1246538,-0.989748393333332,-0.887161374092102,0.1025870192412299,mp-1246538,0.20888548962962972,Stable,Stable
mp-1246132,-0.285706873347222,-0.1184621676802635,0.1672447056669584,mp-1246132,0.49013497727777455,Stable,Stable
mp-531773,-0.740118256255555,-0.7013052105903625,0.0388130456651925,mp-531773,0.03267447883333219,Stable,Stable
mp-1105265,-2.09614187870536,-2.060194969177246,0.0359469095281137,mp-1105265,0.14538403109375064,Stable,Stable
mp-1246418,-0.791678060912502,-1.122523546218872,-0.33084548530637,mp-1246418,0.5405942075000016,Stable,Stable
mp-10233,-2.07956978111111,-2.070204973220825,0.0093648078902845,mp-10233,0.09869350666666588,Stable,Stable
mp-1246218,0.21931292954023,0.3075799643993377,0.0882670348591077,mp-1246218,0.4029342861805554,Unstable,Unstable
mp-415,0.16517825166666,0.219710499048233,0.054532247381573,mp-415,0.16517825166666356,Unstable,Unstable
mp-1245517,-0.372972536687502,-0.3720729053020477,0.0008996313854542,mp-1245517,0.06156422517360838,Stable,Stable
mp-1193256,-1.4008338223399,-1.410457730293274,-0.0096239079533739,mp-1193256,0.10608362217261913,Stable,Stable
mp-1247068,-0.584110066718748,-0.6515048742294312,-0.0673948075106831,mp-1247068,0.22567384223958342,Stable,Stable
mp-1194420,0.269537338846153,0.4312344491481781,0.1616971103020251,mp-1194420,0.7679142473317295,Unstable,Unstable
mp-1246950,0.256943606409479,0.2674995362758636,0.0105559298663846,mp-1246950,0.3004919509999997,Unstable,Unstable
mp-1179428,-0.165551905937499,0.0394560620188713,0.2050079679563703,mp-1179428,1.1620103131249997,Stable,Unstable
mp-1245806,0.214757830598058,0.0210571438074111,-0.1937006867906468,mp-1245806,0.713088826249999,Unstable,Unstable
mp-1228723,-1.43540675925,-1.4339455366134644,0.0014612226365355,mp-1228723,0.11487363679166673,Stable,Stable
mp-754790,-2.674874465625,-2.677314281463623,-0.0024398158386231,mp-754790,0.09969899015624861,Stable,Stable
mp-28969,-2.36416108493056,-2.391784191131592,-0.0276231062010317,mp-28969,0.0,Stable,Stable
mp-731755,-1.28295016692308,-1.2720054388046265,0.0109447281184535,mp-731755,0.49364233048077466,Stable,Stable
mp-1246568,-0.636882517272729,-0.6033359169960022,0.0335466002767268,mp-1246568,0.2055991311363643,Stable,Stable
mp-561469,-2.06500258357143,-2.0781869888305664,-0.0131844052591363,mp-561469,0.09701523619047858,Stable,Stable
mp-1245754,0.025145563222219,0.1914658844470977,0.1663203212248787,mp-1245754,0.24375104488889043,Unstable,Unstable
mp-570568,-0.938161778977272,-1.014522671699524,-0.0763608927222518,mp-570568,0.0,Stable,Stable
mp-1181459,-0.184900934305555,-0.1333735883235931,0.0515273459819618,mp-1181459,0.24736686273148134,Stable,Stable
mp-1196825,-1.04213769613636,-1.0840212106704712,-0.0418835145341112,mp-1196825,0.26138501397727243,Stable,Stable
mp-1029517,-0.405733749409723,-0.2682697176933288,0.1374640317163941,mp-1029517,0.1162830578125007,Stable,Stable
mp-1190850,-0.226018960971786,-0.2804134786128998,-0.0543945176411137,mp-1190850,0.5772788132954467,Stable,Stable
mp-971682,-0.673695967999998,-0.5677493810653687,0.1059465869346293,mp-971682,0.25096445600000195,Stable,Stable
mp-1201491,-1.57224566966019,-1.5823333263397217,-0.0100876566795315,mp-1201491,0.0,Stable,Stable
mp-778973,-0.992204340972222,-1.0566486120224,-0.0644442710501779,mp-778973,0.006538474861111254,Stable,Stable
mp-1203360,-0.686701262499999,-0.5504622459411621,0.1362390165588368,mp-1203360,1.0487077275781234,Stable,Stable
mp-1247439,-0.4684211375,-0.4708517491817474,-0.0024306116817474,mp-1247439,0.2693531018939481,Stable,Stable
mp-1214768,0.421408699285714,0.651692271232605,0.2302835719468909,mp-1214768,1.012691474285707,Unstable,Unstable
mp-1018049,-1.458701201875,-1.5000606775283811,-0.0413594756533812,mp-1018049,0.11668909999999855,Stable,Stable
mp-680309,-1.21382468068182,-1.193699836730957,0.020124843950863,mp-680309,0.019714676969692313,Stable,Stable
mp-19310,-1.04884585155172,-1.0665429830551147,-0.0176971315033946,mp-19310,0.10619890147727507,Stable,Stable
mp-1182419,-1.15761313069264,-1.1460325717926023,0.0115805589000375,mp-1182419,0.72663003083332,Stable,Stable
mp-1247107,-0.921871096124999,-0.9109233617782592,0.0109477343467396,mp-1247107,0.056386189750000426,Stable,Stable
mp-1245295,0.037747807524999,0.0259094536304473,-0.0118383538945516,mp-1245295,0.7077972144000011,Unstable,Unstable
mp-248,-0.149362362777777,-0.1567758321762085,-0.0074134693984314,mp-248,0.060405501388888894,Stable,Stable
mp-6665,-1.05419528113095,-1.0559916496276855,-0.0017963684967354,mp-6665,0.0,Stable,Stable
mp-1079655,0.415300815613029,0.8515843749046326,0.4362835592916035,mp-1079655,0.9434099688888886,Unstable,Unstable
mp-776435,-3.03313788566667,-3.0684187412261963,-0.035280855559526,mp-776435,0.11864991975000905,Stable,Stable
mp-1201225,-0.952418614500001,-0.957802951335907,-0.005384336835906,mp-1201225,0.9905609520499947,Stable,Stable
mp-28390,0.509472039441965,0.5235906839370728,0.0141186444951078,mp-28390,0.509472039441965,Unstable,Unstable
mp-1008922,0.841968082500001,0.944580376148224,0.1026122936482228,mp-1008922,0.8419680825000011,Unstable,Unstable
mp-2245,-1.31740383928572,-1.2685043811798096,0.0488994581059103,mp-2245,0.003539623571429118,Stable,Stable
mp-1207836,0.907763260416666,1.0928194522857666,0.1850561918691006,mp-1207836,2.052644733333337,Unstable,Unstable
mp-775975,-2.83886186681818,-2.830687999725342,0.0081738670928381,mp-775975,0.13865873200909284,Stable,Stable
mp-1182172,0.257830931071428,0.2474884688854217,-0.0103424621860062,mp-1182172,0.2578309310714282,Unstable,Unstable
mp-1225785,-0.129754029682539,-0.1440455913543701,-0.0142915616718311,mp-1225785,0.08365567412697317,Stable,Stable
mp-760506,-1.41344179099206,-1.366411209106445,0.0470305818856147,mp-760506,0.12788556188888744,Stable,Stable
mp-1245851,-1.03516640111606,-1.0392475128173828,-0.0040811117013228,mp-1245851,0.01995310419642138,Stable,Stable
mp-1199250,0.165251805999999,0.2062363922595977,0.0409845862595987,mp-1199250,1.4858578300000032,Unstable,Unstable
mp-27953,-0.36008341,-0.3444958627223968,0.0155875472776031,mp-27953,0.004063535833333631,Stable,Stable
mp-1245630,0.351972822499999,0.3976004421710968,0.0456276196710978,mp-1245630,0.3519728224999987,Unstable,Unstable
mp-36779,-1.46230238738095,-1.4783684015274048,-0.0160660141464548,mp-36779,0.07685174383333226,Stable,Stable
mp-1198772,-1.03036847076923,-0.9443334937095642,0.0860349770596657,mp-1198772,0.24414415128205214,Stable,Stable
mp-558401,-1.63307940244514,-1.665390968322754,-0.0323115658776138,mp-558401,0.08096734886363599,Stable,Stable
mp-1247348,-0.459907400192303,-0.443768560886383,0.0161388393059199,mp-1247348,0.12842854769230883,Stable,Stable
mp-11016,-1.02993228659091,-1.0131359100341797,0.0167963765567302,mp-11016,0.08771926277272524,Stable,Stable
mp-1207994,-0.675966675083327,-1.176853895187378,-0.500887220104051,mp-1207994,1.2078585993333322,Stable,Stable
mp-1079723,1.133368404,1.1736985445022583,0.0403301405022582,mp-1079723,2.067235379,Unstable,Unstable
mp-754659,-2.842622974375,-2.852728366851806,-0.0101053924768068,mp-754659,0.12745964343749883,Stable,Stable
mp-1096896,0.085316826249999,0.0821674838662147,-0.0031493423837842,mp-1096896,0.5847747058333344,Unstable,Unstable
mp-1209413,0.25892899546875,0.544898271560669,0.2859692760919189,mp-1209413,0.25892899546875014,Unstable,Unstable
mp-776315,-2.334555376,-2.3380298614501958,-0.0034744854501953,mp-776315,0.1295686474999993,Stable,Stable
mp-1014347,-0.479614858750003,-0.3773129880428314,0.1023018707071715,mp-1014347,0.16254527214285552,Stable,Stable
mp-1029396,-1.670932361875,-1.6225807666778564,0.0483515951971436,mp-1029396,0.0,Stable,Stable
mp-532803,-1.38395061127907,-1.3423880338668823,0.0415625774121877,mp-532803,0.025626237209298353,Stable,Stable
mp-9028,-1.53768377458333,-1.5606958866119385,-0.0230121120286084,mp-9028,0.0,Stable,Stable
mp-1504124,-8.31990000008886e-05,-0.0335080251097679,-0.033424826109767,mp-1504124,0.7908354842499978,Stable,Stable
mp-1189871,-0.965909652638888,-0.7750177979469299,0.190891854691958,mp-1189871,0.0,Stable,Stable
mp-868032,-1.13627614116279,-1.106869101524353,0.0294070396384369,mp-868032,0.15855172639535198,Stable,Stable
mp-1247413,0.149251271448275,0.2377967834472656,0.0885455119989906,mp-1247413,0.33903632425287356,Unstable,Unstable
mp-1247475,0.153761306590909,0.1586822569370269,0.0049209503461179,mp-1247475,0.18953030909090884,Unstable,Unstable
mp-1238430,-0.258615503749999,-0.2680197656154632,-0.0094042618654642,mp-1238430,0.12149756375000109,Stable,Stable
mp-1246842,0.178015093228449,0.106525607407093,-0.0714894858213559,mp-1246842,0.30866012699999956,Unstable,Unstable
mp-1246804,-1.03902619218519,-1.1278975009918213,-0.0888713088066313,mp-1246804,0.09998161233333036,Stable,Stable
mp-9497,-2.34485826833333,-2.3119282722473145,0.0329299960860156,mp-9497,0.0,Stable,Stable
mp-1360063,0.668726713666664,0.9437597393989564,0.2750330257322922,mp-1360063,3.0032109717499997,Unstable,Unstable
mp-1018947,0.687964188333329,0.6274268627166748,-0.0605373256166541,mp-1018947,0.6879641883333321,Unstable,Unstable
mp-1246668,-0.100262075462796,-0.1352986544370651,-0.0350365789742691,mp-1246668,0.21587460592105323,Stable,Stable
mp-1029673,-0.639966978218749,-0.6573689579963684,-0.0174019797776193,mp-1029673,0.0,Stable,Stable
mp-729158,0.2967032525,0.1271630525588989,-0.1695401999411011,mp-729158,1.401748234305555,Unstable,Unstable
mp-1222362,-1.9849352299359,-1.9483342170715328,0.0366010128643667,mp-1222362,0.11868034057692167,Stable,Stable
mp-728271,-0.572508283249999,-0.5001765489578247,0.0723317342921743,mp-728271,1.0157319462500007,Stable,Stable
mp-1245650,-0.323942644375002,-0.19919353723526,0.1247491071397419,mp-1245650,0.15550662249999903,Stable,Stable
mp-728690,-2.80607215407738,-2.909775733947754,-0.1037035798703738,mp-728690,0.2674048979613115,Stable,Stable
mp-1104404,2.20400972933333,2.40834903717041,0.2043393078370803,mp-1104404,2.7508603460000014,Unstable,Unstable
mp-559233,0.042586829479415,-0.0232446417212486,-0.0658314712006636,mp-559233,0.2871501786621087,Unstable,Stable
mp-1105650,0.815719657060183,0.8826186656951904,0.0668990086350074,mp-1105650,1.1486235950694423,Unstable,Unstable
mp-1246348,0.09893555736842,0.1531453728675842,0.0542098154991642,mp-1246348,0.2298245699999999,Unstable,Unstable
mp-637196,-0.258621839128786,-0.2578034102916717,0.0008184288371142,mp-637196,0.030299840719697713,Stable,Stable
mp-1078865,2.14840084943359,1.6866954565048218,-0.4617053929287684,mp-1078865,2.2381642948046885,Unstable,Unstable
mp-1202145,0.371944463055555,0.0220028087496757,-0.3499416543058792,mp-1202145,0.8541233569097209,Unstable,Unstable
mp-1008526,-0.397888840052081,-0.4953040778636932,-0.0974152378116122,mp-1008526,0.3494046100520851,Stable,Stable
mp-989472,-0.334723280454547,-0.3399850726127624,-0.0052617921582154,mp-989472,0.17908726249999773,Stable,Stable
mp-556518,-1.13482111971053,-1.1210318803787231,0.0137892393318068,mp-556518,0.0,Stable,Stable
mp-1182920,-0.276689422916666,-0.3088011741638183,-0.0321117512471523,mp-1182920,0.7785020048437463,Stable,Stable
mp-740364,-1.68631909592857,-1.8017274141311648,-0.1154083182025944,mp-740364,0.5382728133333359,Stable,Stable
mp-1245552,-0.948557231458334,-0.9094668626785278,0.0390903687798062,mp-1245552,0.15637183437500113,Stable,Stable
mp-1025163,-2.42671140785714,-2.3955352306365967,0.0311761772205434,mp-1025163,0.0,Stable,Stable
mp-1029922,-0.040360775468751,-0.0119906440377235,0.0283701314310274,mp-1029922,0.23360876411458253,Stable,Stable
mp-1196163,-0.143044901482144,-0.1609331518411636,-0.0178882503590196,mp-1196163,0.10040620803571176,Stable,Stable
mp-1246826,-0.097209266175549,-0.1578598022460937,-0.0606505360705447,mp-1246826,0.2868999436833848,Stable,Stable
mp-1019515,-0.648574806363636,-0.6779317259788513,-0.0293569196152153,mp-1019515,0.007061815681817407,Stable,Stable
mp-1205274,-1.62997938878571,-1.5995779037475586,0.0304014850381513,mp-1205274,0.5513166966428562,Stable,Stable
mp-1211861,0.279531951430556,0.10060965269804,-0.1789222987325159,mp-1211861,1.0188081947916672,Unstable,Unstable
mp-510086,-0.770033779166666,-0.8272701501846313,-0.0572363710179653,mp-510086,0.0,Stable,Stable
mp-991,-0.176156540208339,-0.3308619558811188,-0.1547054156727797,mp-991,0.28826422249999695,Stable,Stable
mp-1245579,0.115696769444445,0.0350000187754631,-0.0806967506689819,mp-1245579,0.4589818780555568,Unstable,Unstable
mp-2583419,-2.75039279446667,-2.747527599334717,0.0028651951319531,mp-2583419,0.030819044833338083,Stable,Stable
mp-1181155,-0.398295399583333,-0.4648427069187164,-0.0665473073353834,mp-1181155,0.4795059284999992,Stable,Stable
mp-652364,-0.967997213410713,-0.9850130677223206,-0.0170158543116075,mp-652364,0.012059356916667596,Stable,Stable
mp-1246272,-0.117920073499999,-0.1568542420864105,-0.0389341685864115,mp-1246272,0.16388809116666536,Stable,Stable
mp-1202897,-1.73552043588235,-1.767979621887207,-0.032459186004857,mp-1202897,0.5049226905882378,Stable,Stable
mp-24119,-0.945637455625,-0.8313607573509216,0.1142766982740783,mp-24119,0.0,Stable,Stable
mp-1178187,-2.460493311,-2.441624164581299,0.0188691464187011,mp-1178187,0.19831189800000004,Stable,Stable
mp-1246457,-0.974374875833333,-0.9731624126434326,0.0012124631899004,mp-1246457,0.14224113966666607,Stable,Stable
mp-1227977,-1.45383053208333,-1.4513180255889893,0.0025125064943407,mp-1227977,0.09802574145833454,Stable,Stable
mp-1029258,-0.522270264,-0.4421965479850769,0.080073716014923,mp-1029258,0.0,Stable,Stable
mp-1204992,-1.11141061744186,-1.120361566543579,-0.008950949101719,mp-1204992,0.10070080875581588,Stable,Stable
mp-728548,-1.93630285,-1.9864206314086916,-0.0501177814086915,mp-728548,0.619756319736843,Stable,Stable
mp-1247428,-0.906888471071428,-0.919012188911438,-0.0121237178400099,mp-1247428,0.004153160904759368,Stable,Stable
mp-2718,0.373737452916665,0.503406822681427,0.129669369764762,mp-2718,0.37373745291666616,Unstable,Unstable
mp-1096893,-0.124097513541665,-0.1091849654912948,0.0149125480503701,mp-1096893,0.3753603660416669,Stable,Stable
mp-1223850,-1.6278278021875,-1.5692373514175415,0.0585904507699583,mp-1223850,0.0,Stable,Stable
mp-1246244,-0.294112464166667,-0.3591621816158294,-0.0650497174491624,mp-1246244,0.26306364680555383,Stable,Stable
mp-1196142,-0.455772003425926,-0.3642251193523407,0.0915468840735853,mp-1196142,0.769496634166666,Stable,Stable
mp-1206128,-2.560762757,-2.4856953620910645,0.0750673949089355,mp-1206128,0.16391345099999555,Stable,Stable
mp-11919,-1.197968177,-1.3358426094055176,-0.1378744324055176,mp-11919,0.0,Stable,Stable
mp-1029932,-1.02596761229167,-0.9853543043136596,0.0406133079780104,mp-1029932,0.0,Stable,Stable
mp-2767672,-0.994613893,-1.329294204711914,-0.334680311711914,mp-2767672,0.0,Stable,Stable
mp-1245539,-0.537652815937498,-0.3062832653522491,0.2313695505852488,mp-1245539,0.13861114375000128,Stable,Stable
mp-1247297,-0.670277033526646,-0.7069345116615295,-0.0366574781348835,mp-1247297,0.11773994330720328,Stable,Stable
mp-1014244,-1.155319141875,-1.123963713645935,0.0313554282290649,mp-1014244,0.0,Stable,Stable
mp-1194835,-0.578525143125,-0.6382079720497131,-0.0596828289247131,mp-1194835,0.6998716578333344,Stable,Stable
mp-1246581,-0.643512965312501,-0.6784873008728027,-0.0349743355603017,mp-1246581,0.09847407387500162,Stable,Stable
mp-1013557,-0.870384568999999,-0.8148359060287476,0.0555486629712514,mp-1013557,0.055228377000000606,Stable,Stable
mp-1246273,0.022657215176721,0.0318398997187614,0.0091826845420404,mp-1246273,0.15774930000000076,Unstable,Unstable
mp-30001,-1.017790355375,-1.0235590934753418,-0.0057687381003417,mp-30001,0.0,Stable,Stable
mp-706624,-0.216106788355264,-0.1623230576515197,0.0537837307037442,mp-706624,0.38889941872806855,Stable,Stable
mp-3062,-2.1167608825,-2.111172914505005,0.005587967994995,mp-3062,0.0,Stable,Stable
mp-1247416,0.06205727111111,0.1367726325988769,0.0747153614877669,mp-1247416,0.2819002669444366,Unstable,Unstable
mp-1213862,0.277631684666667,0.520910918712616,0.2432792340459489,mp-1213862,1.374567982777779,Unstable,Unstable
mp-1246775,-0.566544488,-0.5147804021835327,0.0517640858164673,mp-1246775,0.12219151274999973,Stable,Stable
mp-2219268,-1.860179575,-1.8791903257369995,-0.0190107507369994,mp-2219268,0.2991605913384614,Stable,Stable
mp-1221130,-0.562329658110632,-0.5475066900253296,0.0148229680853023,mp-1221130,0.0017297200000037094,Stable,Stable
mp-1215389,-1.29751071359375,-1.3425322771072388,-0.0450215635134887,mp-1215389,0.0,Stable,Stable
mp-1201090,-0.262789751031746,-0.2247296869754791,0.0380600640562668,mp-1201090,0.041847390477443014,Stable,Stable
mp-1196708,-1.53790214520833,-1.484755277633667,0.0531468675746629,mp-1196708,0.39202692927083493,Stable,Stable
mp-17518,-1.36328235518056,-1.3461140394210815,0.0171683157594784,mp-17518,0.0,Stable,Stable
mp-1214883,-1.42282022666667,-1.2870081663131714,0.1358120603534987,mp-1214883,0.5374327796180554,Stable,Stable
mp-1147674,0.505348719379252,0.4779594242572784,-0.0273892951219735,mp-1147674,0.7504190185714297,Unstable,Unstable
mp-1213087,-0.030656103055556,-0.4399572312831878,-0.4093011282276318,mp-1213087,1.3787981661111108,Stable,Stable
mp-1195458,-0.361396773268229,-0.37703338265419,-0.015636609385961,mp-1195458,0.036580513007812065,Stable,Stable
mp-1247456,-0.415130359999999,-0.4058801531791687,0.0092502068208302,mp-1247456,0.2662776454545428,Stable,Stable
mp-1246781,-0.388838449999999,-0.3017763793468475,0.0870620706531514,mp-1246781,0.30966604288461674,Stable,Stable
mp-1246332,-0.985102097454544,-0.9533275961875916,0.0317745012669524,mp-1246332,0.19577200199999822,Stable,Stable
mp-676829,-0.440930975433115,-0.4438662230968475,-0.0029352476637325,mp-676829,0.018295531359650674,Stable,Stable
mp-4383,-0.244197700454545,-0.2463245391845703,-0.0021268387300253,mp-4383,0.06341614295454612,Stable,Stable
mp-1245844,0.082975235892854,0.0935521349310875,0.0105768990382335,mp-1245844,0.297028612857142,Unstable,Unstable
mp-1220753,-1.99889172796733,-2.064356803894043,-0.065465075926713,mp-1220753,0.061552859736842436,Stable,Stable
mp-1079782,3.06109215277778,2.903522491455078,-0.157569661322702,mp-1079782,3.285622653333333,Unstable,Unstable
mp-1246319,0.107981631555554,0.0223259851336479,-0.085655646421906,mp-1246319,0.3265871132222209,Unstable,Unstable
mp-725221,0.950039448211805,0.4951920211315155,-0.4548474270802894,mp-725221,0.9729356796354169,Unstable,Unstable
mp-568653,-0.54117362271875,-0.5893271565437317,-0.0481535338249816,mp-568653,0.30846621320454615,Stable,Stable
mp-1020703,-1.363250478,-1.3351294994354248,0.0281209785645752,mp-1020703,0.1811552880000029,Stable,Stable
mp-1077275,0.236336021527781,0.2034549415111541,-0.0328810800166268,mp-1077275,0.27587949777777965,Unstable,Unstable
mp-5381,-1.65618982309524,-1.6242198944091797,0.0319699286860604,mp-5381,0.0,Stable,Stable
mp-1246714,-0.856826156249999,-0.7721377611160278,0.0846883951339712,mp-1246714,0.26295529166666753,Stable,Stable
mp-1211076,0.362112732105262,0.071929894387722,-0.29018283771754,mp-1211076,1.6582541809736817,Unstable,Unstable
mp-1245172,0.022247760624999,0.0037094131112098,-0.0185383475137891,mp-1245172,0.6922971675000014,Unstable,Unstable
mp-1214517,-0.966328114499999,-0.9861279129981996,-0.0197997984982004,mp-1214517,0.010450897000003678,Stable,Stable
mp-685209,-1.95353432184932,-2.026520013809204,-0.0729856919598841,mp-685209,0.0,Stable,Stable
mp-775866,-2.33667478575,-2.3432071208953857,-0.0065323351453856,mp-775866,0.12720595125000322,Stable,Stable
mp-1246930,-0.1817166384375,-0.2407997846603393,-0.0590831462228393,mp-1246930,0.45292340666666675,Stable,Stable
mp-1078111,0.319430766428572,0.5520395636558533,0.2326087972272812,mp-1078111,1.0199987685714271,Unstable,Unstable
mp-999355,-0.863648566874999,-0.8272376656532288,0.0364109012217702,mp-999355,0.3831426775000004,Stable,Stable
mp-1245559,-0.682826089114584,-0.6961912512779236,-0.0133651621633396,mp-1245559,0.08772426421875146,Stable,Stable
mp-1179836,0.919177014333331,0.4654774367809295,-0.4536995775524014,mp-1179836,1.204928548333334,Unstable,Unstable
mp-1246395,-0.067610058518518,-0.1388655006885528,-0.0712554421700348,mp-1246395,0.323001971666665,Stable,Stable
mp-22403,0.210584304545454,0.271268755197525,0.060684450652071,mp-22403,0.21058430454545451,Unstable,Unstable
mp-1212579,-0.263409605568176,-0.1851822733879089,0.078227332180267,mp-1212579,0.0,Stable,Stable
mp-1227227,-1.460997576875,-1.5440170764923096,-0.0830194996173094,mp-1227227,0.0,Stable,Stable
mp-1198206,0.238137144490745,0.0303722694516181,-0.2077648750391268,mp-1198206,0.8201032854629613,Unstable,Unstable
mp-20990,-0.999355070749996,-1.0315016508102417,-0.0321465800602457,mp-20990,0.0,Stable,Stable
mp-779470,-3.05345195716312,-3.066995859146118,-0.0135439019829983,mp-779470,0.08308258138297653,Stable,Stable
mp-1245571,-0.034009487284355,0.07359229773283,0.107601785017185,mp-1245571,0.3502169141666691,Stable,Unstable
mp-1080202,-0.060687883333334,0.1049367114901542,0.1656245948234882,mp-1080202,0.1484757349999999,Stable,Unstable
mp-1352057,-0.235174788055556,-0.1667731702327728,0.0684016178227831,mp-1352057,0.4922024355555541,Stable,Stable
mp-1194674,-0.512446292559524,-0.4681723117828369,0.044273980776687,mp-1194674,0.0,Stable,Stable
mp-1212746,0.171826774285714,0.215035855770111,0.043209081484397,mp-1212746,0.26146832500000095,Unstable,Unstable
mp-1080457,1.92758526783333,1.8451069593429563,-0.0824783084903735,mp-1080457,2.2931499305555585,Unstable,Unstable
mp-1029422,-0.579105951666668,-0.6432244181632996,-0.0641184664966315,mp-1029422,0.0,Stable,Stable
mp-10413,0.154124887708333,0.1675837934017181,0.0134589056933851,mp-10413,0.4367206863333344,Unstable,Unstable
mp-1203555,-0.392702093874999,-0.413825660943985,-0.0211235670689859,mp-1203555,0.044609880750001274,Stable,Stable
mp-1103502,-0.474597216055554,-0.4585392773151397,0.0160579387404142,mp-1103502,0.0838772671111121,Stable,Stable
mp-1225808,0.221841545642857,0.1918993294239044,-0.0299422162189525,mp-1225808,0.23179503700000126,Unstable,Unstable
mp-1080483,0.198122894687498,0.1579213142395019,-0.040201580447996,mp-1080483,0.9046123912499997,Unstable,Unstable
mp-1180977,-0.710323496633334,-0.6749170422554016,0.0354064543779324,mp-1180977,0.7474998703333338,Stable,Stable
mp-559900,-0.1190597605,0.0092041492462158,0.1282639097462158,mp-559900,0.3274809213645842,Stable,Unstable
mp-1192890,-2.04721202783333,-2.1745386123657227,-0.1273265845323927,mp-1192890,0.7857571269166694,Stable,Stable
mp-561251,-1.46305810514493,-1.4536826610565186,0.0093754440884115,mp-561251,0.0,Stable,Stable
mp-542891,0.138354523333332,0.1354306638240814,-0.0029238595092505,mp-542891,0.19879506719697204,Unstable,Unstable
mp-1103827,0.468972877142856,0.3772437572479248,-0.0917291198949312,mp-1103827,1.3876881964285728,Unstable,Unstable
mp-1245856,-0.862999876875001,-0.8466280698776245,0.0163718069973765,mp-1245856,0.03568654249999881,Stable,Stable
mp-989546,-0.564553779749999,-0.5575171709060669,0.007036608843932,mp-989546,0.01989940999999895,Stable,Stable
mp-1402707,-0.649470411586207,-0.5913746953010559,0.058095716285151,mp-1402707,0.09254787504999751,Stable,Stable
mp-1246752,0.111547124772721,0.2292103469371795,0.1176632221644585,mp-1246752,0.11154712477272533,Unstable,Unstable
mp-1078335,-1.36810234052083,-1.4039678573608398,-0.0358655168400099,mp-1078335,0.0,Stable,Stable
mp-1097791,-0.211242500909092,-0.255494624376297,-0.044252123467205,mp-1097791,0.3025680420454524,Stable,Stable
mp-1029625,-1.304259891,-1.3111448287963867,-0.0068849377963866,mp-1029625,0.0,Stable,Stable
mp-989613,-1.02688093134524,-1.1454373598098757,-0.1185564284646354,mp-989613,0.03016874133333225,Stable,Stable
mp-1223632,-0.595459795894088,-0.6373104453086853,-0.0418506494145972,mp-1223632,0.0,Stable,Stable
mp-1102794,-1.28714033152778,-1.206628680229187,0.080511651298593,mp-1102794,0.11930632947916742,Stable,Stable
mp-1247088,0.081045223055557,0.042979173362255,-0.0380660496933019,mp-1247088,0.31415197055555666,Unstable,Unstable
mp-1246947,0.163218348583336,0.2233660519123077,0.0601477033289717,mp-1246947,0.21029861533333438,Unstable,Unstable
mp-542834,-0.28369206798548,-0.2926393747329712,-0.0089473067474911,mp-542834,0.007978991206896602,Stable,Stable
mp-1182497,-0.2969859595,-0.0949973762035369,0.201988583296463,mp-1182497,0.6062944343750005,Stable,Stable
mp-722862,-1.17607021725,-1.179081916809082,-0.003011699559082,mp-722862,0.0,Stable,Stable
mp-1245596,0.079346686987544,-0.0216475799679756,-0.1009942669555196,mp-1245596,0.2960599271264357,Unstable,Stable
mp-1078609,-0.230828731875,-0.2056335210800171,0.0251952107949829,mp-1078609,0.43799873750000096,Stable,Stable
mp-1193904,-0.018084984333334,0.0584487840533256,0.0765337683866596,mp-1193904,0.25939636416666545,Stable,Unstable
mp-1245824,-0.622607036041664,-0.5488538146018982,0.0737532214397658,mp-1245824,0.015750799166669438,Stable,Stable
mp-1246250,-0.392472791605366,-0.4758791029453277,-0.0834063113399617,mp-1246250,0.3971508986111054,Stable,Stable
mp-1245466,-0.045553378437499,0.1109606549143791,0.1565140333518781,mp-1245466,0.32904003124999903,Stable,Unstable
mp-1201294,-1.44545911339286,-1.4135347604751587,0.0319243529177013,mp-1201294,0.14206072265624758,Stable,Stable
mp-1246914,0.123354670625,0.2627053558826446,0.1393506852576446,mp-1246914,0.46605633630268173,Unstable,Unstable
mp-569102,-0.682936678461539,-0.7104939818382263,-0.0275573033766872,mp-569102,0.09652503346153907,Stable,Stable
mp-572149,-1.34378459634683,-1.3322694301605225,0.0115151661863075,mp-572149,0.0,Stable,Stable
mp-985299,0.98054021875,1.1378190517425537,0.1572788329925537,mp-985299,0.9805402187500007,Unstable,Unstable
mp-1209230,-0.769514027,-0.8536272644996643,-0.0841132374996642,mp-1209230,1.0987871672500038,Stable,Stable
mp-29082,-0.884213936818182,-0.8179416656494141,0.0662722711687678,mp-29082,0.0,Stable,Stable
mp-1245906,0.091192538958334,0.238761156797409,0.147568617839075,mp-1245906,0.515878599636018,Unstable,Unstable
mp-1212506,0.242544833194444,0.4778192937374115,0.2352744605429675,mp-1212506,1.4969171766077434,Unstable,Unstable
mp-567956,-0.532312511191406,-0.544082760810852,-0.011770249619446,mp-567956,0.123244176394532,Stable,Stable
mp-1213046,-0.704842183888888,-0.7040612101554871,0.0007809737334009,mp-1213046,0.050227018020832404,Stable,Stable
mp-1246580,-0.725093674444445,-0.8150424957275391,-0.0899488212830941,mp-1246580,0.22321122791666248,Stable,Stable
mp-754795,-2.68025934162963,-2.7116823196411133,-0.0314229780114834,mp-754795,0.17052063777777882,Stable,Stable
mp-1198504,-1.73765584888889,-1.756346344947815,-0.0186904960589249,mp-1198504,0.6168081648148069,Stable,Stable
mp-1246561,0.185037952976188,0.1217974945902824,-0.0632404583859055,mp-1246561,0.40519519678571214,Unstable,Unstable
mp-1238508,-0.941812919492187,-0.891790509223938,0.050022410268249,mp-1238508,0.4816957025156272,Stable,Stable
mp-559123,-2.947512009,-2.933915138244629,0.013596870755371,mp-559123,0.08012543006251605,Stable,Stable
mp-1247333,-0.872039085526321,-0.8733314275741577,-0.0012923420478366,mp-1247333,0.05699525700657482,Stable,Stable
mp-1203891,0.267638016354167,0.1001616939902305,-0.1674763223639364,mp-1203891,1.2962400020833336,Unstable,Unstable
mp-1206514,-0.896367267250001,-0.9707017540931702,-0.0743344868431691,mp-1206514,0.0,Stable,Stable
mp-1227217,-2.70135385996667,-2.7145915031433105,-0.0132376431766405,mp-1227217,0.1319122597000053,Stable,Stable
mp-1217984,-0.538407486687503,-0.6712120771408081,-0.132804590453305,mp-1217984,0.2325283899999988,Stable,Stable
mp-1246697,0.335147549374999,0.4080550074577331,0.0729074580827341,mp-1246697,0.3351475493749998,Unstable,Unstable
mp-1245662,-0.19283887004629,-0.1214179098606109,0.071420960185679,mp-1245662,0.238864970555559,Stable,Stable
mp-1247265,-0.53308032575,-0.7588968873023987,-0.2258165615523987,mp-1247265,0.3751498763333334,Stable,Stable
mp-1096931,-0.128614893055553,-0.1228732913732528,0.0057416016823001,mp-1096931,0.37084298652778,Stable,Stable
mp-1245761,0.500986155136362,-0.3452207446098327,-0.8462068997461948,mp-1245761,0.9722843092272715,Unstable,Stable
mp-555085,-0.927517009847221,-0.9419106245040894,-0.0143936146568683,mp-555085,0.0,Stable,Stable
mp-568923,-1.63548133625,-1.5759352445602417,0.0595460916897583,mp-568923,0.10988759236111179,Stable,Stable
mp-1191137,-0.757584535037202,-0.7950038313865662,-0.0374192963493641,mp-1191137,0.2365278851190462,Stable,Stable
mp-1178193,-0.716080158999999,-0.6563093662261963,0.0597707927738027,mp-1178193,0.24805016450000128,Stable,Stable
mp-1212631,-1.13393714729167,-1.1495707035064695,-0.0156335562147997,mp-1212631,0.5506877583680545,Stable,Stable
mp-1354560,2.553167392,1.1317870616912842,-1.421380330308716,mp-1354560,3.3494483529999997,Unstable,Unstable
mp-1201503,0.473521113876488,0.6014547348022461,0.1279336209257581,mp-1201503,1.0119424270238095,Unstable,Unstable
mp-1220562,-1.45937275944444,-1.5191514492034912,-0.0597786897590513,mp-1220562,0.7514522757142892,Stable,Stable
mp-1246748,-0.865884546704544,-0.8538748025894165,0.0120097441151274,mp-1246748,0.029759620909091566,Stable,Stable
mp-1245589,-0.288820434,-0.3378462493419647,-0.0490258153419647,mp-1245589,0.29564205516666675,Stable,Stable
mp-2341,-0.4785742609375,-0.5557129979133606,-0.0771387369758606,mp-2341,0.003927161250000033,Stable,Stable
mp-558721,-1.13846962908696,-1.1537480354309082,-0.0152784063439481,mp-558721,0.12488074213768297,Stable,Stable
mp-1014478,0.127609343749999,0.3849247395992279,0.2573153958492289,mp-1014478,0.6270672233333325,Unstable,Unstable
mp-975336,-0.491286307960068,-0.5229772329330444,-0.0316909249729764,mp-975336,0.058453749513889264,Stable,Stable
mp-1013548,-1.202770445,-1.2261255979537964,-0.0233551529537963,mp-1013548,0.0,Stable,Stable
mp-1246400,-0.666403935652174,-0.6611136198043823,0.0052903158477917,mp-1246400,0.04415987717391179,Stable,Stable
mp-1246548,-0.004940051333333,0.022536315023899,0.027476366357232,mp-1246548,0.246056290666667,Stable,Unstable
mp-1246672,0.055143479,0.0560090765357017,0.0008655975357017,mp-1246672,0.15732410699999821,Unstable,Unstable
mp-1097065,-1.43181916416667,-1.429591417312622,0.0022277468540479,mp-1097065,0.0,Stable,Stable
mp-1079436,-1.30273365413793,-1.1207914352416992,0.1819422188962307,mp-1079436,1.0482035989999998,Stable,Stable
mp-1195988,-0.896724573452381,-0.8165984749794006,0.0801260984729803,mp-1195988,0.2601114503095232,Stable,Stable
mp-760360,-3.040751274375,-3.051893949508667,-0.0111426751336671,mp-760360,0.12843112156249958,Stable,Stable
mp-1245359,-0.241676966102938,-0.2826518416404724,-0.0409748755375344,mp-1245359,0.37147661676470634,Stable,Stable
mp-1211672,-1.60173382404255,-1.6050703525543213,-0.0033365285117712,mp-1211672,0.14095453833333504,Stable,Stable
mp-672334,-0.865363583977273,-0.927432417869568,-0.0620688338922948,mp-672334,0.009074249090907927,Stable,Stable
mp-1245381,-0.509386573043479,-0.476673275232315,0.0327132978111639,mp-1245381,0.3098963602173912,Stable,Stable
mp-1079812,2.24423888554167,1.1391782760620115,-1.1050606094796582,mp-1079812,2.5268346841666673,Unstable,Unstable
mp-1196776,-1.60769617566667,-1.627603530883789,-0.0199073552171191,mp-1196776,0.8835849361666721,Stable,Stable
mp-1245920,-0.0067994384375,0.0819884166121482,0.0887878550496482,mp-1245920,0.20265243156249824,Stable,Unstable
mp-1245912,-0.430559864,-0.3260462880134582,0.1045135759865417,mp-1245912,0.22318766166666748,Stable,Stable
mp-776226,-2.528049212,-2.53889799118042,-0.0108487791804199,mp-776226,0.13099543700000105,Stable,Stable
mp-755132,-2.873111660625,-2.881725788116455,-0.0086141274914552,mp-755132,0.0969709571874997,Stable,Stable
mp-1029835,-0.452331101514009,-0.3023654222488403,0.1499656792651686,mp-1029835,0.0,Stable,Stable
mp-21327,0.686943465340908,0.898303210735321,0.211359745394413,mp-21327,1.874561988295448,Unstable,Unstable
mp-1208771,-0.648147414722222,-0.7678313255310059,-0.1196839108087838,mp-1208771,0.6990775829166695,Stable,Stable
mp-1246937,-0.951050619305556,-0.9561008810997008,-0.0050502617941449,mp-1246937,0.09500534758680423,Stable,Stable
mp-505622,-0.295696929336207,-0.177171379327774,0.1185255500084329,mp-505622,0.0,Stable,Stable
mp-559044,0.023948139921875,-0.0233619511127471,-0.0473100910346221,mp-559044,0.16284084895833395,Unstable,Stable
mp-28946,-2.18955816425,-2.336065530776977,-0.1465073665269773,mp-28946,0.06805123474999952,Stable,Stable
mp-1399347,0.128956449272725,0.1427447497844696,0.0137883005117445,mp-1399347,0.15757165127272543,Unstable,Unstable
mp-570848,0.304575155624998,0.3057537078857422,0.0011785522607442,mp-570848,0.30457515562499893,Unstable,Unstable
mp-1184382,-1.46471084361111,-1.4538657665252686,0.0108450770858414,mp-1184382,0.0015697862500001492,Stable,Stable
mp-1197690,-0.654572852886904,-0.7699906229972839,-0.1154177701103799,mp-1197690,0.48117074857142583,Stable,Stable
mp-1247289,-0.054227680293104,0.0637369379401207,0.1179646182332247,mp-1247289,0.09987477250000065,Stable,Unstable
mp-582976,-1.17941659495536,-1.233429789543152,-0.0540131945877917,mp-582976,0.0,Stable,Stable
mp-1194559,0.853774716785713,0.7016273140907288,-0.1521474026949842,mp-1194559,1.4641799052040794,Unstable,Unstable
mp-1201095,0.072670970882352,0.142085313796997,0.069414342914645,mp-1201095,0.3150975597426475,Unstable,Unstable
mp-1246389,0.259248521870394,0.3692393898963928,0.1099908680259988,mp-1246389,0.5096305161759531,Unstable,Unstable
mp-1245175,-0.842612509008336,-0.9155935645103456,-0.0729810555020095,mp-1245175,0.5160936390333326,Stable,Stable
mp-1178206,-1.76088111428571,-1.7442821264266968,0.0165989878590131,mp-1178206,0.09880949464285482,Stable,Stable
mp-1247386,-0.470694391111112,-0.5493277311325073,-0.0786333400213953,mp-1247386,0.10935969361111031,Stable,Stable
mp-1205100,-1.13680696016667,-1.0712294578552246,0.0655775023114453,mp-1205100,0.40584046023611364,Stable,Stable
mp-1246865,0.363335814999999,0.2440899312496185,-0.1192458837503804,mp-1246865,0.36333581499999923,Unstable,Unstable
mp-1216299,-0.13832214265432,-0.1437572538852691,-0.0054351112309491,mp-1216299,0.06920689925925494,Stable,Stable
mp-680008,-1.02313023262422,-0.9847263693809508,0.038403863243269,mp-680008,0.297092091949275,Stable,Stable
mp-1246496,-0.563048731875011,-0.5543799996376038,0.0086687322374072,mp-1246496,0.04716537666666909,Stable,Stable
mp-1009221,1.057821796875,1.5246238708496094,0.4668020739746092,mp-1009221,1.3466520178160923,Unstable,Unstable
mp-1247506,0.071188267866665,-0.0665103867650032,-0.1376986546316682,mp-1247506,0.27284861850000297,Unstable,Stable
mp-571587,0.16908034979526,0.1650488972663879,-0.004031452528872,mp-571587,0.42619089750478967,Unstable,Unstable
mp-1104036,-2.54347517495536,-2.53726863861084,0.00620653634452,mp-1104036,0.1159340198214327,Stable,Stable
mp-679971,-1.38080667049603,-1.3462035655975342,0.0346031048984958,mp-679971,0.08916382470238382,Stable,Stable
mp-1247283,-0.320985387777778,-0.3460448384284973,-0.0250594506507192,mp-1247283,0.27687923899999767,Stable,Stable
mp-560450,-2.205997224,-2.283123254776001,-0.0771260307760011,mp-560450,0.10933434151189925,Stable,Stable
mp-1245816,-0.788387287920259,-0.8391802310943604,-0.0507929431741013,mp-1245816,0.07011379562499709,Stable,Stable
mp-1245530,-0.152652025833333,-0.1401154398918151,0.0125365859415178,mp-1245530,0.18480387937499998,Stable,Stable
mp-1246220,0.229950233717952,0.1837235987186432,-0.0462266349993088,mp-1246220,0.3034863660256413,Unstable,Unstable
mp-554051,-0.706318116944444,-0.7075659036636353,-0.0012477867191912,mp-554051,0.07337178472222217,Stable,Stable
mp-1202660,0.241457899230768,0.1035439148545265,-0.1379139843762414,mp-1202660,1.0432146480769227,Unstable,Unstable
mp-1212951,-1.057408270625,-0.9612393975257874,0.0961688730992127,mp-1212951,0.6383592204861044,Stable,Stable
mp-1226975,-1.63703701684729,-1.6670562028884888,-0.0300191860411986,mp-1226975,0.38244198920635064,Stable,Stable
mp-1246599,0.215213805416667,0.1896178126335144,-0.0255959927831525,mp-1246599,0.4097526150000004,Unstable,Unstable
mp-1029309,-0.886386218551723,-1.034449577331543,-0.14806335877982,mp-1029309,0.04406460083716546,Stable,Stable
mp-1189886,-0.747118475555555,-0.7529318332672119,-0.0058133577116569,mp-1189886,0.17368554209721587,Stable,Stable
mp-542635,0.633989201015625,0.6991718411445618,0.0651826401289368,mp-542635,0.6339892010156252,Unstable,Unstable
mp-729632,-1.19987116884615,-1.2610528469085691,-0.0611816780624192,mp-729632,0.1686925875000016,Stable,Stable
mp-676416,-0.842797011805551,-0.823836624622345,0.018960387183206,mp-676416,0.12466663746528184,Stable,Stable
mp-1219947,-2.29986890953333,-2.317500352859497,-0.017631443326167,mp-1219947,0.21809489044999886,Stable,Stable
mp-696353,-0.177737230454544,-0.0828160569071769,0.094921173547367,mp-696353,0.45553468454545687,Stable,Stable
mp-20364,0.747139625375,0.7655274271965027,0.0183878018215026,mp-20364,1.9297519888636305,Unstable,Unstable
mp-726066,-0.725120850357143,-0.6831163763999939,0.0420044739571491,mp-726066,0.9391878598809544,Stable,Stable
mp-1246491,-0.040795322499999,0.0901282206177711,0.1309235431177701,mp-1246491,0.7297550308333349,Stable,Unstable
mp-1203948,-0.618953318771428,-0.5944348573684692,0.0245184614029587,mp-1203948,0.2868166769599796,Stable,Stable
mp-1206377,0.39377224,0.4882117211818695,0.0944394811818695,mp-1206377,1.6158009152380948,Unstable,Unstable
mp-1197127,1.01540686576389,0.9644562602043152,-0.0509506055595747,mp-1197127,1.1620918630555526,Unstable,Unstable
mp-1078941,-1.58226868277778,-1.6581844091415403,-0.0759157263637604,mp-1078941,0.2979159350000016,Stable,Stable
mp-1213238,0.732133081944443,0.7480894327163696,0.0159563507719265,mp-1213238,1.439509167777779,Unstable,Unstable
mp-29598,-0.66558703499588,-0.7093377709388733,-0.0437507359429932,mp-29598,0.0,Stable,Stable
mp-30091,-0.440278225568182,-0.3326903879642486,0.1075878376039333,mp-30091,0.0,Stable,Stable
mp-1217284,-1.602904998125,-1.5769054889678955,0.0259995091571045,mp-1217284,0.0735978975000009,Stable,Stable
mp-4674,-1.75269363641667,-1.738720417022705,0.013973219393965,mp-4674,0.0,Stable,Stable
mp-1213906,0.469270905178571,0.5902391076087952,0.1209682024302241,mp-1213906,2.0321730948214274,Unstable,Unstable
mp-1047,-0.9430230205,-0.986962080001831,-0.043939059501831,mp-1047,0.01669766374999959,Stable,Stable
mp-733522,-1.12297873055556,-1.1459479331970217,-0.0229692026414614,mp-733522,0.03724984259259223,Stable,Stable
mp-1246800,-0.371752036875001,-0.2805532813072204,0.0911987555677805,mp-1246800,0.216237878645833,Stable,Stable
mp-1245752,-0.067557095297805,-0.1858584284782409,-0.1183013331804359,mp-1245752,0.10148468267502508,Stable,Stable
mp-1226475,-1.554087125,-1.685577392578125,-0.1314902675781251,mp-1226475,0.05490691750000032,Stable,Stable
mp-1225199,-2.67207232946667,-2.6636855602264404,0.0083867692402295,mp-1225199,0.1029193012857128,Stable,Stable
mp-1246128,-0.788964399464284,-0.6684138774871826,0.1205505219771013,mp-1246128,0.10147426982142793,Stable,Stable
mp-21524,-0.645344202361112,-0.6479936242103577,-0.0026494218492456,mp-21524,0.0,Stable,Stable
mp-1029771,-0.832571648333332,-0.8540880680084229,-0.0215164196750908,mp-1029771,0.09023218472221295,Stable,Stable
mp-1246178,-0.887100053571428,-0.739960253238678,0.1471398003327499,mp-1246178,0.04247649441964274,Stable,Stable
mp-1181422,-0.482072632656249,-0.731174886226654,-0.249102253570405,mp-1181422,0.9932673073437677,Stable,Stable
mp-1198759,-0.535096311428571,-0.6066920161247253,-0.0715957046961544,mp-1198759,1.2820885692500026,Stable,Stable
mp-1197421,-1.00961360330556,-1.0547361373901367,-0.0451225340845766,mp-1197421,0.13768802888888843,Stable,Stable
mp-754628,-0.373068869375003,-0.3770962655544281,-0.0040273961794251,mp-754628,0.09135189333333216,Stable,Stable
mp-1246234,-0.800102442777778,-0.9008285999298096,-0.1007261571520315,mp-1246234,0.28300725041666475,Stable,Stable
mp-696291,-1.11711008233333,-1.1486449241638184,-0.0315348418304883,mp-696291,0.004832912083333696,Stable,Stable
mp-745257,-0.888948142773437,-0.8144195079803467,0.0745286347930903,mp-745257,0.5345604792343774,Stable,Stable
mp-817993,-0.701987442455357,-0.5119553208351135,0.1900321216202435,mp-817993,1.0381981618749991,Stable,Stable
mp-1247233,-0.763816415555557,-1.0544118881225586,-0.2905954725670016,mp-1247233,0.4339405573611117,Stable,Stable
mp-1182466,0.78618092372916,0.7854027152061462,-0.0007782085230138,mp-1182466,1.0941024718124988,Unstable,Unstable
mp-1188915,-0.997504071822916,-0.919871747493744,0.0776323243291721,mp-1188915,0.15959181750000084,Stable,Stable
mp-1029573,-0.644586031785714,-0.5821606516838074,0.0624253801019066,mp-1029573,0.0,Stable,Stable
mp-1188944,0.8933440855,0.7340625524520874,-0.1592815330479126,mp-1188944,0.8947703415000001,Unstable,Unstable
mp-1245391,-0.736772106477272,-0.7066421508789062,0.0301299555983657,mp-1245391,0.3228645931818157,Stable,Stable
mp-1204210,-1.37203986306452,-1.4094260931015017,-0.0373862300369813,mp-1204210,0.017199999005369726,Stable,Stable
mp-1213595,-0.9536582763125,-0.9712050557136536,-0.0175467794011535,mp-1213595,0.43667326272222695,Stable,Stable
mp-679983,-0.662918790401792,-0.7290259003639221,-0.0661071099621301,mp-679983,0.007183700694458395,Stable,Stable
mp-1233506,-0.809045264310346,-0.8385710120201111,-0.0295257477097651,mp-1233506,0.06990774719827542,Stable,Stable
mp-1210597,1.53927996474138,1.390497803688049,-0.1487821610533306,mp-1210597,1.8872294904999967,Unstable,Unstable
mp-505496,-0.687148359047618,-0.7077287435531616,-0.0205803845055436,mp-505496,0.0,Stable,Stable
mp-1203544,-0.595802295192307,-0.5983689427375793,-0.0025666475452723,mp-1203544,0.17213687384615461,Stable,Stable
mp-1029811,-1.73705020944444,-1.8241395950317385,-0.0870893855872982,mp-1029811,0.15084865472222386,Stable,Stable
mp-1216322,-0.474443541666666,-0.4287542402744293,0.0456893013922367,mp-1216322,1.4284976630555564,Stable,Stable
mp-604884,-1.412978993125,-1.4388854503631592,-0.025906457238159,mp-604884,0.0,Stable,Stable
mp-1247540,-0.1564829946875,-0.0550722517073154,0.1014107429801845,mp-1247540,0.21811041499999995,Stable,Stable
mp-989402,-0.995924881333333,-0.9775527715682985,0.0183721097650346,mp-989402,0.02493426342647176,Stable,Stable
mp-1029536,-1.47600731125,-1.48674476146698,-0.0107374502169799,mp-1029536,0.02582895499999971,Stable,Stable
mp-1245622,0.172193120320883,0.4007320702075958,0.2285389498867128,mp-1245622,0.3889063604597691,Unstable,Unstable
mp-1202909,1.34393818636364,1.5148279666900637,0.1708897803264235,mp-1202909,1.8733082265340903,Unstable,Unstable
mp-1245737,-0.28507815545977,-0.3181199133396148,-0.0330417578798448,mp-1245737,0.33828114287356303,Stable,Stable
mp-1246771,0.220532947296339,0.1650672852993011,-0.0554656619970378,mp-1246771,0.3185167226250023,Unstable,Unstable
mp-1194526,-1.28575264526316,-1.275252342224121,0.0105003030390389,mp-1194526,0.6559870276315731,Stable,Stable
mp-1246708,-0.514907876474351,-0.4337078630924225,0.0812000133819285,mp-1246708,0.10163444217948836,Stable,Stable
mp-1229270,-2.96678178814516,-3.0317769050598145,-0.0649951169146545,mp-1229270,0.16859299002687056,Stable,Stable
mp-1216786,0.146849791944442,0.6371405720710754,0.4902907801266334,mp-1216786,0.8964965225000001,Unstable,Unstable
mp-1105655,0.265028876499999,0.2612978518009186,-0.0037310246990804,mp-1105655,0.2650288765000006,Unstable,Unstable
mp-23056,-1.5143544325,-1.474300742149353,0.0400536903506469,mp-23056,0.0,Stable,Stable
mp-571097,-0.156126098708332,-0.153560385107994,0.0025657136003379,mp-571097,0.10147668183947278,Stable,Stable
mp-1178776,-0.578520175,-0.5910688042640686,-0.0125486292640686,mp-1178776,0.4683508006944441,Stable,Stable
mp-729051,-2.22026634740741,-2.2284417152404785,-0.0081753678330684,mp-729051,0.6240780199999989,Stable,Stable
mp-760052,-2.433092533,-2.44685173034668,-0.0137591973466797,mp-760052,0.22571267599999878,Stable,Stable
mp-1246846,0.063306444166666,0.1069396510720253,0.0436332069053592,mp-1246846,0.4101699646527779,Unstable,Unstable
mp-1245935,-0.785955488749999,-0.849251925945282,-0.063296437195283,mp-1245935,0.05009149294643045,Stable,Stable
mp-989554,-0.828551433146552,-0.8954600095748901,-0.0669085764283381,mp-989554,0.013571642000000494,Stable,Stable
mp-1245562,-0.732060905833336,-0.7128241062164307,0.0192367996169053,mp-1245562,0.03848944749999994,Stable,Stable
mp-1029845,-0.531333337413794,-0.5495628714561462,-0.0182295340423522,mp-1029845,0.0,Stable,Stable
mp-1247543,0.091865183124999,0.0393511578440666,-0.0525140252809323,mp-1247543,0.18128743666666658,Unstable,Unstable
mp-728880,0.592629829999999,0.6696662306785583,0.0770364006785593,mp-728880,1.6002379693142377,Unstable,Unstable
mp-1245522,-1.52279349229167,-1.4750827550888062,0.0477107372028637,mp-1245522,0.2564796474999991,Stable,Stable
mp-1096935,-0.030380240694442,0.0347908809781074,0.0651711216725494,mp-1096935,0.46907763888889065,Stable,Unstable
mp-1246873,1.55349144733333,0.8528767228126526,-0.7006147245206773,mp-1246873,1.5821066493333333,Unstable,Unstable
mp-1244975,-0.052312033475,-0.0469734221696853,0.0053386113053146,mp-1244975,0.6177373734000007,Stable,Stable
mp-1245712,-0.744343451485507,-0.8237883448600769,-0.0794448933745699,mp-1245712,0.2583608121739136,Stable,Stable
mp-726297,-0.27186362,-0.3074822723865509,-0.0356186523865509,mp-726297,0.24897933250000026,Stable,Stable
mp-567371,-0.720522134888888,-0.7439468502998352,-0.0234247154109471,mp-567371,0.0,Stable,Stable
mp-1246390,-0.514319142692307,-0.4728147983551025,0.0415043443372045,mp-1246390,0.22228913230769365,Stable,Stable
mp-766117,-0.574179382999999,-0.5992239713668823,-0.0250445883668832,mp-766117,0.2221015779999993,Stable,Stable
mp-989611,-0.845412769750001,-0.8252924680709839,0.0201203016790171,mp-989611,0.032463341499997966,Stable,Stable
mp-1200963,-1.48615462573661,-1.3934500217437744,0.0927046039928356,mp-1200963,0.7028988617187482,Stable,Stable
mp-1179029,-0.447387752666666,-0.6437214016914368,-0.1963336490247707,mp-1179029,0.7286373699999986,Stable,Stable
mp-1245925,-0.939187747857143,-0.8773561120033264,0.0618316358538165,mp-1245925,0.10384480178571742,Stable,Stable
mp-1246912,-0.458762812,-0.493067055940628,-0.034304243940628,mp-1246912,0.3000552148000004,Stable,Stable
mp-1194478,-0.412028637493215,-0.4651621580123901,-0.0531335205191751,mp-1194478,0.023213149285711054,Stable,Stable
mp-1190668,1.15561679409091,1.0602130889892578,-0.095403705101652,mp-1190668,1.7251484807575759,Unstable,Unstable
mp-1212123,-2.17705502478221,-2.0840983390808105,0.0929566857013992,mp-1212123,0.6691727165789558,Stable,Stable
mp-1214070,1.08355780424657,1.5707330703735352,0.487175266126965,mp-1214070,1.085063701472599,Unstable,Unstable
mp-8045,-0.934354424464282,-0.8510618805885315,0.0832925438757504,mp-8045,0.06678258222222944,Stable,Stable
mp-1224772,-0.8903123615,-0.8613170981407166,0.0289952633592834,mp-1224772,0.0,Stable,Stable
mp-1200976,-1.46018202789916,-1.520321249961853,-0.060139222062693,mp-1200976,0.6118482280882329,Stable,Stable
mp-1181677,-0.807114829444444,-0.7036774754524231,0.1034373539920209,mp-1181677,0.16497594261110926,Stable,Stable
mp-557650,-1.88216387425466,-1.864915490150452,0.0172483841042083,mp-557650,0.09329381650620583,Stable,Stable
mp-1245397,-0.779425294312501,-0.8619732856750488,-0.0825479913625478,mp-1245397,0.3699911754999974,Stable,Stable
mp-574029,0.052166856041667,-0.039319023489952,-0.091485879531619,mp-574029,0.25715530739583414,Unstable,Stable
mp-1246239,0.067286191444444,0.1399211287498474,0.0726349373054034,mp-1246239,0.2742594789444439,Unstable,Unstable
mp-1420858,1.15391283250001,1.6857191324234009,0.5318062999233908,mp-1420858,1.153912832500005,Unstable,Unstable
mp-1198813,-1.05972575683333,-1.0663502216339111,-0.006624464800581,mp-1198813,0.08653202776666546,Stable,Stable
mp-1559,-0.9422394225,-0.8445529937744141,0.0976864287255859,mp-1559,0.0,Stable,Stable
mp-6031,-1.00947624475309,-1.0007045269012451,0.0087717178518449,mp-6031,0.10222756370370423,Stable,Stable
mp-2229395,-2.516488425,-2.5276424884796143,-0.0111540634796143,mp-2229395,0.2693483587500065,Stable,Stable
mp-1246085,-0.014620611333334,-0.0636166334152221,-0.0489960220818881,mp-1246085,0.2499176091666655,Stable,Stable
mp-1190105,-0.406293224828947,-0.2840125560760498,0.1222806687528971,mp-1190105,0.2681624418713424,Stable,Stable
mp-27806,-0.974040527058822,-0.9066922068595886,0.0673483201992334,mp-27806,0.0,Stable,Stable
mp-1203637,-0.414920842777777,-0.384592741727829,0.030328101049948,mp-1203637,0.20409590468749794,Stable,Stable
mp-22936,-1.7965876303125,-1.8461778163909912,-0.0495901860784913,mp-22936,0.0,Stable,Stable
mp-775787,-2.4451231405,-2.436291456222534,0.0088316842774656,mp-775787,0.21368206849999893,Stable,Stable
mp-1408692,0.042371736999999,0.0085374414920806,-0.0338342955079183,mp-1408692,0.18348502399999944,Unstable,Unstable
mp-1017558,-1.10446858775,-1.116891384124756,-0.0124227963747558,mp-1017558,0.0,Stable,Stable
mp-1029566,-0.149190718119254,-0.115885853767395,0.0333048643518589,mp-1029566,0.2161622729224142,Stable,Stable
mp-619775,-1.53659324136364,-1.552094340324402,-0.0155010989607617,mp-619775,0.18574837306818104,Stable,Stable
mp-569098,-0.595427765184728,-0.6168069243431091,-0.0213791591583811,mp-569098,0.006386542053571809,Stable,Stable
mp-1246630,-0.741648148459818,-0.7304486632347107,0.0111994852251072,mp-1246630,0.1378416252232153,Stable,Stable
mp-1064952,-0.166323021562499,-0.1665669530630111,-0.0002439315005121,mp-1064952,0.0006393000000004534,Stable,Stable
mp-1246219,-0.893173240499999,-0.8301970958709717,0.0629761446290273,mp-1246219,0.11284373530000025,Stable,Stable
mp-1233027,-2.23201232642857,-2.281577587127685,-0.0495652606991154,mp-1233027,0.35804799952381394,Stable,Stable
mp-1224698,-0.037181334999999,-0.1672865748405456,-0.1301052398405466,mp-1224698,0.17258652916666684,Stable,Stable
mp-1080848,-0.92220622025,-0.977086067199707,-0.054879846949707,mp-1080848,0.0,Stable,Stable
mp-1196392,-0.43706628484375,-0.4643782377243042,-0.0273119528805542,mp-1196392,0.0907355858333343,Stable,Stable
mp-1246673,-0.197128851111111,-0.1238716170191764,0.0732572340919345,mp-1246673,0.35268887611110955,Stable,Stable
mp-1402363,-0.095883113333333,-0.1128334403038024,-0.0169503269704694,mp-1402363,0.2747271696666651,Stable,Stable
mp-1190812,-1.13113604041667,-1.1139962673187256,0.0171397730979443,mp-1190812,0.08483128944444385,Stable,Stable
mp-530841,-1.82325114368557,-1.8314218521118164,-0.0081707084262463,mp-530841,0.12083246731958663,Stable,Stable
mp-1196441,-0.384123512994791,-0.3927430212497711,-0.00861950825498,mp-1196441,0.07247056046875233,Stable,Stable
mp-1192120,-0.673266403333333,-0.7883492112159729,-0.1150828078826399,mp-1192120,1.807145392380951,Stable,Stable
mp-1181520,0.312808006964284,0.187269240617752,-0.1255387663465319,mp-1181520,0.9354182417633927,Unstable,Unstable
mp-1246284,-1.10299987191667,-1.014210820198059,0.0887890517186109,mp-1246284,0.162334043166668,Stable,Stable
mp-1009694,0.946478597291672,0.8091903328895569,-0.1372882644021151,mp-1009694,1.0057938116666705,Unstable,Unstable
mp-1221658,-0.218817269410529,-0.2104206681251526,0.0083966012853764,mp-1221658,0.029779524009198255,Stable,Stable
mp-1219638,1.305541012,1.2607816457748413,-0.0447593662251586,mp-1219638,1.866150968833332,Unstable,Unstable
mp-1246805,0.136350787187498,0.0826757177710533,-0.0536750694164446,mp-1246805,0.4121693105000013,Unstable,Unstable
mp-570258,-1.36190950166667,-1.264439344406128,0.097470157260542,mp-570258,0.004685832916663912,Stable,Stable
mp-1247227,-1.18320002108975,-1.19086754322052,-0.00766752213077,mp-1247227,0.059871773717949495,Stable,Stable
mp-1214858,-1.1002963640625,-1.096451997756958,0.003844366305542,mp-1214858,0.0,Stable,Stable
mp-1245646,0.071018070099999,0.2354640960693359,0.1644460259693369,mp-1245646,0.08339870010000006,Unstable,Unstable
mp-1246151,-1.25251454425925,-1.2697381973266602,-0.0172236530674101,mp-1246151,0.3637477180555564,Stable,Stable
mp-779738,-2.530059888,-2.540743589401245,-0.0106837014012453,mp-779738,0.12894731175000196,Stable,Stable
mp-1214251,-0.006496414778647,-0.0361917316913604,-0.0296953169127134,mp-1214251,0.10764074121093792,Stable,Stable
mp-1181522,1.98030534222222,2.2476255893707275,0.2673202471485074,mp-1181522,2.204385982222222,Unstable,Unstable
mp-1201734,-0.961220496858974,-0.9421222805976868,0.0190982162612872,mp-1201734,0.30475002105768834,Stable,Stable
mp-570505,-1.36630760861111,-1.379496932029724,-0.0131893234186142,mp-570505,0.00028772597222115337,Stable,Stable
mp-1245598,-0.577320388888888,-0.567138671875,0.010181717013888,mp-1245598,0.0695156436111084,Stable,Stable
mp-1147646,0.020943828829364,-0.1044178307056427,-0.1253616595350067,mp-1147646,0.34090486555555444,Unstable,Stable
mp-1954,-0.391365922834822,-0.1344312131404876,0.2569347096943343,mp-1954,0.0985067231250003,Stable,Stable
mp-23675,-0.693757084166665,-0.6871845126152039,0.0065725715514611,mp-23675,0.0,Stable,Stable
mp-505381,-0.557440299461206,-0.5249099135398865,0.0325303859213195,mp-505381,0.0,Stable,Stable
mp-1247251,-0.955018352916667,-0.979947865009308,-0.0249295120926408,mp-1247251,0.013990281944446181,Stable,Stable
mp-1245919,-0.255723315568197,-0.2869922518730163,-0.0312689363048193,mp-1245919,0.215560277045455,Stable,Stable
mp-1246170,-0.968185338749998,-0.9407471418380736,0.0274381969119242,mp-1246170,0.2462441568750009,Stable,Stable
mp-1236779,-2.30341600730159,-2.309590101242065,-0.0061740939404755,mp-1236779,0.2788166006547641,Stable,Stable
mp-1209203,1.6662884875,1.641404390335083,-0.0248840971649169,mp-1209203,1.9950519349999993,Unstable,Unstable
mp-734137,-0.557085102239584,-0.6233155131340027,-0.0662304108944187,mp-734137,0.34771584729166527,Stable,Stable
mp-1029357,-0.10319440545977,-0.1074541360139846,-0.0042597305542146,mp-1029357,0.07423485550692543,Stable,Stable
mp-1103631,-0.586300349583333,-0.6536592841148376,-0.0673589345315046,mp-1103631,1.0188116619791643,Stable,Stable
mp-567655,-1.85776547214286,-1.874853014945984,-0.0170875428031238,mp-567655,0.07768771857142909,Stable,Stable
mp-1222738,-3.04468161666667,-3.040299654006958,0.0043819626597119,mp-1222738,0.1071061887500111,Stable,Stable
mp-8500,-1.70635444375,-1.7643141746520996,-0.0579597309020996,mp-8500,0.14453445188988123,Stable,Stable
mp-1225097,-0.2503287525,-0.2327335476875305,0.0175952048124694,mp-1225097,0.010726925069443283,Stable,Stable
mp-1245675,0.259964337000002,0.3607465326786041,0.1007821956786021,mp-1245675,0.2599643370000013,Unstable,Unstable
mp-1246989,-0.149313232619047,-0.1651926189661026,-0.0158793863470556,mp-1246989,0.2579185505952397,Stable,Stable
mp-1245608,0.402420515714291,0.340767502784729,-0.0616530129295619,mp-1245608,0.4024205157142866,Unstable,Unstable
mp-22175,-0.633107127185378,-0.7029082179069519,-0.0698010907215739,mp-22175,0.08054784977890961,Stable,Stable
mp-35739,-1.744562756875,-1.8211188316345213,-0.0765560747595215,mp-35739,0.09589812999999836,Stable,Stable
mp-1245993,-0.619139701607143,-0.6004947423934937,0.0186449592136493,mp-1245993,0.0,Stable,Stable
mp-726087,-0.373531825833334,-0.2947419881820678,0.0787898376512661,mp-726087,0.8409304277777787,Stable,Stable
mp-1195619,-1.17696037921875,-1.1461834907531738,0.0307768884655761,mp-1195619,0.057204726718749654,Stable,Stable
mp-1430841,0.875643596666666,1.1496639251708984,0.2740203285042324,mp-1430841,0.8756435966666665,Unstable,Unstable
mp-1245997,0.001004677613635,-0.0319399461150169,-0.0329446237286519,mp-1245997,0.36648617227272595,Unstable,Stable
mp-999549,-0.370267589166668,-0.3099856078624725,0.0602819813041954,mp-999549,0.09415317354166675,Stable,Stable
mp-1202433,-0.3069570696875,-0.3577812016010284,-0.0508241319135284,mp-1202433,0.060513235416666866,Stable,Stable
mp-1103408,0.099544314791665,0.0302419140934944,-0.0693024006981705,mp-1103408,0.28976179152776993,Unstable,Unstable
mp-1178511,-3.14462359928571,-3.1734039783477783,-0.0287803790620682,mp-1178511,0.11363517005952772,Stable,Stable
mp-779975,-2.5270184355,-2.53132963180542,-0.0043111963054198,mp-779975,0.1318534087500005,Stable,Stable
mp-1078389,-0.53546228,-0.5199370980262756,0.0155251819737243,mp-1078389,0.010758138749999091,Stable,Stable
mp-634429,-0.742986781666667,-0.7579889893531799,-0.0150022076865129,mp-634429,0.22910399038888585,Stable,Stable
mp-731813,-0.318934708124999,-0.2745424211025238,0.0443922870224752,mp-731813,0.9848481287499995,Stable,Stable
mp-1225260,-0.110735267857143,-0.0796234607696533,0.0311118070874896,mp-1225260,0.0600637221428606,Stable,Stable
mp-644118,0.717752145781249,1.1182425022125244,0.4004903564312754,mp-644118,1.403543303854165,Unstable,Unstable
mp-1202907,-1.99847487660714,-2.0374209880828857,-0.0389461114757456,mp-1202907,0.4913560539285706,Stable,Stable
mp-1199374,-1.56475346686574,-1.516803741455078,0.0479497254106617,mp-1199374,0.0,Stable,Stable
mp-1029312,-0.915032730625001,-0.9274280071258544,-0.0123952765008534,mp-1029312,0.0,Stable,Stable
mp-1216799,-1.50892274354167,-1.5469098091125488,-0.0379870655708787,mp-1216799,0.08580652000000022,Stable,Stable
mp-559593,-0.386943893831169,-0.2919017374515533,0.0950421563796156,mp-559593,0.5395588254772754,Stable,Stable
mp-1245623,-0.489797749032566,-0.4466516375541687,0.0431461114783973,mp-1245623,0.021044901481481304,Stable,Stable
mp-1209609,-0.395337164895833,-0.4035284519195556,-0.0081912870237226,mp-1209609,0.9015002431250005,Stable,Stable
mp-1062817,0.611660952430552,0.4816359579563141,-0.1300249944742378,mp-1062817,0.7281403205555534,Unstable,Unstable
mp-344,-1.193544753125,-1.1913093328475952,0.0022354202774048,mp-344,0.21943424,Stable,Stable
mp-10419,-0.404659592252155,-0.2700447738170624,0.1346148184350926,mp-10419,0.0,Stable,Stable
mp-1179931,0.570193331999998,0.8488448858261108,0.2786515538261128,mp-1179931,1.0673070489999974,Unstable,Unstable
mp-24332,-0.533553378392857,-0.5428835153579712,-0.0093301369651142,mp-24332,0.5210454810984819,Stable,Stable
mp-1245627,-1.27141798916667,-1.4183835983276367,-0.1469656091609668,mp-1245627,0.17732099208333452,Stable,Stable
mp-1080623,-0.877022441333331,-0.9404771327972412,-0.0634546914639102,mp-1080623,0.35585812400000094,Stable,Stable
mp-1201444,1.20265922454545,1.19333815574646,-0.0093210687989899,mp-1201444,2.020306709128783,Unstable,Unstable
mp-1218704,-2.8309055667619,-2.823476076126098,0.0074294906358014,mp-1218704,0.04340295928571791,Stable,Stable
mp-1216011,-0.198754329166667,-0.2016534209251403,-0.0028990917584733,mp-1216011,0.12556332785714552,Stable,Stable
mp-1019579,-1.15492417680556,-1.1488486528396606,0.0060755239658993,mp-1019579,0.0,Stable,Stable
mp-11733,-1.21880131574999,-1.2453022003173828,-0.0265008845673928,mp-11733,0.0,Stable,Stable
mp-649608,-1.46686803774593,-1.4863133430480957,-0.0194453053021657,mp-649608,0.0,Stable,Stable
mp-1193609,-0.000470754974488,-0.1930379569530487,-0.1925672019785607,mp-1193609,0.5372690008928549,Stable,Stable
mp-1246807,-0.678948765086207,-0.7725141048431396,-0.0935653397569326,mp-1246807,0.13338200330459848,Stable,Stable
mp-1246159,0.04497603861111,0.0539343133568763,0.0089582747457663,mp-1246159,0.14269381611111065,Unstable,Unstable
mp-1224391,-1.72537648660714,-1.7848939895629885,-0.0595175029558483,mp-1224391,0.04349364714285642,Stable,Stable
mp-1211655,-0.344007858583334,-0.2677035927772522,0.0763042658060818,mp-1211655,0.014462388055553,Stable,Stable
mp-1096961,-0.119113129166665,-0.1123191267251968,0.0067940024414681,mp-1096961,0.3803447504166666,Stable,Stable
mp-1201996,-0.547612833472222,-0.596551239490509,-0.048938406018287,mp-1201996,0.4500043124074109,Stable,Stable
mp-1212274,1.03946792076924,1.0946838855743408,0.0552159648051007,mp-1212274,1.332091059999998,Unstable,Unstable
mp-1209943,-0.870471416666667,-0.9178441166877748,-0.0473727000211076,mp-1209943,0.1168141887499985,Stable,Stable
mp-722900,-1.624602866625,-1.6775051355361938,-0.0529022689111937,mp-722900,0.0,Stable,Stable
mp-996942,-0.932142235333333,-0.858608603477478,0.0735336318558549,mp-996942,0.02640489927586387,Stable,Stable
mp-1400762,-0.20750722,-0.3285759091377258,-0.1210686891377258,mp-1400762,0.282555295499999,Stable,Stable
mp-1218737,-0.647835530999998,-0.6935526132583618,-0.0457170822583637,mp-1218737,0.006901978166668599,Stable,Stable
mp-1246791,-0.652327131517858,-0.5731622576713562,0.0791648738465018,mp-1246791,0.032252752589286615,Stable,Stable
mp-1245847,-0.061871933125001,-0.1564869731664657,-0.0946150400414647,mp-1245847,0.3127214765624977,Stable,Stable
mp-1246905,-0.630662252692307,-0.5106160044670105,0.1200462482252965,mp-1246905,0.1858382167948731,Stable,Stable
mp-1218378,-1.584585656875,-1.5603734254837036,0.0242122313912964,mp-1218378,0.04930728000000073,Stable,Stable
mp-1246407,0.226539746278735,0.2393691837787628,0.0128294375000278,mp-1246407,0.4175651797437734,Unstable,Unstable
mp-1203058,-0.878527862386363,-0.8682758808135986,0.0102519815727644,mp-1203058,0.0332190715909082,Stable,Stable
mp-1246262,0.215211485833333,0.2011427283287048,-0.0140687575046281,mp-1246262,0.3397171049999983,Unstable,Unstable
mp-5251,-1.02030429944444,-1.0278561115264893,-0.0075518120820492,mp-5251,0.0,Stable,Stable
mp-29306,-0.088958566015152,0.0117394849658012,0.1006980509809532,mp-29306,0.5429735053267066,Stable,Unstable
mp-1246005,0.149707372785563,0.0269943699240684,-0.1227130028614945,mp-1246005,0.3130136649999997,Unstable,Unstable
mp-1202937,-0.187679515902777,-0.1998571455478668,-0.0121776296450898,mp-1202937,0.28620737826388876,Stable,Stable
mp-1245281,-0.577668999725001,-0.6276272535324097,-0.0499582538074087,mp-1245281,0.8353099933999992,Stable,Stable
mp-1389170,-0.175318433,-0.2245181500911712,-0.0491997170911712,mp-1389170,0.24489264350000095,Stable,Stable
mp-1246992,-0.007658021874999,0.0119157433509826,0.0195737652259816,mp-1246992,0.25891014532738144,Stable,Unstable
mp-1209569,-0.794465684107142,-0.1534311473369598,0.6410345367701822,mp-1209569,0.8912765260416693,Stable,Stable
mp-1245991,0.08013017450431,0.3739141225814819,0.2937839480771719,mp-1245991,0.3858645631250006,Unstable,Unstable
mp-1001834,-0.991127924375,-0.9993391633033752,-0.0082112389283752,mp-1001834,0.9913501350000011,Stable,Stable
mp-2646978,-0.244445023124999,-0.239441692829132,0.0050033302958669,mp-2646978,0.42560438375000054,Stable,Stable
mp-1209071,0.054006810999999,0.0101391300559043,-0.0438676809440946,mp-1209071,1.4776265442499978,Unstable,Unstable
mp-27763,-1.55851378833333,-1.5906879901885986,-0.0321742018552686,mp-27763,0.0,Stable,Stable
mp-652220,-0.680768707410714,-0.5148739218711853,0.1658947855395287,mp-652220,0.26364373424999155,Stable,Stable
mp-1221037,-0.223367638699059,-0.2745409607887268,-0.0511733220896677,mp-1221037,0.5799301355681736,Stable,Stable
mp-724678,-0.32478133104167,-0.240704596042633,0.0840767349990369,mp-724678,0.4271544408333332,Stable,Stable
mp-1246610,0.295783580361111,0.054000087082386,-0.241783493278725,mp-1246610,0.5532294164854226,Unstable,Unstable
mp-570388,-0.4374898875,-0.4392763376235962,-0.0017864501235961,mp-570388,0.04789381583333263,Stable,Stable
mp-629458,-0.168605464062499,-0.1757031977176666,-0.0070977336551676,mp-629458,0.5378840325000009,Stable,Stable
mp-1096888,-0.056643282916664,-0.0592227801680564,-0.0025794972513924,mp-1096888,0.44281459666666834,Stable,Stable
mp-1443952,-0.059066542750005,-0.1220909729599952,-0.0630244302099902,mp-1443952,0.3578272519999963,Stable,Stable
mp-23876,-1.08132056483334,-1.0928013324737549,-0.0114807676404149,mp-23876,0.009499545956142441,Stable,Stable
mp-570211,0.206980476584817,0.2253244221210479,0.0183439455362309,mp-570211,0.4095292518080349,Unstable,Unstable
mp-1247009,-0.856394076315789,-0.9459373354911804,-0.0895432591753914,mp-1247009,0.27297825421052835,Stable,Stable
mp-1224477,-0.841253027937499,-0.8244588971138,0.0167941308236989,mp-1224477,0.30063913097499917,Stable,Stable
mp-1207983,-0.365336592999997,-0.7029643058776855,-0.3376277128776885,mp-1207983,1.3466943826666684,Stable,Stable
mp-1208688,-0.738904764233333,-1.100295901298523,-0.36139113706519,mp-1208688,1.4530765142500028,Stable,Stable
mp-1193070,0.417027803461538,0.5585809946060181,0.14155319114448,mp-1193070,1.4647420092307675,Unstable,Unstable
mp-1246154,-0.159734530568176,-0.1092839986085891,0.0504505319595868,mp-1246154,0.24891282545454274,Stable,Stable
mp-1019799,-0.766033463166666,-0.7189948558807373,0.0470386072859286,mp-1019799,0.23515398038194402,Stable,Stable
mp-1247260,-0.263218156944453,-0.1801935136318206,0.0830246433126323,mp-1247260,0.39871292333333486,Stable,Stable
mp-30291,-2.05741441707754,-2.131491184234619,-0.074076767157079,mp-30291,0.11110866694444432,Stable,Stable
mp-654202,0.054938129215682,0.0671406611800193,0.0122025319643373,mp-654202,0.10993123500000124,Unstable,Unstable
mp-1215243,-1.090701438725,-1.11799955368042,-0.0272981149554198,mp-1215243,0.16700801737500015,Stable,Stable
mp-2933422,-0.135019369347826,-0.1074178814888,0.0276014878590259,mp-2933422,0.7278963429710146,Stable,Stable
mp-555136,0.37025097625,0.3675353527069092,-0.0027156235430907,mp-555136,0.37025097625000036,Unstable,Unstable
mp-971911,0.519967328124998,0.5894379019737244,0.0694705738487263,mp-971911,0.5557363306249989,Unstable,Unstable
mp-1215334,-1.3585372775,-1.4960005283355713,-0.1374632508355713,mp-1215334,0.39509346312499716,Stable,Stable
mp-1245759,-0.352602444,-0.3368450403213501,0.0157574036786499,mp-1245759,0.23186004516666703,Stable,Stable
mp-1029739,-0.5460529,-0.4898441731929779,0.056208726807022,mp-1029739,0.0,Stable,Stable
mp-685050,-0.889237979016668,-0.9098225235939026,-0.0205845445772345,mp-685050,0.13588780799999967,Stable,Stable
mp-1245648,0.216945158771932,0.2581495940685272,0.0412044352965952,mp-1245648,0.24079116043859727,Unstable,Unstable
mp-776387,-2.11151742033333,-2.168773651123047,-0.0572562307897168,mp-776387,0.22296683775000048,Stable,Stable
mp-1019082,0.612736448333331,0.8368324637413025,0.2240960154079715,mp-1019082,0.6127364483333331,Unstable,Unstable
mp-1798334,0.495050737500001,0.5043683052062988,0.0093175677062978,mp-1798334,0.4950507375000015,Unstable,Unstable
mp-697683,-0.939696809795917,-0.9206024408340454,0.0190943689618715,mp-697683,0.03493010568451993,Stable,Stable
mp-29145,-0.348918901875,-0.4250553548336029,-0.0761364529586028,mp-29145,0.0,Stable,Stable
mp-1182594,-0.711059851428571,-0.4216660261154175,0.2893938253131535,mp-1182594,0.44576551601190584,Stable,Stable
mp-818685,-0.899463971041666,-0.9017608165740968,-0.0022968455324307,mp-818685,0.66558001435184,Stable,Stable
mp-655613,-1.68055985799865,-1.726709008216858,-0.0461491502182078,mp-655613,0.1654031644117664,Stable,Stable
mp-1179442,0.747092412505253,0.9579312205314636,0.2108388080262105,mp-1179442,0.8307341293067214,Unstable,Unstable
mp-1077506,-1.11125674395833,-1.3573065996170044,-0.2460498556586743,mp-1077506,0.3017222491666658,Stable,Stable
mp-24068,-1.01972562533333,-0.985590159893036,0.0341354654402941,mp-24068,0.12653215926666572,Stable,Stable
mp-976247,0.41058091517857,0.2769558429718017,-0.1336250722067682,mp-976247,0.4649287656746015,Unstable,Unstable
mp-1246080,-0.534373991839081,-0.5187992453575134,0.0155747464815675,mp-1246080,0.19356577958045929,Stable,Stable
mp-754781,-1.76021877107143,-1.7468411922454834,0.0133775788259467,mp-754781,0.09947183785714131,Stable,Stable
mp-779689,-0.3269665875,-0.4310287237167358,-0.1040621362167358,mp-779689,0.021952314375000448,Stable,Stable
mp-1210552,0.036493669285715,0.4249272644519806,0.3884335951662656,mp-1210552,1.0673076664285714,Unstable,Unstable
mp-40793,-0.825831320714286,-0.8058388829231262,0.0199924377911597,mp-40793,0.49511214214285815,Stable,Stable
mp-1246903,-0.313682216666655,-0.3508973717689514,-0.0372151551022963,mp-1246903,0.3656658977777809,Stable,Stable
mp-1078528,0.769662072222219,0.8514204621315002,0.0817583899092811,mp-1078528,1.0475159709722228,Unstable,Unstable
mp-1247393,0.06260037880747,0.0070770010352134,-0.0555233777722565,mp-1247393,0.36467138437500957,Unstable,Unstable
mp-1181855,0.024202840833333,0.0363340005278587,0.0121311596945257,mp-1181855,0.24778724055555923,Unstable,Unstable
mp-1245812,0.05395291561111,-0.257532000541687,-0.311484916152797,mp-1245812,0.4224157989285704,Unstable,Stable
mp-1247408,0.3782694709375,0.2850507497787475,-0.0932187211587524,mp-1247408,0.3782694709375001,Unstable,Unstable
mp-1246459,-0.627594141499999,-0.8799020648002625,-0.2523079233002634,mp-1246459,0.28411152349999824,Stable,Stable
mp-1247122,-0.578692892318008,-0.612709641456604,-0.0340167491385959,mp-1247122,0.21832102368773576,Stable,Stable
mp-1008965,0.994917862499999,0.9981399178504944,0.0032220553504953,mp-1008965,0.9949178624999995,Unstable,Unstable
mp-1246025,-0.624521939625,-0.6760709881782532,-0.0515490485532531,mp-1246025,0.27223219725000014,Stable,Stable
mp-636056,0.815864799999998,0.931730091571808,0.1158652915718099,mp-636056,1.0369771337499998,Unstable,Unstable
mp-1202892,-0.976388218454433,-1.0406514406204224,-0.0642632221659893,mp-1202892,0.14457150910713779,Stable,Stable
mp-1069273,1.0163164308,1.0289888381958008,0.0126724073958008,mp-1069273,1.916497475749999,Unstable,Unstable
mp-1219544,0.154668692187499,0.4203968644142151,0.2657281722267161,mp-1219544,0.833204078906248,Unstable,Unstable
mp-1412630,5.82205845269231,2.5914082527160645,-3.230650199976245,mp-1412630,5.488827683461539,Unstable,Unstable
mp-867987,-0.641754899101632,-0.7708330750465393,-0.1290781759449073,mp-867987,0.6066222224671041,Stable,Stable
mp-1210939,0.617822146942527,0.9278916716575624,0.3100695247150352,mp-1210939,1.6950264558472217,Unstable,Unstable
mp-1080199,-0.982553733749997,-1.060834884643555,-0.0782811508935577,mp-1080199,0.1767559114285735,Stable,Stable
mp-1229304,-0.287839268802083,-0.3027020692825317,-0.0148628004804487,mp-1229304,0.07473360677083374,Stable,Stable
mp-1245634,-0.567918323836805,-0.573479413986206,-0.005561090149401,mp-1245634,0.4552257263888899,Stable,Stable
mp-30961,-0.754458986458333,-0.6660515666007996,0.0884074198575334,mp-30961,0.0,Stable,Stable
mp-604295,-0.686804396944444,-0.7245296835899353,-0.0377252866454913,mp-604295,0.06150970555555624,Stable,Stable
mp-1192446,-1.2120204583817,-1.2317826747894287,-0.0197622164077286,mp-1192446,0.0,Stable,Stable
mp-1245353,-0.050864047249999,-0.1359927356243133,-0.0851286883743143,mp-1245353,0.34792919184722226,Stable,Stable
mp-1197051,0.073569923249998,0.0748547688126564,0.0012848455626583,mp-1197051,1.1348039342500007,Unstable,Unstable
mp-1245534,-1.14185464820833,-1.1773015260696411,-0.035446877861311,mp-1245534,0.21221782833333336,Stable,Stable
mp-1200088,0.280726984628906,0.4057648479938507,0.1250378633649447,mp-1200088,0.3296363581249988,Unstable,Unstable
mp-667508,-0.040525574004629,-0.0459269769489765,-0.0054014029443475,mp-667508,0.669382209884259,Stable,Stable
mp-1247441,-0.573947496000001,-0.5458571910858154,0.0280903049141855,mp-1247441,0.22582114133333242,Stable,Stable
mp-1080799,-0.246280713999999,-0.2734977900981903,-0.0272170760981912,mp-1080799,0.9402272565000009,Stable,Stable
mp-1246331,-0.063343643125,-0.1111818924546241,-0.0478382493296241,mp-1246331,0.30194541260416674,Stable,Stable
mp-1247352,-0.193063459583333,-0.2245957255363464,-0.0315322659530134,mp-1247352,0.3451783439351841,Stable,Stable
mp-1246964,0.542402498125,0.3330849111080169,-0.209317587016983,mp-1246964,0.542402498125,Unstable,Unstable
mp-1207386,-2.74523662416667,-2.6900665760040283,0.0551700481626418,mp-1207386,0.02157548187500069,Stable,Stable
mp-1189021,0.468385091874999,0.1557286977767944,-0.3126563940982045,mp-1189021,1.1513023641249989,Unstable,Unstable
mp-1245509,-0.936438129374999,-0.7917394638061523,0.1446986655688467,mp-1245509,0.03574706312500009,Stable,Stable
mp-1245401,-0.283611426901938,-0.4523907005786896,-0.1687792736767515,mp-1245401,0.2542882750000004,Stable,Stable
mp-1219375,0.910339493100961,1.0394092798233032,0.1290697867223422,mp-1219375,1.7594915603846157,Unstable,Unstable
mp-568883,-1.78679742774306,-1.8133509159088133,-0.0265534881657534,mp-568883,0.04313058712952067,Stable,Stable
mp-707324,-0.513762547581168,-0.5346986651420593,-0.0209361175608913,mp-707324,0.0,Stable,Stable
mp-634059,-0.3299749028125,-0.4699067175388336,-0.1399318147263336,mp-634059,0.05507482937500097,Stable,Stable
mp-1246104,-0.513874869444445,-0.4868376851081848,0.0270371843362602,mp-1246104,0.18986510444444438,Stable,Stable
mp-554048,-0.866014892255746,-0.8815367817878723,-0.0155218895321262,mp-554048,0.12778811881944385,Stable,Stable
mp-1246024,-0.988816401785714,-0.9314219355583192,0.0573944662273948,mp-1246024,0.005161793392860048,Stable,Stable
mp-2639,0.126576485161638,0.1775344908237457,0.0509580056621077,mp-2639,0.270991595632184,Unstable,Unstable
mp-1246643,-0.051261875224999,-0.0034604966640472,0.0478013785609517,mp-1246643,0.19991574052500027,Stable,Stable
mp-1247353,-0.669539056532739,-0.7814129590988159,-0.1118739025660768,mp-1247353,0.32339416008928445,Stable,Stable
mp-1246735,-0.633354550000001,-0.6320172548294067,0.0013372951705942,mp-1246735,0.002216408499998046,Stable,Stable
mp-788090,2.18674015159091,1.924543619155884,-0.2621965324350261,mp-788090,5.164260750418184,Unstable,Unstable
mp-567459,0.227642105972222,0.2142166197299957,-0.0134254862422262,mp-567459,0.22764210597222245,Unstable,Unstable
mp-1020590,-0.070169597586207,-0.1617509424686432,-0.0915813448824361,mp-1020590,0.4989013135919542,Stable,Stable
mp-1210843,-1.68574248893678,-1.6302682161331177,0.0554742728036623,mp-1210843,0.012946686666650109,Stable,Stable
mp-568422,-0.036525504340277,-0.0163258798420429,0.020199624498234,mp-568422,0.21664995795138964,Stable,Stable
mp-1179474,-0.163312452743055,-0.4230036437511444,-0.2596911910080894,mp-1179474,0.8346785649999999,Stable,Stable
mp-1079063,0.095700175603449,0.0575333312153816,-0.0381668443880673,mp-1079063,0.29646300469348663,Unstable,Unstable
mp-1192685,-0.528870377067307,-0.4116637408733368,0.1172066361939702,mp-1192685,0.02372412944711666,Stable,Stable
mp-1245748,-0.905005706964287,-0.8333868384361267,0.0716188685281602,mp-1245748,0.013643643392855509,Stable,Stable
mp-1216242,-0.557304915249999,-0.32705157995224,0.230253335297759,mp-1216242,0.0,Stable,Stable
mp-559033,-0.533690904999999,-0.5942934155464172,-0.0606025105464181,mp-559033,0.4108177009374998,Stable,Stable
mp-696744,-0.840631944642857,-0.8563954830169678,-0.0157635383741108,mp-696744,0.8334934544270842,Stable,Stable
mp-1215018,0.896835948214285,0.8288953900337219,-0.0679405581805631,mp-1215018,1.2181716445535726,Unstable,Unstable
mp-6802,-0.13716972378472,-0.2356813251972198,-0.0985116014124998,mp-6802,0.1276751494097237,Stable,Stable
mp-1014303,-0.511423514166662,-0.5618747472763062,-0.0504512331096441,mp-1014303,0.08792594133333687,Stable,Stable
mp-1245941,-0.223854194016605,-0.3459855318069458,-0.1221313377903408,mp-1245941,0.37184989852969075,Stable,Stable
mp-1222441,-0.790647490555555,-0.7465329766273499,0.0441145139282052,mp-1222441,0.0,Stable,Stable
mp-1246279,-1.52420430750003,-1.5619916915893557,-0.0377873840893254,mp-1246279,0.38707517421052273,Stable,Stable
mp-1246100,-0.148787761488088,-0.1753541529178619,-0.0265663914297739,mp-1246100,0.4062600335714279,Stable,Stable
mp-1226133,-0.249728089500001,-0.3990324437618255,-0.1493043542618245,mp-1226133,0.2038690573333355,Stable,Stable
mp-1335659,1.71213784675439,1.256045699119568,-0.4560921476348221,mp-1335659,2.70456667,Unstable,Unstable
mp-1213494,-0.535062210289854,-0.5417999625205994,-0.0067377522307453,mp-1213494,0.5551419451449204,Stable,Stable
mp-1009646,0.55693822729167,0.4175899922847748,-0.1393482350068952,mp-1009646,0.6162534416666681,Unstable,Unstable
mp-567666,-0.848847362999998,-0.77653968334198,0.0723076796580179,mp-567666,0.0,Stable,Stable
mp-22015,0.436257464666667,0.7035397291183472,0.2672822644516802,mp-22015,0.4942080196666687,Unstable,Unstable
mp-1245885,0.018283372499999,0.0229600742459297,0.0046767017459307,mp-1245885,0.21818243446581143,Unstable,Unstable
mp-1211782,-2.22213651194565,-2.139543294906616,0.082593217039034,mp-1211782,0.0,Stable,Stable
mp-1097738,-0.152972557083333,-0.1362051665782928,0.0167673905050401,mp-1097738,0.3464853224999995,Stable,Stable
mp-637918,-0.280031403750001,-0.3649570047855377,-0.0849256010355367,mp-637918,0.01964332399999691,Stable,Stable
mp-729568,-0.674718009558826,-0.6464334726333618,0.0282845369254641,mp-729568,0.06957013867646022,Stable,Stable
mp-680210,-1.07635719152778,-1.071349024772644,0.005008166755136,mp-680210,0.008148781128473281,Stable,Stable
mp-1220519,0.068591922440475,-0.2946914136409759,-0.3632833360814509,mp-1220519,1.2022885457142856,Unstable,Stable
mp-1014369,-0.52443979089286,-0.4602657258510589,0.064174065041801,mp-1014369,0.1177203399999982,Stable,Stable
mp-1245557,0.122385823749998,0.1491679251194,0.026782101369402,mp-1245557,0.3761283645833311,Unstable,Unstable
mp-1211164,-1.1813494635,-1.1969457864761353,-0.0155963229761353,mp-1211164,0.8368810721999944,Stable,Stable
mp-984,-1.407274898125,-1.227733135223389,0.1795417629016114,mp-984,0.005704095000000464,Stable,Stable
mp-1247455,-0.285747697884617,-0.2731586992740631,0.0125889986105539,mp-1247455,0.3614769100000004,Stable,Stable
mp-1228421,-0.510093531428572,-0.591624915599823,-0.081531384171251,mp-1228421,0.0,Stable,Stable
mp-1212130,-1.42625916282738,-1.4381585121154783,-0.0118993492880985,mp-1212130,0.0,Stable,Stable
mp-560716,-1.24842455098451,-1.209309458732605,0.039115092251905,mp-560716,0.0,Stable,Stable
mp-676215,-0.577198382370829,-0.5392929911613464,0.0379053912094825,mp-676215,0.7457955190833339,Stable,Stable
mp-1204403,0.107076534318181,0.1113517805933952,0.0042752462752142,mp-1204403,0.6510586292857141,Unstable,Unstable
mp-1206822,-0.983364599000001,-1.068503975868225,-0.0851393768682241,mp-1206822,0.0,Stable,Stable
mp-1196939,-0.594051732916666,-0.6176512241363525,-0.0235994912196865,mp-1196939,0.038340127045454864,Stable,Stable
mp-1246545,0.123168947361111,0.0753534957766532,-0.0478154515844577,mp-1246545,0.29845110249999607,Unstable,Unstable
mp-559369,-1.22880192322034,-1.266625165939331,-0.037823242718991,mp-559369,0.0,Stable,Stable
mp-669555,-0.708637057022727,-0.6611075401306152,0.0475295168921117,mp-669555,0.5136712972727215,Stable,Stable
mp-1245412,0.174599494999998,0.1368672847747802,-0.0377322102252177,mp-1245412,0.3909723341666673,Unstable,Unstable
mp-1199748,-0.672734033333333,-0.6050418615341187,0.0676921717992143,mp-1199748,0.8928381806607089,Stable,Stable
mp-1196308,0.403657099782607,0.396697074174881,-0.006960025607726,mp-1196308,1.0556566523165758,Unstable,Unstable
mp-1195044,-0.441806997844827,-0.428844004869461,0.0129629929753659,mp-1195044,0.25422777477011316,Stable,Stable
mp-1245450,-0.993344735564655,-1.0189778804779053,-0.0256331449132503,mp-1245450,0.01996752499999932,Stable,Stable
mp-1195149,-0.379649889210526,-0.2991321682929992,0.0805177209175267,mp-1195149,0.2945701285964901,Stable,Stable
mp-1080142,2.4374324245,2.326178312301636,-0.1112541121983641,mp-1080142,2.7216898830000007,Unstable,Unstable
mp-1245551,0.392724762499998,0.5354041457176208,0.1426793832176228,mp-1245551,0.39272476249999855,Unstable,Unstable
mp-721584,-1.69688130157051,-1.7482428550720217,-0.0513615535015115,mp-721584,0.2876142064743652,Stable,Stable
mp-1246147,-0.023237438729583,-0.0657399371266365,-0.0425024983970535,mp-1246147,0.2693604464473722,Stable,Stable
mp-7752,-1.027945077,-1.120014190673828,-0.092069113673828,mp-7752,0.0,Stable,Stable
mp-1237055,-0.56913354,-0.554763674736023,0.0143698652639771,mp-1237055,0.6068915826666643,Stable,Stable
mp-1247467,-0.96020524875,-0.9334807991981506,0.0267244495518493,mp-1247467,0.19126347604166938,Stable,Stable
mp-989461,-0.318306305909092,-0.2877143323421478,0.0305919735669441,mp-989461,0.19550423704545317,Stable,Stable
mp-1018852,0.924622636666669,0.8563873171806335,-0.0682353194860354,mp-1018852,0.924622636666669,Unstable,Unstable
mp-1245365,-0.010882720188577,0.0106510370969772,0.0215337572855542,mp-1245365,0.23114746711027223,Stable,Unstable
mp-559889,0.285745254507688,0.291343480348587,0.005598225840899,mp-559889,0.4445106948995532,Unstable,Unstable
mp-1207010,2.721214775,3.149758815765381,0.4285440407653809,mp-1207010,2.721214775,Unstable,Unstable
mp-1020587,-1.13393450875,-1.13222074508667,0.0017137636633299,mp-1020587,0.0,Stable,Stable
mp-24776,-1.1625533023125,-1.1699036359786987,-0.0073503336661986,mp-24776,0.009562861999999228,Stable,Stable
mp-776361,-2.13116722408333,-2.136331081390381,-0.0051638573070507,mp-776361,0.20331703400000123,Stable,Stable
mp-1247196,0.31758820734201,0.4944816529750824,0.1768934456330724,mp-1247196,0.5822046157013894,Unstable,Unstable
mp-1180641,0.373136924509824,0.4183538258075714,0.0452169012977474,mp-1180641,0.7767880657175326,Unstable,Unstable
mp-1245944,-0.259670971666666,-0.2338660657405853,0.0258049059260806,mp-1245944,0.2477228713888877,Stable,Stable
mp-1246756,0.19719779448755,0.129222422838211,-0.0679753716493389,mp-1246756,0.41391103462643564,Unstable,Unstable
mp-558270,-0.303227344354168,-0.3387806713581085,-0.0355533270039405,mp-558270,0.2921578624166701,Stable,Stable
mp-27989,0.192974841666665,0.5238786935806274,0.3309038519139624,mp-27989,0.46096180703125,Unstable,Unstable
mp-779457,-0.7124352785,-0.7422886490821838,-0.0298533705821838,mp-779457,0.25169504499999995,Stable,Stable
mp-510381,1.784563397,1.7563261985778809,-0.0282371984221192,mp-510381,1.9373134574999993,Unstable,Unstable
mp-21239,0.054257368,0.1222298368811607,0.0679724688811607,mp-21239,0.12932132233333604,Unstable,Unstable
mp-1029574,-0.170296254189655,-0.1214998215436935,0.0487964326459614,mp-1029574,0.017569250097702493,Stable,Stable
mp-1209404,-0.80032638625,-0.6908979415893555,0.1094284446606445,mp-1209404,0.3033613689930519,Stable,Stable
mp-1245550,-0.130636309907411,-0.0243720635771751,0.1062642463302358,mp-1245550,0.3496111848148171,Stable,Stable
mp-1199083,0.642050124843748,0.9158524870872498,0.2738023622435017,mp-1199083,1.3425660675,Unstable,Unstable
mp-723017,0.817031646406249,1.1943020820617676,0.3772704356555185,mp-723017,1.492897376805555,Unstable,Unstable
mp-1245399,-0.121747700416664,-0.038881666958332,0.0828660334583319,mp-1245399,0.1664143899999999,Stable,Stable
mp-1189372,-1.66387910935185,-1.5877351760864258,0.0761439332654241,mp-1189372,0.24779698101853231,Stable,Stable
mp-1203055,-0.438755145681817,-0.2921406626701355,0.1466144830116815,mp-1203055,1.0122129450000004,Stable,Stable
mp-560443,-0.680979918240742,-0.6837146878242493,-0.0027347695835072,mp-560443,0.0,Stable,Stable
mp-976707,-0.678915641875,-0.7404144406318665,-0.0614987987568664,mp-976707,0.08336959281249978,Stable,Stable
mp-780230,-2.5290377355,-2.53413462638855,-0.0050968908885495,mp-780230,0.12913516075000153,Stable,Stable
mp-1245338,-0.669391544939655,-0.6447812914848328,0.0246102534548222,mp-1245338,0.12472565516250089,Stable,Stable
mp-674297,-1.35375014727586,-1.3677560091018677,-0.0140058618260077,mp-674297,0.009446822000000132,Stable,Stable
mp-1245619,-0.202975529375,-0.0838229283690452,0.1191526010059547,mp-1245619,0.24786711041666365,Stable,Stable
mp-1102100,0.341416699583331,0.1133435890078544,-0.2280731105754765,mp-1102100,1.0677953068489585,Unstable,Unstable
mp-31000,0.030970919999999,0.1140982583165168,0.0831273383165178,mp-31000,0.5452353487499995,Unstable,Unstable
mp-1029537,-0.608902529285713,-0.5781578421592712,0.0307446871264417,mp-1029537,0.0,Stable,Stable
mp-7149,-0.05188392145474,-0.0090417340397834,0.0428421874149565,mp-7149,0.20522662625478905,Stable,Stable
mp-1246116,-0.350952606914702,-0.3074035048484802,0.0435491020662217,mp-1246116,0.06439389802631723,Stable,Stable
mp-1207406,-0.822728779935191,-0.8285250067710876,-0.0057962268358966,mp-1207406,0.041462645925928854,Stable,Stable
mp-16916,-0.931947353333333,-0.9316177368164062,0.0003296165169267,mp-16916,0.0,Stable,Stable
mp-1178448,-0.830743357301587,-0.8943944573402405,-0.0636511000386534,mp-1178448,0.0,Stable,Stable
mp-1245181,0.033234806924999,-0.0057994797825813,-0.0390342867075803,mp-1245181,0.7032842138,Unstable,Stable
mp-1105105,0.791815058571428,0.5674101114273071,-0.2244049471441208,mp-1105105,0.8584251074999991,Unstable,Unstable
mp-1220438,-0.592212940000001,-0.6194382309913635,-0.0272252909913625,mp-1220438,0.304552055624999,Stable,Stable
mp-1246572,-1.00181155645834,-1.0710471868515017,-0.0692356303931613,mp-1246572,0.14128639166666446,Stable,Stable
mp-1207449,0.166768379999999,0.1403979659080505,-0.0263704140919484,mp-1207449,0.24752318571428322,Unstable,Unstable
mp-1245631,-0.618678065000001,-0.5798079967498779,0.038870068250123,mp-1245631,0.3299474462499994,Stable,Stable
mp-986716,-0.6396512315,-0.6434939503669739,-0.0038427188669738,mp-986716,0.031059600000000742,Stable,Stable
mp-1245939,-0.938585956296293,-0.9826192259788512,-0.0440332696825582,mp-1245939,0.26004792666666887,Stable,Stable
mp-1412190,-0.546747335500001,-0.5202330946922302,0.0265142408077707,mp-1412190,0.08141227949999852,Stable,Stable
mp-1096898,-0.534668094833332,-0.4361275136470794,0.0985405811862525,mp-1096898,0.0646813606666683,Stable,Stable
mp-1179847,1.38112432683333,1.409102201461792,0.027977874628462,mp-1179847,1.6668758608333336,Unstable,Unstable
mp-760489,-0.968329337714285,-0.9553015232086182,0.0130278145056668,mp-760489,0.0328416248928578,Stable,Stable
mp-761032,-2.37717903875,-2.322895765304565,0.0542832734454346,mp-761032,0.18984906750000086,Stable,Stable
mp-1245345,0.271687290921337,0.2586593627929687,-0.0130279281283682,mp-1245345,0.36967106624999957,Unstable,Unstable
mp-569525,-0.350365862629309,-0.3370369374752044,0.0133289251541045,mp-569525,0.0757878409386965,Stable,Stable
mp-768311,-1.29291558362069,-1.288601636886597,0.0043139467340933,mp-768311,0.033773386458337384,Stable,Stable
mp-601774,-0.647428408011364,-0.6306979060173035,0.0167305019940605,mp-601774,0.09817089301136228,Stable,Stable
mp-725997,-1.67277775245536,-1.5288949012756348,0.1438828511797252,mp-725997,0.12917991671874862,Stable,Stable
mp-779348,-2.6768695857963,-2.675067663192749,0.0018019226035508,mp-779348,0.17391039361111105,Stable,Stable
mp-1247347,-1.26680554429487,-1.3026952743530271,-0.0358897300581573,mp-1247347,0.019524331923095772,Stable,Stable
mp-1180159,-1.09351628558621,-1.1258522272109983,-0.0323359416247885,mp-1180159,1.1183485609999924,Stable,Stable
mp-1094101,-1.06324838825,-1.0518990755081177,0.0113493127418822,mp-1094101,0.0,Stable,Stable
mp-804,-0.670049406875,-0.6167212128639221,0.0533281940110779,mp-804,0.0,Stable,Stable
mp-989633,-1.20699303475,-1.2294703722000122,-0.0224773374500122,mp-989633,0.03729060950000118,Stable,Stable
mp-775821,-2.12896314683333,-2.137913227081299,-0.0089500802479687,mp-775821,0.2055211112500004,Stable,Stable
mp-554153,-0.020764987229074,-0.1564609706401825,-0.1356959834111085,mp-554153,0.4044150679621872,Stable,Stable
mp-35695,-0.496787038229167,-0.5255159735679626,-0.0287289353387956,mp-35695,0.08578581187499967,Stable,Stable
mp-1224930,-0.137261604749998,-0.1106509640812873,0.0266106406687106,mp-1224930,0.05703512000000366,Stable,Stable
mp-558886,-1.38375944399383,-1.4011735916137695,-0.0174141476199394,mp-558886,0.0,Stable,Stable
mp-1247077,-0.279742995625,-0.2738119065761566,0.0059310890488433,mp-1247077,0.28403468062500004,Stable,Stable
mp-1212539,-0.337153611833332,-0.257306843996048,0.079846767837284,mp-1212539,0.3518603346666662,Stable,Stable
mp-1246360,-0.340020823999999,-0.112113818526268,0.227907005473731,mp-1246360,0.34871517675000074,Stable,Stable
mp-1216119,-1.36495805818182,-1.6649187803268433,-0.2999607221450233,mp-1216119,0.5686855262727128,Stable,Stable
mp-24113,-1.598461975,-1.625595211982727,-0.027133236982727,mp-24113,0.0,Stable,Stable
mp-1379904,0.943814758249999,0.9982364773750304,0.0544217191250314,mp-1379904,3.4077762937500014,Unstable,Unstable
mp-1213741,1.02229067625,1.1430813074111938,0.1207906311611939,mp-1213741,2.0484803204166617,Unstable,Unstable
mp-1192809,1.07080499940476,1.0444072484970093,-0.0263977509077506,mp-1192809,1.5569932460714284,Unstable,Unstable
mp-1181460,-0.161091909027777,-0.2500019967556,-0.0889100877278229,mp-1181460,0.2711758880092594,Stable,Stable
mp-1207105,-0.174731057499999,-0.4476103484630584,-0.2728792909630594,mp-1207105,1.2422788762500003,Stable,Stable
mp-1246343,-0.472829218125,-0.4665980041027069,0.006231214022293,mp-1246343,0.07602617687500057,Stable,Stable
mp-1180428,1.01121470140625,0.7150735259056091,-0.2961411755006409,mp-1180428,1.191936515052082,Unstable,Unstable
mp-1246704,-0.07145261,-0.0233383402228355,0.0481142697771644,mp-1246704,0.23177398518181747,Stable,Stable
mp-1361667,-0.22383929314516,0.3130898773670196,0.5369291705121797,mp-1361667,1.1339560108064521,Stable,Unstable
mp-1413923,1.6621324315,0.7191135883331299,-0.94301884316687,mp-1413923,2.7832061405882347,Unstable,Unstable
mp-1247092,0.238354829861113,0.3315980136394501,0.093243183778337,mp-1247092,0.34189830611111205,Unstable,Unstable
mp-1245956,-0.100641268392848,-0.035320833325386,0.0653204350674619,mp-1245956,0.3792650664285695,Stable,Stable
mp-1194130,-0.97690998392857,-0.9807212948799132,-0.0038113109513433,mp-1194130,0.0,Stable,Stable
mp-1246139,0.091599108095234,0.1047666296362876,0.0131675215410536,mp-1246139,0.40032964041666474,Unstable,Unstable
mp-1246076,-0.127649073205129,-0.2152617275714874,-0.0876126543663584,mp-1246076,0.3465357596153851,Stable,Stable
mp-1246612,-0.453349249374998,-0.4528088867664337,0.0005403626085642,mp-1246612,0.2562688637500017,Stable,Stable
mp-541204,-1.77311691907895,-1.839449524879456,-0.0663326058005056,mp-541204,0.14482144296365806,Stable,Stable
mp-1212058,-1.128935222,-1.141789436340332,-0.012854214340332,mp-1212058,0.3315188631770827,Stable,Stable
mp-1247397,0.400967924375005,0.4400087893009186,0.0390408649259135,mp-1247397,0.4402014800000025,Unstable,Unstable
mp-1196445,-1.18704634998,-1.1939972639083862,-0.0069509139283863,mp-1196445,0.17369988534999692,Stable,Stable
mp-1245955,-0.210607339166666,-0.313920110464096,-0.10331277129743,mp-1245955,0.46521925583333434,Stable,Stable
mp-1192067,0.122396409956298,0.0932193920016288,-0.0291770179546691,mp-1192067,0.1657570781381139,Unstable,Unstable
mp-1246521,-0.100720842777775,-0.0591035187244415,0.0416173240533334,mp-1246521,0.07403895092592805,Stable,Stable
mp-1180361,-1.20568527966667,-1.3168209791183472,-0.1111356994516772,mp-1180361,0.40259680858334246,Stable,Stable
mp-1245953,0.193889563035712,0.2387127876281738,0.0448232245924618,mp-1245953,0.2259883006547625,Unstable,Unstable
mp-647252,0.141874014696968,0.1317027509212494,-0.0101712637757186,mp-647252,0.20231455856060876,Unstable,Unstable
mp-569935,-1.55567908055555,-1.533558368682861,0.0221207118726887,mp-569935,0.0,Stable,Stable
mp-1018734,0.719128950833332,0.6735337972640991,-0.0455951535692328,mp-1018734,0.7191289508333334,Unstable,Unstable
mp-1204227,0.015425901249999,0.1195650026202201,0.1041391013702211,mp-1204227,0.7122162009943169,Unstable,Unstable
mp-680421,-2.09259253678571,-2.1483912467956543,-0.0557987100099444,mp-680421,0.017837935952382367,Stable,Stable
mp-6988,-0.3137454275,-0.215995192527771,0.097750234972229,mp-6988,0.0,Stable,Stable
mp-1247004,-0.37183816720192,-0.3850380778312683,-0.0131999106293483,mp-1247004,0.04821384376923277,Stable,Stable
mp-971684,0.088740559642857,0.1318259835243225,0.0430854238814655,mp-971684,0.0887405596428561,Unstable,Unstable
mp-625815,-0.417957192045455,-0.2843707203865051,0.1335864716589498,mp-625815,0.30252031227272713,Stable,Stable
mp-1247132,-1.12337456833333,-1.0656098127365112,0.0577647555968188,mp-1247132,0.1233583303703707,Stable,Stable
mp-1200944,-1.45936098519608,-1.526178002357483,-0.0668170171614028,mp-1200944,0.008005856176469095,Stable,Stable
mp-1246143,-0.188526784166667,-0.2668806612491607,-0.0783538770824937,mp-1246143,0.3594074100462965,Stable,Stable
mp-1246207,-1.05627444277778,-1.0174922943115234,0.0387821484662564,mp-1246207,0.044470735370369496,Stable,Stable
mp-28370,-1.59524847381944,-1.6230260133743286,-0.0277775395548887,mp-28370,0.0,Stable,Stable
mp-1245728,-0.58894629,-0.5714357495307922,0.0175105404692077,mp-1245728,0.10210506894444382,Stable,Stable
mp-570185,-0.010579917899728,0.0119923502206802,0.0225722681204082,mp-570185,0.011304397025044377,Stable,Unstable
mp-560879,0.146044126178905,0.0976945683360099,-0.048349557842895,mp-560879,0.3647326535565476,Unstable,Unstable
mp-645700,-0.246732075328863,-0.2371644973754882,0.0095675779533747,mp-645700,0.04642316978494376,Stable,Stable
mp-1014910,0.019564191249999,0.0310144498944282,0.0114502586444292,mp-1014910,0.5190220708333335,Unstable,Unstable
mp-1202436,-0.51204434945652,-0.432992547750473,0.0790518017060469,mp-1202436,0.05188814923913032,Stable,Stable
mp-1101883,1.18410316125,1.354704976081848,0.1706018148318482,mp-1101883,2.124638518333333,Unstable,Unstable
mp-1247529,-0.457889258920019,-0.3882494568824768,0.0696398020375422,mp-1247529,0.3327959422964559,Stable,Stable
mp-1204768,-0.407555317044753,-0.4016283750534057,0.0059269419913472,mp-1204768,0.10834880231481403,Stable,Stable
mp-1245730,0.356558410769231,0.3585957586765289,0.0020373479072979,mp-1245730,0.35655841076923167,Unstable,Unstable
mp-1246439,-0.209769613333334,-0.2745285928249359,-0.0647589794916019,mp-1246439,0.21014197799999756,Stable,Stable
mp-722979,-0.440553678966667,-0.4494653046131134,-0.0089116256464464,mp-722979,0.0,Stable,Stable
mp-761034,-2.36009121041667,-2.3615646362304688,-0.0014734258137987,mp-761034,0.20693689583333352,Stable,Stable
mp-11607,-1.22144592285714,-1.1761542558670044,0.0452916669901355,mp-11607,0.09949754000000155,Stable,Stable
mp-24508,-2.46540380791667,-2.474839687347412,-0.0094358794307423,mp-24508,0.0,Stable,Stable
mp-1002252,-0.342779269816666,-0.8079083561897278,-0.4651290863730618,mp-1002252,0.5574749525999989,Stable,Stable
mp-753671,-1.47978039321429,-1.4529125690460205,0.0268678241682693,mp-753671,0.06154695966666601,Stable,Stable
mp-1120827,-0.344327553229167,-0.5835714340209961,-0.239243880791829,mp-1120827,0.3928502931249973,Stable,Stable
mp-1245472,-0.955425281718747,-0.939212441444397,0.0162128402743499,mp-1245472,0.10259332015625233,Stable,Stable
mp-1198625,-0.809906205624999,-0.7837787866592407,0.0261274189657583,mp-1198625,0.03308609574999988,Stable,Stable
mp-1246183,-1.62613744064815,-1.549412965774536,0.0767244748736137,mp-1246183,0.16449887944444264,Stable,Stable
mp-1245445,-0.876291474435738,-0.8224945068359375,0.0537969675998004,mp-1245445,0.0,Stable,Stable
mp-31054,-1.56009156704545,-1.537857174873352,0.0222343921720979,mp-31054,0.0,Stable,Stable
mp-721268,-0.797746069230769,-0.7954826354980469,0.002263433732722,mp-721268,0.34458181929149845,Stable,Stable
mp-1246996,-0.685545428984675,-0.8140589594841003,-0.1285135304994253,mp-1246996,0.150438222836617,Stable,Stable
mp-1245923,-0.525998067483321,-0.5780696272850037,-0.0520715598016826,mp-1245923,0.2662309014166677,Stable,Stable
mp-1204171,-0.796096383249999,-0.7540997266769409,0.041996656573058,mp-1204171,0.7854618002500011,Stable,Stable
mp-1421344,0.344377929833331,0.3215011358261108,-0.0228767940072201,mp-1421344,0.71591454,Unstable,Unstable
mp-1245228,-0.746801005725001,-0.7353944778442383,0.0114065278807626,mp-1245228,0.6661779873999993,Stable,Stable
mp-10736,-0.400365088750002,-0.3946158289909363,0.0057492597590657,mp-10736,0.0,Stable,Stable
mp-236,0.5086555859375,0.5995043516159058,0.0908487656784057,mp-236,0.5086555859375004,Unstable,Unstable
mp-1015076,0.110651337083335,0.1549727320671081,0.0443213949837731,mp-1015076,0.6101092166666682,Unstable,Unstable
mp-1247129,-1.2296417908125,-1.347441554069519,-0.1177997632570191,mp-1247129,0.28767056725000373,Stable,Stable
mp-623448,1.18818436374999,0.7967457175254822,-0.3914386462245078,mp-623448,2.234581951999999,Unstable,Unstable
mp-1225423,-0.047201037857141,-0.1141567006707191,-0.0669556628135781,mp-1225423,0.11991678071428247,Stable,Stable
mp-1247530,-0.514812646,-0.5221982002258301,-0.00738555422583,mp-1247530,0.053069074266666405,Stable,Stable
mp-1216776,-1.969950068125,-1.9626506567001345,0.0072994114248656,mp-1216776,0.11001692765624149,Stable,Stable
mp-989542,-0.712485867166668,-0.6929869055747986,0.0194989615918693,mp-989542,0.008422844000002705,Stable,Stable
mp-1203794,-0.26563815923913,-0.2660498917102813,-0.0004117324711513,mp-1203794,0.11634452956521812,Stable,Stable
mp-27849,-1.67734206944445,-1.6293920278549194,0.0479500415895306,mp-27849,0.13986800385416664,Stable,Stable
mp-568700,0.281973030603449,0.2817723453044891,-0.0002006852989598,mp-568700,0.4827358596934861,Unstable,Unstable
mp-605056,-0.213887800361842,-0.1844638884067535,0.0294239119550884,mp-605056,0.06645857166897606,Stable,Stable
mp-1245726,-0.035250845535711,0.0179719701409339,0.0532228156766449,mp-1245726,0.17880253142857505,Stable,Unstable
mp-1246888,-0.822691908381226,-0.8113147616386414,0.0113771467425846,mp-1246888,0.012744317777776182,Stable,Stable
mp-1181268,1.07831985402777,1.115537405014038,0.037217550986268,mp-1181268,1.5504225817592578,Unstable,Unstable
mp-632706,-0.546565223333333,-0.5100602507591248,0.0365049725742082,mp-632706,0.16379616735769353,Stable,Stable
mp-1245855,-0.627311666166662,-0.6528888940811157,-0.0255772279144537,mp-1245855,0.04714371666666217,Stable,Stable
mp-778375,-2.86363341818182,-2.8658246994018555,-0.0021912812200355,mp-778375,0.113887180645456,Stable,Stable
mp-1245848,-0.099433971493056,-0.0694451853632927,0.0299887861297633,mp-1245848,0.06014548694444599,Stable,Stable
mp-603694,-0.57720187,-0.441258043050766,0.135943826949234,mp-603694,0.7437415928571447,Stable,Stable
mp-585964,-0.245937132148378,-0.359017938375473,-0.113080806227095,mp-585964,0.2073948186764687,Stable,Stable
mp-989589,-0.842123075146551,-0.9228805303573608,-0.0807574552108097,mp-989589,0.0,Stable,Stable
mp-1214301,-1.5722277225,-1.7483224868774414,-0.1760947643774413,mp-1214301,0.6581109953333346,Stable,Stable
mp-1001117,-0.196312870814654,-0.1695538759231567,0.0267589948914972,mp-1001117,0.19562223049999972,Stable,Stable
mp-1189889,-1.61417648996032,-1.7977763414382937,-0.1835998514779735,mp-1189889,0.44592981638888407,Stable,Stable
mp-1392436,0.066362201999999,0.1179413869976997,0.0515791849977007,mp-1392436,0.19630703502702662,Unstable,Unstable
mp-1097059,-0.132767511488095,-0.1181505322456359,0.014616979242459,mp-1097059,0.36669036809523803,Stable,Stable
mp-9981,-0.435483445905172,-0.3994208574295044,0.0360625884756676,mp-9981,0.0,Stable,Stable
mp-1247112,-0.63084081142857,-0.6845875382423401,-0.0537467268137701,mp-1247112,0.14544438285714278,Stable,Stable
mp-1180955,-1.59524174752041,-1.5226969718933103,0.0725447756270993,mp-1180955,0.6616970034523799,Stable,Stable
mp-1246694,0.025031663272988,-0.2076822817325592,-0.2327139450055472,mp-1246694,0.36062620679166635,Unstable,Stable
mp-1147771,-0.082109512678568,0.0506772175431251,0.1327867302216931,mp-1147771,0.3977968221428583,Stable,Unstable
mp-1221105,3.5305635275,2.3225865364074707,-1.207976991092529,mp-1221105,4.036914452083333,Unstable,Unstable
mp-1246885,-0.257823149500001,-0.118194431066513,0.1396287184334879,mp-1246885,0.11612287199999471,Stable,Stable
mp-1246464,0.220073129249999,-0.0589241944253444,-0.2789973236753434,mp-1246464,0.2661136327499989,Unstable,Stable
mp-1227260,-1.69917760125,-1.7225844860076904,-0.0234068847576904,mp-1227260,0.09359587859375118,Stable,Stable
mp-1017567,-2.0485119460625,-2.00616717338562,0.0423447726768797,mp-1017567,0.0,Stable,Stable
mp-1078490,-0.430831664,-0.4045515060424804,0.0262801579575195,mp-1078490,1.437469530250004,Stable,Stable
mp-1642,-1.31106726992424,-1.3165593147277832,-0.0054920448035431,mp-1642,0.021467342954547775,Stable,Stable
mp-1238362,-0.088689265297619,-0.0701490715146064,0.0185401937830125,mp-1238362,0.32935722208333296,Stable,Stable
mp-1102920,1.42451802,1.3152921199798584,-0.1092259000201416,mp-1102920,1.885930255681819,Unstable,Unstable
mp-1029502,-1.10484689607143,-1.249359965324402,-0.1445130692529719,mp-1029502,0.0,Stable,Stable
mp-1245454,0.052971115380747,0.038144014775753,-0.0148271006049939,mp-1245454,0.30271283833333307,Unstable,Unstable
mp-1009649,-1.18891160520833,-1.3254828453063965,-0.1365712400980665,mp-1009649,0.35688221999999925,Stable,Stable
mp-37808,-1.85799524052632,-1.8844355344772337,-0.0264402939509138,mp-37808,0.0,Stable,Stable
mp-727270,-1.04491727107143,-1.184871792793274,-0.1399545217218438,mp-727270,0.5831172952738122,Stable,Stable
mp-1104288,-1.6082595175,-1.613623023033142,-0.005363505533142,mp-1104288,0.1928887070833314,Stable,Stable
mp-1236886,-0.749423235795455,-0.7316319942474365,0.0177912415480184,mp-1236886,0.10265621499999966,Stable,Stable
mp-23893,-0.798387499531249,-0.8161534667015076,-0.0177659671702585,mp-23893,0.13897817593750172,Stable,Stable
mp-1018641,-1.12493511775,-1.1289557218551636,-0.0040206041051635,mp-1018641,0.0,Stable,Stable
mp-28018,-0.671796212499999,-0.6106904149055481,0.0611057975944508,mp-28018,0.0,Stable,Stable
mp-1246895,-0.789502996388886,-0.5824698805809021,0.2070331158079839,mp-1246895,0.23789747472222444,Stable,Stable
mp-1246819,0.101710491458332,0.0317293554544448,-0.0699811360038871,mp-1246819,0.173890487083332,Unstable,Unstable
mp-1246746,-1.0171536325,-0.973722279071808,0.043431353428192,mp-1246746,0.18445605662036968,Stable,Stable
mp-1209884,0.818479903035714,0.5540738701820374,-0.2644060328536767,mp-1209884,1.3802871291904735,Unstable,Unstable
mp-1247135,-1.09353391032407,-1.0531470775604248,0.0403868327636451,mp-1247135,0.11758281504629764,Stable,Stable
mp-1203875,-0.318322030714285,-0.3431175649166107,-0.0247955342023257,mp-1203875,0.012078508129250487,Stable,Stable
mp-552185,-0.680663545333334,-0.6978934407234192,-0.0172298953900852,mp-552185,0.0,Stable,Stable
mp-1245772,-0.394655255344827,-0.3976026475429535,-0.0029473921981265,mp-1245772,0.19299558403097006,Stable,Stable
mp-1200015,-0.990583297948719,-1.0430293083190918,-0.0524460103703727,mp-1200015,0.025698095592950665,Stable,Stable
mp-604337,0.196200105224359,-0.0033174529671669,-0.1995175581915259,mp-604337,0.11719247522436049,Unstable,Stable
mp-721707,-0.805610119374999,-0.8125671744346619,-0.0069570550596628,mp-721707,0.06304971352272304,Stable,Stable
mp-1104513,1.36493361766667,0.4244942963123321,-0.9404393213543378,mp-1104513,1.3649336176666687,Unstable,Unstable
mp-1181889,0.011782941145833,-0.0130270048975944,-0.0248099460434274,mp-1181889,0.6842606024107223,Unstable,Stable
mp-1247459,-0.899363651929824,-0.9468375444412231,-0.0474738925113991,mp-1247459,0.06338541491228078,Stable,Stable
mp-1247427,-1.09450311883334,-1.0207194089889526,0.0737837098443874,mp-1247427,0.12794496198148053,Stable,Stable
mp-758097,-0.505885401923077,-0.50755375623703,-0.001668354313953,mp-758097,0.1438370176923076,Stable,Stable
mp-1190823,0.940484442916667,0.8239195346832275,-0.1165649082334394,mp-1190823,1.2514508579166668,Unstable,Unstable
mp-676894,-1.12594483824324,-1.11041259765625,0.0155322405869899,mp-676894,0.5418804648141862,Stable,Stable
mp-1195806,-0.681008566875,-0.5254244208335876,0.1555841460414123,mp-1195806,0.7036185324999993,Stable,Stable
mp-1366160,-0.739231977816666,-0.8390103578567505,-0.0997783800400844,mp-1366160,0.16102224459999803,Stable,Stable
mp-1192944,-0.667574670976189,-0.6462017297744751,0.0213729412017139,mp-1192944,0.0,Stable,Stable
mp-1247381,-0.096663359583331,-0.1407897174358368,-0.0441263578525057,mp-1247381,0.4036304691666679,Stable,Stable
mp-1205241,-0.451534960987654,-0.5078943967819214,-0.0563594357942673,mp-1205241,0.052998486901232766,Stable,Stable
mp-2229721,-2.56107669441176,-2.597296714782715,-0.0362200203709548,mp-2229721,0.22476008933824154,Stable,Stable
mp-1192144,-1.57337935520833,-1.5922815799713137,-0.0189022247629835,mp-1192144,0.0,Stable,Stable
mp-1019895,-2.81222376212963,-2.794358253479004,0.017865508650626,mp-1019895,0.11475071550925797,Stable,Stable
mp-1245459,-0.133243017083334,-0.2581589818000793,-0.1249159647167453,mp-1245459,0.2945624208333335,Stable,Stable
mp-1200966,-1.4196426196875,-1.4516596794128418,-0.0320170597253417,mp-1200966,0.051464861302082276,Stable,Stable
mp-1222181,-0.156751672951317,-0.2543343603610992,-0.0975826874097822,mp-1222181,0.07853389578093406,Stable,Stable
mp-989646,-1.19491971725,-1.1786023378372192,0.0163173794127806,mp-989646,0.049363927000001695,Stable,Stable
mp-1196719,-0.559569725526315,-0.616629421710968,-0.057059696184653,mp-1196719,0.501609186282888,Stable,Stable
mp-22234,-1.89733661642857,-2.0124430656433105,-0.1151064492147404,mp-22234,0.22010441047619267,Stable,Stable
mp-637256,-0.153013027361107,-0.1501350402832031,0.0028779870779038,mp-637256,0.12030490777777203,Stable,Stable
mp-1201350,-0.753674016528736,-0.9177426099777222,-0.1640685934489861,mp-1201350,0.1944145981666665,Stable,Stable
mp-1247100,-0.481156127777778,-0.3671021163463592,0.1140540114314187,mp-1247100,0.03846265814814842,Stable,Stable
mp-1179967,-1.11773735433036,-1.4045647382736206,-0.2868273839432607,mp-1179967,0.4962985851562509,Stable,Stable
mp-1192539,0.367373273159718,0.4203535616397857,0.0529802884800677,mp-1192539,0.36737327315972124,Unstable,Unstable
mp-834,-1.771323434375,-1.7791558504104614,-0.0078324160354614,mp-834,0.0,Stable,Stable
mp-685440,-1.34030141767014,-1.3193621635437012,0.0209392541264388,mp-685440,0.04891428159722366,Stable,Stable
mp-1078568,0.238673491250001,0.2789118885993957,0.0402383973493947,mp-1078568,0.23867349125000104,Unstable,Unstable
mp-1096989,-0.511724911666666,-0.5138345956802368,-0.0021096840135708,mp-1096989,0.06546359444444505,Stable,Stable
mp-726944,0.962675278763953,0.8442804217338562,-0.1183948570300967,mp-726944,0.9848703786272317,Unstable,Unstable
mp-29929,-0.177802058879309,-0.2001608610153198,-0.0223588021360108,mp-29929,0.24835164468869664,Stable,Stable
mp-1228894,-1.167687759375,-1.1530216932296753,0.0146660661453246,mp-1228894,0.00717303000000058,Stable,Stable
mp-3402,-1.48815128791667,-1.5282472372055054,-0.0400959492888353,mp-3402,0.0,Stable,Stable
mp-676400,-0.757804914583335,-0.7367969155311584,0.0210079990521765,mp-676400,0.11217182333333042,Stable,Stable
mp-1220659,-1.102134095625,-1.2959847450256348,-0.1938506494006346,mp-1220659,0.25287738062499976,Stable,Stable
mp-759356,-1.3333661928125,-1.3637009859085083,-0.0303347930960082,mp-759356,0.0,Stable,Stable
mp-1014558,-0.530363914464288,-0.506831705570221,0.023532208894067,mp-1014558,0.1117962164285693,Stable,Stable
mp-1209607,0.145303835416665,-0.2443569600582122,-0.3896607954748773,mp-1209607,0.6115199231249999,Unstable,Stable
mp-569383,-0.850118299772727,-0.7682953476905823,0.0818229520821447,mp-569383,0.0,Stable,Stable
mp-1229201,-0.537861301184209,-0.5794293284416199,-0.0415680272574108,mp-1229201,0.0,Stable,Stable
mp-1238119,-1.72303288105263,-1.8402036428451536,-0.1171707617925237,mp-1238119,0.04967577052631622,Stable,Stable
mp-571259,0.355339917611113,0.2796551883220672,-0.0756847292890457,mp-571259,0.07130911794444472,Unstable,Unstable
mp-1245392,-0.025597998381226,-0.1140510216355323,-0.0884530232543063,mp-1245392,0.26472429888888627,Stable,Stable
mp-1199307,-0.477014503058035,-0.5511457324028015,-0.0741312293447665,mp-1199307,1.0404076189374987,Stable,Stable
mp-1247071,-0.045758442119248,-0.1109939068555831,-0.0652354647363352,mp-1247071,0.17198328083333436,Stable,Stable
mp-28551,-0.133594049666666,-0.1782640516757965,-0.0446700020091305,mp-28551,0.196034937333331,Stable,Stable
mp-29960,-0.25325481590909,-0.2095770537853241,0.0436777621237658,mp-29960,0.12512884113636247,Stable,Stable
mp-22043,0.169904597424241,0.1637050807476043,-0.0061995166766366,mp-22043,1.090471384136361,Unstable,Unstable
mp-24468,-1.08665802166667,-1.0783525705337524,0.0083054511329174,mp-24468,0.002192212289475748,Stable,Stable
mp-1079569,-0.444054495185185,-0.6770160794258118,-0.2329615842406267,mp-1079569,0.5114227761111128,Stable,Stable
mp-726771,-0.095018684545454,-0.0575681403279304,0.0374505442175235,mp-726771,0.31489481499999883,Stable,Stable
mp-1220101,-0.159330266845238,-0.1692633330821991,-0.0099330662369611,mp-1220101,0.12055186357143022,Stable,Stable
mp-554840,-0.5127945615625,-0.4971463978290558,0.0156481637334442,mp-554840,0.12259756274999933,Stable,Stable
mp-1206130,0.109825293,-0.0707643330097198,-0.1805896260097198,mp-1206130,0.4838408720000018,Unstable,Stable
mp-757336,-2.52947230475,-2.5379955768585205,-0.0085232721085204,mp-757336,0.12972544275000075,Stable,Stable
mp-1208097,-1.26531203868421,-1.2724119424819946,-0.0070999037977845,mp-1208097,0.60276204684211,Stable,Stable
mp-1247534,-0.308658376000001,-0.2542571127414703,0.0544012632585306,mp-1247534,0.13613227999999644,Stable,Stable
mp-1198332,-0.867718494833333,-0.9120880365371704,-0.0443695417038374,mp-1198332,0.20910029133333286,Stable,Stable
mp-759651,-1.07963119916667,-1.0940608978271484,-0.0144296986604783,mp-759651,0.026588641041665362,Stable,Stable
mp-1196017,-0.353606646805555,-0.3093436062335968,0.0442630405719581,mp-1196017,0.00892813333333109,Stable,Stable
mp-29703,-1.3420455675,-1.3263945579528809,0.0156510095471191,mp-29703,0.0,Stable,Stable
mp-788130,2.23402518,1.0488126277923584,-1.1852125522076418,mp-788130,3.0303061409999996,Unstable,Unstable
mp-1406172,-0.468758942166667,-0.3936080634593963,0.0751508787072706,mp-1406172,0.1594006728333328,Stable,Stable
mp-554289,-1.37664296291667,-1.4403921365737915,-0.0637491736571214,mp-554289,0.24392686961557786,Stable,Stable
mp-9029,-1.26755598232143,-1.220399022102356,0.047156960219074,mp-9029,0.0,Stable,Stable
mp-1245420,-0.808557015000001,-0.6669403314590454,0.1416166835409555,mp-1245420,0.03742892272727261,Stable,Stable
mp-1245984,-0.016954204444444,-0.3192849457263946,-0.3023307412819506,mp-1245984,0.3110284441666682,Stable,Stable
mp-555122,-1.13399800105263,-1.1036748886108398,0.0303231124417902,mp-555122,0.0,Stable,Stable
mp-721006,-0.474078721249999,-0.8067200779914856,-0.3326413567414866,mp-721006,1.131033290312498,Stable,Stable
mp-1194188,-0.479423935357144,-0.3777794241905212,0.1016445111666227,mp-1194188,0.00893826425823896,Stable,Stable
mp-13589,0.076228071375001,0.1626948714256286,0.0864668000506276,mp-13589,0.35882387000000193,Unstable,Unstable
mp-1179247,-0.920158115984848,-0.8778671622276306,0.0422909537572173,mp-1179247,0.17583702909091148,Stable,Stable
mp-1212961,-0.907163462916666,-0.8993319869041443,0.0078314760125217,mp-1212961,0.0,Stable,Stable
mp-1182482,-0.507841432857142,-0.5466763377189636,-0.0388349048618216,mp-1182482,0.4913126516071449,Stable,Stable
mp-1225106,-0.185150554761904,-0.1779638528823852,0.0071867018795187,mp-1225106,0.15560281428571088,Stable,Stable
mp-1247360,-0.712481513095237,-0.7178552746772766,-0.0053737615820396,mp-1247360,0.04524540071428618,Stable,Stable
mp-1247369,-0.911768391944444,-0.9616758227348328,-0.0499074307903887,mp-1247369,0.1735097976388893,Stable,Stable
mp-1191688,0.493528319772733,0.3755349516868591,-0.1179933680858738,mp-1191688,1.0530680211363657,Unstable,Unstable
mp-1105125,-1.52255918309524,-1.5745317935943604,-0.0519726104991202,mp-1105125,0.26327412589285704,Stable,Stable
mp-29067,0.228063968812499,0.3079894483089447,0.0799254794964457,mp-29067,0.4417361742499999,Unstable,Unstable
mp-1200750,-0.649829034749999,-0.6057378053665161,0.0440912293834828,mp-1200750,0.09147504033333309,Stable,Stable
mp-722193,0.974303526249999,1.0991053581237793,0.1248018318737802,mp-722193,1.5788164199999994,Unstable,Unstable
mp-1182317,1.09789694083333,0.9846588969230652,-0.1132380439102647,mp-1182317,1.4692244158333332,Unstable,Unstable
mp-1029627,-0.562404130833333,-0.6727529168128967,-0.1103487859795637,mp-1029627,0.0,Stable,Stable
mp-13036,-0.4567856525,-0.5263165831565857,-0.0695309306565857,mp-13036,0.08943476624999924,Stable,Stable
mp-1246525,-0.696359566944439,-0.6823180913925171,0.0140414755519219,mp-1246525,0.33104090416666665,Stable,Stable
mp-1179476,-1.444073304,-1.3667811155319214,0.0772921884680786,mp-1179476,0.8304016880000038,Stable,Stable
mp-15845,-0.556822559880953,-0.524436354637146,0.0323862052438069,mp-15845,0.0,Stable,Stable
mp-1246433,0.194045828214284,0.1499058604240417,-0.0441399677902422,mp-1246433,0.4611998132142858,Unstable,Unstable
mp-722050,5.47454266,2.5447731018066406,-2.9297695581933594,mp-722050,6.23815184471875,Unstable,Unstable
mp-1192781,1.259898540625,1.0035734176635742,-0.2563251229614258,mp-1192781,1.3865587486363644,Unstable,Unstable
mp-1247442,-0.806337891522729,-0.7044616341590881,0.1018762573636408,mp-1247442,0.10660427056060495,Stable,Stable
mp-1245871,-0.298495954166667,-0.3144141435623169,-0.0159181893956498,mp-1245871,0.3343173331944431,Stable,Stable
mp-762197,-0.532095090892857,-0.5478450059890747,-0.0157499150962177,mp-762197,0.067371062857144,Stable,Stable
mp-542791,-2.10839388875,-2.0450856685638428,0.063308220186157,mp-542791,1.4276666666646065e-05,Stable,Stable
mp-1246651,-1.0898999544887,-1.0530301332473757,0.0368698212413245,mp-1246651,0.22360285901620713,Stable,Stable
mp-568713,-0.340531713392857,-0.4391997754573822,-0.0986680620645252,mp-568713,0.08548106333333294,Stable,Stable
mp-1210156,-0.575993943666667,-0.5341948866844177,0.0417990569822492,mp-1210156,0.7448372624166488,Stable,Stable
mp-1204140,-1.17837201502874,-1.2059545516967771,-0.0275825366680373,mp-1204140,0.007443434999999887,Stable,Stable
mp-1196564,-0.425362825147059,-0.5206647515296936,-0.0953019263826346,mp-1196564,0.5831192626470587,Stable,Stable
mp-1218383,-1.587937301875,-1.553223967552185,0.0347133343228149,mp-1218383,0.04595563500000033,Stable,Stable
mp-1080201,0.062149378392851,0.2005479037761688,0.1383985253833178,mp-1080201,0.11299099071428031,Unstable,Unstable
mp-569961,-0.843027991887477,-0.806200385093689,0.036827606793788,mp-569961,0.0,Stable,Stable
mp-1247358,-0.773438315277779,-0.8091070055961609,-0.0356686903183819,mp-1247358,0.36178468736111036,Stable,Stable
mp-1219988,-0.830115587361114,-0.8389541506767273,-0.0088385633156132,mp-1219988,0.2004136294444443,Stable,Stable
mp-30006,-0.921105642222222,-0.991738498210907,-0.0706328559886849,mp-30006,0.0,Stable,Stable
mp-1014345,-0.558815138035717,-0.5172446966171265,0.0415704414185905,mp-1014345,0.08334499285714081,Stable,Stable
mp-1245876,-0.2870611778125,-0.3248020708560943,-0.0377408930435943,mp-1245876,0.38920278187499946,Stable,Stable
mp-638137,0.295762290052086,0.5238959789276123,0.2281336888755263,mp-638137,0.45309562338541554,Unstable,Unstable
mp-1009833,-0.867008554708334,-0.8764364719390869,-0.0094279172307528,mp-1009833,0.49169759333333474,Stable,Stable
mp-1246788,-1.1555239825,-1.0813134908676147,0.0742104916323853,mp-1246788,0.0,Stable,Stable
mp-1212266,-1.43693291621605,-1.452958583831787,-0.016025667615737,mp-1212266,0.0,Stable,Stable
mp-1019784,-1.41656652495,-1.3677560091018677,0.0488105158481322,mp-1019784,0.2873423743000014,Stable,Stable
mp-1207408,-1.18127393208333,-1.170356035232544,0.0109178968507861,mp-1207408,0.0,Stable,Stable
mp-570572,0.147267648214285,0.0882123038172721,-0.0590553443970128,mp-570572,0.14726764821428517,Unstable,Unstable
mp-1247493,-0.251659687570533,-0.3401202261447906,-0.0884605385742576,mp-1247493,0.07362110664800614,Stable,Stable
mp-1197497,-0.429803729191175,-0.4439336061477661,-0.0141298769565911,mp-1197497,0.5413369171470581,Stable,Stable
mp-706632,-0.612857543697916,-0.6191743612289429,-0.0063168175310268,mp-706632,0.0,Stable,Stable
mp-1246404,-0.321703078888889,-0.2282164692878723,0.0934866096010166,mp-1246404,0.24459201462962632,Stable,Stable
mp-1103104,-0.461424632708312,-0.5051456689834595,-0.0437210362751474,mp-1103104,0.6290871933333335,Stable,Stable
mp-1580,-1.042432479375,-1.0352057218551636,0.0072267575198363,mp-1580,0.2043587649999985,Stable,Stable
mp-569918,-0.633116986634356,-0.6518588662147522,-0.0187418795803961,mp-569918,0.006258471639555729,Stable,Stable
mp-541187,-0.783507000333333,-0.8521968722343445,-0.0686898719010115,mp-541187,0.10316056266666607,Stable,Stable
mp-1246707,-1.16233482261905,-1.2844233512878418,-0.1220885286687918,mp-1246707,0.14071366095238158,Stable,Stable
mp-1245808,-0.694825969965277,-0.7176671028137207,-0.0228411328484436,mp-1245808,0.06053017562499896,Stable,Stable
mp-1246601,-0.963261123333333,-1.078100323677063,-0.1148392003437299,mp-1246601,0.1736016320370375,Stable,Stable
mp-1006617,-1.29977963802198,-1.4681618213653564,-0.1683821833433765,mp-1006617,0.6060907888942362,Stable,Stable
mp-1246238,0.415920177222226,0.3832619190216064,-0.0326582582006195,mp-1246238,0.4159201772222261,Unstable,Unstable
mp-1014324,0.516607649374998,0.6841333508491516,0.1675257014741535,mp-1014324,0.5166076493749987,Unstable,Unstable
mp-1190356,-1.89891221105159,-1.9039226770401,-0.0050104659885101,mp-1190356,0.6544080474999916,Stable,Stable
mp-1245486,-0.550804280937498,-0.5500232577323914,0.0007810232051066,mp-1245486,0.2890318050000005,Stable,Stable
mp-844,-0.959720684249999,-0.821147620677948,0.138573063572051,mp-844,0.0,Stable,Stable
mp-29076,-0.387638351249999,-0.2757865488529205,0.1118518023970784,mp-29076,0.09480538281249729,Stable,Stable
mp-1246566,-0.40086232163889,-0.3807231187820434,0.0201392028568465,mp-1246566,0.2687740472222231,Stable,Stable
mp-727168,0.026540618478259,0.7378130555152893,0.7112724370370304,mp-727168,0.7922568571195683,Unstable,Unstable
mp-623064,-1.70324403038461,-1.6652156114578247,0.0380284189267852,mp-623064,0.041915363918272774,Stable,Stable
mp-708038,-0.61624013444679,-0.5400861501693726,0.0761539842774174,mp-708038,0.4964551872698486,Stable,Stable
mp-1245375,-0.72173714815217,-0.8035858869552612,-0.0818487388030911,mp-1245375,0.3541212313043527,Stable,Stable
mp-1200281,-0.049627501865234,-0.0467923432588577,0.0028351586063762,mp-1200281,0.29517658258789137,Stable,Stable
mp-1200240,-0.27759155560606,-0.2754435837268829,0.002147971879177,mp-1200240,0.0914676727272763,Stable,Stable
mp-1245406,-0.511588533863636,-0.582673192024231,-0.0710846581605949,mp-1245406,0.22819667207070804,Stable,Stable
mp-1245706,-0.119002933099856,0.3183556497097015,0.4373585828095575,mp-1245706,0.06857953208333356,Stable,Unstable
mp-1202786,-1.18173299117242,-1.2113585472106934,-0.0296255560382734,mp-1202786,0.15500551628333525,Stable,Stable
mp-1247481,-0.35715689375479,-0.3442058265209198,0.0129510672338701,mp-1247481,0.20379847773809523,Stable,Stable
mp-1246261,-0.112235866114381,-0.0927432999014854,0.0194925662128955,mp-1246261,0.10950979117605719,Stable,Stable
mp-607371,0.124913671666665,0.1430623829364776,0.0181487112698126,mp-607371,0.12491367166666478,Unstable,Unstable
mp-629430,-0.960295248809523,-0.9906598329544068,-0.0303645841448837,mp-629430,0.0,Stable,Stable
mp-1385807,-0.741771115555556,-0.7349410653114319,0.006830050244124,mp-1385807,0.05755899833333267,Stable,Stable
mp-1404786,0.917878407499999,0.7675581574440002,-0.1503202500559988,mp-1404786,0.9178784074999999,Unstable,Unstable
mp-1238445,-1.55682381508333,-1.558237075805664,-0.001413260722334,mp-1238445,0.00827351008333288,Stable,Stable
mp-1245150,0.062435537824999,0.0158585757017135,-0.0465769621232854,mp-1245150,0.7324849446999995,Unstable,Unstable
mp-1204701,-0.193163508611111,-0.5410175919532776,-0.3478540833421666,mp-1204701,0.7994250243055552,Stable,Stable
mp-1210798,-0.595338584947916,-0.4972872138023376,0.0980513711455783,mp-1210798,1.137127415546873,Stable,Stable
mp-1228997,-0.113528435555555,-0.2327449023723602,-0.1192164668168052,mp-1228997,0.1551602167076025,Stable,Stable
mp-1017982,0.733445353333333,0.7373476624488831,0.00390230911555,mp-1017982,0.7334453533333338,Unstable,Unstable
mp-1215146,-1.43675791160714,-1.5930302143096924,-0.1562723027025523,mp-1215146,0.7293530286675338,Stable,Stable
mp-1246456,-0.078043777442528,-0.125069260597229,-0.047025483154701,mp-1246456,0.20303148538461624,Stable,Stable
mp-1224374,0.497308005249998,0.0283076390624046,-0.4690003661875934,mp-1224374,1.2730391931666656,Unstable,Unstable
mp-37906,-0.811791036805555,-0.7427809238433838,0.0690101129621711,mp-37906,0.0,Stable,Stable
mp-1207913,-1.51178774437501,-1.441554069519043,0.0702336748559671,mp-1207913,0.0,Stable,Stable
mp-566296,0.015433740714286,0.0376482680439949,0.0222145273297089,mp-566296,0.39811839023809537,Unstable,Unstable
mp-1246831,-0.223633395340517,-0.2239709794521331,-0.0003375841116161,mp-1246831,0.2186741920000017,Stable,Stable
mp-731744,0.182866634285715,0.1959457993507385,0.0130791650650235,mp-731744,0.6562973164999999,Unstable,Unstable
mp-1201009,-0.065820017916666,0.0282079800963401,0.0940279980130061,mp-1201009,1.1594802851388915,Stable,Unstable
mp-695962,-0.265349167916666,-0.2818004786968231,-0.0164513107801571,mp-695962,0.3698220841071427,Stable,Stable
mp-1246692,-0.634437547041742,-0.5958300828933716,0.0386074641483704,mp-1246692,0.14369348706578577,Stable,Stable
mp-729513,-0.396328028333332,-0.3409779667854309,0.0553500615479011,mp-729513,0.3872765618749998,Stable,Stable
mp-1191172,-1.24610464666667,-1.364427089691162,-0.118322443024492,mp-1191172,0.011007108680554545,Stable,Stable
mp-1247436,-0.674131628796298,-1.0887303352355957,-0.4145987064392977,mp-1247436,0.29592638342592537,Stable,Stable
mp-754361,-2.4361174365,-2.4653804302215576,-0.0292629937215576,mp-754361,0.2226877725000005,Stable,Stable
mp-1205005,-0.3377931315,-0.2928189039230346,0.0449742275769653,mp-1205005,0.2121134779374989,Stable,Stable
mp-758558,-0.929403983333333,-0.7316538691520691,0.1977501141812638,mp-758558,0.1641168511111104,Stable,Stable
mp-1203882,0.770287049722221,1.0111268758773804,0.2408398261551594,mp-1203882,1.5158282902777733,Unstable,Unstable
mp-776205,-2.438661913,-2.4555392265319824,-0.0168773135319826,mp-776205,0.22014329599999982,Stable,Stable
mp-557181,-1.38289586677424,-1.4185351133346558,-0.0356392465604158,mp-557181,0.028810863125000807,Stable,Stable
mp-1218874,-0.735519225592108,-0.6673582196235657,0.0681610059685423,mp-1218874,0.0,Stable,Stable
mp-1019800,0.114514014333333,-0.0010629221796989,-0.1155769365130319,mp-1019800,0.6503202719791665,Unstable,Stable
mp-1078734,1.8002741835,2.038374185562134,0.2381000020621337,mp-1078734,2.108234565750002,Unstable,Unstable
mp-780274,-2.52982167525,-2.5373897552490234,-0.0075680799990234,mp-780274,0.12913674700000044,Stable,Stable
mp-1246097,0.026356780229883,0.1153599545359611,0.0890031743060781,mp-1246097,0.1975817277777807,Unstable,Unstable
mp-1246690,-0.857285559681697,-0.8833134770393372,-0.0260279173576402,mp-1246690,0.018299528681318122,Stable,Stable
mp-989617,-1.19725906425001,-1.215312957763672,-0.0180538935136618,mp-989617,0.024336601500003496,Stable,Stable
mp-560409,-1.13301258023109,-1.0702314376831057,0.0627811425479845,mp-560409,0.23680344780811957,Stable,Stable
mp-1218049,-0.8584122272,-0.6865161061286926,0.1718961210713073,mp-1218049,0.05910136325000259,Stable,Stable
mp-1247154,-0.745209528232759,-0.6541326642036438,0.0910768640291151,mp-1247154,0.0,Stable,Stable
mp-1246206,-0.268499429444445,-0.2914072275161743,-0.0229077980717293,mp-1246206,0.4549190625000019,Stable,Stable
mp-557503,-1.20124385891107,-1.1453657150268557,0.0558781438842146,mp-557503,0.0,Stable,Stable
mp-734925,-1.110132305,-1.1446572542190552,-0.0345249492190551,mp-734925,0.17589636663762942,Stable,Stable
mp-1245987,-0.136514654195403,-0.0961316004395484,0.0403830537558545,mp-1245987,0.17748299735632145,Stable,Stable
mp-1368835,1.04894979216667,0.4120684266090393,-0.6368813655576306,mp-1368835,1.2886125545178562,Unstable,Unstable
mp-1103675,-0.753166938571429,-1.0839029550552368,-0.3307360164838078,mp-1103675,0.5862666883333301,Stable,Stable
mp-1245582,0.053774480972217,-0.0879576727747917,-0.1417321537470087,mp-1245582,0.43442112888889106,Unstable,Stable
mp-1100878,-2.13466614291667,-2.094186305999756,0.0404798369169139,mp-1100878,0.010502589097220572,Stable,Stable
mp-729795,0.706439995892856,0.9444021582603456,0.2379621623674894,mp-729795,0.854264330535714,Unstable,Unstable
mp-1220257,0.313835152249999,0.4633810818195343,0.1495459295695352,mp-1220257,0.998105027914062,Unstable,Unstable
mp-11178,-1.424325386875,-1.4516278505325315,-0.0273024636575316,mp-11178,0.0,Stable,Stable
mp-1199764,-0.936256314472414,-0.9317964315414428,0.0044598829309711,mp-1199764,0.38421206248333295,Stable,Stable
mp-1191304,-1.4006078712,-1.1601732969284058,0.2404345742715943,mp-1191304,0.7164324417333336,Stable,Stable
mp-1102371,1.30507461083333,1.3403544425964355,0.0352798317631055,mp-1102371,2.056778179166667,Unstable,Unstable
mp-36248,-0.692501166666665,-0.6944469213485718,-0.0019457546819068,mp-36248,0.0012559174999999811,Stable,Stable
mp-37179,-0.880835147937503,-0.8462501168251038,0.0345850311123991,mp-37179,0.12824822791666435,Stable,Stable
mp-1245959,0.006612053152708,0.070923201739788,0.06431114858708,mp-1245959,0.20948930928571574,Unstable,Unstable
mp-726086,-0.754304765844155,-0.7275789976119995,0.0267257682321554,mp-726086,1.2608702239610494,Stable,Stable
mp-1192000,-0.327236564166675,-0.3900654911994934,-0.0628289270328184,mp-1192000,0.025562318749997814,Stable,Stable
mp-1246813,-0.321006770000001,-0.4014204442501068,-0.0804136742501058,mp-1246813,0.4606677478947372,Stable,Stable
mp-1102642,0.1384335425,-0.1583523005247116,-0.2967858430247116,mp-1102642,1.0636620118489568,Unstable,Stable
mp-1207838,-1.26666224333333,-1.1927047967910769,0.0739574465422534,mp-1207838,0.5185548168055556,Stable,Stable
mp-1189095,-0.60034926938492,-0.7840653657913208,-0.1837160964064008,mp-1189095,0.7092230643888895,Stable,Stable
mp-1212999,-0.87835709590909,-0.8673094511032104,0.0110476448058794,mp-1212999,0.02920737659090822,Stable,Stable
mp-1180728,-0.386821975192308,-0.5538038611412048,-0.1669818859488968,mp-1180728,0.7723428864423099,Stable,Stable
mp-1209135,-0.643113456388888,-0.8708875775337219,-0.2277741211448339,mp-1209135,0.4516957063888887,Stable,Stable
mp-989459,-0.104463464090911,0.0368179902434349,0.1412814543343459,mp-989459,0.4093470788636342,Stable,Unstable
mp-1189263,-0.755867288333332,-0.760435938835144,-0.0045686505018119,mp-1189263,0.0,Stable,Stable
mp-758953,-0.553056817240259,-0.5344603061676025,0.0185965110726564,mp-758953,0.008160494545454533,Stable,Stable
mp-1197147,-0.73312327735294,-0.6479381322860718,0.0851851450668682,mp-1197147,0.3820173091911787,Stable,Stable
mp-1198436,-1.15297172386364,-1.1384403705596924,0.0145313533039477,mp-1198436,0.0,Stable,Stable
mp-10556,-1.00257429760417,-0.9961777925491332,0.0063965050550367,mp-10556,0.0,Stable,Stable
mp-1212677,-0.508563686640625,-0.3938583433628082,0.1147053432778167,mp-1212677,0.6507158839583331,Stable,Stable
mp-637209,0.645077862499999,0.705179750919342,0.060101888419343,mp-637209,0.3201778624999996,Unstable,Unstable
mp-1078939,-1.09239859458621,-1.121450424194336,-0.0290518296081259,mp-1078939,1.1194662519999934,Stable,Stable
mp-734395,1.16639489409091,1.2826309204101562,0.1162360263192463,mp-734395,1.8524293190909082,Unstable,Unstable
mp-1194292,-0.815601886190476,-0.8191995024681091,-0.0035976162776331,mp-1194292,0.9046701971428561,Stable,Stable
mp-1407010,-1.0857733831,-1.0416641235351562,0.0441092595648437,mp-1407010,0.10892982813333418,Stable,Stable
mp-1194075,1.57784369576923,1.3407565355300903,-0.2370871602391395,mp-1194075,1.244612926538462,Unstable,Unstable
mp-1211282,0.928018720714285,-0.1728790700435638,-1.1008977907578488,mp-1211282,2.2953692678571413,Unstable,Stable
mp-642706,-0.786798299722222,-0.8184273838996887,-0.0316290841774666,mp-642706,0.1740767834649084,Stable,Stable
mp-1201377,-1.45047289551282,-1.458767652511597,-0.0082947569987765,mp-1201377,0.0,Stable,Stable
mp-730189,0.206394883333332,1.0838773250579834,0.8774824417246514,mp-730189,0.47438184869791655,Unstable,Unstable
mp-1199386,-0.264404726971153,-0.3509810864925384,-0.0865763595213854,mp-1199386,0.5707961495192286,Stable,Stable
mp-1194044,-0.568298642857142,-0.6224661469459534,-0.0541675040888113,mp-1194044,0.0,Stable,Stable
mp-999117,-0.040995013854164,-0.0181482508778572,0.0228467629763067,mp-999117,0.1337240383333338,Stable,Stable
mp-1079724,1.27240890733333,1.117006540298462,-0.1554023670348681,mp-1079724,1.5581604413333343,Unstable,Unstable
mp-1213033,-1.05370370302632,-0.9762659668922424,0.0774377361340776,mp-1213033,0.5837196700000042,Stable,Stable
mp-1211935,-0.591980376204911,-0.5449436902999878,0.0470366859049231,mp-1211935,0.7004549634868384,Stable,Stable
mp-570666,-0.414187627499994,-0.3027424216270447,0.1114452058729493,mp-570666,0.0,Stable,Stable
mp-1206257,-0.347537717222221,-0.5378121137619019,-0.1902743965396808,mp-1206257,1.267463822777779,Stable,Stable
mp-1192012,-1.61953959291667,-1.5818746089935305,0.0376649839231397,mp-1192012,0.0,Stable,Stable
mp-1194181,-0.822824871785713,-0.7377408146858215,0.0850840570998914,mp-1194181,0.0094726375000036,Stable,Stable
mp-1247125,0.078713932584243,0.0756769403815269,-0.003036992202716,mp-1247125,0.25686625136363617,Unstable,Unstable
mp-1245463,-0.274327917600574,-0.146917313337326,0.1274106042632479,mp-1245463,0.17155706198275844,Stable,Stable
mp-1200920,-1.534250195,-1.4278254508972168,0.1064247441027832,mp-1200920,0.05259705095238054,Stable,Stable
mp-1218193,-0.808895912222223,-0.7995537519454956,0.0093421602767274,mp-1218193,0.012231630740735966,Stable,Stable
mp-1247370,-0.549491073586207,-0.6401063203811646,-0.0906152467949575,mp-1247370,0.20758409213792994,Stable,Stable
mp-643754,-0.521613660000002,-0.4987361133098602,0.0228775466901417,mp-643754,0.14042582124999914,Stable,Stable
mp-1424734,1.91961867416667,2.009164571762085,0.0895458975954148,mp-1424734,1.9196186741666672,Unstable,Unstable
mp-12584,-1.59854650604166,-1.611401915550232,-0.012855409508572,mp-12584,0.0,Stable,Stable
mp-1226527,-1.6089940425,-1.682262659072876,-0.0732686165728759,mp-1226527,0.0,Stable,Stable
mp-818716,-1.53500313771428,-1.613405704498291,-0.0784025667840109,mp-818716,0.3361747179999943,Stable,Stable
mp-1246090,-0.268310701666667,-0.230898380279541,0.0374123213871259,mp-1246090,0.2028682601851859,Stable,Stable
mp-1029510,-1.13942953092593,-1.0647310018539429,0.074698529071987,mp-1029510,0.15617364574073989,Stable,Stable
mp-1247246,-0.375190018124999,-0.4030394256114959,-0.0278494074864969,mp-1247246,0.09877659354166468,Stable,Stable
mp-1199040,-1.15936512632317,-1.1612911224365234,-0.0019259961133535,mp-1199040,0.0,Stable,Stable
mp-1197524,0.712933843194441,0.5730872750282288,-0.1398465681662122,mp-1197524,1.1850365709259245,Unstable,Unstable
mp-582028,-0.374927057939655,-0.3052065968513489,0.0697204610883061,mp-582028,0.08466802849999766,Stable,Stable
mp-1211116,0.026835529403668,0.0202360078692436,-0.0065995215344243,mp-1211116,0.2119682028440355,Unstable,Unstable
mp-866641,-0.4414276521875,-0.4349249005317688,0.0065027516557312,mp-866641,0.0,Stable,Stable
mp-1059462,0.7107844775,0.8749536871910095,0.1641692096910095,mp-1059462,1.257004896249999,Unstable,Unstable
mp-11893,-0.190903453219694,-0.2258113324642181,-0.0349078792445241,mp-11893,0.09801822662878656,Stable,Stable
mp-1009049,0.788955469999995,0.7481905817985535,-0.0407648882014415,mp-1009049,0.7889554700000012,Unstable,Unstable
mp-1100799,-1.56428158133333,-1.5588234663009644,0.0054581150323655,mp-1100799,0.3352911260000013,Stable,Stable
mp-1247536,-0.0509421375,-0.0975648388266563,-0.0466227013266563,mp-1247536,0.31434691822916516,Stable,Stable
mp-28452,-0.137691478571428,-0.1942055821418762,-0.0565141035704482,mp-28452,0.031088410892854412,Stable,Stable
mp-541568,-0.9972889995,-1.003118872642517,-0.005829873142517,mp-541568,0.0,Stable,Stable
mp-1078503,-1.72882177166667,-1.636027693748474,0.0927940779181959,mp-1078503,0.3798715656249998,Stable,Stable
mp-1245870,-1.405888751,-1.4161330461502075,-0.0102442951502075,mp-1245870,0.13081915799999955,Stable,Stable
mp-1208644,-0.66785707729209,-0.5500636696815491,0.1177934076105409,mp-1208644,0.2908536371691177,Stable,Stable
mp-1104128,1.32136190032875,1.2078713178634644,-0.1134905824652856,mp-1104128,1.7107927975677653,Unstable,Unstable
mp-675832,-1.384533743125,-1.3774116039276123,0.0071221391973876,mp-675832,0.039791643750000105,Stable,Stable
mp-1246133,-0.797575634375,-0.810036838054657,-0.0124612036796569,mp-1246133,0.07798473499999581,Stable,Stable
mp-1189096,-0.207537412499998,-0.2098594605922699,-0.0023220480922719,mp-1189096,0.568612415625001,Stable,Stable
mp-1227828,-2.448951493,-2.4922494888305664,-0.0432979958305663,mp-1227828,0.1289355756249968,Stable,Stable
mp-1247194,-0.332567093888889,-0.3227640986442566,0.0098029952446324,mp-1247194,0.01643856378472286,Stable,Stable
mp-675156,-0.186363352749999,-0.2209905982017517,-0.0346272454517527,mp-675156,0.7358328679666655,Stable,Stable
mp-1176591,-1.23806509958333,-1.154991626739502,0.083073472843828,mp-1176591,0.11124646149999862,Stable,Stable
mp-1228436,-1.425316268125,-1.3971593379974363,0.0281569301275634,mp-1228436,0.0019502125000006032,Stable,Stable
mp-1197630,-0.436786461842104,-0.494175523519516,-0.0573890616774119,mp-1197630,1.3728736066447338,Stable,Stable
mp-1198776,-0.183661757430556,-0.165366068482399,0.018295688948157,mp-1198776,0.006555719305548102,Stable,Stable
mp-1246608,0.022950429375001,-0.0916068330407142,-0.1145572624157152,mp-1246608,0.4903829562499986,Unstable,Stable
mp-570037,0.252718088068184,0.2668587863445282,0.0141406982763441,mp-570037,0.2533154465151526,Unstable,Unstable
mp-568436,-0.738674926785714,-0.6670582294464111,0.0716166973393028,mp-568436,0.0,Stable,Stable
mp-1212270,-1.42054382604167,-1.4268306493759155,-0.0062868233342454,mp-1212270,0.0,Stable,Stable
mp-1078791,0.558960953999999,0.4793566167354584,-0.0796043372645406,mp-1078791,0.5589609539999998,Unstable,Unstable
mp-1208425,-0.112006903055557,0.3638440370559692,0.4758509401115262,mp-1208425,0.7714602462500011,Stable,Unstable
mp-1069755,-0.273925269916667,-0.4130794703960418,-0.1391542004793748,mp-1069755,0.3502179949999986,Stable,Stable
mp-1246254,-0.800819621814655,-0.7759312987327576,0.0248883230818974,mp-1246254,0.012131307124997548,Stable,Stable
mp-685079,-0.974549581857349,-0.986777365207672,-0.0122277833503231,mp-685079,0.20515163305084272,Stable,Stable
mp-1203296,-1.29723353967742,-1.276472806930542,0.0207607327468779,mp-1203296,0.0,Stable,Stable
mp-1383267,-0.810858237,-0.7620925903320312,0.0487656466679687,mp-1383267,0.17038853438888601,Stable,Stable
mp-1180215,0.786145363888888,0.6493428945541382,-0.1368024693347498,mp-1180215,1.128988316388888,Unstable,Unstable
mp-1192951,-1.11962175403846,-1.0081627368927002,0.1114590171457599,mp-1192951,0.51002520474358,Stable,Stable
mp-1247230,0.142567780499999,0.2062573134899139,0.0636895329899149,mp-1247230,0.2465318365,Unstable,Unstable
mp-1246967,-1.0242037745,-1.0403807163238523,-0.0161769418238524,mp-1246967,0.13576227949999975,Stable,Stable
mp-1247469,-0.673760322466667,-0.6656277179718018,0.0081326044948651,mp-1247469,0.22436421880000879,Stable,Stable
mp-1245888,-0.33152775,-0.263553261756897,0.067974488243103,mp-1245888,0.22446056999999975,Stable,Stable
mp-775786,-2.530586927,-2.5340707302093506,-0.0034838032093507,mp-775786,0.1284122292499994,Stable,Stable
mp-1080195,-0.2892157635,-0.0600681453943252,0.2291476181056747,mp-1080195,0.15551657610000014,Stable,Stable
mp-1246073,-0.655335269059828,-0.6080439686775208,0.0472913003823072,mp-1246073,0.022801256495727174,Stable,Stable
mp-1016048,-0.127262834687499,-0.1105401962995529,0.016722638387946,mp-1016048,0.3721950448958342,Stable,Stable
mp-1181279,0.999369413263887,1.0473566055297852,0.0479871922658982,mp-1181279,1.3274034355555555,Unstable,Unstable
mp-1204454,0.562055641944444,0.0395490303635597,-0.5225066115808843,mp-1204454,1.0862835380555573,Unstable,Unstable
mp-1014252,-1.01786871075,-0.951305329799652,0.0665633809503478,mp-1014252,0.0,Stable,Stable
mp-1212618,-0.599095882265625,-0.6625064015388489,-0.0634105192732238,mp-1212618,0.6621671335833277,Stable,Stable
mp-925,-1.162422889375,-1.1825076341629028,-0.0200847447879028,mp-925,0.1901050299999998,Stable,Stable
mp-1245645,-0.321179962288075,-0.2740947008132934,0.0470852614747815,mp-1245645,0.23852007844109036,Stable,Stable
mp-1245878,0.138916234100001,0.2459662854671478,0.1070500513671468,mp-1245878,0.15129686410000076,Unstable,Unstable
mp-1245922,-0.958760552916667,-1.0009257793426514,-0.0421652264259844,mp-1245922,0.08168255092592602,Stable,Stable
mp-505451,0.02705330534091,-0.0062924176454544,-0.0333457229863644,mp-505451,0.10713448438210271,Unstable,Stable
mp-1208816,-0.900171119166667,-0.8878846764564514,0.0122864427102156,mp-1208816,0.0,Stable,Stable
mp-1246046,-0.581801481388888,-0.6279883980751038,-0.0461869166862157,mp-1246046,0.196773019027777,Stable,Stable
mp-1204142,-1.81075238888889,-1.9157449007034304,-0.1049925118145402,mp-1204142,0.7547276640277918,Stable,Stable
mp-1245715,-0.302466319444445,-0.3076196908950805,-0.0051533714506355,mp-1245715,0.3540406115555541,Stable,Stable
mp-1246280,-1.0386910075,-1.0645557641983032,-0.0258647566983032,mp-1246280,0.21184459312499904,Stable,Stable
mp-1106114,1.2800726375,1.396054983139038,0.115982345639038,mp-1106114,1.860861588333334,Unstable,Unstable
mp-1224383,-1.58903525550001,-1.7316030263900757,-0.1425677708900656,mp-1224383,0.0943917080000034,Stable,Stable
mp-1013710,0.618596262999999,-0.1325887143611908,-0.7511849773611898,mp-1013710,1.467443625999998,Unstable,Stable
mp-1245620,-0.519805641666666,-0.5305719971656799,-0.0107663554990139,mp-1245620,0.1324525411111086,Stable,Stable
mp-1014298,1.798633955625,2.523990631103516,0.7253566754785157,mp-1014298,1.7986339556249984,Unstable,Unstable
mp-1009219,-1.03427342666667,-1.011202335357666,0.0230710913090039,mp-1009219,0.5010182063888884,Stable,Stable
mp-1029826,-0.538013635,-0.5340653657913208,0.0039482692086791,mp-1029826,0.0,Stable,Stable
mp-996940,-0.719383345166662,-0.7134640216827393,0.0059193234839227,mp-996940,0.08140965366666819,Stable,Stable
mp-1246722,-0.450983677672411,-0.4162412583827972,0.0347424192896137,mp-1246722,0.21798915243750017,Stable,Stable
mp-1245753,-0.552091276558909,-0.3124509751796722,0.2396403013792367,mp-1245753,0.21072457354645557,Stable,Stable
mp-1197454,-1.50880343155754,-1.4811086654663086,0.0276947660912314,mp-1197454,0.004428772013889137,Stable,Stable
mp-1247492,-0.673117806793103,-0.950038492679596,-0.276920685886493,mp-1247492,0.3071193714999989,Stable,Stable
mp-1205056,-0.394873581465519,-0.3939926326274872,0.0008809488380318,mp-1205056,0.13668408797413356,Stable,Stable
mp-1192720,-1.79087727433333,-1.826505422592163,-0.0356281482588329,mp-1192720,0.10216896583334378,Stable,Stable
mp-1196807,0.807439312864582,0.4496427476406097,-0.3577965652239723,mp-1196807,1.4183116185546867,Unstable,Unstable
mp-696231,-0.309138616363636,-0.3305171728134155,-0.0213785564497795,mp-696231,0.2499801975378766,Stable,Stable
mp-1209258,-0.355040500833333,-0.2770827114582062,0.0779577893751268,mp-1209258,0.3740449968333328,Stable,Stable
mp-1180345,-0.059301795,-0.0610048398375511,-0.0017030448375511,mp-1180345,0.39156547662499985,Stable,Stable
mp-724995,0.611957018888889,0.8980042338371277,0.2860472149482387,mp-724995,1.8358867083333301,Unstable,Unstable
mp-607711,-1.93851771708333,-1.9946643114089968,-0.0561465943256664,mp-607711,0.16003238729166647,Stable,Stable
mp-1247086,0.295135879444447,0.257475733757019,-0.0376601456874279,mp-1247086,0.2951358794444445,Unstable,Unstable
mp-2208147,-0.900450480416665,-0.8403335809707642,0.0601168994459008,mp-2208147,8.434625000042217e-05,Stable,Stable
mp-1246733,-0.695710914999999,-0.7133631110191345,-0.0176521960191354,mp-1246733,0.18110047643750082,Stable,Stable
mp-13288,-0.307244143666667,-0.3731329441070556,-0.0658888004403886,mp-13288,0.027976386666667796,Stable,Stable
mp-1220496,-0.960551348750003,-0.9660927653312684,-0.0055414165812652,mp-1220496,0.10354858461538186,Stable,Stable
mp-628616,0.315739743987069,0.4245541393756866,0.1088143953886176,mp-628616,0.6291980103160926,Unstable,Unstable
mp-1247389,-0.04275620111111,0.0626682266592979,0.1054244277704079,mp-1247389,0.25622332055555663,Stable,Unstable
mp-1181318,-1.74532066714286,-1.7575206756591797,-0.0122000085163196,mp-1181318,0.33299796947916693,Stable,Stable
mp-1209835,0.970775017716346,0.913897693157196,-0.0568773245591499,mp-1209835,1.8199270850000007,Unstable,Unstable
mp-1245803,-0.14984209545977,-0.0066719427704811,0.1431701526892889,mp-1245803,0.27568228231800784,Stable,Stable
mp-1207764,-0.4013326565,-0.5476524233818054,-0.1463197668818054,mp-1207764,1.5652348790000072,Stable,Stable
mp-31289,-1.49900001109375,-1.5184569358825684,-0.0194569247888183,mp-31289,0.0,Stable,Stable
mp-3603,-1.55155974314815,-1.5303809642791748,0.0211787788689752,mp-3603,0.0,Stable,Stable
mp-1212699,-1.60694646202128,-1.6349971294403076,-0.0280506674190275,mp-1212699,0.17884414832446982,Stable,Stable
mp-615850,-1.17965302210337,-1.190998077392578,-0.011345055289208,mp-615850,0.02292533778846284,Stable,Stable
mp-1246663,-0.660435765479167,-0.7211316227912903,-0.0606958573121232,mp-1246663,0.35394201197916786,Stable,Stable
mp-1182281,0.037338124999998,-0.0136241875588893,-0.0509623125588873,mp-1182281,0.7432488018749996,Unstable,Stable
mp-1192523,-0.256663681439394,-0.3185063898563385,-0.0618427084169445,mp-1192523,0.5429990077272704,Stable,Stable
mp-999517,-0.237152614428879,-0.3431340754032135,-0.1059814609743345,mp-999517,0.08945997000000006,Stable,Stable
mp-1199209,-0.278441539655172,-0.2395394444465637,0.0389020952086082,mp-1199209,0.1552344464655171,Stable,Stable
mp-1193322,0.552048899310339,0.3797387182712555,-0.1723101810390834,mp-1193322,0.6024335966522945,Unstable,Unstable
mp-8102,-0.165709184523807,-0.2459458708763122,-0.0802366863525052,mp-8102,0.36505740142857235,Stable,Stable
mp-569655,-1.091811370625,-0.5439046621322632,0.5479067084927369,mp-569655,0.32116762250000086,Stable,Stable
mp-555443,-2.05102264978571,-2.065256118774414,-0.0142334689887042,mp-555443,0.0053003851250004175,Stable,Stable
mp-1246160,-0.152767782777777,-0.1663841754198074,-0.0136163926420304,mp-1246160,0.31806576814814846,Stable,Stable
mp-1203414,-1.76696544068452,-1.8786855936050413,-0.1117201529205214,mp-1203414,0.3685544129166747,Stable,Stable
mp-1204038,-0.94565076265625,-0.9449292421340942,0.0007215205221557,mp-1204038,0.09984820296874997,Stable,Stable
mp-1221793,-0.365304495071837,-0.4185176193714142,-0.0532131242995772,mp-1221793,0.07017895083333237,Stable,Stable
mp-776466,-3.18493832452381,-3.1900200843811035,-0.0050817598572936,mp-776466,0.06253987978573505,Stable,Stable
mp-1191071,-0.830170467916666,-0.7134265899658203,0.1167438779508457,mp-1191071,0.5608007173338247,Stable,Stable
mp-755813,-3.19187144884615,-3.147369384765625,0.0445020640805249,mp-755813,0.0530114905260195,Stable,Stable
mp-1016063,-0.054033927083333,0.0024127438664436,0.0564466709497766,mp-1016063,0.4454239524999988,Stable,Unstable
mp-30228,-0.470201509097221,-0.4022302627563476,0.0679712463408733,mp-30228,0.028633027500000185,Stable,Stable
mp-1181573,-0.851340331818181,-0.6844934225082397,0.1668469093099412,mp-1181573,0.38150011340909007,Stable,Stable
mp-1101173,-0.373745432708337,-0.3801804482936859,-0.0064350155853489,mp-1101173,0.09067532999999983,Stable,Stable
mp-1173210,-0.524259800892857,-0.5366751551628113,-0.0124153542699543,mp-1173210,0.14591292714285942,Stable,Stable
mp-722472,0.542813569177756,0.5042926073074341,-0.0385209618703219,mp-722472,0.6988051994695361,Unstable,Unstable
mp-3838,-0.817501792083332,-0.774901270866394,0.0426005212169379,mp-3838,0.0,Stable,Stable
mp-1245995,0.10006512840909,0.1536259651184082,0.0535608367093182,mp-1245995,0.10006512840909032,Unstable,Unstable
mp-1233332,-2.23659685357143,-2.256487846374512,-0.0198909928030817,mp-1233332,0.3534634723809571,Stable,Stable
mp-1245331,0.100683082291668,0.1061682179570198,0.0054851356653518,mp-1245331,0.37820697982142804,Unstable,Unstable
mp-1245694,-0.131590873055554,-0.0361424535512924,0.0954484195042615,mp-1245694,0.20138104666666834,Stable,Stable
mp-20411,-0.104384244374999,-0.1582805812358856,-0.0538963368608866,mp-20411,0.013316422499999092,Stable,Stable
mp-1014358,-0.412298155178573,-0.5138646960258484,-0.1015665408472754,mp-1014358,0.22986197571428413,Stable,Stable
mp-1019520,-1.16581919384615,-1.1174180507659912,0.0484011430801587,mp-1019520,0.0,Stable,Stable
mp-734266,-1.23579718725806,-1.2625056505203247,-0.0267084632622647,mp-734266,0.12063654403225765,Stable,Stable
mp-1096922,-0.121414864583334,-0.1336164772510528,-0.0122016126677188,mp-1096922,0.37804301499999937,Stable,Stable
mp-5158,-1.42213859695,-1.4263174533843994,-0.0041788564343994,mp-5158,0.0,Stable,Stable
mp-1213440,1.22965081875,0.932360589504242,-0.297290229245758,mp-1213440,1.565771778749999,Unstable,Unstable
mp-1009770,0.079167312499997,0.2849058806896209,0.2057385681896239,mp-1009770,0.07916731249999742,Unstable,Unstable
mp-1228953,-1.33901602520833,-1.315345048904419,0.0236709763039111,mp-1228953,0.004115225000003164,Stable,Stable
mp-5475,-1.13929694120833,-1.117390513420105,0.021906427788225,mp-5475,0.0,Stable,Stable
mp-8226,-3.10978809,-3.0237362384796143,0.0860518515203856,mp-8226,0.0,Stable,Stable
mp-1078445,-1.24523366875,-1.430483102798462,-0.1852494340484618,mp-1078445,0.0,Stable,Stable
mp-1105115,0.184044171189411,0.122108094394207,-0.0619360767952039,mp-1105115,0.9953273224241066,Unstable,Unstable
mp-553972,0.037774511171875,-0.0404798835515975,-0.0782543947234725,mp-553972,0.17666722020833348,Unstable,Stable
mp-29928,-0.12716895226293,-0.063354305922985,0.0638146463399449,mp-29928,0.18628931406609173,Stable,Stable
mp-560230,-0.919411303953487,-0.9182417392730712,0.0011695646804157,mp-560230,0.0,Stable,Stable
mp-1247430,-1.28664830772727,-1.2171587944030762,0.0694895133241937,mp-1247430,0.11383380303030322,Stable,Stable
mp-1096996,-0.671589474722222,-0.701574981212616,-0.029985506490394,mp-1096996,0.10810042694444366,Stable,Stable
mp-1246688,-0.906787053541666,-0.7744158506393433,0.1323712029023227,mp-1246688,0.17376980958333377,Stable,Stable
mp-1247156,0.288568159333333,0.3674890398979187,0.0789208805645856,mp-1247156,0.2947584743333316,Unstable,Unstable
mp-1013734,-0.7428217785,-0.7100783586502075,0.0327434198497924,mp-1013734,0.08112790405128134,Stable,Stable
mp-558583,-0.706357299930555,-0.72096186876297,-0.014604568832415,mp-558583,0.3659642014236111,Stable,Stable
mp-1247357,-1.08686119770834,-1.1960757970809937,-0.1092145993726536,mp-1247357,0.2854505775000007,Stable,Stable
mp-1246028,0.010252510443511,0.0268011689186096,0.0165486584750986,mp-1246028,0.19474117789473766,Unstable,Unstable
mp-1245464,-0.155669172708331,-0.2358603179454803,-0.0801911452371493,mp-1245464,0.2951734670833357,Stable,Stable
mp-1060281,-0.607403310625001,-0.6061021685600281,0.0013011420649728,mp-1060281,0.8055756825000007,Stable,Stable
mp-626289,-0.999543966718749,-0.9533652067184448,0.0461787600003041,mp-626289,0.05445740093750029,Stable,Stable
mp-34584,-3.12777713227273,-3.1312031745910645,-0.0034260423183343,mp-34584,0.0723605229545452,Stable,Stable
mp-723835,1.17717363714286,0.975009024143219,-0.202164612999641,mp-723835,1.4291120064285714,Unstable,Unstable
mp-1385829,-0.252996443172413,-0.2366711795330047,0.0163252636394082,mp-1385829,0.4709455847500035,Stable,Stable
mp-650015,-0.885136027402597,-0.935852348804474,-0.0507163214018768,mp-650015,0.052560037954545,Stable,Stable
mp-1210538,0.97108879625,0.986284077167511,0.0151952809175109,mp-1210538,1.5756016899999996,Unstable,Unstable
mp-1194196,-0.283738948974358,-0.1322925388813018,0.1514464100930561,mp-1194196,0.506159371298077,Stable,Stable
mp-9410,0.298645246428571,0.3732074201107025,0.0745621736821315,mp-9410,0.2986452464285705,Unstable,Unstable
mp-776273,-2.27136613633333,-2.271998405456543,-0.000632269123213,mp-776273,0.19259539916666668,Stable,Stable
mp-8196,-0.649492202333333,-0.7155541777610779,-0.0660619754277448,mp-8196,0.031171343000000462,Stable,Stable
mp-1009019,0.552643537499999,0.557996928691864,0.005353391191865,mp-1009019,0.8663889649999996,Unstable,Unstable
mp-1246106,-0.341217087055555,-0.2758814990520477,0.0653355880035072,mp-1246106,0.24877794138889442,Stable,Stable
mp-982734,-0.238688264375004,-0.310453712940216,-0.071765448565212,mp-982734,0.22573249833333264,Stable,Stable
mp-675941,-0.661041414833333,-0.6791638135910034,-0.0181223987576704,mp-675941,0.026400906999998863,Stable,Stable
mp-1246792,-0.280950536805554,-0.1915910243988037,0.0893595124067502,mp-1246792,0.24251580902777903,Stable,Stable
mp-1095181,0.575281133749999,0.5552353858947754,-0.0200457478552236,mp-1095181,0.5766182487499991,Unstable,Unstable
mp-1029801,-0.36454445966954,-0.1788554489612579,0.1856890107082821,mp-1029801,0.04416885231321821,Stable,Stable
mp-1246719,0.145974407999999,0.2313410341739654,0.0853666261739664,mp-1246719,0.1943279019999995,Unstable,Unstable
mp-1211669,-0.152594257179488,-0.2387057840824127,-0.0861115269029247,mp-1211669,0.6181287478846151,Stable,Stable
mp-703486,0.080490386188422,-0.0260280445218086,-0.1065184307102306,mp-703486,0.5038552343452389,Unstable,Stable
mp-734315,-0.612969724151785,-0.6014887094497681,0.0114810147020169,mp-734315,1.0610934085416615,Stable,Stable
mp-667338,0.418739402619045,0.4130051732063293,-0.0057342294127156,mp-667338,0.10931083119047358,Unstable,Unstable
mp-6011,-0.984458479345236,-1.027074694633484,-0.0426162152882478,mp-6011,0.0,Stable,Stable
mp-29809,-0.981341022249999,-0.9819734692573548,-0.0006324470073557,mp-29809,0.0,Stable,Stable
mp-1200215,-1.10248462574074,-1.1414415836334229,-0.0389569578926829,mp-1200215,0.0196412540277775,Stable,Stable
mp-1201113,0.877812893888888,0.9772307276725768,0.0994178337836889,mp-1201113,1.1004014983333343,Unstable,Unstable
mp-1246468,-0.821898209166666,-0.8795046806335449,-0.0576064714668789,mp-1246468,0.13859504166666703,Stable,Stable
mp-757826,-1.41330996496865,-1.4079859256744385,0.0053240392942115,mp-757826,0.08860145115151319,Stable,Stable
mp-1193285,0.466120903571428,0.5201988816261292,0.0540779780547011,mp-1193285,1.2958163044444442,Unstable,Unstable
mp-1180757,1.03278796244444,1.3897974491119385,0.3570094866674984,mp-1180757,1.2293322591111107,Unstable,Unstable
mp-1226556,-1.760693609375,-1.7839627265930176,-0.0232691172180175,mp-1226556,0.0,Stable,Stable
mp-35308,0.238716362499998,0.2103620767593383,-0.0283542857406596,mp-35308,0.23871636249999995,Unstable,Unstable
mp-1204466,1.01634426972222,1.2055788040161133,0.1892345342938932,mp-1204466,1.3315916169444453,Unstable,Unstable
mp-1078828,0.394463550000001,0.4792640507221222,0.0848005007221212,mp-1078828,0.3944635500000011,Unstable,Unstable
mp-752754,-2.426219049,-2.4425809383392334,-0.0163618893392332,mp-752754,0.23258616000000032,Stable,Stable
mp-1197327,-2.44581150473214,-2.3377513885498047,0.1080601161823353,mp-1197327,0.13223249385416125,Stable,Stable
mp-1247034,-0.69687129246528,-0.8320987224578857,-0.1352274299926057,mp-1247034,0.32340800065972,Stable,Stable
mp-4124,-1.040555056875,-1.102222204208374,-0.061667147333374,mp-4124,0.0,Stable,Stable
mp-510073,-0.515486623541667,-0.4626547992229461,0.0528318243187208,mp-510073,0.0,Stable,Stable
mp-1213366,1.01560031607143,0.6588020324707031,-0.3567982836007268,mp-1213366,1.5887745575000007,Unstable,Unstable
mp-1179910,-0.747818497285539,-0.6513916850090027,0.0964268122765362,mp-1179910,0.46031257052288144,Stable,Stable
mp-1246584,-0.804992693598491,-0.8205417394638062,-0.0155490458653151,mp-1246584,0.06644941613636135,Stable,Stable
mp-1100774,0.166367321562503,0.3842555582523346,0.2178882366898316,mp-1100774,0.9572085000000072,Unstable,Unstable
mp-724972,-0.493442903363096,-0.5085903406143188,-0.0151474372512228,mp-724972,0.05051729687499673,Stable,Stable
mp-1225363,-0.27122985875,-0.3167548477649688,-0.0455249890149688,mp-1225363,0.2532185078125,Stable,Stable
mp-999293,0.6633635575,0.8942172527313232,0.2308536952313232,mp-999293,0.6633635575000003,Unstable,Unstable
mp-1180304,0.189926339999999,-0.1704956144094467,-0.3604219544094457,mp-1180304,0.7115234410000193,Unstable,Stable
mp-989601,-1.22095449625,-1.2628450393676758,-0.0418905431176757,mp-989601,0.023329148000005517,Stable,Stable
mp-1247316,-0.325230267819435,-0.4038876891136169,-0.0786574212941819,mp-1247316,0.24665169944444543,Stable,Stable
mp-1245409,-0.475571673874999,-0.5273070931434631,-0.0517354192684641,mp-1245409,0.22065708212499935,Stable,Stable
mp-1208146,0.691921608055553,0.2490731179714203,-0.4428484900841327,mp-1208146,1.4156546266666679,Unstable,Unstable
mp-1211110,-1.09202027767695,-1.0477349758148191,0.0442853018621307,mp-1211110,0.5908607593421102,Stable,Stable
mp-1187056,0.921123767499999,0.946947991847992,0.0258242243479929,mp-1187056,0.9211237674999992,Unstable,Unstable
mp-1182683,1.06375937666667,1.1158478260040283,0.0520884493373583,mp-1182683,1.5521354812433854,Unstable,Unstable
mp-1029834,-1.601239049375,-1.6275274753570557,-0.0262884259820557,mp-1029834,0.0549479318749988,Stable,Stable
mp-1245770,-0.475960879665949,-0.4027475714683532,0.0732133081975957,mp-1245770,0.38722098583333064,Stable,Stable
mp-706586,-0.6449428545,-0.6650997996330261,-0.0201569451330261,mp-706586,0.3972566182499975,Stable,Stable
mp-570623,-1.7626831637963,-1.702141523361206,0.060541640435094,mp-570623,0.0,Stable,Stable
mp-1179642,-0.658585401428571,-0.7102564573287964,-0.0516710559002253,mp-1179642,0.39167200119048307,Stable,Stable
mp-1194718,-0.159660756816667,-0.1588730216026306,0.0007877352140363,mp-1194718,0.20127373949999772,Stable,Stable
mp-725643,0.123415096770833,0.0088496431708335,-0.1145654535999994,mp-725643,0.7958927580357225,Unstable,Unstable
mp-604147,-0.483137704465995,-0.4809861481189728,0.0021515563470222,mp-604147,0.008052362847224437,Stable,Stable
mp-1213838,-1.17700299030612,-1.2062033414840698,-0.0292003511779497,mp-1213838,1.1907424714285737,Stable,Stable
mp-667318,-1.45135553138415,-1.4886404275894165,-0.0372848962052665,mp-667318,0.031502096272356006,Stable,Stable
mp-1105268,-0.6853477005,-0.7465786337852478,-0.0612309332852477,mp-1105268,0.0,Stable,Stable
mp-1225916,-1.2376043086638,-1.2124404907226562,0.0251638179411437,mp-1225916,0.022143983541663026,Stable,Stable
mp-1029378,-0.546541156666669,-0.569652259349823,-0.0231111026831539,mp-1029378,0.0,Stable,Stable
mp-567658,-0.924773209500001,-0.909346640110016,0.0154265693899851,mp-567658,0.005577900976190264,Stable,Stable
mp-1245838,0.218103704500002,0.3880274891853332,0.1699237846853312,mp-1245838,0.21810370450000072,Unstable,Unstable
mp-1245826,-0.128196357416666,-0.0587340667843818,0.0694622906322841,mp-1245826,0.1920344690000002,Stable,Stable
mp-2131,-0.257930001785715,-0.137288361787796,0.1206416399979189,mp-2131,0.009174299285714227,Stable,Stable
mp-600371,-0.234438068392855,-0.2591452896595001,-0.0247072212666451,mp-600371,0.09547553364285744,Stable,Stable
mp-1245580,0.100776372857142,0.1186752244830131,0.0178988516258711,mp-1245580,0.22421638857142767,Unstable,Unstable
mp-1408987,-0.598052649000001,-0.5872381925582886,0.0108144564417124,mp-1408987,0.07019613666666746,Stable,Stable
mp-1223370,-1.69606523482143,-1.69269061088562,0.0033746239358098,mp-1223370,0.1731053647448988,Stable,Stable
mp-18297,-0.652873425000001,-0.6722121834754944,-0.0193387584754933,mp-18297,0.0026990111111118154,Stable,Stable
mp-1246838,-0.397380791111111,-0.3389111161231994,0.0584696749879115,mp-1246838,0.22553988000000125,Stable,Stable
mp-2853,-0.191002804374999,-0.0340349450707435,0.1569678593042554,mp-2853,0.4790466025000004,Stable,Stable
mp-1197839,-0.207559380772726,-0.2070161998271942,0.0005431809455317,mp-1197839,0.0758166882954523,Stable,Stable
mp-1245334,0.023151503698465,-0.2405584156513214,-0.2637099193497864,mp-1245334,0.3355635409782636,Unstable,Stable
mp-1247398,0.130165968893678,-0.1278454512357711,-0.2580114201294492,mp-1247398,0.28512093203544175,Unstable,Stable
mp-1219531,-0.8906891125,-0.9721854329109192,-0.0814963204109191,mp-1219531,0.2575484669444448,Stable,Stable
mp-1245994,-0.829527028541664,-0.7724946141242981,0.0570324144173659,mp-1245994,0.22982157500000255,Stable,Stable
mp-1195884,-1.17592991928,-1.1565821170806885,0.0193478021993114,mp-1195884,0.1697399612999977,Stable,Stable
mp-1245123,-0.575105064714285,-0.6265698075294495,-0.0514647428151644,mp-1245123,0.7458383981428582,Stable,Stable
mp-1245383,-0.767139122857142,-0.8745005130767822,-0.1073613902196402,mp-1245383,0.07239352687500045,Stable,Stable
mp-1188218,-0.311753190208333,-0.3886340260505676,-0.0768808358422346,mp-1188218,0.2787825024999995,Stable,Stable
mp-1244927,0.032129691625,0.0462611466646194,0.0141314550396194,mp-1244927,0.7021790985000003,Unstable,Unstable
mp-17400,-1.25208756455555,-1.2222546339035034,0.0298329306520466,mp-17400,0.0,Stable,Stable
mp-1203995,-0.20011673860294,-0.2022871673107147,-0.0021704287077747,mp-1203995,0.10863022101470676,Stable,Stable
mp-1202018,-0.890614173522167,-0.8746350407600403,0.0159791327621267,mp-1202018,0.03876692214285615,Stable,Stable
mp-1214375,0.132293597485119,0.2939801216125488,0.1616865241274298,mp-1214375,0.23322771419642851,Unstable,Unstable
mp-1194197,-2.01483117527778,-2.051629543304444,-0.0367983680266634,mp-1194197,0.12651241160493853,Stable,Stable
mp-697168,-1.00222514477273,-1.0151653289794922,-0.0129401842067622,mp-697168,0.0,Stable,Stable
mp-555071,-1.0042074934375,-0.9530894160270692,0.0511180774104309,mp-555071,0.06065550343749937,Stable,Stable
mp-1246939,0.043003037727273,-0.0541498884558677,-0.0971529261831407,mp-1246939,0.3330207521590882,Unstable,Stable
mp-727071,0.091283161794871,0.6366968750953674,0.5454137133004964,mp-727071,0.4503798736282061,Unstable,Unstable
mp-1029791,-0.525263845625,-0.4653158783912658,0.059947967233734,mp-1029791,0.0,Stable,Stable
mp-1008833,-1.24123132875,-1.4773768186569214,-0.2361454899069213,mp-1008833,0.12608368312501028,Stable,Stable
mp-1189491,-0.0198526865,0.0881486311554908,0.1080013176554908,mp-1189491,0.09320404150000172,Stable,Unstable
mp-567532,-0.887876876564655,-0.8792298436164856,0.0086470329481693,mp-567532,0.0,Stable,Stable
mp-1245528,0.256508410416666,0.2264665365219116,-0.0300418738947543,mp-1245528,0.36109021958333365,Unstable,Unstable
mp-1209390,-1.65824974388889,-1.6280241012573242,0.0302256426315656,mp-1209390,0.5015750742013871,Stable,Stable
mp-1245889,0.204405451666665,0.2185688316822052,0.0141633800155402,mp-1245889,0.31497130053571354,Unstable,Unstable
mp-1179398,-1.62656326545455,-2.1598708629608154,-0.5333075975062653,mp-1179398,0.5536565924999985,Stable,Stable
mp-1246045,0.195562623888889,-0.0346217304468154,-0.2301843543357045,mp-1246045,0.4945421455555561,Unstable,Stable
mp-1019517,-1.08116028961538,-1.09132719039917,-0.0101669007837899,mp-1019517,0.0,Stable,Stable
mp-725881,-0.262434088437498,-0.4620553255081177,-0.1996212370706196,mp-725881,0.7434882004687497,Stable,Stable
mp-754505,-2.73408836313333,-2.731475353240967,0.0026130098923631,mp-754505,0.047123476166669676,Stable,Stable
mp-1222426,-1.24113195708333,-1.2755502462387085,-0.0344182891553785,mp-1222426,0.14476552312499713,Stable,Stable
mp-1079110,-1.08851671475,-1.0549558401107788,0.033560874639221,mp-1079110,0.0,Stable,Stable
mp-1202126,0.352862689078946,0.6088009476661682,0.2559382585872222,mp-1202126,1.2617062114473705,Unstable,Unstable
mp-1195472,-1.17266334775,-1.1930456161499023,-0.0203822683999024,mp-1195472,0.11744107875001131,Stable,Stable
mp-684692,0.664478646874999,0.5518014430999756,-0.1126772037750234,mp-684692,0.8393300253125009,Unstable,Unstable
mp-1247418,-0.57538385291954,-0.5262933969497681,0.0490904559697719,mp-1247418,0.03315951144444362,Stable,Stable
mp-1213728,-1.64033329853859,-1.6663331985473633,-0.0259999000087733,mp-1213728,0.005159075555549286,Stable,Stable
mp-1246544,-0.755483834208334,-0.6972755789756775,0.0582082552326564,mp-1246544,0.3002355364999971,Stable,Stable
mp-556273,0.399901824781251,0.5779407024383545,0.1780388776571034,mp-556273,0.6157623426249996,Unstable,Unstable
mp-14565,-0.820206695642858,-0.7925015687942505,0.0277051268486074,mp-14565,0.0,Stable,Stable
mp-1181372,-0.222214550000001,-0.2263819873332977,-0.0041674373332967,mp-1181372,0.5845812299999986,Stable,Stable
mp-34898,-3.11872558568182,-3.1256589889526367,-0.0069334032708168,mp-34898,0.0814120695454541,Stable,Stable
