id,true_eform,pred_eform,error,material_id,e_hull,true_label,pred_label
mp-568363,0.008253912499998,0.0180539414286613,0.0098000289286633,mp-568363,0.008253912499998961,Unstable,Unstable
mp-1213058,-0.095743314310345,-0.0922462940216064,0.0034970202887385,mp-1213058,0.009958241134928159,Stable,Stable
mp-1219306,0.643749876723683,0.301015555858612,-0.3427343208650709,mp-1219306,0.8732097103750007,Unstable,Unstable
mp-1180466,0.283993653373016,0.6776531934738159,0.3936595401007999,mp-1180466,1.130428160401233,Unstable,Unstable
mp-22413,0.541687693333332,0.6450105905532837,0.1033228972199516,mp-22413,0.5835204170000017,Unstable,Unstable
mp-1245492,0.218808658228449,0.0803975984454155,-0.1384110597830335,mp-1245492,0.34945369200000087,Unstable,Unstable
mp-1216139,-1.0345759175,-1.0327640771865845,0.0018118403134155,mp-1216139,0.09839289374999982,Stable,Stable
mp-1196187,-1.0755296015625,-1.0710699558258057,0.0044596457366943,mp-1196187,0.12638415285156146,Stable,Stable
mp-1226378,-0.036045381666667,-0.0686260983347892,-0.0325807166681222,mp-1226378,0.06254013708333694,Stable,Stable
mp-571589,0.518952600000001,0.0187179595232009,-0.5002346404768,mp-571589,0.6580022166666666,Unstable,Unstable
mp-758039,-1.70961527807018,-1.7037475109100342,0.0058677671601459,mp-758039,0.08113834407895215,Stable,Stable
mp-995285,0.252595421249999,0.244813323020935,-0.0077820982290639,mp-995285,0.3146975394965299,Unstable,Unstable
mp-1079380,0.333376974062501,0.0569568946957588,-0.2764200793667422,mp-1079380,0.3333769740625012,Unstable,Unstable
mp-614311,-0.665828705538793,-0.6044713258743286,0.0613573796644644,mp-614311,0.0,Stable,Stable
mp-1220737,-1.68986055640804,-1.6730318069458008,0.0168287494622392,mp-1220737,0.02023345524305853,Stable,Stable
mp-1205395,-2.558900798,-2.5203559398651123,0.0385448581348875,mp-1205395,0.003504170000002027,Stable,Stable
mp-1210863,0.236053628620689,-0.0302450582385063,-0.2662986868591953,mp-1210863,1.6225288798076924,Unstable,Stable
mp-1017356,0.349245378749999,0.3576704859733581,0.0084251072233591,mp-1017356,0.3999262763421054,Unstable,Unstable
mp-997182,0.014401535000001,0.0140817090868949,-0.000319825913106,mp-997182,0.014401535000001076,Unstable,Unstable
mp-1217107,-1.71588578661458,-1.712383508682251,0.003502277932329,mp-1217107,0.0019528412499987269,Stable,Stable
mp-1068985,0.461389255750003,-0.08348198980093,-0.544871245550933,mp-1068985,1.2911556179999994,Unstable,Stable
mp-1030964,-2.08716564639062,-2.227532148361206,-0.1403665019705862,mp-1030964,0.6834052729296873,Stable,Stable
mp-1199796,-2.49989322694444,-2.593250274658203,-0.0933570477137633,mp-1199796,0.00755669555555194,Stable,Stable
mp-729935,-0.355186661,-0.288183718919754,0.0670029420802459,mp-729935,0.5308846290625011,Stable,Stable
mp-567077,-0.589077448055557,-0.5798001289367676,0.0092773191187893,mp-567077,0.0,Stable,Stable
mp-569686,-1.19534589875,-1.1846715211868286,0.0106743775631714,mp-569686,0.0,Stable,Stable
mp-1201399,-2.51490934916667,-2.540632963180542,-0.0257236140138719,mp-1201399,0.0,Stable,Stable
mp-753812,-1.84999015952381,-1.864957451820373,-0.0149672922965635,mp-753812,0.039377326408729374,Stable,Stable
mp-1202876,-1.4443361265,-1.4642106294631958,-0.0198745029631957,mp-1202876,0.02688312724999875,Stable,Stable
mp-1022489,0.514922520624999,0.4298330545425415,-0.0850894660824574,mp-1022489,0.7156422562500002,Unstable,Unstable
mp-1204050,1.25661933356944,1.1988844871520996,-0.0577348464173403,mp-1204050,1.5120752293749984,Unstable,Unstable
mp-1376593,-0.210386102727273,-0.2088923156261444,0.0014937871011286,mp-1376593,0.3034244402272712,Stable,Stable
mp-611426,0.12258669875,0.1260427236557006,0.0034560249057006,mp-611426,0.12258669875000017,Unstable,Unstable
mp-29896,-0.4909917725,-0.5500076413154602,-0.0590158688154602,mp-29896,0.0,Stable,Stable
mp-1199063,-0.274081882939849,-0.2771776020526886,-0.0030957191128396,mp-1199063,0.03186745960714177,Stable,Stable
mp-9530,-0.258570687045455,-0.2732537090778351,-0.01468302203238,mp-9530,0.004164988636363276,Stable,Stable
mp-1026551,0.322764093984379,0.3443919420242309,0.0216278480398519,mp-1026551,0.3479059354687495,Unstable,Unstable
mp-1224869,-0.338883196666661,-0.2831065654754638,0.0557766311911971,mp-1224869,0.0,Stable,Stable
mp-15856,-0.50251371933333,-0.5196484923362732,-0.0171347730029431,mp-15856,0.0,Stable,Stable
mp-1192194,-0.389610581199999,-0.3755877017974853,0.0140228794025136,mp-1192194,0.06780471507499897,Stable,Stable
mp-1199826,0.733077601153844,0.8820001482963562,0.1489225471425121,mp-1199826,1.1424765396153838,Unstable,Unstable
mp-20180,-0.057280646758621,0.0375334471464157,0.0948140939050367,mp-20180,0.039028682739129295,Stable,Unstable
mp-657985,-2.0671005459375,-2.0378310680389404,0.0292694778985596,mp-657985,0.05809602614581788,Stable,Stable
mp-1220656,-0.033754415269607,-0.0278512984514236,0.0059031168181833,mp-1220656,0.0028235511948526693,Stable,Stable
mp-1208136,-1.26020824116071,-1.2453973293304443,0.0148109118302657,mp-1208136,0.17652819571428235,Stable,Stable
mp-1087542,-0.113191747499998,-0.2026434242725372,-0.0894516767725392,mp-1087542,0.033581020833331365,Stable,Stable
mp-1215182,-0.926014017916665,-0.938313901424408,-0.0122998835077429,mp-1215182,0.06348851749999973,Stable,Stable
mp-1077787,0.298844184166666,-0.0443530529737472,-0.3431972371404133,mp-1077787,0.9881333118749986,Unstable,Stable
mp-1196291,-0.102498621477987,-0.0993083268404007,0.0031902946375862,mp-1196291,0.11187220761719274,Stable,Stable
mp-1197162,-0.729794180140087,-0.732133150100708,-0.0023389699606209,mp-1197162,0.6155020877083288,Stable,Stable
mp-1212788,0.148129514285714,0.2382008135318756,0.0900712992461616,mp-1212788,0.19455152380952434,Unstable,Unstable
mp-21854,1.60748746783333,1.2400712966918943,-0.3674161711414354,mp-21854,1.8307085463333337,Unstable,Unstable
mp-27727,-1.049738864375,-0.7580168843269348,0.2917219800480652,mp-27727,0.3216681039062488,Stable,Stable
mp-1207385,-0.407802098854168,-0.3885667622089386,0.0192353366452294,mp-1207385,0.02056386350693984,Stable,Stable
mp-1196720,-1.56898525725,-1.559390425682068,0.0095948315679321,mp-1196720,0.26523557306818546,Stable,Stable
mp-1026416,0.297977955937499,0.312039852142334,0.014061896204835,mp-1026416,0.3258945089062495,Unstable,Unstable
mp-16296,-0.393167401100001,-0.2209731340408325,0.1721942670591684,mp-16296,0.11261375116666628,Stable,Stable
mp-1195874,-0.8584272253125,-0.5576325058937073,0.3007947194187927,mp-1195874,0.6678419465625032,Stable,Stable
mp-1018050,-0.001850867499999,0.0307852923870086,0.0326361598870076,mp-1018050,0.08030430958333135,Stable,Unstable
mp-758060,-1.64499968113636,-1.6602821350097656,-0.0152824538734055,mp-758060,0.09570912568181988,Stable,Stable
mp-10040,0.163335222500012,0.2543814778327942,0.0910462553327821,mp-10040,0.7658357209999949,Unstable,Unstable
mp-1192699,-0.249751427261905,-0.2114176452159881,0.0383337820459168,mp-1192699,0.16408947285714248,Stable,Stable
mp-759318,-1.46610366717391,-1.477137327194214,-0.0110336600203038,mp-759318,0.05045650934782486,Stable,Stable
mp-1196585,-0.850618116043105,-0.8298540115356445,0.0207641045074604,mp-1196585,0.6015509553749929,Stable,Stable
mp-1219344,-0.020052744512195,-0.009768471121788,0.0102842733904069,mp-1219344,0.021925215224404937,Stable,Stable
mp-672681,-0.129359108333332,-0.0141057893633842,0.1152533189699477,mp-672681,0.2145130076666737,Stable,Stable
mp-558579,-1.17890343691667,-1.1466655731201172,0.0322378637965528,mp-558579,0.10059687825000285,Stable,Stable
mp-1018048,-0.252704191249999,-0.2793378829956054,-0.0266336917456064,mp-1018048,0.0,Stable,Stable
mp-733600,-0.158065037033898,-0.131601795554161,0.0264632414797369,mp-733600,0.15044060742937848,Stable,Stable
mp-680189,-1.00670133173611,-1.0087594985961914,-0.0020581668600814,mp-680189,0.0,Stable,Stable
mp-15706,-0.560541889687501,-0.5458385348320007,0.0147033548555002,mp-15706,0.0014994678124997662,Stable,Stable
mp-561703,-0.624214645,-0.7683568596839905,-0.1441422146839904,mp-561703,0.3001616656249997,Stable,Stable
mp-1216754,-0.736037945833335,-0.6065062284469604,0.1295317173863746,mp-1216754,0.10686556729166519,Stable,Stable
mp-1222300,-0.109999354642858,-0.1121174395084381,-0.0021180848655801,mp-1222300,0.042873976071424735,Stable,Stable
mp-623924,-0.860290159827586,-0.875157356262207,-0.0148671964346209,mp-623924,0.5709411519791656,Stable,Stable
mp-1176814,-1.55120739372549,-1.540126919746399,0.011080473979091,mp-1176814,0.10568660235294036,Stable,Stable
mp-1295192,-1.98423306587644,-1.9904234409332275,-0.0061903750567875,mp-1295192,0.0,Stable,Stable
mp-1182728,-1.51291915869047,-1.6987642049789429,-0.1858450462884728,mp-1182728,0.7821617039583328,Stable,Stable
mp-1096984,-0.711557372499999,-0.6997522115707397,0.0118051609292592,mp-1096984,0.3379448724999996,Stable,Stable
mp-9514,-0.055014741,-0.1897354423999786,-0.1347207013999786,mp-9514,0.008182127500001357,Stable,Stable
mp-866659,-0.144566281155661,-0.1641584038734436,-0.0195921227177826,mp-866659,0.06036664275943249,Stable,Stable
mp-29961,-0.271592839999998,-0.2061659693717956,0.0654268706282023,mp-29961,0.08914109704545226,Stable,Stable
mp-1239078,0.708870983437499,0.3472076952457428,-0.3616632881917562,mp-1239078,1.1186284521874974,Unstable,Unstable
mp-1182145,-0.083557825,-0.2369825541973114,-0.1534247291973114,mp-1182145,0.7602134318749991,Stable,Stable
mp-1221105,3.5305635275,2.322445869445801,-1.2081176580541992,mp-1221105,4.036914452083333,Unstable,Unstable
mp-730460,-1.90699497002694,-1.9035425186157229,0.0034524514112173,mp-730460,0.0,Stable,Stable
mp-1238815,-0.130572651333333,-0.0498671308159828,0.0807055205173502,mp-1238815,0.0,Stable,Stable
mp-2285616,1.2732333076875,1.3037803173065186,0.0305470096190185,mp-2285616,1.3111829525833336,Unstable,Unstable
mp-1193904,-0.018084984333334,-0.0388588644564151,-0.0207738801230811,mp-1193904,0.25939636416666545,Stable,Stable
mp-576,-0.094896928833333,-0.0619459822773933,0.0329509465559396,mp-576,0.0,Stable,Stable
mp-733610,-1.02558712631945,-0.9913681149482728,0.0342190113711773,mp-733610,0.04285254714646314,Stable,Stable
mp-1196795,-0.321935169821428,-0.0894113853573799,0.2325237844640481,mp-1196795,1.1626027973214308,Stable,Stable
mp-1190844,0.135153168181818,-0.0321555845439434,-0.1673087527257614,mp-1190844,0.17261563272727543,Unstable,Stable
mp-1035238,-2.56917027890625,-2.582791566848755,-0.013621287942505,mp-1035238,0.2810232146875,Stable,Stable
mp-555541,-0.85594820621875,-0.8709603548049927,-0.0150121485862426,mp-555541,0.5244260495624982,Stable,Stable
mp-1204247,-1.86709038538889,-1.859301209449768,0.0077891759391219,mp-1204247,0.18542452033333223,Stable,Stable
mp-1245795,-0.379143023218392,-0.3554620146751404,0.0236810085432516,mp-1245795,0.09702760861111326,Stable,Stable
mp-1196125,-0.197414045683793,-0.2040086090564727,-0.0065945633726797,mp-1196125,0.049549512912697935,Stable,Stable
mp-1030856,-2.1214005059375,-2.127063512802124,-0.0056630068646241,mp-1030856,0.8034965740624989,Stable,Stable
mp-619775,-1.53659324136364,-1.5327695608139038,0.0038236805497362,mp-619775,0.18574837306818104,Stable,Stable
mp-1203167,-0.310445692187498,-0.0427580773830413,0.2676876148044566,mp-1203167,0.23849976339285828,Stable,Stable
mp-1206138,-0.747902783000006,-0.7493195533752441,-0.0014167703752381,mp-1206138,0.0,Stable,Stable
mp-704101,-0.728176718532214,-0.7107318639755249,0.017444854556689,mp-704101,0.5864923980827053,Stable,Stable
mp-30168,-0.149503778136793,-0.1171052828431129,0.03239849529368,mp-30168,0.055429145778300715,Stable,Stable
mp-1194642,-1.44350382828125,-1.4824321269989014,-0.0389282987176513,mp-1194642,0.09312019062499388,Stable,Stable
mp-1219267,0.25000112375,0.000114306807518,-0.249886816942482,mp-1219267,0.2798723577500013,Unstable,Unstable
mp-19828,0.329392559250003,0.0283492803573608,-0.3010432788926421,mp-19828,0.3293925592500013,Unstable,Unstable
mp-1077125,0.223119971840277,0.194202184677124,-0.0289177871631529,mp-1077125,0.2503226075347218,Unstable,Unstable
mp-1216018,-0.222607227499997,-0.3610867261886596,-0.1384794986886626,mp-1216018,0.0547766108750114,Stable,Stable
mp-556661,-3.28396804727273,-3.2075769901275635,0.0763910571451664,mp-556661,0.0,Stable,Stable
mp-1189890,1.75410970094401,2.239485502243042,0.4853758012990319,mp-1189890,1.9597207747265601,Unstable,Unstable
mp-1078473,-1.98268526958621,-1.9850622415542605,-0.0023769719680502,mp-1078473,0.030299367000004906,Stable,Stable
mp-1644899,-2.09058988714286,-2.076975107192993,0.0136147799498669,mp-1644899,0.07126768781250004,Stable,Stable
mp-1147570,0.140298966428572,0.7159531116485596,0.5756541452199876,mp-1147570,0.7341914057142827,Unstable,Unstable
mp-1194836,-2.09264136811111,-2.106728792190552,-0.0140874240794417,mp-1194836,0.17416576688888696,Stable,Stable
mp-1214225,-0.106863616874999,0.2071147561073303,0.3139783729823293,mp-1214225,0.11044621026785695,Stable,Unstable
mp-1189517,0.082261265625,0.0809899941086769,-0.001271271516323,mp-1189517,0.11587294312499985,Unstable,Unstable
mp-1104152,-0.277010309047619,-0.302165538072586,-0.025155229024967,mp-1104152,0.0,Stable,Stable
mp-1220098,-0.195776754166667,-0.1479409337043762,0.0478358204622907,mp-1220098,0.013342655624995814,Stable,Stable
mp-11180,0.231587437974138,0.2122867107391357,-0.0193007272350022,mp-11180,0.23158743797413806,Unstable,Unstable
mp-1200133,-1.584273710625,-1.5753365755081177,0.0089371351168823,mp-1200133,0.20820717945312506,Stable,Stable
mp-1390274,-1.13014245222222,-1.2129838466644287,-0.0828413944422086,mp-1390274,0.5970405283333324,Stable,Stable
mp-9956,-0.17222914625,-0.177351176738739,-0.005122030488739,mp-9956,0.0,Stable,Stable
mp-571575,-1.83040088122222,-1.804789423942566,0.0256114572796541,mp-571575,0.0,Stable,Stable
mp-568966,-0.493766424,-0.505094051361084,-0.011327627361084,mp-568966,0.0,Stable,Stable
mp-1205734,-0.454426675000002,-0.4374668300151825,0.0169598449848195,mp-1205734,0.0,Stable,Stable
mp-1008395,0.335081674999999,0.2912761569023132,-0.0438055180976857,mp-1008395,0.33508167499999963,Unstable,Unstable
mp-1033731,-2.61427211669271,-2.632490396499634,-0.0182182798069239,mp-1033731,0.32783703542968734,Stable,Stable
mp-612670,-0.503242483541666,-0.4907720386981964,0.0124704448434695,mp-612670,0.0,Stable,Stable
mp-1207473,1.1256620625,0.6879312992095947,-0.4377307632904053,mp-1207473,1.1256620625,Unstable,Unstable
mp-1188638,0.662361531825396,0.0390631780028343,-0.6232983538225617,mp-1188638,1.6241437318606717,Unstable,Unstable
mp-608317,0.595965811071427,0.7456729412078857,0.1497071301364587,mp-608317,0.5959658110714283,Unstable,Unstable
mp-1025382,-0.608535660714285,-0.6084542274475098,8.143326677523266e-05,mp-1025382,0.0,Stable,Stable
mp-4587,-0.331934660416665,-0.3196977972984314,0.0122368631182335,mp-4587,0.0,Stable,Stable
mp-1027947,0.3055586634375,0.3217458426952362,0.0161871792577362,mp-1027947,0.3426416485624997,Unstable,Unstable
mp-650510,0.167214590729165,0.284253716468811,0.117039125739646,mp-650510,0.634225219166666,Unstable,Unstable
mp-558995,-0.486602872107143,-0.6151487827301025,-0.1285459106229595,mp-558995,0.6070611339285721,Stable,Stable
mp-995218,-0.525920091363637,-0.4828536510467529,0.0430664403168841,mp-995218,0.23735426863636455,Stable,Stable
mp-1227329,-2.221535567,-2.2472403049468994,-0.0257047379468993,mp-1227329,0.0,Stable,Stable
mp-13137,-1.51062871695313,-1.485000729560852,0.025627987392278,mp-13137,0.0,Stable,Stable
mp-1207981,0.784654496562499,0.7822455167770386,-0.0024089797854603,mp-1207981,1.2188906140624987,Unstable,Unstable
mp-1224201,-0.037900219249999,-0.0391820073127746,-0.0012817880627756,mp-1224201,0.024767021625001107,Stable,Stable
mp-1246742,0.399656911304344,0.2620880603790283,-0.1375688509253156,mp-1246742,0.3996569113043478,Unstable,Unstable
mp-31271,-1.72414109175,-1.63049054145813,0.09365055029187,mp-31271,0.05710860875000012,Stable,Stable
mp-1210138,-2.52335710838793,-2.5446510314941406,-0.0212939231062105,mp-1210138,0.0,Stable,Stable
mp-1033060,-2.3575649065625,-2.350457668304444,0.0071072382580568,mp-1033060,0.564296933984374,Stable,Stable
mp-1182792,-1.1507623720875,-0.9883614182472228,0.162400953840277,mp-1182792,0.4218597240624984,Stable,Stable
mp-1192077,0.414578843333333,0.2064355611801147,-0.2081432821532182,mp-1192077,0.4781725477777785,Unstable,Unstable
mp-1078133,-0.079997721428568,-0.0846028327941894,-0.0046051113656214,mp-1078133,0.0968173185714285,Stable,Stable
mp-1245412,0.174599494999998,0.2553938031196594,0.0807943081196614,mp-1245412,0.3909723341666673,Unstable,Unstable
mp-560460,-0.019256932738096,-0.0984606891870498,-0.0792037564489538,mp-560460,0.7387673608333332,Stable,Stable
mp-1194387,-0.005904283877555,-0.0498113632202148,-0.0439070793426598,mp-1194387,0.06632543642856703,Stable,Stable
mp-1071565,3.49495581833333,3.463176012039185,-0.0317798062941454,mp-1071565,3.6329858516666667,Unstable,Unstable
mp-1102227,-1.75191177333333,-1.7477524280548096,0.0041593452785204,mp-1102227,0.0168115783333338,Stable,Stable
mp-669448,0.211358776363634,0.4995560646057129,0.2881972882420789,mp-669448,0.5654234222727252,Unstable,Unstable
mp-1190105,-0.406293224828947,-0.1748958826065063,0.2313973422224406,mp-1190105,0.2681624418713424,Stable,Stable
mp-1189974,-0.927098087916666,-0.9741316437721252,-0.0470335558554592,mp-1189974,0.0,Stable,Stable
mp-1214257,-0.034710935555555,0.015015996992588,0.049726932548143,mp-1214257,0.13356275762896797,Stable,Unstable
mp-695987,-1.55848751125,-1.5666234493255615,-0.0081359380755614,mp-695987,0.012022402500001306,Stable,Stable
mp-1202853,-1.85050732685185,-1.8408061265945437,0.0097012002573064,mp-1202853,0.3502714351851868,Stable,Stable
mp-1224072,-0.072876271944445,-0.0444105044007301,0.0284657675437148,mp-1224072,0.02188186138888959,Stable,Stable
mp-1196757,-0.187023641416667,-0.2391428053379058,-0.0521191639212388,mp-1196757,0.1710702635111101,Stable,Stable
mp-10046,-0.605247509374999,-0.6606208682060242,-0.0553733588310251,mp-10046,0.0,Stable,Stable
mp-1195111,-1.787870118125,-1.721936583518982,0.0659335346060181,mp-1195111,0.45293121937500125,Stable,Stable
mp-1203471,-0.785466117763158,-0.7487990856170654,0.0366670321460925,mp-1203471,0.37049243934209564,Stable,Stable
mp-1189002,-0.555025728633331,-0.5065269470214844,0.0484987816118466,mp-1189002,0.06992151333333041,Stable,Stable
mp-1009735,0.225445643125006,0.5781099796295166,0.3526643365045105,mp-1009735,0.265454019375003,Unstable,Unstable
mp-647192,0.254800895662878,0.1931105554103851,-0.0616903402524928,mp-647192,0.2880636964109824,Unstable,Unstable
mp-1008653,2.23646498291667,2.385262489318848,0.1487975064021776,mp-1008653,2.236464982916667,Unstable,Unstable
mp-1203312,-0.63465115100934,-0.5872752070426941,0.0473759439666459,mp-1203312,0.0,Stable,Stable
mp-1202609,-0.333963873591269,-0.3565285205841064,-0.0225646469928374,mp-1202609,0.030492215886243734,Stable,Stable
mp-680486,-0.851554364565206,-0.9026027321815492,-0.0510483676163431,mp-680486,0.021094734311595253,Stable,Stable
mp-1203203,-1.2339843340625,-1.2268025875091553,0.0071817465533448,mp-1203203,0.1709866028906264,Stable,Stable
mp-567465,2.10802690958333,2.167783260345459,0.0597563507621288,mp-567465,2.10802690958333,Unstable,Unstable
mp-1213356,-1.88821051031035,-1.8537330627441408,0.0344774475662092,mp-1213356,0.2491855915416643,Stable,Stable
mp-1212629,-0.317377491064816,-0.2882172167301178,0.0291602743346982,mp-1212629,0.39425028706790055,Stable,Stable
mp-570535,-0.234856437948718,-0.2616810500621795,-0.0268246121134615,mp-570535,0.08209451108974353,Stable,Stable
mp-8667,-0.600598679583332,-0.601851761341095,-0.0012530817577629,mp-8667,0.0,Stable,Stable
mp-652353,-0.038766001108633,-0.0218225568532943,0.0169434442553386,mp-652353,0.12452488087797775,Stable,Stable
mp-1106263,-0.277989409062499,-0.3053027689456939,-0.0273133598831949,mp-1106263,0.056556943437499285,Stable,Stable
mp-1096989,-0.511724911666666,-0.5374640822410583,-0.0257391705743923,mp-1096989,0.06546359444444505,Stable,Stable
mp-556223,-1.28387163125,-1.3441054821014404,-0.0602338508514403,mp-556223,0.46810279920312503,Stable,Stable
mp-1025439,0.278357146336206,0.3301441967487335,0.0517870504125275,mp-1025439,0.30122863631465435,Unstable,Unstable
mp-1222682,0.001822359666667,-0.3329069316387176,-0.3347292913053846,mp-1222682,0.2595244192000026,Unstable,Stable
mp-726274,-1.75063153016667,-1.811277747154236,-0.0606462169875658,mp-726274,0.5411153015833348,Stable,Stable
mp-1182437,-1.40491752136364,-1.2113109827041626,0.1936065386594774,mp-1182437,0.1476252739610393,Stable,Stable
mp-2228404,-1.92282564636116,-1.9228397607803345,-1.4114419174537929e-05,mp-2228404,0.0958585873245692,Stable,Stable
mp-1246905,-0.630662252692307,-0.6671419143676758,-0.0364796616753687,mp-1246905,0.1858382167948731,Stable,Stable
mp-1106149,0.7824195903125,0.6163528561592102,-0.1660667341532897,mp-1106149,0.7824195903125002,Unstable,Unstable
mp-1200761,-0.191457588098957,-0.227066695690155,-0.035609107591198,mp-1200761,0.07829934883662304,Stable,Stable
mp-16975,0.21803635310606,0.1747986376285553,-0.0432377154775047,mp-16975,0.24967225696969564,Unstable,Unstable
mp-1226555,-0.279931265624995,-0.2951885163784027,-0.0152572507534077,mp-1226555,0.09246646208333331,Stable,Stable
mp-1213501,-0.88867940166536,-0.9188124537467957,-0.0301330520814356,mp-1213501,1.016428409664253,Stable,Stable
mp-6286,-0.581773555,-0.5333251953125,0.0484483596875,mp-6286,0.0,Stable,Stable
mp-25082,-0.866200906730767,-0.9076379537582396,-0.0414370470274727,mp-25082,0.416645683653849,Stable,Stable
mp-568422,-0.036525504340277,-0.096315823495388,-0.059790319155111,mp-568422,0.21664995795138964,Stable,Stable
mp-1223073,-0.315549207736114,-0.2740506827831268,0.0414985249529871,mp-1223073,0.03867416163888748,Stable,Stable
mp-1191449,-2.15863293034091,-2.1440396308898926,0.0145932994510173,mp-1191449,0.0437456759091015,Stable,Stable
mp-1228833,-0.168918568333333,-0.1656153202056884,0.0033032481276445,mp-1228833,0.6151400945000001,Stable,Stable
mp-1214386,0.051784377552084,0.0766130313277244,0.0248286537756404,mp-1214386,0.13920206273437508,Unstable,Unstable
mp-736257,1.54156659951515,1.3841923475265503,-0.1573742519885996,mp-736257,1.6169131898787867,Unstable,Unstable
mp-667273,0.390676338333332,0.2749642133712768,-0.1157121249620551,mp-667273,0.3906763383333338,Unstable,Unstable
mp-569303,0.107412464868419,0.1114743575453758,0.0040618926769568,mp-569303,0.4398736203947333,Unstable,Unstable
mp-639826,0.450684779031249,0.479723572731018,0.029038793699769,mp-639826,0.5450847790312494,Unstable,Unstable
mp-1079612,0.160189451562499,0.8102943301200867,0.6501048785575877,mp-1079612,0.3199165834374993,Unstable,Unstable
mp-1207162,1.010158501,1.2540006637573242,0.2438421627573241,mp-1207162,1.0188583745625,Unstable,Unstable
mp-1220518,-0.940339145454545,-0.955685019493103,-0.015345874038558,mp-1220518,0.038070870050507466,Stable,Stable
mp-1212804,-0.489943201298077,-0.4933980405330658,-0.0034548392349887,mp-1212804,0.4406495398455679,Stable,Stable
mp-29804,-0.059272533,-0.0595605298876762,-0.0002879968876762,mp-29804,0.034794967249998976,Stable,Stable
mp-3346927,-2.26377367358333,-2.282196044921875,-0.0184223713385449,mp-3346927,0.01303730966665917,Stable,Stable
mp-1206408,0.946748569206252,1.0216867923736572,0.0749382231674051,mp-1206408,0.9581334626749998,Unstable,Unstable
mp-863728,-0.346240300952381,-0.3465446233749389,-0.0003043224225579,mp-863728,0.0,Stable,Stable
mp-1200580,-0.635702073534482,-0.5734715461730957,0.0622305273613863,mp-1200580,0.23500231870689703,Stable,Stable
mp-1245921,0.319185772666666,0.336239218711853,0.017053446045187,mp-1245921,0.3191857726666676,Unstable,Unstable
mp-1246356,0.158885171515149,0.2042093873023986,0.0453242157872496,mp-1246356,0.1804543403787875,Unstable,Unstable
mp-1079286,1.505050804,1.000705599784851,-0.5043452042151488,mp-1079286,1.5050508040000032,Unstable,Unstable
mp-1225588,-0.191367616944443,-0.2012521773576736,-0.0098845604132306,mp-1225588,0.06652416404166672,Stable,Stable
mp-754012,-1.71262271754789,-1.7383519411087036,-0.0257292235608135,mp-754012,0.07403549157407596,Stable,Stable
mp-1221393,-0.156739689999998,-0.1935745924711227,-0.0368349024711247,mp-1221393,0.00023988999999957628,Stable,Stable
mp-1221614,1.80065598874138,1.946976900100708,0.146320911359328,mp-1221614,2.044806007500001,Unstable,Unstable
mp-6916,-0.528827930999997,-0.5146305561065674,0.0141973748934296,mp-6916,0.0,Stable,Stable
mp-27249,-1.29794131,-1.3236594200134275,-0.0257181100134278,mp-27249,0.1404106780000003,Stable,Stable
mp-770839,-2.09317577733333,-2.113255262374878,-0.0200794850415477,mp-770839,0.0,Stable,Stable
mp-1199581,0.101935419843749,0.0948319062590599,-0.007103513584689,mp-1199581,0.3696518988541664,Unstable,Unstable
mp-560961,-0.679546168958334,-0.7238418459892273,-0.0442956770308933,mp-560961,0.2666903264166658,Stable,Stable
mp-1215108,-0.033126214117644,-0.0617465637624263,-0.0286203496447823,mp-1215108,0.010553660490195682,Stable,Stable
mp-1207574,-0.085328140673982,-0.083315908908844,0.002012231765138,mp-1207574,0.00840274530848184,Stable,Stable
mp-1222817,-0.311488925416663,-0.2900474369525909,0.021441488464072,mp-1222817,0.0012900283333365792,Stable,Stable
mp-3346459,-2.5415666635,-2.306536912918091,0.235029750581909,mp-3346459,0.027216117000001816,Stable,Stable
mp-1205005,-0.3377931315,-0.262149453163147,0.075643678336853,mp-1205005,0.2121134779374989,Stable,Stable
mp-1181157,-1.34928018307353,-1.487517476081848,-0.1382372930083182,mp-1181157,0.7347335479901975,Stable,Stable
mp-504921,-1.859358655,-1.730907917022705,0.128450737977295,mp-504921,0.0,Stable,Stable
mp-1077906,-1.76144844833334,-1.7071479558944702,0.0543004924388696,mp-1077906,0.007274903333332361,Stable,Stable
mp-1184015,0.996349889999999,0.4223436415195465,-0.5740062484804525,mp-1184015,0.9963498899999994,Unstable,Unstable
mp-1225631,-1.42027558496795,-1.3946424722671509,0.0256331127007991,mp-1225631,0.12392884897435597,Stable,Stable
mp-1217798,-0.034349582249998,-0.0579808540642261,-0.0236312718142281,mp-1217798,0.012118579937499874,Stable,Stable
mp-1196196,-0.834586421794871,-0.807889997959137,0.026696423835734,mp-1196196,0.2618546521153906,Stable,Stable
mp-1192779,-1.07959326833333,-1.131940841674805,-0.0523475733414746,mp-1192779,0.16371542583333376,Stable,Stable
mp-1079749,-0.375266067000001,-0.3686505854129791,0.0066154815870218,mp-1079749,0.15963453900000246,Stable,Stable
mp-1009458,0.027386810208327,0.2761599123477936,0.2487731021394665,mp-1009458,0.5930299368749985,Unstable,Unstable
mp-1181830,-1.482300345,-1.5687036514282229,-0.0864033064282225,mp-1181830,0.8163864146428548,Stable,Stable
mp-1147562,-0.334345667857144,-0.5520564317703247,-0.2177107639131807,mp-1147562,1.2942391424702375,Stable,Stable
mp-1213545,-1.17210442872059,-1.2314822673797607,-0.0593778386591707,mp-1213545,0.8495073679411798,Stable,Stable
mp-1203957,-1.84721302952381,-1.784111261367798,0.0631017681560122,mp-1203957,0.4236383026190458,Stable,Stable
mp-1105904,0.851769236158853,0.5399653911590576,-0.3118038449997954,mp-1105904,0.8693871147265622,Unstable,Unstable
mp-8370,0.122262212499998,-0.0427000820636749,-0.1649622945636729,mp-8370,0.3200863424999998,Unstable,Stable
mp-1246417,0.26227149795454,0.1978253126144409,-0.0644461853400991,mp-1246417,0.2622714979545435,Unstable,Unstable
mp-757644,-1.85402846147436,-1.863991856575012,-0.0099633951006521,mp-757644,0.0995299563461538,Stable,Stable
mp-624186,-1.05070318967391,-1.024379849433899,0.0263233402400111,mp-624186,0.0,Stable,Stable
mp-18698,-2.53624929838218,-2.5380749702453613,-0.0018256718631812,mp-18698,0.0,Stable,Stable
mp-1205404,-0.340440412074074,-0.4419737756252289,-0.1015333635511548,mp-1205404,0.3209656805555472,Stable,Stable
mp-1178258,-1.62056608775,-1.6127917766571045,0.0077743110928956,mp-1178258,0.08934333341667244,Stable,Stable
mp-3886,-0.752960486250001,-0.6590178608894348,0.0939426253605661,mp-3886,0.0381622517777771,Stable,Stable
mp-758215,-2.08226485494971,-2.0810019969940186,0.0012628579556914,mp-758215,0.11169126124999984,Stable,Stable
mp-1188736,-1.17769545604462,-1.1832034587860107,-0.0055080027413907,mp-1188736,0.5819370213480424,Stable,Stable
mp-1216715,-0.564487655416668,-0.5834089517593384,-0.0189212963426703,mp-1216715,0.0,Stable,Stable
mp-726261,-0.65049002590909,-0.2851828038692474,0.3653072220398425,mp-726261,0.6210940775000005,Stable,Stable
mp-1196283,0.14231808643678,0.0378560647368431,-0.1044620216999369,mp-1196283,0.32973950534482643,Unstable,Unstable
mp-972937,-1.86734136375,-1.9352226257324217,-0.0678812619824218,mp-972937,0.015524532500000632,Stable,Stable
mp-1238775,-0.128828255833333,0.269255131483078,0.398083387316411,mp-1238775,0.0,Stable,Unstable
mp-1190675,0.212759342916666,0.0531889274716377,-0.1595704154450282,mp-1190675,0.45621399676127794,Unstable,Unstable
mp-1222106,-0.112492769521405,-0.1123566180467605,0.0001361514746444,mp-1222106,0.008207707116525853,Stable,Stable
mp-1105738,-0.880141622222219,-0.8005959391593933,0.0795456830628257,mp-1105738,0.001958344259243461,Stable,Stable
mp-1188514,-0.384807695499995,-0.4273558259010315,-0.0425481304010365,mp-1188514,0.023885154500000283,Stable,Stable
mp-6140,-0.429912884166666,-0.4328317046165466,-0.0029188204498806,mp-6140,0.0,Stable,Stable
mp-1189253,-0.35505908156249,-0.3400252163410187,0.0150338652214713,mp-1189253,0.05659612593749941,Stable,Stable
mp-5256,0.267536068265624,0.2522922158241272,-0.0152438524414967,mp-5256,0.2959983019374999,Unstable,Unstable
mp-1094023,-0.237193746666667,-0.5030640363693237,-0.2658702897026567,mp-1094023,0.3020393041666676,Stable,Stable
mp-679969,-0.643230302359693,-0.5837582349777222,0.0594720673819708,mp-679969,0.1232803211607143,Stable,Stable
mp-1201928,-1.28826915572581,-1.303991436958313,-0.015722281232503,mp-1201928,0.21684381649193352,Stable,Stable
mp-734582,0.658470432633928,0.04126887768507,-0.617201554948858,mp-734582,0.6584704326339281,Unstable,Unstable
mp-758620,-1.49397584488889,-1.541940689086914,-0.047964844198024,mp-758620,0.11907534750000348,Stable,Stable
mp-1215389,-1.29751071359375,-1.3639932870864868,-0.0664825734927367,mp-1215389,0.0,Stable,Stable
mp-727242,-1.78544044427586,-1.5408222675323486,0.2446181767435113,mp-727242,0.0018082339999985209,Stable,Stable
mp-2958,-0.545605306999999,-0.4717050790786743,0.0739002279213246,mp-2958,0.0,Stable,Stable
mp-567770,-0.235198005555553,-0.2893941700458526,-0.0541961644902996,mp-567770,0.3898957788888868,Stable,Stable
mp-1194216,-1.765178515,-1.892385959625244,-0.1272074446252442,mp-1194216,0.5416638299999974,Stable,Stable
mp-1191888,-1.57834230065278,-1.5855063199996948,-0.0071640193469149,mp-1191888,0.06783859333332831,Stable,Stable
mp-680462,-0.123967026932231,-0.1711262762546539,-0.0471592493224229,mp-680462,0.11312538947802508,Stable,Stable
mp-28979,0.235427874285713,0.1781983375549316,-0.0572295367307813,mp-28979,0.2626823190476184,Unstable,Unstable
mp-721193,-0.890766606249999,-0.8935256004333496,-0.0027589941833505,mp-721193,0.22414055968750013,Stable,Stable
mp-570572,0.147267648214285,0.1584589481353759,0.0111912999210909,mp-570572,0.14726764821428517,Unstable,Unstable
mp-1007768,-1.46993448160714,-1.4192544221878052,0.0506800594193348,mp-1007768,0.10579098125000108,Stable,Stable
mp-542742,-1.19452050616667,-1.2718369960784912,-0.0773164899118212,mp-542742,0.1287160408333321,Stable,Stable
mp-1202981,-0.641883875357143,-0.624650239944458,0.0172336354126849,mp-1202981,0.6712635635714346,Stable,Stable
mp-1226143,-0.293568210520833,-0.290755033493042,0.0028131770277909,mp-1226143,0.017959533119370263,Stable,Stable
mp-556405,-1.921112189,-1.9598487615585327,-0.0387365725585326,mp-556405,0.0,Stable,Stable
mp-20983,-0.420359014999998,-0.3615222871303558,0.0588367278696421,mp-20983,0.0,Stable,Stable
mp-995196,1.747311735,2.519721746444702,0.7724100114447021,mp-995196,3.07385424875,Unstable,Unstable
mp-679947,-0.952483031666668,-0.9495648741722108,0.0029181574944573,mp-679947,0.2266658694444441,Stable,Stable
mp-10270,-0.146587398999999,-0.2748657166957855,-0.1282783176957865,mp-10270,0.10300047374999544,Stable,Stable
mp-9989,-0.615532904374999,-0.6279758214950562,-0.0124429171200571,mp-9989,0.0,Stable,Stable
mp-1026479,0.3770628909375,0.3849214613437652,0.0078585704062652,mp-1026479,0.38754194828124966,Unstable,Unstable
mp-1179740,0.889296429979168,0.7339251637458801,-0.1553712662332879,mp-1179740,1.145292537312499,Unstable,Unstable
mp-1219519,0.191189231250007,0.2031605243682861,0.0119712931182791,mp-1219519,0.2679596037500005,Unstable,Unstable
mp-1078624,-0.322710016249997,-0.2933544516563415,0.0293555645936554,mp-1078624,0.0,Stable,Stable
mp-10964,-0.615347130555553,-0.5617202520370483,0.0536268785185046,mp-10964,0.0,Stable,Stable
mp-4384,-1.053680776,-0.9461277723312378,0.1075530036687621,mp-4384,0.016770971583335736,Stable,Stable
mp-1217909,-0.618764197666665,-0.6590015292167664,-0.0402373315501013,mp-1217909,0.0,Stable,Stable
mp-541840,-0.370022661666666,-0.2187296450138092,0.1512930166528567,mp-541840,0.05398585083333174,Stable,Stable
mp-1178822,0.595332458819443,0.4188374876976013,-0.1764949711218416,mp-1178822,0.8865321484027788,Unstable,Unstable
mp-1033209,-2.3735340846875,-2.4542653560638428,-0.0807312713763428,mp-1033209,0.6589123629687501,Stable,Stable
mp-568727,-0.527191843000001,-0.5233081579208374,0.0038836850791635,mp-568727,0.0,Stable,Stable
mp-669526,0.203360379375001,0.2273009717464447,0.0239405923714436,mp-669526,0.48595617800000035,Unstable,Unstable
mp-1197124,-0.97921461462931,-0.9364914894104004,0.0427231252189096,mp-1197124,0.16564513670000025,Stable,Stable
mp-28838,-0.232828229999997,-0.3128082156181335,-0.0799799856181365,mp-28838,0.0,Stable,Stable
mp-722050,5.47454266,2.6897177696228027,-2.7848248903771973,mp-722050,6.23815184471875,Unstable,Unstable
mp-8758,-0.291827053750002,-0.2978293299674988,-0.0060022762174967,mp-8758,0.07232158749999762,Stable,Stable
mp-1202302,-1.62308629488095,-1.6068496704101562,0.0162366244707936,mp-1202302,0.0695929125000001,Stable,Stable
mp-2630,-0.124015866666664,0.1361945867538452,0.2602104534205092,mp-2630,0.0033057683333339583,Stable,Unstable
mp-1102232,0.116433199583332,0.2964850664138794,0.1800518668305474,mp-1102232,0.37996507249999656,Unstable,Unstable
mp-1204855,-1.26870292845833,-1.3203734159469604,-0.0516704874886304,mp-1204855,0.7423875066666712,Stable,Stable
mp-1204386,-1.35444083561403,-1.3806564807891846,-0.0262156451751545,mp-1204386,0.031961386096490685,Stable,Stable
mp-30161,-0.807115940714284,-0.8434399962425232,-0.0363240555282391,mp-30161,0.07351303452380975,Stable,Stable
mp-725609,-0.717251537222223,-0.7931460738182068,-0.0758945365959837,mp-725609,0.5761783480555556,Stable,Stable
mp-35308,0.238716362499998,0.2939680218696594,0.0552516593696614,mp-35308,0.23871636249999995,Unstable,Unstable
mp-1077595,0.707430820833331,0.8916165828704834,0.1841857620371524,mp-1077595,0.7074308208333324,Unstable,Unstable
mp-1022803,-1.45265491089286,-1.4443845748901367,0.0082703360027232,mp-1022803,0.04946709285714501,Stable,Stable
mp-759603,-0.454272925514706,-0.4591817557811737,-0.0049088302664677,mp-759603,0.20328075450980432,Stable,Stable
mp-631,-0.965351713333333,-0.8594210743904114,0.1059306389429216,mp-631,0.0,Stable,Stable
mp-758633,-1.76212486402778,-1.7725213766098022,-0.0103965125820222,mp-758633,0.12694042125000582,Stable,Stable
mp-1079546,-0.562376906249998,-0.5290942788124084,0.0332826274375895,mp-1079546,0.0,Stable,Stable
mp-571244,-0.432798428287108,-0.4557619988918304,-0.0229635706047224,mp-571244,0.0368676593225743,Stable,Stable
mp-15661,-0.623887274999999,-0.5314289927482605,0.0924582822517384,mp-15661,0.0,Stable,Stable
mp-21076,-0.2337203635,-0.1350145936012268,0.0987057698987732,mp-21076,0.06089381650000192,Stable,Stable
mp-1223002,-0.311847170522221,-0.2728824913501739,0.038964679172047,mp-1223002,0.037723855977773724,Stable,Stable
mp-568817,-0.091357550527344,-0.0725622028112411,0.0187953477161028,mp-568817,0.19085153939453114,Stable,Stable
mp-1188188,-0.005029761894677,-0.0642096623778343,-0.0591799004831573,mp-1188188,0.016571311684781875,Stable,Stable
mp-1001614,-0.356496754166668,-0.3530502617359161,0.0034464924307518,mp-1001614,0.0,Stable,Stable
mp-546079,-2.063969042,-1.9437401294708248,0.1202289125291748,mp-546079,0.3780616330000077,Stable,Stable
mp-2546,0.171593686874999,0.028615653514862,-0.1429780333601369,mp-2546,0.1715936868749992,Unstable,Unstable
mp-1219399,-0.1049822122,-0.0896764025092125,0.0153058096907875,mp-1219399,0.07389505639999605,Stable,Stable
mp-1217042,-0.596308088333332,-0.6111561059951782,-0.0148480176618461,mp-1217042,0.010726406250000764,Stable,Stable
mp-849784,-1.74577620486111,-1.7699273824691772,-0.0241511776080671,mp-849784,0.14328908041667177,Stable,Stable
mp-559030,-1.86186202224405,-1.8573473691940308,0.0045146530500193,mp-559030,0.05423449641917255,Stable,Stable
mp-554491,-1.50180580289063,-1.562099814414978,-0.0602940115243479,mp-554491,0.5417325376562498,Stable,Stable
mp-1224071,-1.6864241596875,-1.7204736471176147,-0.0340494874301147,mp-1224071,0.012330019166665984,Stable,Stable
mp-562550,0.110425484358263,0.0916758850216865,-0.0187495993365764,mp-562550,0.15481568408482183,Unstable,Unstable
mp-1226051,-0.197116821999999,-0.2211157381534576,-0.0239989161534586,mp-1226051,0.06875972937500308,Stable,Stable
mp-1025210,-0.541843560714286,-0.5301173329353333,0.0117262277789527,mp-1025210,0.0,Stable,Stable
mp-643989,-1.5639193587,-1.5784968137741089,-0.0145774550741089,mp-643989,0.08747742574999062,Stable,Stable
mp-752552,-2.13045537378788,-2.105957508087158,0.0244978657007219,mp-752552,0.050306517187502564,Stable,Stable
mp-35687,-0.22551641,-0.2725858092308044,-0.0470693992308044,mp-35687,0.2263785595000023,Stable,Stable
mp-1199200,-1.50320572875,-1.439464449882507,0.0637412788674927,mp-1199200,0.22699762375000088,Stable,Stable
mp-1195133,-1.33659160357843,-1.375696897506714,-0.0391052939282838,mp-1195133,0.13151129230391945,Stable,Stable
mp-1207136,0.368285960208333,0.4889412522315979,0.1206552920232649,mp-1207136,0.390035644114584,Unstable,Unstable
mp-1018645,-0.253258834999998,-0.1821504235267639,0.0711084114732341,mp-1018645,0.5134048489999996,Stable,Stable
mp-569989,-0.536157559999999,-0.5117664337158203,0.0243911262841787,mp-569989,0.0,Stable,Stable
mp-729390,0.147536994886363,0.4138807952404022,0.2663438003540392,mp-729390,0.7814835781676122,Unstable,Unstable
mp-1193083,-0.015320274377323,-0.0618701092898845,-0.0465498349125615,mp-1193083,0.027868033607216347,Stable,Stable
mp-1246078,0.176344646111112,0.3984296023845672,0.2220849562734552,mp-1246078,0.17634464611111156,Unstable,Unstable
mp-1002124,-0.48147441,-0.0842051953077316,0.3972692146922684,mp-1002124,0.6414220250000007,Stable,Stable
mp-1176763,-1.80372896655556,-1.8023042678833008,0.0014246986722592,mp-1176763,0.06900180599999217,Stable,Stable
mp-772564,-1.29203592428571,-1.3225853443145752,-0.0305494200288651,mp-772564,0.08593086142857054,Stable,Stable
mp-1222954,-0.148927164333333,-0.2998417615890503,-0.1509145972557173,mp-1222954,0.1140518377333315,Stable,Stable
mp-561300,-0.935857456413044,-0.975303590297699,-0.039446133884655,mp-561300,0.06816378206521545,Stable,Stable
mp-1032338,-2.1149425934375,-2.1446292400360107,-0.0296866465985106,mp-1032338,0.5471352237499998,Stable,Stable
mp-1101061,-0.327198554999999,-0.3555389046669006,-0.0283403496669016,mp-1101061,0.0316601728571424,Stable,Stable
mp-13038,-2.48894903261905,-2.529257774353028,-0.0403087417339773,mp-13038,0.0,Stable,Stable
mp-1199102,-1.52730968340625,-1.4721049070358276,0.0552047763704224,mp-1199102,0.3222526404687498,Stable,Stable
mp-1021487,0.586588690833333,0.5628296136856079,-0.023759077147725,mp-1021487,0.7885644531250002,Unstable,Unstable
mp-1203731,-0.150494137329545,-0.152823343873024,-0.0023292065434789,mp-1203731,0.157365863181818,Stable,Stable
mp-568663,0.2795022934375,0.2716811895370483,-0.0078211039004516,mp-568663,0.3187204718750003,Unstable,Unstable
mp-1103810,-0.371755592142856,-0.3023315370082855,0.0694240551345704,mp-1103810,0.0,Stable,Stable
mp-1219723,-0.9641771514375,-0.9858738780021667,-0.0216967265646667,mp-1219723,0.07099203333332937,Stable,Stable
mp-721246,-0.8546266015625,-0.831317663192749,0.023308938369751,mp-721246,0.0,Stable,Stable
mp-1203509,-0.213897995344828,-0.1692973673343658,0.0446006280104621,mp-1203509,0.3178135571551719,Stable,Stable
mp-1214300,-0.647513257833333,-0.7686008214950562,-0.1210875636617231,mp-1214300,0.2879127944999995,Stable,Stable
mp-1227982,-2.6337288,-2.649219036102295,-0.0154902361022948,mp-1227982,0.049050461000008205,Stable,Stable
mp-9220,-0.480283088055556,-0.4782100319862366,0.0020730560693194,mp-9220,0.0,Stable,Stable
mp-1028076,0.35123092294181,0.3357390165328979,-0.015491906408912,mp-1028076,0.35860673745923943,Unstable,Unstable
mp-570595,-0.599090265333333,-0.6043652296066284,-0.0052749642732954,mp-570595,0.0,Stable,Stable
mp-1225528,-1.17405722343749,-1.1436713933944702,0.0303858300430197,mp-1225528,0.05166429749999679,Stable,Stable
mp-1208996,-0.183580209333334,-0.1498699486255645,0.0337102607077694,mp-1208996,1.4817640081666648,Stable,Stable
mp-21058,2.39537092898425,2.343719005584717,-0.0516519233995333,mp-21058,2.412651787847823,Unstable,Unstable
mp-676711,-1.51979740357143,-1.5636314153671265,-0.0438340117956965,mp-676711,0.37530664391428736,Stable,Stable
mp-1205728,-0.48423191892857,-0.5466418266296387,-0.0624099077010686,mp-1205728,0.11480785200000021,Stable,Stable
mp-601817,-0.024672684910714,-0.0410737581551075,-0.0164010732443934,mp-601817,0.16117316369047607,Stable,Stable
mp-29979,-0.7018207807967,-0.6880291700363159,0.013791610760384,mp-29979,0.01805228928571445,Stable,Stable
mp-567462,-0.490014863749999,-0.4993658363819122,-0.0093509726319132,mp-567462,0.0048566343750007235,Stable,Stable
mp-1199311,-0.741555759584639,-0.7793709635734558,-0.0378152039888167,mp-1199311,0.6558163529545418,Stable,Stable
mp-1210339,1.7218630235,0.6077174544334412,-1.114145569066559,mp-1210339,1.721863023500001,Unstable,Unstable
mp-574822,0.065052230156245,0.0022374764084815,-0.0628147537477634,mp-574822,0.2549338268749999,Unstable,Unstable
mp-10041,1.28282353,1.15975022315979,-0.1230733068402099,mp-10041,1.786531184000001,Unstable,Unstable
mp-2232,0.225798649285713,0.048253946006298,-0.1775447032794149,mp-2232,0.22579864928571425,Unstable,Unstable
mp-1220644,-0.046017837048402,-0.0339231751859188,0.0120946618624831,mp-1220644,0.026318576289911633,Stable,Stable
mp-6802,-0.13716972378472,-0.1717909425497055,-0.0346212187649855,mp-6802,0.1276751494097237,Stable,Stable
mp-1201103,0.714328091770832,0.4894457459449768,-0.2248823458258552,mp-1201103,1.8722973614843745,Unstable,Unstable
mp-1193216,-0.018859258449185,-0.0657844245433807,-0.0469251660941957,mp-1193216,0.025752015742254386,Stable,Stable
mp-558013,-1.41169986282567,-1.4268032312393188,-0.0151033684136487,mp-558013,0.13329259972222118,Stable,Stable
mp-1188096,-0.736165645000004,-0.7627213001251221,-0.026555655125118,mp-1188096,0.0,Stable,Stable
mp-582587,-0.166498664875,-0.1730737388134002,-0.0065750739384002,mp-582587,0.10826733929166643,Stable,Stable
mp-1246532,0.032465387499994,0.1086219027638435,0.0761565152638495,mp-1246532,0.032465387500000276,Unstable,Unstable
mp-1212658,2.27160480678571,1.2878987789154053,-0.9837060278703048,mp-1212658,2.2716048067857137,Unstable,Unstable
mp-1191547,-1.38578437660266,-1.405208945274353,-0.0194245686716929,mp-1191547,0.051289897973491705,Stable,Stable
mp-1245685,0.327843072000001,0.2688071131706238,-0.0590359588293772,mp-1245685,0.3278430720000003,Unstable,Unstable
mp-1009822,1.29552523875,1.2836737632751465,-0.0118514754748535,mp-1009822,1.295525238749999,Unstable,Unstable
mp-1034419,-2.61543044207435,-2.591939926147461,0.023490515926889,mp-1034419,0.2858760818196622,Stable,Stable
mp-1197606,0.496454253809522,0.7050732374191284,0.2086189836096064,mp-1197606,0.8840219160714264,Unstable,Unstable
mp-647805,-0.466976776041665,-0.4688880443572998,-0.0019112683156348,mp-647805,0.0,Stable,Stable
mp-1226353,2.316246121,2.040545463562012,-0.2757006574379881,mp-1226353,2.4935931967777787,Unstable,Unstable
mp-1194420,0.269537338846153,0.2739497721195221,0.004412433273369,mp-1194420,0.7679142473317295,Unstable,Unstable
mp-752638,-1.68399775638889,-1.6606097221374512,0.0233880342514387,mp-752638,0.04318522416666504,Stable,Stable
mp-636215,-0.570480736875,-0.52962726354599,0.04085347332901,mp-636215,0.6450440914062501,Stable,Stable
mp-1224387,-0.328925178928572,-0.3335128128528595,-0.0045876339242875,mp-1224387,0.6139850098214277,Stable,Stable
mp-1181700,-0.626664972083334,-0.5987807512283325,0.0278842208550015,mp-1181700,0.14123505510416567,Stable,Stable
mp-556383,-1.36582245602381,-1.5477241277694702,-0.1819016717456603,mp-556383,0.598133659728572,Stable,Stable
mp-995202,0.040110008660713,0.014298029243946,-0.0258119794167669,mp-995202,0.08574633205357074,Unstable,Unstable
mp-752886,-1.42225709777778,-1.4478061199188232,-0.0255490221410432,mp-752886,0.1143693566666677,Stable,Stable
mp-21231,0.085572399999999,0.1731653809547424,0.0875929809547434,mp-21231,0.12740512366666756,Unstable,Unstable
mp-1195398,-2.80086766990741,-2.718050479888916,0.0828171900184941,mp-1195398,0.04708210425925863,Stable,Stable
mp-1206401,-0.372125094,-0.2632652223110199,0.10885987168898,mp-1206401,0.04854958399999987,Stable,Stable
mp-1265399,-0.589852351666666,-0.5646265745162964,0.0252257771503696,mp-1265399,0.4094995333333342,Stable,Stable
mp-1223565,-0.766643111279041,-0.6549787521362305,0.1116643591428104,mp-1223565,0.0,Stable,Stable
mp-1199386,-0.264404726971153,-0.3190659880638122,-0.0546612610926592,mp-1199386,0.5707961495192286,Stable,Stable
mp-1017582,-0.321448439096474,-0.1532459706068039,0.1682024684896701,mp-1017582,0.5133005671666737,Stable,Stable
mp-1245475,0.280349410000002,0.2022651135921478,-0.0780842964078541,mp-1245475,0.32467247550000167,Unstable,Unstable
mp-21536,-0.098268498214281,-0.0920167714357376,0.0062517267785433,mp-21536,0.0,Stable,Stable
mp-559604,-0.892811297535921,-0.8961842656135559,-0.0033729680776348,mp-559604,0.7332921574999958,Stable,Stable
mp-1189539,-0.272413799166673,-0.0204871520400047,0.2519266471266683,mp-1189539,0.3145319597499956,Stable,Stable
mp-1216653,-0.508671231250001,-0.5857735276222229,-0.0771022963722218,mp-1216653,0.0,Stable,Stable
mp-997570,-0.393609721666666,-0.405752420425415,-0.012142698758749,mp-997570,0.05818419944444475,Stable,Stable
mp-722912,-0.549929837857149,-0.5932787656784058,-0.0433489278212567,mp-722912,0.0,Stable,Stable
mp-1009792,0.453844466249999,0.3937437236309051,-0.0601007426190938,mp-1009792,0.4538444662500005,Unstable,Unstable
mp-667192,-0.944688601818183,-0.9425681233406068,0.0021204784775763,mp-667192,0.02762646101010091,Stable,Stable
mp-1246094,0.256092023611107,0.2326944470405578,-0.0233975765705491,mp-1246094,0.2560920236111084,Unstable,Unstable
mp-1225168,-0.697224840757575,-0.7243949174880981,-0.0271700767305231,mp-1225168,0.0,Stable,Stable
mp-723031,-0.757863030576923,-0.8063324093818665,-0.0484693788049435,mp-723031,0.25181439836538644,Stable,Stable
mp-5798,-0.534818043181817,-0.5044884085655212,0.0303296346162957,mp-5798,0.09845387181818399,Stable,Stable
mp-763508,-1.94428969722222,-1.923600554466248,0.0206891427559723,mp-763508,0.07568192944443553,Stable,Stable
mp-1212282,-0.890907925966665,-0.922008752822876,-0.0311008268562109,mp-1212282,0.5043792461666685,Stable,Stable
mp-19818,-0.531313319999996,-0.5580310821533203,-0.0267177621533243,mp-19818,0.0,Stable,Stable
mp-1239206,0.239347538697916,0.2757145166397095,0.0363669779417934,mp-1239206,0.28015149223958424,Unstable,Unstable
mp-976603,3.64019461871212,0.3909862637519836,-3.2492083549601363,mp-976603,3.73217412787879,Unstable,Unstable
mp-974437,-0.053344501666667,0.2668809592723846,0.3202254609390516,mp-974437,0.0,Stable,Unstable
mp-696353,-0.177737230454544,-0.1933581829071045,-0.0156209524525604,mp-696353,0.45553468454545687,Stable,Stable
mp-555083,-1.4520237630194,-1.452889919281006,-0.0008661562616059,mp-555083,0.1086280943472202,Stable,Stable
mp-1216158,-0.19917894625,-0.7608382701873779,-0.5616593239373779,mp-1216158,1.3283209474999982,Stable,Stable
mp-13071,-0.622495846249997,-0.5906855463981628,0.0318102998518341,mp-13071,7.569311111055299e-05,Stable,Stable
mp-732350,0.606721268807866,0.7338293194770813,0.1271080506692152,mp-732350,0.8901032033680565,Unstable,Unstable
mp-1038619,-2.83857927460937,-2.8539605140686035,-0.0153812394592334,mp-1038619,0.16332040384765634,Stable,Stable
mp-1026798,0.311544017265628,0.3030216693878174,-0.0085223478778106,mp-1026798,0.3604001177343754,Unstable,Unstable
mp-999259,0.366133023750002,0.3463160991668701,-0.0198169245831318,mp-999259,0.36613302375000245,Unstable,Unstable
mp-562661,-0.935314687387931,-0.8867071270942688,0.0486075602936622,mp-562661,0.37950820839583255,Stable,Stable
mp-1195612,-0.273075936524785,-0.293007880449295,-0.01993194392451,mp-1195612,0.0,Stable,Stable
mp-1227457,-0.022223137968749,0.1271906495094299,0.1494137874781789,mp-1227457,0.13327497335937544,Stable,Unstable
mp-1180498,1.15193397583333,0.1040543690323829,-1.047879606800947,mp-1180498,1.5262420150000002,Unstable,Unstable
mp-1245792,-0.355504553218392,-0.4434276819229126,-0.0879231287045205,mp-1245792,0.12066607861111311,Stable,Stable
mp-976060,0.426453397152777,0.5368349552154541,0.110381558062677,mp-976060,0.4763936750694442,Unstable,Unstable
mp-1205529,-0.401449805909096,-0.419249951839447,-0.017800145930351,mp-1205529,0.0,Stable,Stable
mp-758832,-1.42087551106061,-1.4272260665893557,-0.0063505555287455,mp-758832,0.11112351621213179,Stable,Stable
mp-1214179,-0.038622018055556,0.0219926759600639,0.0606146940156199,mp-1214179,0.1296516751289678,Stable,Unstable
mp-605048,-0.0748816567,-0.086946964263916,-0.012065307563916,mp-605048,0.14783518989999855,Stable,Stable
mp-1223463,-1.2349936930625,-1.0756337642669678,0.1593599287955323,mp-1223463,0.10104487055554756,Stable,Stable
mp-23382,-1.296937887,-1.2695612907409668,0.0273765962590331,mp-23382,0.0,Stable,Stable
mp-1035244,-2.57936879859375,-2.589685440063477,-0.0103166414697266,mp-1035244,0.27082469499999995,Stable,Stable
mp-649950,-1.04039392333333,-0.9301230907440186,0.1102708325893113,mp-649950,0.17694543953703779,Stable,Stable
mp-7166,1.46708620991112,1.2015347480773926,-0.2655514618337273,mp-7166,1.808493323000004,Unstable,Unstable
mp-1182577,-1.8384657048,-1.866894483566284,-0.0284287787662842,mp-1182577,0.17014769126666796,Stable,Stable
mp-1245672,-0.080665837272727,0.1017289832234382,0.1823948204961652,mp-1245672,0.12148522618182156,Stable,Unstable
mp-20159,1.618313874,1.3786388635635376,-0.2396750104364624,mp-20159,2.007927047666665,Unstable,Unstable
mp-1202436,-0.51204434945652,-0.4534276723861694,0.0586166770703505,mp-1202436,0.05188814923913032,Stable,Stable
mp-1221861,-0.024653331674877,-0.0403186976909637,-0.0156653660160867,mp-1221861,0.04278268677018282,Stable,Stable
mp-1225150,-0.03692589892405,-0.0382803827524185,-0.0013544838283685,mp-1225150,0.018817130052742215,Stable,Stable
mp-621092,0.038370312424244,0.0480086579918861,0.0096383455676421,mp-621092,0.06736085242424394,Unstable,Unstable
mp-1214977,-0.469115513518518,-0.4789403080940246,-0.0098247945755066,mp-1214977,0.4178024306163204,Stable,Stable
mp-1220175,-0.320398954847223,-0.2838312685489654,0.0365676862982575,mp-1220175,0.038903427652773104,Stable,Stable
mp-570108,-0.071120068333328,-0.0555793941020965,0.0155406742312314,mp-570108,0.3228762383333361,Stable,Stable
mp-1219129,-0.049201108333332,-0.0478930696845054,0.0013080386488265,mp-1219129,0.02258421615237971,Stable,Stable
mp-1204815,-1.14938042607143,-1.23639178276062,-0.0870113566891901,mp-1204815,0.1923847867857127,Stable,Stable
mp-1246365,0.267275743333334,0.3538168370723724,0.0865410937390384,mp-1246365,0.26727574333333415,Unstable,Unstable
mp-989460,-0.327481088636364,-0.360287606716156,-0.032806518079792,mp-989460,0.18632945431818015,Stable,Stable
mp-1017172,0.384336538749999,0.3231635093688965,-0.0611730293811025,mp-1017172,0.440169644687499,Unstable,Unstable
mp-758280,-2.04761909229885,-2.030470609664917,0.0171484826339329,mp-758280,0.055863707241385896,Stable,Stable
mp-623670,-1.79635180578125,-1.8025927543640137,-0.0062409485827636,mp-623670,0.02457740023437438,Stable,Stable
mp-571298,-0.305514456932524,-0.3091474175453186,-0.0036329606127946,mp-571298,0.00043198793589738216,Stable,Stable
mp-1181261,-1.48112181968018,-1.536664605140686,-0.0555427854605059,mp-1181261,0.6362371136486482,Stable,Stable
mp-763567,-2.01558196633333,-2.081595659255981,-0.0660136929226515,mp-763567,0.1254808609999989,Stable,Stable
mp-1386486,2.84032815350694,0.4526974558830261,-2.387630697623914,mp-1386486,2.867530789201388,Unstable,Unstable
mp-1192074,-0.705672421818181,-0.5288978815078735,0.1767745403103074,mp-1192074,0.5659116815909098,Stable,Stable
mp-1246159,0.04497603861111,0.0420970395207405,-0.0028789990903694,mp-1246159,0.14269381611111065,Unstable,Unstable
mp-1193220,0.994781947884615,0.589172899723053,-0.405609048161562,mp-1193220,1.1528541650274722,Unstable,Unstable
mp-1246536,0.295275870869566,0.227239727973938,-0.068036142895628,mp-1246536,0.2952758708695651,Unstable,Unstable
mp-1022081,0.404362317291666,0.4339997768402099,0.0296374595485439,mp-1022081,0.4043623172916666,Unstable,Unstable
mp-1290773,-1.70162522175439,-1.712535381317139,-0.0109101595627487,mp-1290773,0.0891284003947419,Stable,Stable
mp-3346817,-2.35252172225,-2.4149110317230225,-0.0623893094730223,mp-3346817,0.012885514749999771,Stable,Stable
mp-571510,-0.349447858527777,-0.3545403182506561,-0.0050924597228791,mp-571510,0.010425566388885699,Stable,Stable
mp-1214914,-1.4173155915,-1.395784616470337,0.021530975029663,mp-1214914,0.46430076816666777,Stable,Stable
mp-20808,1.40429961943333,1.4115090370178225,0.0072094175844923,mp-20808,1.909572291,Unstable,Unstable
mp-2795,-1.0136533575,-1.077004075050354,-0.063350717550354,mp-2795,0.0,Stable,Stable
mp-638236,-1.08833896272727,-1.0720878839492798,0.0162510787779901,mp-638236,0.18700316409090867,Stable,Stable
mp-1237751,-0.407221412410714,-0.3786995410919189,0.028521871318795,mp-1237751,0.24707928687499603,Stable,Stable
mp-1026534,0.3498399446875,0.3965318500995636,0.0466919054120635,mp-1026534,0.41212099911458333,Unstable,Unstable
mp-1225039,-0.178199140277777,-0.1968703269958496,-0.0186711867180726,mp-1225039,0.06288125602083383,Stable,Stable
mp-1227975,3.41647219,2.2162463665008545,-1.2002258234991454,mp-1227975,3.4800658944444454,Unstable,Unstable
mp-1225107,0.067711180789474,-0.026333138346672,-0.094044319136146,mp-1225107,0.34418313986842186,Unstable,Stable
mp-550547,-1.55683383377778,-1.5510238409042358,0.0058099928735442,mp-550547,0.2609267402777764,Stable,Stable
mp-698287,-1.81736947796875,-1.8038535118103027,0.0135159661584471,mp-698287,0.1781150809374985,Stable,Stable
mp-1209799,-1.50375343285714,-1.4671008586883545,0.0366525741687855,mp-1209799,0.0,Stable,Stable
mp-1196253,-0.3963105066875,-0.3669875264167785,0.0293229802707214,mp-1196253,0.41312743191666623,Stable,Stable
mp-6191,-0.614215378888888,-0.6093938946723938,0.0048214842164941,mp-6191,0.0,Stable,Stable
mp-722472,0.542813569177756,0.4299454689025879,-0.1128681002751681,mp-722472,0.6988051994695361,Unstable,Unstable
mp-780774,-2.02473461374098,-2.065274715423584,-0.0405401016826041,mp-780774,0.06522566829456622,Stable,Stable
mp-757952,-1.65655288955556,-1.6518094539642334,0.0047434355913265,mp-757952,0.08946096430555084,Stable,Stable
mp-995206,-0.590316962499999,-0.5126903057098389,0.0776266567901601,mp-995206,0.4591852825,Stable,Stable
mp-24328,-1.56201800925,-1.601238250732422,-0.0392202414824218,mp-24328,0.07950220649999107,Stable,Stable
mp-1178485,-1.612578506,-1.4508464336395264,0.1617320723604736,mp-1178485,0.08011582499999559,Stable,Stable
mp-1216447,-0.564129224618845,-0.499297559261322,0.0648316653575229,mp-1216447,0.02987274283854191,Stable,Stable
mp-1205551,-0.533074609333333,-0.5463226437568665,-0.0132480344235335,mp-1205551,0.0,Stable,Stable
mp-546920,-1.35105739166667,-1.3145315647125244,0.0365258269541455,mp-546920,0.26290205075000017,Stable,Stable
mp-1214952,0.225391833846154,0.2554445266723633,0.0300526928262092,mp-1214952,1.5126281967307698,Unstable,Unstable
mp-2647164,-2.12738201816667,-2.197962999343872,-0.0705809811772022,mp-2647164,0.31464865683333976,Stable,Stable
mp-3182,-0.546342898124997,-0.5500550866127014,-0.0037121884877043,mp-3182,0.0016334206249979388,Stable,Stable
mp-769558,-1.96252912112644,-1.9903233051300049,-0.0277941840035649,mp-769558,0.021703944749985382,Stable,Stable
mp-1189886,-0.747118475555555,-0.7834025621414185,-0.0362840865858634,mp-1189886,0.17368554209721587,Stable,Stable
mp-1203749,-0.086492103773351,-0.166812002658844,-0.080319898885493,mp-1203749,0.13208579812499988,Stable,Stable
mp-1009848,0.558050383749999,0.4951750636100769,-0.0628753201399221,mp-1009848,0.5580503837500004,Unstable,Unstable
mp-1180585,-1.31089547262599,-1.2335422039031982,0.0773532687227918,mp-1180585,0.3315531836859007,Stable,Stable
mp-1223019,-0.275397878333334,-0.2125910222530365,0.0628068560802975,mp-1223019,0.05556377666666634,Stable,Stable
mp-1214213,-1.40368267295455,-1.256401777267456,0.1472808956870939,mp-1214213,0.1488601223701309,Stable,Stable
mp-850713,-1.75924218875,-1.6940670013427734,0.0651751874072266,mp-850713,0.024990096562500064,Stable,Stable
mp-684623,-0.998357361842106,-1.0461366176605225,-0.0477792558184164,mp-684623,0.0,Stable,Stable
mp-1209054,-0.433493595624998,-0.3520802855491638,0.0814133100758341,mp-1209054,0.0,Stable,Stable
mp-1026807,0.21630037875,0.2168018817901611,0.0005015030401611,mp-1026807,0.2449127895312504,Unstable,Unstable
mp-1197388,-0.009232012941173,-0.0348993763327598,-0.0256673633915868,mp-1197388,0.035745422647059044,Stable,Stable
mp-1017229,0.346799553203125,0.5689433813095093,0.2221438281063842,mp-1017229,0.41820871921875025,Unstable,Unstable
mp-1223943,1.433326110875,2.0382230281829834,0.6048969173079835,mp-1223943,1.8506376724625007,Unstable,Unstable
mp-1016630,0.667836938124999,0.6327019929885864,-0.0351349451364125,mp-1016630,0.7923990469791669,Unstable,Unstable
mp-999290,-0.255708814687498,-0.1521391868591308,0.1035696278283671,mp-999290,0.0,Stable,Stable
mp-1224620,0.050510348991227,0.1012765392661094,0.0507661902748824,mp-1224620,0.05509505021929684,Unstable,Unstable
mp-560121,-1.156089786625,-1.161787033081055,-0.0056972464560547,mp-560121,0.0,Stable,Stable
mp-1189984,-0.225040205,-0.2977131903171539,-0.0726729853171539,mp-1189984,0.0,Stable,Stable
mp-1182024,1.676839478125,1.1594046354293823,-0.5174348426956177,mp-1182024,1.7043221025000008,Unstable,Unstable
mp-7130,-0.276268568000001,-0.3104800581932068,-0.0342114901932057,mp-7130,0.0,Stable,Stable
mp-1213666,-0.327113668749999,-0.3876557052135467,-0.0605420364635477,mp-1213666,1.1889349183928575,Stable,Stable
mp-1035738,-2.63427582734375,-2.6434500217437744,-0.0091741944000243,mp-1035738,0.23201237585937573,Stable,Stable
mp-1033178,-1.9691768815625,-2.021953582763672,-0.0527767012011719,mp-1033178,0.6929009356249995,Stable,Stable
mp-1064469,-0.46604550125,-0.294883519411087,0.1711619818389129,mp-1064469,0.0,Stable,Stable
mp-1001608,0.749308806547618,1.305192947387695,0.5558841408400773,mp-1001608,1.886345246904762,Unstable,Unstable
mp-1214816,-0.206064091526315,-0.17074516415596,0.0353189273703549,mp-1214816,0.04723451955555724,Stable,Stable
mp-866650,-1.33125131153846,-1.307827711105347,0.0234236004331134,mp-866650,0.0,Stable,Stable
mp-1647692,-1.71527772083333,-1.7273526191711426,-0.0120748983378125,mp-1647692,0.07089093345833142,Stable,Stable
mp-570588,-0.155140302687499,-0.1367108672857284,0.0184294354017705,mp-570588,0.15201030362500045,Stable,Stable
mp-1214278,0.038527733,-0.0086048170924186,-0.0471325500924186,mp-1214278,0.13888069915000045,Unstable,Stable
mp-6026,-2.24887611070533,-2.160053014755249,0.0888230959500808,mp-6026,0.0,Stable,Stable
mp-1197923,0.28489274563492,0.2315330505371093,-0.0533596950978106,mp-1197923,0.36911766714285577,Unstable,Unstable
mp-2049878,0.01291443,0.0150515660643577,0.0021371360643577,mp-2049878,0.012914430000000365,Unstable,Unstable
mp-633538,0.297465492583333,0.3524038195610046,0.0549383269776716,mp-633538,0.36863818920833324,Unstable,Unstable
mp-1196217,0.553765741307867,0.8124111890792847,0.2586454477714176,mp-1196217,0.8371476758680565,Unstable,Unstable
mp-1246344,0.276130088863634,0.2942509353160858,0.0181208464524518,mp-1246344,0.2761300888636349,Unstable,Unstable
mp-1211932,-1.50791053155172,-1.3573596477508545,0.1505508838008655,mp-1211932,0.6006724798529426,Stable,Stable
mp-1067129,2.21219270788194,2.0623276233673096,-0.1498650845146305,mp-1067129,2.50339239746528,Unstable,Unstable
mp-1025264,-0.203657185714283,-0.1677745878696441,0.0358825978446388,mp-1025264,0.1118186608928653,Stable,Stable
mp-1214915,-0.616240705434781,-0.5729399919509888,0.0433007134837922,mp-1214915,0.0,Stable,Stable
mp-1212716,-0.963853867500002,-0.9853534698486328,-0.0214996023486307,mp-1212716,0.0,Stable,Stable
mp-654165,0.148128300793646,0.0925693288445472,-0.0555589719490987,mp-654165,0.21571033852380506,Unstable,Unstable
mp-629560,-0.55733470433424,-0.5596825480461121,-0.002347843711872,mp-629560,0.695092620978258,Stable,Stable
mp-10718,1.426484679,1.2590458393096924,-0.1674388396903077,mp-10718,1.8865557955000005,Unstable,Unstable
mp-22403,0.210584304545454,0.2942343652248382,0.0836500606793842,mp-22403,0.21058430454545451,Unstable,Unstable
mp-1192742,-0.0944866545,-0.0014224573969841,0.0930641971030159,mp-1192742,0.0,Stable,Stable
mp-1246539,0.328097231666668,0.3470768332481384,0.0189796015814704,mp-1246539,0.3280972316666677,Unstable,Unstable
mp-753487,-1.69988281533333,-1.6931805610656738,0.0067022542676562,mp-753487,0.08628583895833142,Stable,Stable
mp-1246822,0.015811335568178,0.1440254151821136,0.1282140796139356,mp-1246822,0.2691317515909084,Unstable,Unstable
mp-1197710,-0.125922193086418,-0.1309658586978912,-0.0050436656114732,mp-1197710,0.01966828333333215,Stable,Stable
mp-1077316,-1.31913350666667,-1.2196651697158811,0.0994683369507887,mp-1077316,0.4495898450000011,Stable,Stable
mp-8129,-0.027513645,0.044504314661026,0.072017959661026,mp-8129,0.2333858292176858,Stable,Unstable
mp-758565,-1.8935313702381,-1.883294939994812,0.010236430243288,mp-758565,0.08634820047618241,Stable,Stable
mp-1103294,-0.111134082708334,-0.1377365291118621,-0.0266024464035281,mp-1103294,0.6408016891666675,Stable,Stable
mp-1079992,-0.802617876249999,-0.747291088104248,0.0553267881457509,mp-1079992,0.0,Stable,Stable
mp-644101,-0.317643969583334,-0.3426279425621032,-0.0249839729787692,mp-644101,0.0736937950000005,Stable,Stable
mp-654812,1.133782794,1.501847267150879,0.3680644731508788,mp-654812,2.8887463209999997,Unstable,Unstable
mp-1198967,0.827787546030086,0.9698541164398192,0.1420665704097333,mp-1198967,1.1068407839236105,Unstable,Unstable
mp-1219429,-2.06880829,-2.0362467765808105,0.0325615134191896,mp-1219429,0.0,Stable,Stable
mp-1197697,-1.66369933199074,-1.6695492267608645,-0.0058498947701242,mp-1197697,0.1196520407870354,Stable,Stable
mp-1099230,-2.2570843190625,-2.255123376846313,0.0019609422161863,mp-1099230,0.5026650697656248,Stable,Stable
mp-570037,0.252718088068184,0.2597482800483703,0.0070301919801863,mp-570037,0.2533154465151526,Unstable,Unstable
mp-1194394,-1.36079154724138,-1.4915763139724731,-0.130784766731093,mp-1194394,0.2816571090705171,Stable,Stable
mp-727078,-1.56724697375,-1.608014702796936,-0.0407677290469359,mp-727078,0.5243250068750029,Stable,Stable
mp-1095137,-0.143415636250001,-0.052390418946743,0.091025217303258,mp-1095137,0.0,Stable,Stable
mp-1033459,-2.1991853978125,-2.208660125732422,-0.0094747279199216,mp-1033459,0.6437917478229194,Stable,Stable
mp-1193869,-0.024991421153843,-0.0080394446849823,0.0169519764688607,mp-1193869,0.00709695192307791,Stable,Stable
mp-1077157,1.41654950333333,1.4288558959960938,0.0123063926627637,mp-1077157,1.4165495033333357,Unstable,Unstable
mp-3346464,-2.26675724191667,-2.293827772140503,-0.0270705302238329,mp-3346464,0.010053741333326371,Stable,Stable
mp-1214727,-0.384382372884616,-0.5598762631416321,-0.175493890257016,mp-1214727,0.9871011605494431,Stable,Stable
mp-1205245,-0.888648417733332,-0.6513398289680481,0.2373085887652839,mp-1205245,0.0006327366646470267,Stable,Stable
mp-1201462,-0.40920677875,-0.3880345821380615,0.0211721966119384,mp-1201462,0.2832870416666662,Stable,Stable
mp-1218401,2.5266303612963,1.4040002822875977,-1.1226300790087025,mp-1218401,2.6539519962962963,Unstable,Unstable
mp-1219510,0.457923230000002,0.4089707434177398,-0.0489524865822621,mp-1219510,0.5565246712500027,Unstable,Unstable
mp-935267,-2.42425688899123,-2.412543296813965,0.0117135921772653,mp-935267,0.03510659013158168,Stable,Stable
mp-565390,0.052838206666665,0.1140591129660606,0.0612209062993956,mp-565390,1.1144560079166652,Unstable,Unstable
mp-753899,-1.91442503283333,-1.8708336353302,0.0435913975031299,mp-753899,0.0,Stable,Stable
mp-1102100,0.341416699583331,0.3898074030876159,0.0483907035042849,mp-1102100,1.0677953068489585,Unstable,Unstable
mp-864841,-0.340147223214286,-0.287994772195816,0.0521524510184699,mp-864841,0.0,Stable,Stable
mp-680054,-0.440198002083332,-0.4921489357948303,-0.0519509337114983,mp-680054,0.03759743928571524,Stable,Stable
mp-758080,-2.04229840608333,-2.0432300567626958,-0.0009316506793655,mp-758080,0.0987644212499994,Stable,Stable
mp-1219777,0.191749084833332,-0.0735985115170478,-0.2653475963503798,mp-1219777,0.5842950523333243,Unstable,Stable
mp-1188709,-0.041078075277777,-0.0588268674910068,-0.0177487922132298,mp-1188709,0.23506029701388975,Stable,Stable
mp-14734,-2.32857412202586,-2.3542399406433105,-0.0256658186174507,mp-14734,0.0,Stable,Stable
mp-558970,-1.06712777962963,-1.110777497291565,-0.043649717661935,mp-558970,0.051714171080244675,Stable,Stable
mp-752801,-2.01009005885057,-2.027739763259888,-0.0176497044093175,mp-752801,0.056279619166659245,Stable,Stable
mp-1212627,0.129663731312997,-0.1309657394886016,-0.2606294708015987,mp-1212627,1.5161389825000002,Unstable,Stable
mp-1212966,-1.38377600653846,-1.380110263824463,0.003665742713997,mp-1212966,0.0,Stable,Stable
mp-1219260,-0.105589553333333,-0.0914111733436584,0.0141783799896745,mp-1219260,0.07889299498094893,Stable,Stable
mp-27274,-1.29097992575,-1.4510849714279177,-0.1601050456779174,mp-27274,0.4929789467500001,Stable,Stable
mp-552552,-1.62459407116858,-1.6682474613189695,-0.0436533901503897,mp-552552,0.2301620619907414,Stable,Stable
mp-1204893,-0.084175411447368,-0.1416483521461486,-0.0574729406987806,mp-1204893,0.18970268122807,Stable,Stable
mp-1202276,-1.65711047216667,-1.5361816883087158,0.1209287838579542,mp-1202276,0.16178799538888988,Stable,Stable
mp-1203308,-0.605043263298612,-0.624039351940155,-0.018996088641543,mp-1203308,0.09504722506944496,Stable,Stable
mp-571330,-0.282441754500001,-0.3454849421977997,-0.0630431876977987,mp-571330,0.026321534000004476,Stable,Stable
mp-672334,-0.865363583977273,-0.8924792408943176,-0.0271156569170446,mp-672334,0.009074249090907927,Stable,Stable
mp-1196452,-0.4151255365,-0.4449060559272766,-0.0297805194272766,mp-1196452,0.5418967236666647,Stable,Stable
mp-8301,-2.582305724,-2.56488299369812,0.0174227303018796,mp-8301,0.0,Stable,Stable
mp-1203788,-0.207668250119047,-0.2129172682762146,-0.0052490181571676,mp-1203788,0.18176153339285683,Stable,Stable
mp-1247171,-0.729569926111111,-0.6084215641021729,0.1211483620089381,mp-1247171,0.019973733148148654,Stable,Stable
mp-549565,-1.87292568537037,-1.8798894882202148,-0.0069638028498448,mp-549565,0.31277466333333415,Stable,Stable
mp-551740,-2.04021989314815,-2.0062899589538574,0.0339299341942926,mp-551740,0.145480455555556,Stable,Stable
mp-7586,0.084183336249999,0.0500746741890907,-0.0341086620609082,mp-7586,0.08418333624999974,Unstable,Unstable
mp-7114,1.481500367,1.4998555183410645,0.0183551513410644,mp-7114,2.00065681533333,Unstable,Unstable
mp-556083,-1.82433785675,-1.7882657051086426,0.0360721516413573,mp-556083,0.183627888500002,Stable,Stable
mp-1198447,0.30573321425,0.1733593940734863,-0.1323738201765136,mp-1198447,1.2460587225,Unstable,Unstable
mp-698357,-0.00542367617647,-0.0087482929229736,-0.0033246167465036,mp-698357,0.3420111983823526,Stable,Stable
mp-1025339,-0.658054352142856,-0.6377183794975281,0.0203359726453279,mp-1025339,0.0,Stable,Stable
mp-24476,-1.35842987702874,-1.3901634216308594,-0.0317335446021194,mp-24476,0.0805667978333302,Stable,Stable
mp-1104057,-0.963404925714286,-1.2605711221694946,-0.2971661964552086,mp-1104057,0.5526436614285712,Stable,Stable
mp-21075,-1.122896435,-1.0729091167449951,0.0499873182550048,mp-21075,0.0,Stable,Stable
mp-1228788,-0.363039029264703,-0.3485410213470459,0.014498007917657,mp-1228788,0.03829723191176271,Stable,Stable
mp-971683,0.121676485357143,0.2077500820159912,0.0860735966588482,mp-971683,0.12167648535714193,Unstable,Unstable
mp-1180014,-0.433317597012194,-0.2489411234855651,0.1843764735266288,mp-1180014,0.5461281447560982,Stable,Stable
mp-758948,-1.60347886612069,-1.5826297998428345,0.0208490662778555,mp-758948,0.0,Stable,Stable
mp-1018164,0.91122566625,0.8590660095214844,-0.0521596567285156,mp-1018164,0.9112256662500009,Unstable,Unstable
mp-1104693,-0.273385921369046,-0.1225207224488258,0.1508651989202201,mp-1104693,0.0,Stable,Stable
mp-1198382,-0.062632129051418,-0.0379985757172107,0.0246335533342072,mp-1198382,0.13197773212765718,Stable,Stable
mp-1018649,0.25237573517361,0.2537840902805328,0.0014083551069228,mp-1018649,0.27957837086805526,Unstable,Unstable
mp-1196807,0.807439312864582,0.4753346443176269,-0.3321046685469551,mp-1196807,1.4183116185546867,Unstable,Unstable
mp-1078845,0.267769908749999,0.187341570854187,-0.080428337895812,mp-1078845,0.2677699087499992,Unstable,Unstable
mp-1219177,-0.290807403333332,-0.2341000139713287,0.0567073893620032,mp-1219177,0.0,Stable,Stable
mp-22827,-0.340123961176469,-0.3531091809272766,-0.0129852197508076,mp-22827,0.004803069999999465,Stable,Stable
mp-1105430,-1.14558094888889,-1.1958026885986328,-0.0502217397097428,mp-1105430,0.8006772100000026,Stable,Stable
mp-1181349,-1.30980188946429,-1.336881160736084,-0.0270792712717939,mp-1181349,0.08157539785714363,Stable,Stable
mp-1195870,-1.37693394205882,-1.3843742609024048,-0.0074403188435847,mp-1195870,0.11205506800653797,Stable,Stable
mp-1027903,0.2967168165625,0.3011480569839477,0.0044312404214477,mp-1027903,0.3099985646625003,Unstable,Unstable
mp-1209664,-1.75947485179825,-1.7612488269805908,-0.0017739751823409,mp-1209664,0.005495614473682409,Stable,Stable
mp-1221888,0.04919483476293,0.0012195482850074,-0.0479752864779225,mp-1221888,0.07132227831521831,Unstable,Unstable
mp-758643,-1.91928507416667,-1.91477370262146,0.00451137154521,mp-758643,0.10068655249999026,Stable,Stable
mp-1194908,-1.48731805279412,-1.398427128791809,0.088890924002311,mp-1194908,0.37114214676470336,Stable,Stable
mp-1217000,-0.379135578779069,-0.4566220641136169,-0.0774864853345479,mp-1217000,0.14665737020348768,Stable,Stable
mp-1197463,-1.295195015,-1.32649028301239,-0.0312952680123901,mp-1197463,0.1363408124999994,Stable,Stable
mp-1032348,-2.1434867290625,-2.158571720123291,-0.015084991060791,mp-1032348,0.5185910881250004,Stable,Stable
mp-757999,-2.09296888608333,-2.102731466293335,-0.0097625802100047,mp-757999,0.04809394124999855,Stable,Stable
mp-1196346,-1.10455682212766,-1.122074007987976,-0.017517185860316,mp-1196346,0.01483132159568612,Stable,Stable
mp-567966,-2.20467597304348,-2.2019920349121094,0.0026839381313705,mp-567966,0.0,Stable,Stable
mp-753153,-3.25732840541667,-3.2672553062438965,-0.0099269008272266,mp-753153,0.0024235312499989448,Stable,Stable
mp-709039,-1.31679623018519,-1.3313395977020264,-0.0145433675168362,mp-709039,0.12210185092592418,Stable,Stable
mp-632442,0.168746448571429,0.4474772214889526,0.2787307729175236,mp-632442,0.4070028214285726,Unstable,Unstable
mp-546864,-2.44847111071429,-2.4309873580932617,0.017483752621028,mp-546864,0.053809087499999464,Stable,Stable
mp-1215218,-0.4934584521875,-0.4907342791557312,0.0027241730317688,mp-1215218,0.09357743406249952,Stable,Stable
mp-1199404,-1.84721818852371,-1.9755463600158687,-0.1283281714921591,mp-1199404,0.35063576101562877,Stable,Stable
mp-1178348,-1.65977567820513,-1.6895952224731443,-0.0298195442680144,mp-1178348,0.0759058003846187,Stable,Stable
mp-1213777,-0.089139945954024,-0.0513485148549079,0.037791431099116,mp-1213777,0.13147086666666663,Stable,Stable
mp-1588,-0.559002428576386,-0.7735265493392944,-0.2145241207629084,mp-1588,0.3678243888194448,Stable,Stable
mp-1001603,-0.342596214166666,-0.310051292181015,0.032544921985651,mp-1001603,0.0,Stable,Stable
mp-1206269,-0.503325721,-0.4680991768836975,0.0352265441163024,mp-1206269,0.0,Stable,Stable
mp-757737,-1.79338619197917,-1.8087291717529297,-0.0153429797737596,mp-757737,0.09058580343749956,Stable,Stable
mp-1014286,3.8011612690625,3.5936450958251958,-0.2075161732373045,mp-1014286,3.8011612690625016,Unstable,Unstable
mp-1197458,-1.39614869178788,-1.4624052047729492,-0.0662565129850691,mp-1197458,0.7328456404545456,Stable,Stable
mp-1079313,-0.472618597999999,-0.4845422506332397,-0.0119236526332407,mp-1079313,0.0,Stable,Stable
mp-546643,-1.62291479488889,-1.6799004077911377,-0.0569856129022476,mp-546643,0.19484577916666534,Stable,Stable
mp-557687,-1.17889353341667,-1.1563513278961182,0.0225422055205517,mp-557687,0.10060678175000248,Stable,Stable
mp-680493,-0.28214939675,-0.2907951176166534,-0.0086457208666534,mp-680493,0.07308803863281277,Stable,Stable
mp-1179958,1.0079760105,1.3644635677337646,0.3564875572337647,mp-1179958,1.200156894343749,Unstable,Unstable
mp-1191671,-0.086244272045453,-0.0833440870046615,0.0029001850407914,mp-1191671,0.0014850462878808202,Stable,Stable
mp-1198824,-0.332954273734229,-0.316069632768631,0.0168846409655979,mp-1198824,0.0,Stable,Stable
mp-1102779,0.179590865833334,0.2429247796535492,0.0633339138202151,mp-1102779,0.17959086583333317,Unstable,Unstable
mp-560717,-1.06274588666667,-1.1127773523330688,-0.0500314656663989,mp-560717,0.026753231388888743,Stable,Stable
mp-1226045,-0.133344591,-0.2153388261795044,-0.0819942351795043,mp-1226045,0.13253196037500103,Stable,Stable
mp-559618,-1.83291635646757,-1.7948195934295654,0.0380967630380044,mp-559618,0.07034570543526719,Stable,Stable
mp-1200780,0.003876572156865,0.0080319494009017,0.0041553772440367,mp-1200780,0.016945625947712983,Unstable,Unstable
mp-757669,-1.61827354037037,-1.664386510848999,-0.0461129704786289,mp-757669,0.12275623055555407,Stable,Stable
mp-1221658,-0.218817269410529,-0.2450310587882995,-0.0262137893777705,mp-1221658,0.029779524009198255,Stable,Stable
mp-28522,-1.08862588625,-1.0246962308883667,0.0639296553616333,mp-28522,0.0,Stable,Stable
mp-550593,-1.86514565759259,-1.874593734741211,-0.0094480771486209,mp-550593,0.3205546911111119,Stable,Stable
mp-569831,-0.588207202499999,-0.5781382918357849,0.0100689106642141,mp-569831,0.0433137308333329,Stable,Stable
mp-569221,-0.190308033750001,-0.1033110916614532,0.0869969420885477,mp-569221,0.13055516226562425,Stable,Stable
mp-1196323,-1.46555735756481,-1.4633275270462036,0.0022298305186063,mp-1196323,0.4053341373148127,Stable,Stable
mp-12574,-0.441035856666668,-0.3866645097732544,0.0543713468934136,mp-12574,0.0,Stable,Stable
mp-683792,-0.719497716851852,-0.7399131655693054,-0.0204154487174533,mp-683792,0.5327960862962922,Stable,Stable
mp-1226355,-0.111389423000001,-0.2458017468452453,-0.1344123238452443,mp-1226355,0.0,Stable,Stable
mp-1220415,0.292302682549006,0.172562301158905,-0.1197403813901009,mp-1220415,0.37235788235293654,Unstable,Unstable
mp-1200776,-0.386399433806819,-0.4209328591823578,-0.0345334253755387,mp-1200776,0.5384222435227253,Stable,Stable
mp-1191408,-2.48474331583333,-2.4283366203308105,0.0564066955025195,mp-1191408,0.07776812864583071,Stable,Stable
mp-1206516,-0.572838310333335,-0.5645465850830078,0.0082917252503271,mp-1206516,0.0,Stable,Stable
mp-504619,0.135083191000001,0.0276501700282096,-0.1074330209717913,mp-504619,0.20205695020000114,Unstable,Unstable
mp-541102,-1.35027872263158,-1.3333730697631836,0.0169056528683964,mp-541102,0.0,Stable,Stable
mp-1204129,0.952376730454544,0.9838852882385254,0.0315085577839814,mp-1204129,1.5794139453246743,Unstable,Unstable
mp-1200100,-1.56618180830556,-1.5823465585708618,-0.0161647502653017,mp-1200100,0.39194106386362737,Stable,Stable
mp-1207917,-0.121449538874994,-0.2169245183467865,-0.0954749794717925,mp-1207917,0.13436930662500046,Stable,Stable
mp-1196511,-1.10083727611111,-1.100193977355957,0.000643298755153,mp-1196511,0.0,Stable,Stable
mp-989468,-0.06754609409091,-0.1751491725444793,-0.1076030784535693,mp-989468,0.44626444886363537,Stable,Stable
mp-559331,-1.35551142889286,-1.5254192352294922,-0.1699078063366321,mp-559331,0.5109630157142862,Stable,Stable
mp-1197730,-0.305771080147058,-0.306482195854187,-0.000711115707129,mp-1197730,0.00017536472136292502,Stable,Stable
mp-568590,-0.419748645208343,-0.4140065312385559,0.005742113969787,mp-568590,0.17810942843749977,Stable,Stable
mp-1225570,1.29292528872222,0.1555759310722351,-1.137349357649985,mp-1225570,1.5992328962222224,Unstable,Unstable
mp-1192608,0.772214732618399,0.9877313375473022,0.2155166049289032,mp-1192608,0.8397458968711167,Unstable,Unstable
mp-1213574,0.672332101874985,0.7969238758087158,0.1245917739337307,mp-1213574,1.2095663868749966,Unstable,Unstable
mp-654937,-0.643377522083333,-0.7201133370399475,-0.0767358149566145,mp-654937,0.4178564889166694,Stable,Stable
mp-15123,-0.351218945555555,-0.3411834239959717,0.0100355215595833,mp-15123,0.0,Stable,Stable
mp-6544,-0.518418529999999,-0.5182487368583679,0.0001697931416311,mp-6544,0.0,Stable,Stable
mp-1216217,0.907651113750001,0.207079142332077,-0.7005719714179239,mp-1216217,1.3799301103125021,Unstable,Unstable
mp-1246119,0.189324799374999,0.2154915332794189,0.0261667339044199,mp-1246119,0.18932479937499913,Unstable,Unstable
mp-1031146,-2.27879269989583,-2.140089273452759,0.1387034264430711,mp-1031146,0.5172290811718749,Stable,Stable
mp-1105676,-0.709734395277779,-0.6234949231147766,0.0862394721630024,mp-1105676,0.02466968777778078,Stable,Stable
mp-4626,-2.6865484035,-2.708693504333496,-0.0221451008334963,mp-4626,0.000996054500003396,Stable,Stable
mp-1213563,-0.785908626727217,-0.7769528031349182,0.0089558235922987,mp-1213563,0.8805448247321399,Stable,Stable
mp-1205444,0.160572404999999,0.1308397650718689,-0.0297326399281301,mp-1205444,0.16057240499999992,Unstable,Unstable
mp-1028335,0.3505395896875,0.3175300359725952,-0.0330095537149047,mp-1028335,0.4126417079340281,Unstable,Unstable
mp-1018636,0.139074630500005,0.1143669262528419,-0.024707704247163,mp-1018636,0.5334003645000003,Unstable,Unstable
mp-1217379,-0.388287256666665,-0.410410612821579,-0.0221233561549139,mp-1217379,0.008746711111115246,Stable,Stable
mp-1247359,0.156002231590907,0.2029232382774353,0.0469210066865282,mp-1247359,0.1560022315909091,Unstable,Unstable
mp-636559,0.134823351818181,0.1880958974361419,0.0532725456179609,mp-636559,0.14481703340908858,Unstable,Unstable
mp-24,0.834974256249999,0.8998849987983704,0.0649107425483713,mp-24,0.8349742562499998,Unstable,Unstable
mp-865440,-0.344502779782607,-0.1892608106136322,0.1552419691689748,mp-865440,0.0,Stable,Stable
mp-13154,0.056359594999999,0.0791472718119621,0.0227876768119631,mp-13154,0.056359594999999985,Unstable,Unstable
mp-726874,-0.606918752333334,-0.1866461187601089,0.4202726335732251,mp-726874,0.17729183283332706,Stable,Stable
mp-1188347,0.264707337499999,0.2999813854694366,0.0352740479694376,mp-1188347,0.2647073374999991,Unstable,Unstable
mp-1191361,-2.44935753291667,-2.5264668464660645,-0.0771093135493945,mp-1191361,0.05809238958333118,Stable,Stable
mp-1220451,-0.991746207272727,-0.9997692704200744,-0.0080230631473474,mp-1220451,0.03203626330808085,Stable,Stable
mp-1099287,0.191887584374999,0.2055034041404724,0.0136158197654734,mp-1099287,0.19188758437499986,Unstable,Unstable
mp-1245843,0.351613914375001,0.3538973033428192,0.0022833889678182,mp-1245843,0.351613914375001,Unstable,Unstable
mp-1079324,-0.071489770499999,-0.0936789140105247,-0.0221891435105257,mp-1079324,0.061906239750001646,Stable,Stable
mp-1078791,0.558960953999999,0.5215340852737427,-0.0374268687262563,mp-1078791,0.5589609539999998,Unstable,Unstable
mp-762590,-1.81465494291872,-1.817554593086243,-0.0028996501675226,mp-762590,0.05283413315476437,Stable,Stable
mp-1179193,0.408457083166666,0.6426079273223877,0.2341508441557216,mp-1179193,0.6481198455178561,Unstable,Unstable
mp-22234,-1.89733661642857,-1.854847431182861,0.0424891852457087,mp-22234,0.22010441047619267,Stable,Stable
mp-1183622,1.220067615625,1.2864100933074951,0.066342477682495,mp-1183622,1.2200676156249983,Unstable,Unstable
mp-571621,-0.859469966779919,-0.8863765001296997,-0.0269065333497806,mp-571621,0.0016220804411748446,Stable,Stable
mp-1095633,0.998754169166666,0.5796778202056885,-0.4190763489609775,mp-1095633,0.9987541691666664,Unstable,Unstable
mp-541187,-0.783507000333333,-0.7954645156860352,-0.0119575153527021,mp-541187,0.10316056266666607,Stable,Stable
mp-706559,-0.113932956071428,-0.0912190601229667,0.0227138959484612,mp-706559,0.25792657744047354,Stable,Stable
mp-1071879,-0.089460396388818,-0.0434787347912788,0.0459816615975391,mp-1071879,0.4454025261111312,Stable,Stable
mp-1214211,-0.5279052190625,-0.2125711143016815,0.3153341047608184,mp-1214211,0.2983484081696437,Stable,Stable
mp-752905,-2.08853443333333,-2.073129653930664,0.0154047794026661,mp-752905,0.0733231416220228,Stable,Stable
mp-1182983,0.933821528888887,0.5315569639205933,-0.4022645649682937,mp-1182983,0.9338215288888883,Unstable,Unstable
mp-1211756,-2.00005423840625,-1.9623289108276367,0.0377253275786131,mp-1211756,0.2028339927840852,Stable,Stable
mp-1078233,-0.37203286375,-0.4600488841533661,-0.088016020403366,mp-1078233,0.07974547049999892,Stable,Stable
mp-620054,-1.05497143645833,-1.0561764240264893,-0.0012049875681592,mp-620054,0.20001387633929468,Stable,Stable
mp-1056957,2.6181942175,2.6483094692230225,0.0301152517230223,mp-1056957,2.6181942174999993,Unstable,Unstable
mp-1189096,-0.207537412499998,-0.2200343608856201,-0.0124969483856221,mp-1189096,0.568612415625001,Stable,Stable
mp-614325,-0.978593715,-0.9872955679893494,-0.0087018529893493,mp-614325,0.24342192203704016,Stable,Stable
mp-1228623,0.578474525520833,-0.1768331229686737,-0.7553076484895067,mp-1228623,0.6600824326041668,Unstable,Stable
mp-1022551,0.320715516875,0.2770819962024688,-0.0436335206725311,mp-1022551,0.3472790130750001,Unstable,Unstable
mp-1008802,0.884667422916663,1.024518370628357,0.1398509477116939,mp-1008802,0.9113396737499997,Unstable,Unstable
mp-1077545,-0.072664051666665,-0.1311822235584259,-0.0585181718917609,mp-1077545,0.06536598166666785,Stable,Stable
mp-1190956,-1.31765151558333,-1.304867148399353,0.0127843671839769,mp-1190956,0.5639238241666673,Stable,Stable
mp-1080747,-1.88286589625,-1.6764898300170898,0.2063760662329101,mp-1080747,0.0,Stable,Stable
mp-1179866,-1.88882045,-1.8430888652801516,0.0457315847198487,mp-1179866,0.0,Stable,Stable
mp-1417806,0.634081701916666,0.6349196434020996,0.0008379414854335,mp-1417806,0.6993680275833327,Unstable,Unstable
mp-864958,2.29462451147059,2.361595869064331,0.0669713575937409,mp-864958,4.032042165294115,Unstable,Unstable
mp-1194380,0.007761903928571,-0.0797993391752243,-0.0875612431037953,mp-1194380,0.06735459678571587,Unstable,Stable
mp-568943,-0.522649969898437,-0.4395942091941833,0.0830557607042536,mp-568943,0.23374216034722295,Stable,Stable
mp-1104803,-0.452730187857142,-0.3951046168804168,0.0576255709767251,mp-1104803,0.0,Stable,Stable
mp-573376,-1.81758363566667,-1.7404041290283203,0.0771795066383496,mp-573376,0.0,Stable,Stable
mp-8371,-0.187417912222223,-0.3562280833721161,-0.168810171149893,mp-8371,0.10845681666666795,Stable,Stable
mp-1188534,-0.3399132075,-0.3576180934906006,-0.0177048859906006,mp-1188534,0.0006015987500003206,Stable,Stable
mp-1247236,0.217290515333333,0.2003304362297058,-0.0169600791036271,mp-1247236,0.3419623750000014,Unstable,Unstable
mp-1213381,-0.25766673951923,-0.2542448341846466,0.0034219053345834,mp-1213381,0.30661202128204845,Stable,Stable
mp-1098289,0.405014674687499,0.399730920791626,-0.005283753895873,mp-1098289,0.41045209566406227,Unstable,Unstable
mp-1229009,-1.01176757866072,-1.0847384929656982,-0.0729709143049781,mp-1229009,0.34954013696428365,Stable,Stable
mp-729934,0.695615052211543,0.8443775177001953,0.1487624654886523,mp-729934,0.9424550182772427,Unstable,Unstable
mp-1222101,-1.92643399025,-1.871500015258789,0.054933974991211,mp-1222101,0.002842563500000672,Stable,Stable
mp-605824,-1.52215379595785,-1.527720928192139,-0.0055671322342887,mp-605824,0.24675043138888952,Stable,Stable
mp-21292,1.46514898803,1.5931284427642822,0.1279794547342823,mp-21292,1.9883497264500036,Unstable,Unstable
mp-1214147,-2.61074867714286,-2.6687512397766118,-0.0580025626337512,mp-1214147,0.29207476628826257,Stable,Stable
mp-554840,-0.5127945615625,-0.5098770260810852,0.0029175354814148,mp-554840,0.12259756274999933,Stable,Stable
mp-558412,-1.169273781,-1.187449336051941,-0.0181755550519409,mp-558412,0.12934502050000063,Stable,Stable
mp-996162,-0.50446398875,-0.5138893127441406,-0.0094253239941406,mp-996162,0.0,Stable,Stable
mp-22749,-0.002849700375883,-0.0281863845884799,-0.0253366842125969,mp-22749,0.017722750652174213,Stable,Stable
mp-1017519,1.66696995625,1.757194757461548,0.0902248012115478,mp-1017519,1.66696995625,Unstable,Unstable
mp-648264,-0.926226170714284,-0.922353982925415,0.0038721877888689,mp-648264,0.19703434505952622,Stable,Stable
mp-1206878,-0.572396198000001,-0.5087037682533264,0.0636924297466745,mp-1206878,0.0,Stable,Stable
mp-1189522,-0.282026236999999,-0.2914158701896667,-0.0093896331896677,mp-1189522,0.0,Stable,Stable
mp-1190216,-0.927473730729167,-0.8986754417419434,0.0287982889872235,mp-1190216,0.031403301287876495,Stable,Stable
mp-570690,-0.297578883812865,-0.2759758830070495,0.0216030008058154,mp-570690,0.008367561055555583,Stable,Stable
mp-29826,-0.166211495624999,-0.0983816534280777,0.0678298421969213,mp-29826,0.0,Stable,Stable
mp-1192806,-1.30164488038462,-1.443389058113098,-0.1417441777284782,mp-1192806,0.3310228288461552,Stable,Stable
mp-728536,-0.133645748548388,-0.1746644675731659,-0.0410187190247778,mp-728536,1.188275784677419,Stable,Stable
mp-1199098,0.276104078823537,0.2347416877746582,-0.0413623910488787,mp-1199098,0.3483585470588295,Unstable,Unstable
mp-1205051,-0.904100981930556,-0.93006831407547,-0.0259673321449139,mp-1205051,0.27434932019444425,Stable,Stable
mp-976707,-0.678915641875,-0.6972212791442871,-0.0183056372692871,mp-976707,0.08336959281249978,Stable,Stable
mp-1009894,-0.4004006175,-0.2717837393283844,0.1286168781716156,mp-1009894,0.6132527400000001,Stable,Stable
mp-1180076,1.08347757353009,1.0274670124053955,-0.0560105611246946,mp-1180076,1.4668640525347225,Unstable,Unstable
mp-1215219,-0.893444238083333,-0.9180678725242616,-0.0246236344409285,mp-1215219,0.0,Stable,Stable
mp-1203534,-0.364094656634615,-0.3648829758167267,-0.0007883191821116,mp-1203534,0.5282578833076927,Stable,Stable
mp-1226205,0.263612530312499,0.1019498631358146,-0.1616626671766843,mp-1226205,0.3403829028125003,Unstable,Unstable
mp-1033488,-2.2297378246875,-2.1957294940948486,0.0340083305926515,mp-1033488,0.6629333791406253,Stable,Stable
mp-1199683,-2.53077361027778,-2.629495143890381,-0.098721533612601,mp-1199683,0.012830179479164983,Stable,Stable
mp-995198,-1.45012646333333,-1.4680683612823486,-0.0179418979490186,mp-995198,0.3185968883333343,Stable,Stable
mp-19741,-0.226337289999999,-0.2479821741580963,-0.0216448841580973,mp-19741,0.009441261374998788,Stable,Stable
mp-17158,-0.3277145185,-0.2921470105648041,0.0355675079351959,mp-17158,0.062480207738097704,Stable,Stable
mp-1245373,-0.787974772053572,-0.7742033004760742,0.0137714715774978,mp-1245373,0.21069252196428323,Stable,Stable
mp-1067743,-0.427315446250002,-0.3096843957901001,0.1176310504599019,mp-1067743,0.0,Stable,Stable
mp-1209290,-2.50669176342593,-2.518693447113037,-0.012001683687107,mp-1209290,0.008217585740741384,Stable,Stable
mp-616215,-0.55081920091797,-0.5288288593292236,0.0219903415887463,mp-616215,0.6903756254687492,Stable,Stable
mp-759685,-1.91944664674243,-1.9044139385223389,0.0150327082200911,mp-759685,0.06373795886363443,Stable,Stable
mp-1205718,-0.458806532999999,-0.4351033866405487,0.0237031463594503,mp-1205718,0.0,Stable,Stable
mp-10607,-0.524768511666668,-0.5555232167243958,-0.0307547050577277,mp-10607,0.0,Stable,Stable
mp-1215921,-0.1780954525,-0.1718769669532776,0.0062184855467224,mp-1215921,0.07346381729166573,Stable,Stable
mp-569275,-0.302025198000001,-0.3135462403297424,-0.0115210423297414,mp-569275,0.0,Stable,Stable
mp-1198167,-1.43746813158365,-1.433479070663452,0.0039890609201977,mp-1198167,0.017926386959876695,Stable,Stable
mp-3346420,-2.37932458441666,-2.5073647499084477,-0.1280401654917873,mp-3346420,0.0029898766666693888,Stable,Stable
mp-12737,-0.58128829888889,-0.5727279186248779,0.008560380264012,mp-12737,0.004858690833321688,Stable,Stable
mp-556411,-1.94867734615385,-2.014001607894897,-0.0653242617410474,mp-556411,0.18298269788460875,Stable,Stable
mp-1226131,-0.296042997604165,-0.2709783315658569,0.025064666038308,mp-1226131,0.0034927367968782264,Stable,Stable
mp-21850,0.069676896000001,0.0760232284665107,0.0063463324665097,mp-21850,0.07076686899999984,Unstable,Unstable
mp-1182993,0.9221746515,1.0278639793395996,0.1056893278395996,mp-1182993,1.304067485692305,Unstable,Unstable
mp-1025498,-1.10479689958333,-1.0357558727264404,0.0690410268568895,mp-1025498,0.0,Stable,Stable
mp-1080695,-2.0088400526,-2.239984035491944,-0.2311439828919432,mp-1080695,0.36770301100000147,Stable,Stable
mp-1206657,-0.551531038595237,-0.5594311952590942,-0.0079001566638572,mp-1206657,0.15792545049999873,Stable,Stable
mp-1079886,-0.311638909833337,-0.2905794084072113,0.0210595014261256,mp-1079886,0.025275967000000676,Stable,Stable
mp-556053,-1.45789056816667,-1.3401254415512085,0.1177651266154615,mp-556053,0.3491506318000033,Stable,Stable
mp-1206170,-0.425556407499999,-0.4220300912857055,0.0035263162142934,mp-1206170,0.0,Stable,Stable
mp-571612,-0.962681757708334,-0.9780794382095336,-0.0153976805011997,mp-571612,0.012764923493592484,Stable,Stable
mp-1247337,0.058255819347826,0.1166029796004295,0.0583471602526035,mp-1247337,0.14406164586956471,Unstable,Unstable
mp-1018176,-0.239615987500002,-0.2297496199607849,0.009866367539217,mp-1018176,0.0,Stable,Stable
mp-569564,-0.469433602142856,-0.4545094072818756,0.0149241948609804,mp-569564,0.0,Stable,Stable
mp-1197524,0.712933843194441,0.5463078022003174,-0.1666260409941236,mp-1197524,1.1850365709259245,Unstable,Unstable
mp-1202429,-1.1538787339375,-1.201043725013733,-0.0471649910762328,mp-1202429,0.16443977762499618,Stable,Stable
mp-3346398,-2.55686468616667,-2.324402093887329,0.232462592279341,mp-3346398,0.011918094333334572,Stable,Stable
mp-616463,0.465644621035716,0.4167283773422241,-0.0489162436934919,mp-616463,0.4656446210357146,Unstable,Unstable
mp-1199661,-1.77861675246591,-1.7739906311035156,0.0046261213623943,mp-1199661,0.03378826886363573,Stable,Stable
mp-650978,-0.950728558357143,-0.9329569935798644,0.0177715647772784,mp-650978,0.18631672899999963,Stable,Stable
mp-1228140,-1.56955493944444,-1.601538896560669,-0.031983957116229,mp-1228140,0.6568409474444454,Stable,Stable
mp-1224646,-2.53178916125,-2.5528392791748047,-0.0210501179248048,mp-1224646,0.0,Stable,Stable
mp-10293,0.083241769999999,0.0602209642529487,-0.0230208057470502,mp-10293,0.1468354744444449,Unstable,Unstable
mp-10280,1.09888966119167,1.2355045080184937,0.1366148468268235,mp-10280,1.506786414375,Unstable,Unstable
mp-697339,-2.43509494785714,-2.434864997863769,0.0002299499933706,mp-697339,0.0,Stable,Stable
mp-572537,-1.65685145266667,-1.6431925296783447,0.0136589229883252,mp-572537,0.16090912138888758,Stable,Stable
mp-1026487,0.3694503234375,0.364393949508667,-0.005056373928833,mp-1026487,0.3797197205729166,Unstable,Unstable
mp-861914,-0.693865535,-0.7169841527938843,-0.0231186177938842,mp-861914,0.0,Stable,Stable
mp-1194082,-0.054224523076921,-0.064026728272438,-0.009802205195517,mp-1194082,0.0,Stable,Stable
mp-675271,-1.22016425159483,-1.1154310703277588,0.1047331812670713,mp-675271,0.3317843909895837,Stable,Stable
mp-1078036,-0.210861223035725,-0.2544570863246918,-0.0435958632889667,mp-1078036,0.12163357214285497,Stable,Stable
mp-743752,0.347065675714286,0.4427317380905151,0.0956660623762291,mp-743752,0.5853220485714292,Unstable,Unstable
mp-765400,-2.0924981225,-2.0875844955444336,0.0049136269555662,mp-765400,0.05864357562499922,Stable,Stable
mp-20288,-3.03890238444444,-2.9755990505218506,0.0633033339225894,mp-20288,0.0,Stable,Stable
mp-1211655,-0.344007858583334,-0.326268583536148,0.0177392750471859,mp-1211655,0.014462388055553,Stable,Stable
mp-1072191,0.266966019999999,0.2069236934185028,-0.0600423265814962,mp-1072191,0.9397287813368052,Unstable,Unstable
mp-1212514,-0.773179682321428,-0.8297533988952637,-0.0565737165738357,mp-1212514,0.3308422949999992,Stable,Stable
mp-639306,-0.47792558358333,-0.5113964080810547,-0.0334708244977247,mp-639306,0.027159466277776545,Stable,Stable
mp-863018,-0.376227084017856,-0.3767704963684082,-0.0005434123505522,mp-863018,0.0035014139234013086,Stable,Stable
mp-1197204,0.624369206536007,0.5193268060684204,-0.1050424004675866,mp-1197204,1.2802542031640582,Unstable,Unstable
mp-1214493,-1.72679132125,-1.5022709369659424,0.2245203842840575,mp-1214493,0.6132169737499948,Stable,Stable
mp-1193014,0.479720257788462,0.0751600041985511,-0.4045602535899108,mp-1193014,1.0130235097115339,Unstable,Unstable
mp-726434,-1.05468419860294,-0.978657841682434,0.0760263569205059,mp-726434,0.3877897524999998,Stable,Stable
mp-558165,-1.3413475296875,-1.174712896347046,0.166634633340454,mp-558165,0.4009996642187472,Stable,Stable
mp-555790,-1.12467194074074,-1.0811750888824463,0.0434968518582936,mp-555790,0.16511463694444561,Stable,Stable
mp-9498,-2.37428811285714,-2.377671718597412,-0.003383605740272,mp-9498,0.0,Stable,Stable
mp-1147638,0.901087921293102,0.9559752941131592,0.0548873728200571,mp-1147638,1.0548344990083205,Unstable,Unstable
mp-541859,-0.497133209375,-0.3839230239391327,0.1132101854358673,mp-541859,0.0,Stable,Stable
mp-1182438,-1.73542061785714,-1.5992927551269531,0.1361278627301869,mp-1182438,0.4458231676785722,Stable,Stable
mp-765096,-1.9811638321875,-1.9965649843215945,-0.0154011521340942,mp-765096,0.058258650624999575,Stable,Stable
mp-1216269,0.754443372499999,0.2294576168060302,-0.5249857556939688,mp-1216269,1.5784626681250007,Unstable,Unstable
mp-6070,0.080798767083332,0.0323212966322898,-0.0484774704510421,mp-6070,0.834320023958333,Unstable,Unstable
mp-696298,-0.466135535833334,-0.5211040377616882,-0.0549685019283542,mp-696298,0.6762999909791656,Stable,Stable
mp-1283232,-1.58214965805556,-1.6156162023544312,-0.033466544298871,mp-1283232,0.0711912855555541,Stable,Stable
mp-541627,-0.249728837609374,-0.2524075210094452,-0.0026786834000711,mp-541627,0.122462066197917,Stable,Stable
mp-762239,-1.68520729143678,-1.7213380336761477,-0.0361307422393675,mp-762239,0.10145091768518633,Stable,Stable
mp-1216253,-0.231644369270833,-0.2379853129386901,-0.0063409436678571,mp-1216253,0.018092068031797304,Stable,Stable
mp-999256,0.735987046691811,0.7908079624176025,0.0548209157257915,mp-999256,1.1695253918750002,Unstable,Unstable
mp-1195390,-0.626731217572464,-0.5917136073112488,0.0350176102612151,mp-1195390,0.21210025811594058,Stable,Stable
mp-1196447,-1.32700471557692,-1.3296009302139282,-0.0025962146370082,mp-1196447,0.6473449203846124,Stable,Stable
mp-1199823,-0.905084865801405,-0.8917289972305298,0.0133558685708752,mp-1199823,0.8354695312962956,Stable,Stable
mp-1014298,1.798633955625,2.1488728523254395,0.3502388967004395,mp-1014298,1.7986339556249984,Unstable,Unstable
mp-17768,-0.178345120357144,-0.2586871087551117,-0.0803419883979676,mp-17768,0.03368053464286014,Stable,Stable
mp-13590,-0.158726679250003,-0.2128569483757019,-0.0541302691256989,mp-13590,0.3406379002499982,Stable,Stable
mp-644256,-1.24635581047619,-1.2445467710494995,0.0018090394266905,mp-644256,0.45504507410714634,Stable,Stable
mp-550498,-2.03894881092592,-2.0104243755340576,0.0285244353918625,mp-550498,0.14675153777777883,Stable,Stable
mp-1245482,-0.501954770535714,-0.5520472526550293,-0.0500924821193152,mp-1245482,0.28063175642857274,Stable,Stable
mp-543045,-1.49249902861111,-1.4616219997406006,0.0308770288705093,mp-543045,0.0,Stable,Stable
mp-549687,-1.63492032044444,-1.568906545639038,0.0660137748054019,mp-549687,0.18284025361111045,Stable,Stable
mp-1192496,-1.35688185982143,-1.40006422996521,-0.0431823701437799,mp-1192496,0.11953750035714172,Stable,Stable
mp-1212581,-0.38982882625,-0.3309471607208252,0.0588816655291747,mp-1212581,0.3391473489743584,Stable,Stable
mp-696396,-1.84965316752155,-1.841256618499756,0.008396549021794,mp-696396,0.0,Stable,Stable
mp-1002164,0.438373328749999,0.4046120345592499,-0.0337612941907491,mp-1002164,0.43837332875,Unstable,Unstable
mp-1028322,0.274086744687499,0.2580654919147491,-0.0160212527727498,mp-1028322,0.28396125539062544,Unstable,Unstable
mp-1213652,-0.354671283295019,-0.3511425256729126,0.0035287576221064,mp-1213652,0.004858975833331058,Stable,Stable
mp-1200169,-2.26908595516667,-2.3159995079040527,-0.0469135527373825,mp-1200169,0.03375135069443935,Stable,Stable
mp-1024975,-0.701777205277797,-0.6521751880645752,0.0496020172132217,mp-1024975,0.033293183472217436,Stable,Stable
mp-13136,0.294119765000001,0.268154114484787,-0.0259656505152139,mp-13136,0.4476605100000022,Unstable,Unstable
mp-1224334,-0.860459962500002,-0.8009438514709473,0.0595161110290547,mp-1224334,0.0,Stable,Stable
mp-1009582,1.09046414125,1.0764130353927612,-0.0140511058572387,mp-1009582,1.0904641412499991,Unstable,Unstable
mp-549869,-1.62326195711111,-1.64073646068573,-0.0174745035746199,mp-549869,0.19449861694444337,Stable,Stable
mp-624249,0.060654046363636,0.0582603588700294,-0.0023936874936065,mp-624249,0.1210945902272691,Unstable,Unstable
mp-1188132,-0.257946401874999,-0.3281024098396301,-0.0701560079646311,mp-1188132,0.05605498499999939,Stable,Stable
mp-1203853,-0.989605865000001,-0.3042842745780945,0.6853215904219065,mp-1203853,0.5697116700462921,Stable,Stable
mp-8044,-0.684765243660713,-0.7054296135902405,-0.0206643699295274,mp-8044,0.0,Stable,Stable
mp-3803,-0.563828486791656,-0.6173177361488342,-0.0534892493571782,mp-3803,0.07701020374999956,Stable,Stable
mp-1200465,-0.531478824285714,-0.505632221698761,0.025846602586953,mp-1200465,0.5231200352056247,Stable,Stable
mp-1216546,-0.506237413333333,-0.4219583868980407,0.0842790264352922,mp-1216546,0.0,Stable,Stable
mp-66,0.112264900000001,0.1115846112370491,-0.0006802887629518,mp-66,0.11226490000000133,Unstable,Unstable
mp-6615,0.306639568927508,0.3127296566963196,0.0060900877688115,mp-6615,0.3066395689275083,Unstable,Unstable
mp-1205163,-1.16174237014881,-1.3072632551193235,-0.1455208849705136,mp-1205163,1.1333384924999992,Stable,Stable
mp-1214250,-0.202960745333334,-0.0608988404273986,0.1420619049059353,mp-1214250,0.47205626016666535,Stable,Stable
mp-1187454,0.311292718958334,0.7186192274093628,0.4073265084510288,mp-1187454,0.8560120947916658,Unstable,Unstable
mp-1217568,-0.368930378284723,-0.2584237158298492,0.1105066624548737,mp-1217568,0.04982926129861198,Stable,Stable
mp-652337,-0.526456235144929,-0.5016756057739258,0.0247806293710032,mp-652337,0.6945291053260849,Stable,Stable
mp-20423,1.4181904355,1.2913992404937744,-0.1267911950062255,mp-20423,1.840612416,Unstable,Unstable
mp-601323,-0.936437140277778,-1.0304986238479614,-0.0940614835701834,mp-601323,0.45886947888889207,Stable,Stable
mp-568157,-0.402308483333333,-0.4232485592365265,-0.0209400759031934,mp-568157,0.04955470624999947,Stable,Stable
mp-1189427,1.80571821579657,1.906965255737305,0.1012470399407345,mp-1189427,2.4546604385661777,Unstable,Unstable
mp-4992,-0.340514806249999,-0.3645797371864319,-0.0240649309364328,mp-4992,0.0,Stable,Stable
mp-1018655,0.596492145833332,0.7686442732810974,0.1721521274477654,mp-1018655,0.5964921458333325,Unstable,Unstable
mp-23755,-1.793994966875,-1.7901157140731812,0.0038792528018187,mp-23755,0.04933520053570728,Stable,Stable
mp-720995,-0.366464138670634,-0.5634768605232239,-0.1970127218525899,mp-720995,0.5000779450793651,Stable,Stable
mp-981336,1.045974108125,1.0581177473068235,0.0121436391818237,mp-981336,1.0459741081249998,Unstable,Unstable
mp-1187517,1.98123499458333,1.7586839199066162,-0.2225510746767138,mp-1187517,1.9812349945833319,Unstable,Unstable
mp-1182953,-1.08010457291667,-1.103921890258789,-0.023817317342119,mp-1182953,0.24643794083333415,Stable,Stable
mp-985782,-0.178229912499999,-0.1457000076770782,0.0325299048229207,mp-985782,0.03473959666666726,Stable,Stable
mp-1105386,-0.501509591562499,-0.563624382019043,-0.062114790456544,mp-1105386,0.06471548093750101,Stable,Stable
mp-549389,-2.00194036759259,-2.011014461517334,-0.009074093924744,mp-549389,0.1837599811111117,Stable,Stable
mp-1198558,-1.1877917385,-1.3821842670440674,-0.1943925285440673,mp-1198558,0.5671717884999996,Stable,Stable
mp-22175,-0.633107127185378,-0.6550631523132324,-0.0219560251278544,mp-22175,0.08054784977890961,Stable,Stable
mp-757212,-2.07273166266667,-2.0541229248046875,0.0186087378619825,mp-757212,0.06833116466666578,Stable,Stable
mp-1217051,-0.057559719146341,-0.063496321439743,-0.005936602293402,mp-1217051,0.01839028222560124,Stable,Stable
mp-35889,-0.941056478222221,-0.836826741695404,0.104229736526817,mp-35889,0.4692095051562495,Stable,Stable
mp-1214766,1.54340263166667,0.4832374453544616,-1.0601651863122084,mp-1214766,1.5434026316666696,Unstable,Unstable
mp-1203313,-0.375193200859374,-0.393838107585907,-0.0186449067265329,mp-1203313,0.0389331747656243,Stable,Stable
mp-758407,-1.89796778343306,-1.8967480659484863,0.0012197174845736,mp-758407,0.09132731460784083,Stable,Stable
mp-1178034,-2.05840606515151,-2.0395309925079346,0.0188750726435755,mp-1178034,0.08150262988636747,Stable,Stable
mp-1031708,-2.3721205265625,-2.38693642616272,-0.0148158996002196,mp-1031708,0.5331663845312518,Stable,Stable
mp-648289,-0.9175997765,-0.9164289832115172,0.0011707932884826,mp-648289,0.19549663937500306,Stable,Stable
mp-1214369,0.133173888556547,0.270776629447937,0.13760274089139,mp-1214369,0.23410800526785636,Unstable,Unstable
mp-1214248,0.133442084092262,0.2208794057369232,0.0874373216446612,mp-1214248,0.23437620080357124,Unstable,Unstable
mp-1078197,-0.27788988375,-0.324621170759201,-0.046731287009201,mp-1078197,0.055024545499999356,Stable,Stable
mp-1225909,-0.028582510416666,-0.0417101196944713,-0.0131276092778053,mp-1225909,0.04486946210714038,Stable,Stable
mp-1223605,-2.20458387531019,-2.191516399383545,0.0130674759266451,mp-1223605,0.0,Stable,Stable
mp-680248,-0.924449111261261,-0.8979285955429077,0.0265205157183532,mp-680248,0.2228309006306315,Stable,Stable
mp-1238800,-0.150913184166667,-0.1510140001773834,-0.0001008160107164,mp-1238800,0.20701494000000054,Stable,Stable
mp-559653,-2.6841463065,-2.6892824172973637,-0.005136110797363,mp-559653,0.009107061250002602,Stable,Stable
mp-1208505,-1.33310281407408,-1.2477948665618896,0.0853079475121902,mp-1208505,0.0,Stable,Stable
mp-571655,0.771254706,0.9591872692108154,0.1879325632108154,mp-571655,0.9018273573333344,Unstable,Unstable
mp-10609,-0.668651213999996,-0.6933009624481201,-0.024649748448124,mp-10609,0.0,Stable,Stable
mp-1218825,-2.31499398222222,-2.299288511276245,0.0157054709459747,mp-1218825,0.10784658194442631,Stable,Stable
mp-570148,-0.25654165077922,-0.2548121213912964,0.0017295293879235,mp-570148,0.01054920779220847,Stable,Stable
mp-1227386,0.290680673793103,0.3077172040939331,0.0170365303008301,mp-1227386,0.32809676913792885,Unstable,Unstable
mp-13264,-0.359176155714286,-0.3019162118434906,0.0572599438707954,mp-13264,0.0,Stable,Stable
mp-1282,-0.494289976736112,-0.4237533211708069,0.0705366555653051,mp-1282,0.08810940243055576,Stable,Stable
mp-1208123,-0.297767260000003,-0.358281672000885,-0.060514412000882,mp-1208123,0.01442908265000753,Stable,Stable
mp-1225387,-1.03751218,-1.1197630167007446,-0.0822508367007446,mp-1225387,0.0776408425000028,Stable,Stable
mp-1216714,-0.603986477083333,-0.6307088136672974,-0.0267223365839643,mp-1216714,0.00897464937500203,Stable,Stable
mp-1025192,-0.534145224190475,-0.6839568018913269,-0.1498115777008518,mp-1025192,0.13371323714285666,Stable,Stable
mp-8368,1.11248795516111,1.213886857032776,0.1013989018716658,mp-8368,1.497635500416667,Unstable,Unstable
mp-645346,-0.260725323078125,-0.2686979472637176,-0.0079726241855926,mp-645346,0.18912727072916447,Stable,Stable
mp-1102385,1.29940982989583,1.0390889644622805,-0.2603208654335498,mp-1102385,1.4846001086111116,Unstable,Unstable
mp-13070,-0.551631212127407,-0.5075725317001343,0.0440586804272726,mp-13070,0.10086671296875238,Stable,Stable
mp-1220466,-0.941184568181818,-0.9227764010429382,0.0184081671388797,mp-1220466,0.03195338416666793,Stable,Stable
mp-504880,-1.55905123173913,-1.561262607574463,-0.0022113758353328,mp-504880,0.026939036521739013,Stable,Stable
mp-1095534,1.12335733083333,0.8125224113464355,-0.3108349194868944,mp-1095534,1.1233573308333327,Unstable,Unstable
mp-1079629,-0.223938114,-0.1938812583684921,0.0300568556315078,mp-1079629,0.004571217249991655,Stable,Stable
mp-20134,-0.343624867083332,-0.3428378701210022,0.0007869969623298,mp-20134,0.1691187554166671,Stable,Stable
mp-1214145,-0.976930843333331,-0.9896390438079834,-0.0127082004746523,mp-1214145,0.37379677666666833,Stable,Stable
mp-1176775,-1.49735336840278,-1.4952983856201172,0.0020549827826628,mp-1176775,0.07677978416666598,Stable,Stable
mp-570641,-0.296677425618421,-0.2758476138114929,0.020829811806928,mp-570641,0.009269019250000454,Stable,Stable
mp-10039,-0.231287657222222,-0.3153863847255707,-0.0840987275033486,mp-10039,0.054900408666668454,Stable,Stable
mp-1204612,-1.52478153354167,-1.4640355110168457,0.0607460225248241,mp-1204612,0.15878794040570376,Stable,Stable
mp-1182750,0.386192707068965,0.6786683797836304,0.2924756727146653,mp-1182750,1.2035387613254303,Unstable,Unstable
mp-1080659,0.776595651249998,0.7293375134468079,-0.0472581378031901,mp-1080659,0.7765956512499983,Unstable,Unstable
mp-559232,-1.04902653972222,-0.9939048290252686,0.0551217106969514,mp-559232,0.2620028005555577,Stable,Stable
mp-1214262,-1.08207659931818,-1.0916002988815308,-0.0095236995633507,mp-1214262,0.21695540784090905,Stable,Stable
mp-1188776,0.935412689674328,0.9147003889083862,-0.0207123007659417,mp-1188776,1.5330860290104145,Unstable,Unstable
mp-9499,-2.41707517071429,-2.395686388015747,0.0213887826985428,mp-9499,0.025937065833330664,Stable,Stable
mp-683911,-0.653104269542411,-0.5881814360618591,0.0649228334805518,mp-683911,0.37983871126116053,Stable,Stable
mp-570156,-0.360772584545468,-0.4911945462226867,-0.1304219616772187,mp-570156,0.3439350718181675,Stable,Stable
mp-5251,-1.02030429944444,-1.0017967224121094,0.0185075770323306,mp-5251,0.0,Stable,Stable
mp-1079918,-2.680857774,-2.5863497257232666,0.0945080482767335,mp-1079918,0.006686684000004384,Stable,Stable
mp-582883,-0.494862913645834,-0.5169925093650818,-0.0221295957192477,mp-582883,0.0,Stable,Stable
mp-1207957,-0.063299772205882,-0.0508412718772888,0.0124585003285931,mp-1207957,0.0,Stable,Stable
mp-1179159,0.292613396166665,0.5757468938827515,0.2831334977160865,mp-1179159,0.5322761585178561,Unstable,Unstable
mp-690851,-1.78211833666667,-1.7693047523498535,0.0128135843168164,mp-690851,0.1349822505555549,Stable,Stable
mp-10918,0.038577118999999,-0.0189487263560295,-0.0575258453560285,mp-10918,0.05597686612500041,Unstable,Stable
mp-1208153,0.576970929166662,0.3076332211494446,-0.2693377080172174,mp-1208153,1.047963926875001,Unstable,Unstable
mp-1219255,-0.077293065749999,-0.0750045925378799,0.002288473212119,mp-1219255,0.14630351999999736,Stable,Stable
mp-1189663,-2.00888918944444,-1.9790880680084229,0.0298011214360172,mp-1189663,0.29723029416666424,Stable,Stable
mp-313,-0.172125136666667,-0.1672735810279846,0.0048515556386823,mp-313,0.06871589937499856,Stable,Stable
mp-6940,-0.340684823999998,-0.3397126793861389,0.000972144613859,mp-6940,0.0,Stable,Stable
mp-1247157,0.094804076203704,0.1131651327013969,0.0183610564976929,mp-1247157,0.19942689120370183,Unstable,Unstable
mp-1212014,1.25498604534375,1.3847081661224363,0.1297221207786865,mp-1212014,1.280623140398438,Unstable,Unstable
mp-1192396,-2.18032820916667,-2.1196091175079346,0.0607190916587354,mp-1192396,0.1395220320833328,Stable,Stable
mp-1224360,-0.641185272881944,-0.6363047957420349,0.0048804771399091,mp-1224360,0.07605533482638549,Stable,Stable
mp-1227257,-0.082445955,-0.1709934771060943,-0.0885475221060943,mp-1227257,0.05558407833333234,Stable,Stable
mp-1103876,1.05271146846154,0.5235809683799744,-0.5291305000815656,mp-1103876,1.0527114684615366,Unstable,Unstable
mp-1026458,0.3892970375,0.415108323097229,0.025811285597229,mp-1026458,0.40848963062499966,Unstable,Unstable
mp-652229,-0.742966660322582,-0.7783074378967285,-0.0353407775741465,mp-652229,0.45083586532257947,Stable,Stable
mp-1022169,0.250251660625,0.2882720828056335,0.0380204221806335,mp-1022169,0.2878556071874998,Unstable,Unstable
mp-648633,-0.566786588437499,-0.5688138008117676,-0.0020272123742686,mp-648633,0.6944928354687478,Stable,Stable
mp-19821,-0.074814307499998,-0.0395182594656944,0.0352960480343035,mp-19821,0.005458072812501769,Stable,Stable
mp-1217122,-0.878016035468764,-0.9220038652420044,-0.0439878297732404,mp-1217122,0.15507985562500082,Stable,Stable
mp-1180513,-0.584831775337331,-0.6247429847717285,-0.0399112094343975,mp-1180513,0.774500236086956,Stable,Stable
mp-22015,0.436257464666667,0.5772759914398193,0.1410185267731523,mp-22015,0.4942080196666687,Unstable,Unstable
mp-1031975,-2.3733057284375,-2.4099087715148926,-0.0366030430773927,mp-1031975,0.6190551219140632,Stable,Stable
mp-1246224,-0.612082077121213,-0.6397542953491211,-0.0276722182279081,mp-1246224,0.09434238931818228,Stable,Stable
mp-1203794,-0.26563815923913,-0.2748955190181732,-0.0092573597790432,mp-1203794,0.11634452956521812,Stable,Stable
mp-1188898,-2.59622558883333,-2.5271613597869877,0.0690642290463428,mp-1188898,0.0,Stable,Stable
mp-1214031,5.046088712,1.549128770828247,-3.4969599411717533,mp-1214031,5.128906731999999,Unstable,Unstable
mp-634755,-0.922305909166667,-0.8639886975288391,0.0583172116378278,mp-634755,0.10692898476190571,Stable,Stable
mp-722003,0.889131659374999,1.2551530599594116,0.3660214005844125,mp-722003,1.9064707719531242,Unstable,Unstable
mp-1180486,-0.18397704580721,-0.3709284961223602,-0.1869514503151502,mp-1180486,0.9833417850189363,Stable,Stable
mp-1215184,-1.46120463260416,-1.4609633684158323,0.0002412641883273,mp-1215184,0.06122452125000066,Stable,Stable
mp-9544,-0.268009433999999,-0.3189938068389892,-0.0509843728389902,mp-9544,0.05771427859999978,Stable,Stable
mp-1196097,0.947557801602789,0.950653314590454,0.003095512987665,mp-1196097,1.3921021906097542,Unstable,Unstable
mp-23409,-1.32466811214286,-1.319403886795044,0.0052642253478161,mp-23409,0.0,Stable,Stable
mp-1009751,0.338737844142858,0.2715977430343628,-0.0671401011084952,mp-1009751,0.9216356703571442,Unstable,Unstable
mp-1181996,2.6368207525,2.846447467803955,0.2096267153039552,mp-1181996,2.6368207524999994,Unstable,Unstable
mp-725087,1.08100213966667,1.0729315280914309,-0.0080706115752393,mp-725087,1.5358243384999994,Unstable,Unstable
mp-1206889,-1.42780461833334,-1.508176565170288,-0.0803719468369481,mp-1206889,0.0,Stable,Stable
mp-1017120,0.565953205,0.4754238128662109,-0.090529392133789,mp-1017120,0.8003823493750004,Unstable,Unstable
mp-10714,-0.538234423000005,-0.55482017993927,-0.016585756939265,mp-10714,0.0,Stable,Stable
mp-684668,-0.069512676666667,-0.0713120400905609,-0.0017993634238939,mp-684668,0.06851735666666592,Stable,Stable
mp-1033474,-2.2224741959375,-2.1917026042938232,0.0307715916436768,mp-1033474,0.6701970078906259,Stable,Stable
mp-1199710,-0.309595839228394,-0.349084734916687,-0.039488895688293,mp-1199710,0.23441187875771696,Stable,Stable
mp-1333889,0.612259030531915,0.1282384097576141,-0.4840206207743008,mp-1333889,1.6847827650531917,Unstable,Unstable
mp-1189152,-0.746335669375,-0.9279186129570008,-0.1815829435820007,mp-1189152,1.1805819382812448,Stable,Stable
mp-1009817,-0.246991968666666,-0.1872917115688324,0.0597002570978336,mp-1009817,0.41246863499999975,Stable,Stable
mp-1202089,-1.09893103771569,-1.0881657600402832,0.0107652776754068,mp-1202089,0.7107193711274506,Stable,Stable
mp-1196266,-0.140135134104938,-0.1885187625885009,-0.0483836284835629,mp-1196266,0.10661434158869199,Stable,Stable
mp-15603,-0.536657692708332,-0.5950966477394104,-0.0584389550310784,mp-15603,0.0,Stable,Stable
mp-1225916,-1.2376043086638,-1.322833776473999,-0.085229467810199,mp-1225916,0.022143983541663026,Stable,Stable
mp-1106094,-1.81048864895,-1.6834726333618164,0.1270160155881836,mp-1106094,0.0,Stable,Stable
mp-607712,-1.03143433939394,-0.9585076570510864,0.0729266823428536,mp-607712,0.0,Stable,Stable
mp-1031706,-2.3677270521875,-2.396026372909546,-0.0282993207220458,mp-1031706,0.5375598589062518,Stable,Stable
mp-1029975,-0.609314530909091,-0.5713462829589844,0.0379682479501066,mp-1029975,0.0,Stable,Stable
mp-727059,-0.185518335555555,-0.1527801305055618,0.0327382050499931,mp-727059,0.5206296324652762,Stable,Stable
mp-1017117,0.348744353124999,0.3108683824539184,-0.0378759706710805,mp-1017117,0.48253539664062517,Unstable,Unstable
mp-1017167,0.249817833125,0.2909983098506927,0.0411804767256927,mp-1017167,0.4842469775000007,Unstable,Unstable
mp-1060962,2.55259057958333,1.9679672718048096,-0.5846233077785206,mp-1060962,2.552590579583331,Unstable,Unstable
mp-1209060,-1.79267400703125,-1.8274461030960083,-0.0347720960647583,mp-1209060,0.45318452312500046,Stable,Stable
mp-608543,-0.408701755833335,-0.4305362701416015,-0.0218345143082665,mp-608543,0.0,Stable,Stable
mp-1026733,0.190703203125,0.2748763561248779,0.0841731529998779,mp-1026733,0.20989579624999966,Unstable,Unstable
mp-1080068,-1.309031612,-1.3294578790664673,-0.0204262670664672,mp-1080068,0.1293203760000008,Stable,Stable
mp-1079798,0.239888648499996,-0.0358901619911193,-0.2757788104911154,mp-1079798,0.8741149099999994,Unstable,Stable
mp-568773,-0.262073139484375,-0.2677682042121887,-0.0056950647278137,mp-568773,0.18777945432291432,Stable,Stable
mp-1222310,-0.371191169444445,-0.343400239944458,0.027790929499987,mp-1222310,0.0,Stable,Stable
mp-1064282,3.387887746875,2.252047538757324,-1.135840208117676,mp-1064282,3.387887746875,Unstable,Unstable
mp-1031965,-2.4199077559375,-2.424128532409668,-0.004220776472168,mp-1031965,0.5724530944140627,Stable,Stable
