Material,Target_FE,Predicted_FE,material_id,true_eform,pred_eform,abs_error,mean_cn,hybridization
mp-850713,-1.7592421770095823,-1.7940146923065186,mp-850713,-1.7592421770095823,-1.7940146923065186,0.03477251529693626,3.0,sp2-like
mp-648157,-0.953000783920288,-0.8399425745010376,mp-648157,-0.953000783920288,-0.8399425745010376,0.11305820941925038,1.9473684210526316,sp-like
mp-1209399,-0.3520223498344421,-0.2922197580337524,mp-1209399,-0.3520223498344421,-0.2922197580337524,0.0598025918006897,3.0,sp2-like
mp-653887,-0.7940822839736938,-0.6061109304428101,mp-653887,-0.7940822839736938,-0.6061109304428101,0.1879713535308838,2.0,sp-like
mp-1026448,0.2892439365386963,0.3872671127319336,mp-1026448,0.2892439365386963,0.3872671127319336,0.0980231761932373,6.0,sp3-like
mp-1036764,-2.819110631942749,-2.8121588230133057,mp-1036764,-2.819110631942749,-2.8121588230133057,0.006951808929443359,6.0,sp3-like
mp-1196308,0.4036571085453033,0.1947913169860839,mp-1196308,0.4036571085453033,0.1947913169860839,0.2088657915592194,3.0,sp2-like
mp-1202054,-0.0658117979764938,0.0605462789535522,mp-1202054,-0.0658117979764938,0.0605462789535522,0.126358076930046,2.923076923076923,sp2-like
mp-568422,-0.0365255028009414,-0.0091667175292968,mp-568422,-0.0365255028009414,-0.0091667175292968,0.0273587852716446,2.0,sp-like
mp-1191793,-2.4425785541534424,-2.338947534561157,mp-1191793,-2.4425785541534424,-2.338947534561157,0.1036310195922856,3.0,sp2-like
mp-571432,-1.550940752029419,-1.4823601245880127,mp-571432,-1.550940752029419,-1.4823601245880127,0.06858062744140625,5.0,sp3-like
mp-20350,-0.3020772635936737,-0.2739460468292236,mp-20350,-0.3020772635936737,-0.2739460468292236,0.02813121676445013,6.0,sp3-like
mp-1196543,-0.0687897652387619,0.4826822280883789,mp-1196543,-0.0687897652387619,0.4826822280883789,0.5514719933271408,6.0,sp3-like
mp-1095701,-2.7871310710906982,-2.8070125579833984,mp-1095701,-2.7871310710906982,-2.8070125579833984,0.019881486892700195,0.0,sp-like
mp-757965,-1.9711313247680664,-2.011991500854492,mp-757965,-1.9711313247680664,-2.011991500854492,0.04086017608642578,3.0,sp2-like
mp-567885,0.1475561112165451,0.1319955587387085,mp-567885,0.1475561112165451,0.1319955587387085,0.015560552477836609,3.0,sp2-like
mp-1181157,-1.3492802381515503,-1.4499491453170776,mp-1181157,-1.3492802381515503,-1.4499491453170776,0.10066890716552734,2.0,sp-like
mp-567262,0.154869943857193,0.1913154125213623,mp-567262,0.154869943857193,0.1913154125213623,0.03644546866416931,2.0,sp-like
mp-1033792,-2.6455681324005127,-2.686305522918701,mp-1033792,-2.6455681324005127,-2.686305522918701,0.04073739051818848,4.0,sp3-like
mp-1103294,-0.1111340820789337,-0.2084690332412719,mp-1103294,-0.1111340820789337,-0.2084690332412719,0.09733495116233819,1.5,sp-like
mp-1217920,-1.225130915641785,-1.260016679763794,mp-1217920,-1.225130915641785,-1.260016679763794,0.034885764122009055,6.0,sp3-like
mp-28913,-2.0112881660461426,-1.6920034885406494,mp-28913,-2.0112881660461426,-1.6920034885406494,0.31928467750549316,6.0,sp3-like
mp-1226352,-0.1731317639350891,0.1092727184295654,mp-1226352,-0.1731317639350891,0.1092727184295654,0.28240448236465454,6.0,sp3-like
mp-1021328,-0.2555634081363678,-0.0567069053649902,mp-1021328,-0.2555634081363678,-0.0567069053649902,0.1988565027713776,4.0,sp3-like
mp-621953,-1.0163718461990356,-0.994858980178833,mp-621953,-1.0163718461990356,-0.994858980178833,0.021512866020202637,2.0,sp-like
mp-571330,-0.2824417650699615,-0.2266180515289306,mp-571330,-0.2824417650699615,-0.2266180515289306,0.055823713541030884,6.0,sp3-like
mp-1209218,-0.5184271335601807,-0.4886467456817627,mp-1209218,-0.5184271335601807,-0.4886467456817627,0.02978038787841797,1.6666666666666667,sp-like
mp-1200504,-1.3761922121047974,-1.2976877689361572,mp-1200504,-1.3761922121047974,-1.2976877689361572,0.07850444316864014,2.8,sp2-like
mp-648805,-0.9044218063354492,-0.8915984630584717,mp-648805,-0.9044218063354492,-0.8915984630584717,0.012823343276977539,1.9473684210526316,sp-like
mp-1217933,-0.8779190182685852,-0.958250105381012,mp-1217933,-0.8779190182685852,-0.958250105381012,0.08033108711242676,6.0,sp3-like
mp-1206141,-0.4605772793292999,-0.5385277271270752,mp-1206141,-0.4605772793292999,-0.5385277271270752,0.07795044779777527,6.0,sp3-like
mp-1225512,-0.1850392967462539,-0.2990944385528564,mp-1225512,-0.1850392967462539,-0.2990944385528564,0.11405514180660248,6.0,sp3-like
mp-1038482,-2.8252532482147217,-2.8689403533935547,mp-1038482,-2.8252532482147217,-2.8689403533935547,0.04368710517883301,4.0,sp3-like
mp-1202759,-2.5527572631835938,-2.6512184143066406,mp-1202759,-2.5527572631835938,-2.6512184143066406,0.09846115112304688,3.0,sp2-like
mp-1197136,-0.3894823491573334,-0.3697513341903686,mp-1197136,-0.3894823491573334,-0.3697513341903686,0.019731014966964777,3.0,sp2-like
mp-2367,-0.3309616446495056,-0.328863263130188,mp-2367,-0.3309616446495056,-0.328863263130188,0.002098381519317627,6.0,sp3-like
mp-568498,-0.933420181274414,-0.8917089700698853,mp-568498,-0.933420181274414,-0.8917089700698853,0.0417112112045287,2.0,sp-like
mp-1209042,-0.9016360640525818,-0.9050000309944152,mp-1209042,-0.9016360640525818,-0.9050000309944152,0.003363966941833385,2.6666666666666665,sp2-like
mp-1103814,-0.5064214468002319,-0.5077046155929565,mp-1103814,-0.5064214468002319,-0.5077046155929565,0.0012831687927246094,2.0,sp-like
mp-1247167,0.3521982729434967,0.302598237991333,mp-1247167,0.3521982729434967,0.302598237991333,0.049600034952163696,2.25,sp-like
mp-1217822,-0.5460118651390076,-0.5050523281097412,mp-1217822,-0.5460118651390076,-0.5050523281097412,0.04095953702926636,6.0,sp3-like
mp-1552,-0.139049619436264,-0.0027772188186645,mp-1552,-0.139049619436264,-0.0027772188186645,0.13627240061759952,6.0,sp3-like
mp-979413,1.2538963556289673,0.7875964641571045,mp-979413,1.2538963556289673,0.7875964641571045,0.4662998914718628,12.0,sp3-like
mp-1173626,-3.0649659633636475,-3.1558215618133545,mp-1173626,-3.0649659633636475,-3.1558215618133545,0.09085559844970703,3.0,sp2-like
mp-696396,-1.8496531248092647,-1.8590428829193115,mp-696396,-1.8496531248092647,-1.8590428829193115,0.00938975811004683,3.0,sp2-like
mp-1178946,-0.4384539425373077,-0.3185266256332397,mp-1178946,-0.4384539425373077,-0.3185266256332397,0.119927316904068,6.0,sp3-like
mp-1181679,1.009392261505127,0.8420543670654297,mp-1181679,1.009392261505127,0.8420543670654297,0.16733789443969727,2.75,sp2-like
mp-1235617,-2.306542158126831,-2.5136032104492188,mp-1235617,-2.306542158126831,-2.5136032104492188,0.2070610523223877,3.0,sp2-like
mp-1205624,-0.4720322489738464,-0.4742562770843506,mp-1205624,-0.4720322489738464,-0.4742562770843506,0.002224028110504206,6.0,sp3-like
mp-1009071,1.4549496173858645,0.9956512451171876,mp-1009071,1.4549496173858645,0.9956512451171876,0.45929837226867687,2.0,sp-like
mp-569275,-0.3020251989364624,-0.2462239265441894,mp-569275,-0.3020251989364624,-0.2462239265441894,0.055801272392273005,6.0,sp3-like
mp-47,0.1394772231578827,0.1792883872985839,mp-47,0.1394772231578827,0.1792883872985839,0.03981116414070121,4.0,sp3-like
mp-2958,-0.5456053018569946,-0.5036168098449707,mp-2958,-0.5456053018569946,-0.5036168098449707,0.041988492012023926,3.0,sp2-like
mp-752765,-1.9983950853347776,-1.9721949100494385,mp-752765,-1.9983950853347776,-1.9721949100494385,0.026200175285339133,3.0,sp2-like
mp-1245761,0.5009861588478088,-0.349014401435852,mp-1245761,0.5009861588478088,-0.349014401435852,0.8500005602836609,2.0,sp-like
mp-1001606,-0.284732848405838,-0.277090311050415,mp-1001606,-0.284732848405838,-0.277090311050415,0.007642537355423029,7.0,sp3-like
mp-3802,-0.6390506029129028,-0.616085410118103,mp-3802,-0.6390506029129028,-0.616085410118103,0.022965192794799805,6.0,sp3-like
mp-1216537,-0.8328853249549866,-0.8177884817123413,mp-1216537,-0.8328853249549866,-0.8177884817123413,0.015096843242645264,6.0,sp3-like
mp-696210,-0.3856025040149688,-0.1479114294052124,mp-696210,-0.3856025040149688,-0.1479114294052124,0.23769107460975641,2.0,sp-like
mp-1033178,-1.9691768884658811,-1.852392673492432,mp-1033178,-1.9691768884658811,-1.852392673492432,0.11678421497344904,0.0,sp-like
mp-1203749,-0.0864921063184738,0.0905885696411132,mp-1203749,-0.0864921063184738,0.0905885696411132,0.177080675959587,6.0,sp3-like
mp-1182559,-0.875221312046051,-0.9215114712715148,mp-1182559,-0.875221312046051,-0.9215114712715148,0.046290159225463756,2.0,sp-like
mp-1026540,0.1744693368673324,0.2570412158966064,mp-1026540,0.1744693368673324,0.2570412158966064,0.08257187902927399,6.0,sp3-like
mp-638137,0.295762300491333,0.3008942604064941,mp-638137,0.295762300491333,0.3008942604064941,0.005131959915161077,1.0,sp-like
mp-30051,-1.0671014785766602,-1.1360387802124023,mp-30051,-1.0671014785766602,-1.1360387802124023,0.06893730163574219,4.0,sp3-like
mp-760536,-1.299431085586548,-1.3106610774993896,mp-760536,-1.299431085586548,-1.3106610774993896,0.011229991912841575,3.0,sp2-like
mp-555646,-1.7808432579040527,-1.626295804977417,mp-555646,-1.7808432579040527,-1.626295804977417,0.15454745292663574,2.0,sp-like
mp-1035738,-2.6342759132385254,-2.640036106109619,mp-1035738,-2.6342759132385254,-2.640036106109619,0.00576019287109375,6.0,sp3-like
mp-1246444,0.3577827513217926,0.3709006309509277,mp-1246444,0.3577827513217926,0.3709006309509277,0.013117879629135076,2.0,sp-like
mp-1197606,0.4964542686939239,0.4654405117034912,mp-1197606,0.4964542686939239,0.4654405117034912,0.031013756990432684,2.3333333333333335,sp-like
mp-725152,-0.9695192575454712,-0.9351935982704164,mp-725152,-0.9695192575454712,-0.9351935982704164,0.03432565927505482,2.0,sp-like
mp-559788,-0.9473769068717957,-0.5511599779129028,mp-559788,-0.9473769068717957,-0.5511599779129028,0.3962169289588928,2.0,sp-like
mp-571165,-0.0688969492912292,-0.0516464710235595,mp-571165,-0.0688969492912292,-0.0516464710235595,0.017250478267669705,6.0,sp3-like
mp-1245403,0.3796026706695556,0.5453495979309082,mp-1245403,0.3796026706695556,0.5453495979309082,0.1657469272613526,2.25,sp-like
mp-1193869,-0.0249914210289716,0.0091584920883178,mp-1193869,-0.0249914210289716,0.0091584920883178,0.0341499131172894,6.0,sp3-like
mp-1102779,0.1795908659696579,0.1237143278121948,mp-1102779,0.1795908659696579,0.1237143278121948,0.0558765381574631,7.0,sp3-like
mp-1180018,-1.5126302242279053,-1.1429393291473389,mp-1180018,-1.5126302242279053,-1.1429393291473389,0.3696908950805664,2.0,sp-like
mp-757925,-1.1943988800048828,-1.3248475790023804,mp-757925,-1.1943988800048828,-1.3248475790023804,0.13044869899749756,3.0,sp2-like
mp-667495,-0.9409896731376648,-0.9287235140800476,mp-667495,-0.9409896731376648,-0.9287235140800476,0.012266159057617188,1.9583333333333333,sp-like
mp-1197979,-0.7916247248649597,-0.8279832005500793,mp-1197979,-0.7916247248649597,-0.8279832005500793,0.03635847568511963,6.0,sp3-like
mp-1204855,-1.2687029838562012,-1.028606414794922,mp-1204855,-1.2687029838562012,-1.028606414794922,0.24009656906127907,2.0,sp-like
mp-568433,-0.1414750069379806,0.0917575359344482,mp-568433,-0.1414750069379806,0.0917575359344482,0.23323254287242878,2.0,sp-like
mp-1212588,-0.2280460000038147,-0.1670727729797363,mp-1212588,-0.2280460000038147,-0.1670727729797363,0.0609732270240784,3.0,sp2-like
mp-559900,-0.1190597638487815,-0.2904189825057983,mp-559900,-0.1190597638487815,-0.2904189825057983,0.17135921865701678,3.0,sp2-like
mp-562661,-0.9353147149086,-0.7762634754180908,mp-562661,-0.9353147149086,-0.7762634754180908,0.15905123949050914,2.0,sp-like
mp-1189642,0.2514326870441437,-0.0213581323623657,mp-1189642,0.2514326870441437,-0.0213581323623657,0.2727908194065094,6.0,sp3-like
mp-1034502,-2.6322927474975586,-2.64266300201416,mp-1034502,-2.6322927474975586,-2.64266300201416,0.010370254516601562,6.0,sp3-like
mp-758984,-0.1876734644174575,-0.0319510698318481,mp-758984,-0.1876734644174575,-0.0319510698318481,0.15572239458560938,4.0,sp3-like
mp-1198679,-0.106404460966587,-0.0951485633850097,mp-1198679,-0.106404460966587,-0.0951485633850097,0.011255897581577301,3.0,sp2-like
mp-1246013,-0.2324491739273071,-0.2803206443786621,mp-1246013,-0.2324491739273071,-0.2803206443786621,0.04787147045135501,2.0,sp-like
mp-540801,-0.2477933913469314,-0.2901805639266968,mp-540801,-0.2477933913469314,-0.2901805639266968,0.042387172579765375,2.0,sp-like
mp-1184550,0.4431477189064026,0.5867373943328857,mp-1184550,0.4431477189064026,0.5867373943328857,0.14358967542648315,4.0,sp3-like
mp-937760,0.0060562277212738,0.1027567386627197,mp-937760,0.0060562277212738,0.1027567386627197,0.0967005109414459,3.0,sp2-like
mp-8044,-0.6847652196884155,-0.7991794347763062,mp-8044,-0.6847652196884155,-0.7991794347763062,0.11441421508789062,6.0,sp3-like
mp-1105990,-0.7220814228057861,-0.7397749423980713,mp-1105990,-0.7220814228057861,-0.7397749423980713,0.017693519592285156,6.0,sp3-like
mp-1226369,0.1180447489023208,-0.0460256338119506,mp-1226369,0.1180447489023208,-0.0460256338119506,0.1640703827142714,6.0,sp3-like
mp-559653,-2.6841464042663574,-2.710011959075928,mp-559653,-2.6841464042663574,-2.710011959075928,0.025865554809570757,3.0,sp2-like
mp-707412,-0.1251086741685867,-0.0166242122650146,mp-707412,-0.1251086741685867,-0.0166242122650146,0.10848446190357211,1.8,sp-like
mp-1211853,-1.6251258850097656,-1.5309756994247437,mp-1211853,-1.6251258850097656,-1.5309756994247437,0.09415018558502197,2.0,sp-like
mp-1203312,-0.6346511244773865,-0.5365456342697144,mp-1203312,-0.6346511244773865,-0.5365456342697144,0.09810549020767212,6.0,sp3-like
mp-3346808,-2.3273138999938965,-2.517167568206787,mp-3346808,-2.3273138999938965,-2.517167568206787,0.18985366821289062,3.0,sp2-like
mp-569304,0.0090602096170187,0.1043643951416015,mp-569304,0.0090602096170187,0.1043643951416015,0.0953041855245828,0.75,sp-like
mp-571437,-1.201375961303711,-1.1994731426239014,mp-571437,-1.201375961303711,-1.1994731426239014,0.0019028186798095703,6.0,sp3-like
mp-1197268,-0.1808579415082931,-0.2370878458023071,mp-1197268,-0.1808579415082931,-0.2370878458023071,0.056229904294014005,1.3333333333333333,sp-like
mp-1001080,-1.5196205377578735,-1.579684853553772,mp-1001080,-1.5196205377578735,-1.579684853553772,0.06006431579589844,3.0,sp2-like
mp-1173027,-0.7048498392105103,-0.6394227743148804,mp-1173027,-0.7048498392105103,-0.6394227743148804,0.06542706489562988,5.0,sp3-like
mp-1216068,-0.1734668910503387,-0.2191839218139648,mp-1216068,-0.1734668910503387,-0.2191839218139648,0.0457170307636261,6.0,sp3-like
mp-568155,-0.1787032186985016,-0.2005443572998047,mp-568155,-0.1787032186985016,-0.2005443572998047,0.0218411386013031,5.666666666666667,sp3-like
mp-15604,-0.6533817648887634,-0.582443118095398,mp-15604,-0.6533817648887634,-0.582443118095398,0.07093864679336548,3.0,sp2-like
mp-744019,0.0921541154384613,0.1047310829162597,mp-744019,0.0921541154384613,0.1047310829162597,0.012576967477798393,2.6666666666666665,sp2-like
mp-1206310,-0.4058547914028168,-0.3968929052352905,mp-1206310,-0.4058547914028168,-0.3968929052352905,0.008961886167526245,6.0,sp3-like
mp-6191,-0.6142153739929199,-0.5781495571136475,mp-6191,-0.6142153739929199,-0.5781495571136475,0.03606581687927246,2.0,sp-like
mp-6246,-3.2351667881011963,-3.0646185874938965,mp-6246,-3.2351667881011963,-3.0646185874938965,0.1705482006072998,3.0,sp2-like
mp-1223611,-0.1663580387830734,-0.0648064613342285,mp-1223611,-0.1663580387830734,-0.0648064613342285,0.1015515774488449,6.0,sp3-like
mp-763059,-2.044740676879883,-2.1729114055633545,mp-763059,-2.044740676879883,-2.1729114055633545,0.12817072868347168,3.0,sp2-like
mp-541859,-0.497133195400238,-0.433853268623352,mp-541859,-0.497133195400238,-0.433853268623352,0.06327992677688599,5.8,sp3-like
mp-1214358,-1.929126501083374,-2.0229382514953613,mp-1214358,-1.929126501083374,-2.0229382514953613,0.0938117504119873,3.0,sp2-like
mp-1078811,-0.5087964534759521,-0.5248441696166992,mp-1078811,-0.5087964534759521,-0.5248441696166992,0.01604771614074707,6.0,sp3-like
mp-7631,-0.3059388101100921,-0.3549307584762573,mp-7631,-0.3059388101100921,-0.3549307584762573,0.04899194836616522,4.0,sp3-like
mp-1210402,-1.8757861852645876,-1.84194016456604,mp-1210402,-1.8757861852645876,-1.84194016456604,0.033846020698547585,3.0,sp2-like
mp-22263,1.5011903047561646,1.4674177169799805,mp-22263,1.5011903047561646,1.4674177169799805,0.03377258777618408,0.0,sp-like
mp-10706,-0.3774799406528473,-0.2750847339630127,mp-10706,-0.3774799406528473,-0.2750847339630127,0.1023952066898346,6.0,sp3-like
mp-556112,-0.1616613864898681,-0.1907137632369995,mp-556112,-0.1616613864898681,-0.1907137632369995,0.029052376747131403,3.0,sp2-like
mp-648264,-0.9262261986732484,-0.8761267066001892,mp-648264,-0.9262261986732484,-0.8761267066001892,0.05009949207305919,1.9411764705882353,sp-like
mp-1638861,-2.0919435024261475,-2.153677701950073,mp-1638861,-2.0919435024261475,-2.153677701950073,0.06173419952392534,3.0,sp2-like
mp-1210077,-0.3903132081031799,-0.3387538194656372,mp-1210077,-0.3903132081031799,-0.3387538194656372,0.05155938863754267,5.8,sp3-like
mp-667389,-0.909038245677948,-0.942566215991974,mp-667389,-0.909038245677948,-0.942566215991974,0.03352797031402599,2.0,sp-like
mp-1222244,-1.1224595308303833,-1.1325273513793943,mp-1222244,-1.1224595308303833,-1.1325273513793943,0.010067820549011008,2.0,sp-like
mp-647969,-0.7138033509254456,-0.6324979066848755,mp-647969,-0.7138033509254456,-0.6324979066848755,0.08130544424057007,2.0,sp-like
mp-1014333,0.6605270504951477,0.7698793411254883,mp-1014333,0.6605270504951477,0.7698793411254883,0.10935229063034058,2.6666666666666665,sp2-like
mp-1314097,-1.937746524810791,-1.9553015232086184,mp-1314097,-1.937746524810791,-1.9553015232086184,0.01755499839782737,3.0,sp2-like
mp-1218094,-0.3805271089076996,-0.3707412481307983,mp-1218094,-0.3805271089076996,-0.3707412481307983,0.0097858607769013,6.0,sp3-like
mp-1226575,0.0375824123620986,0.1354368925094604,mp-1226575,0.0375824123620986,0.1354368925094604,0.0978544801473618,6.0,sp3-like
mp-13589,0.0762280747294426,0.1014561653137207,mp-13589,0.0762280747294426,0.1014561653137207,0.025228090584278107,2.0,sp-like
mp-1197681,-0.1829880475997924,-0.1323825120925903,mp-1197681,-0.1829880475997924,-0.1323825120925903,0.05060553550720209,3.0,sp2-like
mp-1220415,0.292302668094635,0.1476222276687622,mp-1220415,0.292302668094635,0.1476222276687622,0.1446804404258728,5.25,sp3-like
mp-1214051,-2.8926568031311035,-3.0200915336608887,mp-1214051,-2.8926568031311035,-3.0200915336608887,0.12743473052978516,3.0,sp2-like
mp-729390,0.1475369930267334,0.2208640575408935,mp-729390,0.1475369930267334,0.2208640575408935,0.0733270645141601,1.8333333333333333,sp-like
mp-726128,0.6441442370414734,0.3648891448974609,mp-726128,0.6441442370414734,0.3648891448974609,0.2792550921440125,1.0,sp-like
mp-1199472,-1.0201663970947266,-0.9755215644836426,mp-1199472,-1.0201663970947266,-0.9755215644836426,0.044644832611083984,2.5,sp2-like
mp-606949,0.006065369118005,0.1043657064437866,mp-606949,0.006065369118005,0.1043657064437866,0.0983003373257816,2.0,sp-like
mp-1214378,0.2817760407924652,0.4682743549346924,mp-1214378,0.2817760407924652,0.4682743549346924,0.18649831414222717,3.0,sp2-like
mp-1227086,0.2617869973182678,-0.0302685499191284,mp-1227086,0.2617869973182678,-0.0302685499191284,0.29205554723739624,4.0,sp3-like
mp-645346,-0.2607253193855285,-0.2200965881347656,mp-645346,-0.2607253193855285,-0.2200965881347656,0.04062873125076291,2.0,sp-like
mp-644272,0.2002291977405548,0.2428573369979858,mp-644272,0.2002291977405548,0.2428573369979858,0.042628139257431,2.0,sp-like
mp-1195390,-0.6267312169075012,-0.5587307214736938,mp-1195390,-0.6267312169075012,-0.5587307214736938,0.06800049543380737,2.272727272727273,sp-like
mp-1245734,0.2552910149097442,0.3667285442352295,mp-1245734,0.2552910149097442,0.3667285442352295,0.11143752932548529,2.25,sp-like
mp-1197876,-1.2842780351638794,-1.028308391571045,mp-1197876,-1.2842780351638794,-1.028308391571045,0.2559696435928345,2.0,sp-like
mp-541989,-0.6076211333274841,-0.657795786857605,mp-541989,-0.6076211333274841,-0.657795786857605,0.05017465353012085,2.0,sp-like
mp-1026737,0.3564122021198272,0.3224895000457763,mp-1026737,0.3564122021198272,0.3224895000457763,0.0339227020740509,2.0,sp-like
mp-1205404,-0.340440422296524,-0.2764884233474731,mp-1205404,-0.340440422296524,-0.2764884233474731,0.0639519989490509,2.0,sp-like
mp-1037463,-2.8334102630615234,-2.835639953613281,mp-1037463,-2.8334102630615234,-2.835639953613281,0.0022296905517573684,6.0,sp3-like
mp-1223850,-1.627827763557434,-1.6315580606460571,mp-1223850,-1.627827763557434,-1.6315580606460571,0.003730297088623047,6.0,sp3-like
mp-1200885,-0.2627356648445129,-0.2907626628875732,mp-1200885,-0.2627356648445129,-0.2907626628875732,0.028026998043060303,5.285714285714286,sp3-like
mp-1219302,-0.2535821795463562,-0.1806018352508545,mp-1219302,-0.2535821795463562,-0.1806018352508545,0.07298034429550171,6.0,sp3-like
mp-1072492,0.0796982049942016,0.1489567756652832,mp-1072492,0.0796982049942016,0.1489567756652832,0.0692585706710816,5.5,sp3-like
mp-1196807,0.8074393272399902,0.4219720363616943,mp-1196807,0.8074393272399902,0.4219720363616943,0.38546729087829595,1.0,sp-like
mp-1191659,-0.5016335844993591,-0.0748200416564941,mp-1191659,-0.5016335844993591,-0.0748200416564941,0.42681354284286505,2.0,sp-like
mp-695863,-0.6738876700401306,-0.8683388829231262,mp-695863,-0.6738876700401306,-0.8683388829231262,0.1944512128829956,3.0,sp2-like
mp-728536,-0.1336457431316375,-0.3057280778884887,mp-728536,-0.1336457431316375,-0.3057280778884887,0.17208233475685122,3.0,sp2-like
mp-1199064,1.4364447593688965,1.30359148979187,mp-1199064,1.4364447593688965,1.30359148979187,0.1328532695770266,2.0,sp-like
mp-558543,-2.2530224323272705,-2.133764743804932,mp-558543,-2.2530224323272705,-2.133764743804932,0.11925768852233842,2.0,sp-like
mp-1368835,1.0489498376846311,1.0091564655303955,mp-1368835,1.0489498376846311,1.0091564655303955,0.03979337215423562,2.0,sp-like
mp-1203259,-0.4295853972434997,-0.3754422664642334,mp-1203259,-0.4295853972434997,-0.3754422664642334,0.0541431307792663,3.0,sp2-like
mp-1204205,1.0836552381515503,1.191519260406494,mp-1204205,1.0836552381515503,1.191519260406494,0.10786402225494363,2.0,sp-like
mp-1173800,-1.3776371479034424,-1.1438356637954712,mp-1173800,-1.3776371479034424,-1.1438356637954712,0.2338014841079712,3.0,sp2-like
mp-19893,-1.8087626695632932,-1.7488257884979248,mp-19893,-1.8087626695632932,-1.7488257884979248,0.05993688106536843,3.0,sp2-like
mp-1018048,-0.2527042031288147,-0.2866601943969726,mp-1018048,-0.2527042031288147,-0.2866601943969726,0.033955991268157903,7.0,sp3-like
mp-19855,-0.0979919284582138,-0.0671132802963256,mp-19855,-0.0979919284582138,-0.0671132802963256,0.030878648161888206,6.0,sp3-like
mp-650140,-0.8085408210754395,-0.7091967463493347,mp-650140,-0.8085408210754395,-0.7091967463493347,0.09934407472610474,2.0,sp-like
mp-758175,-2.0256409645080566,-2.1210386753082275,mp-758175,-2.0256409645080566,-2.1210386753082275,0.0953977108001709,3.0,sp2-like
mp-1065540,2.645108222961426,3.200139045715332,mp-1065540,2.645108222961426,3.200139045715332,0.5550308227539062,4.0,sp3-like
mp-1245820,0.1251784116029739,0.0731443166732788,mp-1245820,0.1251784116029739,0.0731443166732788,0.052034094929695116,4.0,sp3-like
mp-1106080,-0.7220327258110046,-0.5879377126693726,mp-1106080,-0.7220327258110046,-0.5879377126693726,0.13409501314163208,1.0,sp-like
mp-35751,0.1218933910131454,0.2197601795196533,mp-35751,0.1218933910131454,0.2197601795196533,0.09786678850650789,2.0,sp-like
mp-1196323,-1.465557336807251,-1.3744902610778809,mp-1196323,-1.465557336807251,-1.3744902610778809,0.09106707572937012,2.0,sp-like
mp-621927,-0.9629051685333252,-0.8883615136146545,mp-621927,-0.9629051685333252,-0.8883615136146545,0.07454365491867065,1.9,sp-like
mp-1106263,-0.2779894173145294,-0.2866988182067871,mp-1106263,-0.2779894173145294,-0.2866988182067871,0.00870940089225769,6.0,sp3-like
mp-1215358,-0.7869911789894104,-0.8685097694396973,mp-1215358,-0.7869911789894104,-0.8685097694396973,0.08151859045028687,6.0,sp3-like
mp-1199394,-0.1968041062355041,-0.1320739984512329,mp-1199394,-0.1968041062355041,-0.1320739984512329,0.06473010778427118,4.0,sp3-like
mp-1096993,-0.9257439374923706,-1.03795325756073,mp-1096993,-0.9257439374923706,-1.03795325756073,0.11220932006835938,6.0,sp3-like
mp-1212319,-0.2978068888187408,-0.1567689180374145,mp-1212319,-0.2978068888187408,-0.1567689180374145,0.1410379707813263,2.0,sp-like
mp-1036912,-2.80225157737732,-2.8198940753936768,mp-1036912,-2.80225157737732,-2.8198940753936768,0.017642498016356978,6.0,sp3-like
mp-1208136,-1.260208249092102,-1.1965711116790771,mp-1208136,-1.260208249092102,-1.1965711116790771,0.0636371374130249,1.0,sp-like
mp-1198772,-1.030368447303772,-0.8893945813179016,mp-1198772,-1.030368447303772,-0.8893945813179016,0.14097386598587036,2.0,sp-like
mp-558658,-2.446976900100708,-2.511893510818481,mp-558658,-2.446976900100708,-2.511893510818481,0.064916610717773,2.0,sp-like
mp-1206533,-0.4340755045413971,-0.4098600149154663,mp-1206533,-0.4340755045413971,-0.4098600149154663,0.024215489625930786,6.0,sp3-like
mp-1216723,-0.4595894515514374,-0.2664110660552978,mp-1216723,-0.4595894515514374,-0.2664110660552978,0.19317838549613958,5.4,sp3-like
mp-1104026,-0.0353767909109592,-0.0134955644607543,mp-1104026,-0.0353767909109592,-0.0134955644607543,0.0218812264502049,4.0,sp3-like
mp-1021726,0.6535800695419312,0.6643753051757812,mp-1021726,0.6535800695419312,0.6643753051757812,0.010795235633850098,6.0,sp3-like
mp-560574,0.1122038960456848,0.2935202121734619,mp-560574,0.1122038960456848,0.2935202121734619,0.1813163161277771,2.0,sp-like
mp-1098744,-2.8387253284454346,-2.814696311950684,mp-1098744,-2.8387253284454346,-2.814696311950684,0.024029016494750532,6.0,sp3-like
mp-2647048,-0.4698025286197662,-0.9004743099212646,mp-2647048,-0.4698025286197662,-0.9004743099212646,0.43067178130149847,6.0,sp3-like
mp-1199784,-1.071235179901123,-0.8532742857933044,mp-1199784,-1.071235179901123,-0.8532742857933044,0.2179608941078186,2.6666666666666665,sp2-like
mp-1104250,-0.2857910096645355,-0.2894848585128784,mp-1104250,-0.2857910096645355,-0.2894848585128784,0.0036938488483428955,5.5,sp3-like
mp-1214207,-0.1550311893224716,-0.0388720035552978,mp-1214207,-0.1550311893224716,-0.0388720035552978,0.1161591857671738,4.0,sp3-like
mp-679947,-0.952483057975769,-0.9295104146003724,mp-679947,-0.952483057975769,-0.9295104146003724,0.022972643375396617,2.0,sp-like
mp-642462,0.0580335222184658,0.1257719993591308,mp-642462,0.0580335222184658,0.1257719993591308,0.067738477140665,3.0,sp2-like
mp-1025379,-0.6493043899536133,-0.6193552017211914,mp-1025379,-0.6493043899536133,-0.6193552017211914,0.029949188232421875,6.0,sp3-like
mp-20978,1.6341023445129397,1.599705696105957,mp-20978,1.6341023445129397,1.599705696105957,0.034396648406982644,0.0,sp-like
mp-1193068,0.6141979694366455,0.5993232727050781,mp-1193068,0.6141979694366455,0.5993232727050781,0.014874696731567383,2.5,sp2-like
mp-4037,-0.3448195159435272,-0.4162846803665161,mp-4037,-0.3448195159435272,-0.4162846803665161,0.07146516442298889,7.0,sp3-like
mp-1214386,0.0517843775451183,0.0475507974624633,mp-1214386,0.0517843775451183,0.0475507974624633,0.004233580082654995,3.0,sp2-like
mp-1099248,-1.8053932189941408,-1.665711522102356,mp-1099248,-1.8053932189941408,-1.665711522102356,0.1396816968917849,6.0,sp3-like
mp-568729,0.2359838187694549,0.1009409427642822,mp-568729,0.2359838187694549,0.1009409427642822,0.1350428760051727,5.0,sp3-like
mp-1224369,-0.389047235250473,-0.5510826110839844,mp-1224369,-0.389047235250473,-0.5510826110839844,0.16203537583351135,6.0,sp3-like
mp-540785,-0.8027667999267578,-1.4655760526657104,mp-540785,-0.8027667999267578,-1.4655760526657104,0.6628092527389526,2.0,sp-like
mp-1208667,-1.7318105697631836,-1.5377593040466309,mp-1208667,-1.7318105697631836,-1.5377593040466309,0.19405126571655273,2.0,sp-like
mp-1196217,0.5537657141685486,0.6265497207641602,mp-1196217,0.5537657141685486,0.6265497207641602,0.07278400659561157,1.75,sp-like
mp-1031455,-2.281575918197632,-2.3903350830078125,mp-1031455,-2.281575918197632,-2.3903350830078125,0.10875916481018066,6.0,sp3-like
mp-15319,-0.2660058438777923,-0.2655441761016845,mp-15319,-0.2660058438777923,-0.2655441761016845,0.0004616677761077881,5.0,sp3-like
mp-569567,0.1178054139018058,0.1699248552322387,mp-569567,0.1178054139018058,0.1699248552322387,0.05211944133043289,4.0,sp3-like
mp-995195,0.0135186165571212,0.1082690954208374,mp-995195,0.0135186165571212,0.1082690954208374,0.09475047886371621,1.0,sp-like
mp-1199920,-0.0210353247821331,-0.0500521659851074,mp-1199920,-0.0210353247821331,-0.0500521659851074,0.029016841202974302,3.0,sp2-like
mp-10289,-0.4295137524604797,-0.3443676233291626,mp-10289,-0.4295137524604797,-0.3443676233291626,0.08514612913131708,3.0,sp2-like
mp-1192518,-0.358191967010498,-0.2259877920150756,mp-1192518,-0.358191967010498,-0.2259877920150756,0.1322041749954224,2.0,sp-like
mp-8499,-0.3114195764064789,-0.3650262355804443,mp-8499,-0.3114195764064789,-0.3650262355804443,0.0536066591739654,6.0,sp3-like
mp-708965,-0.2466464638710022,-0.3053679466247558,mp-708965,-0.2466464638710022,-0.3053679466247558,0.05872148275375361,4.0,sp3-like
mp-555099,-2.2588140964508057,-2.282439708709717,mp-555099,-2.2588140964508057,-2.282439708709717,0.023625612258911133,3.0,sp2-like
mp-608317,0.5959658026695251,0.4282615184783935,mp-608317,0.5959658026695251,0.4282615184783935,0.16770428419113165,2.0,sp-like
mp-1038619,-2.8385791778564453,-2.8518455028533936,mp-1038619,-2.8385791778564453,-2.8518455028533936,0.013266324996948242,2.0,sp-like
mp-1104034,-1.4841859340667725,-1.3380696773529053,mp-1104034,-1.4841859340667725,-1.3380696773529053,0.1461162567138672,2.0,sp-like
mp-1214254,-0.0557732805609703,0.0503373146057128,mp-1214254,-0.0557732805609703,0.0503373146057128,0.1061105951666831,2.0,sp-like
mp-569892,-1.5762510299682615,-1.5899871587753296,mp-569892,-1.5762510299682615,-1.5899871587753296,0.013736128807068093,1.0,sp-like
mp-3346577,-2.235217809677124,-2.390937566757202,mp-3346577,-2.235217809677124,-2.390937566757202,0.15571975708007812,3.0,sp2-like
mp-1219399,-0.1049822121858596,-0.1029216051101684,mp-1219399,-0.1049822121858596,-0.1029216051101684,0.0020606070756911954,6.0,sp3-like
mp-1080609,-0.1451700031757354,0.1012730598449707,mp-1080609,-0.1451700031757354,0.1012730598449707,0.2464430630207061,4.0,sp3-like
mp-1077743,0.2463954836130142,0.4075298309326172,mp-1077743,0.2463954836130142,0.4075298309326172,0.161134347319603,4.0,sp3-like
mp-1205395,-2.558900833129883,-2.598684310913086,mp-1205395,-2.558900833129883,-2.598684310913086,0.039783477783203125,3.0,sp2-like
mp-1205279,-1.2513511180877686,-1.113309383392334,mp-1205279,-1.2513511180877686,-1.113309383392334,0.13804173469543457,2.0,sp-like
mp-1200361,-1.4344784021377563,-1.074822187423706,mp-1200361,-1.4344784021377563,-1.074822187423706,0.3596562147140503,2.0,sp-like
mp-1219737,-0.1310093998908996,-0.2447822093963623,mp-1219737,-0.1310093998908996,-0.2447822093963623,0.1137728095054627,6.0,sp3-like
mp-541789,-2.5357935428619385,-2.5987021923065186,mp-541789,-2.5357935428619385,-2.5987021923065186,0.06290864944458008,3.0,sp2-like
mp-1008802,0.8846673965454102,0.6793477535247803,mp-1008802,0.8846673965454102,0.6793477535247803,0.20531964302062988,5.0,sp3-like
mp-1212240,0.4557999968528747,0.4693374633789062,mp-1212240,0.4557999968528747,0.4693374633789062,0.013537466526031494,3.0,sp2-like
mp-1215131,-2.2062482833862305,-2.1858832836151123,mp-1215131,-2.2062482833862305,-2.1858832836151123,0.020364999771118164,2.25,sp-like
mp-995218,-0.5259200930595398,-0.3530495166778564,mp-995218,-0.5259200930595398,-0.3530495166778564,0.1728705763816834,2.0,sp-like
mp-504619,0.1350831836462021,0.0662534236907959,mp-504619,0.1350831836462021,0.0662534236907959,0.06882975995540619,6.0,sp3-like
mp-758191,-1.8613073825836184,-1.929932951927185,mp-758191,-1.8613073825836184,-1.929932951927185,0.06862556934356667,3.0,sp2-like
mp-1222106,-0.1124927699565887,-0.0573121309280395,mp-1222106,-0.1124927699565887,-0.0573121309280395,0.0551806390285492,8.0,sp3-like
mp-1009540,0.7169758081436157,1.363271713256836,mp-1009540,0.7169758081436157,1.363271713256836,0.6462959051132202,4.0,sp3-like
mp-1197162,-0.7297942042350769,-0.6461883783340454,mp-1197162,-0.7297942042350769,-0.6461883783340454,0.0836058259010315,2.0,sp-like
mp-1212285,-1.536699891090393,-1.448026418685913,mp-1212285,-1.536699891090393,-1.448026418685913,0.08867347240447998,6.0,sp3-like
mp-569962,-1.909841537475586,-1.934032201766968,mp-569962,-1.909841537475586,-1.934032201766968,0.024190664291382058,6.0,sp3-like
mp-1198597,-0.1053019762039184,-0.0444082021713256,mp-1198597,-0.1053019762039184,-0.0444082021713256,0.0608937740325928,5.666666666666667,sp3-like
mp-1217512,-0.208165094256401,-0.222367525100708,mp-1217512,-0.208165094256401,-0.222367525100708,0.014202430844307001,4.0,sp3-like
mp-1214070,1.0835578441619873,0.7895238399505615,mp-1214070,1.0835578441619873,0.7895238399505615,0.2940340042114258,3.0,sp2-like
mp-1224447,-0.4619493782520294,-0.3591300249099731,mp-1224447,-0.4619493782520294,-0.3591300249099731,0.10281935334205633,4.0,sp3-like
mp-1206773,-0.2593120634555816,-0.2140414714813232,mp-1206773,-0.2593120634555816,-0.2140414714813232,0.04527059197425842,6.0,sp3-like
mp-989472,-0.3347232937812805,-0.1993546485900879,mp-989472,-0.3347232937812805,-0.1993546485900879,0.13536864519119263,2.0,sp-like
mp-1223565,-0.7666431069374084,-0.6997631192207336,mp-1223565,-0.7666431069374084,-0.6997631192207336,0.0668799877166748,6.0,sp3-like
mp-1034501,-2.59822154045105,-2.5907018184661865,mp-1034501,-2.59822154045105,-2.5907018184661865,0.007519721984863281,6.0,sp3-like
mp-1207385,-0.4078021049499511,-0.3797484636306762,mp-1207385,-0.4078021049499511,-0.3797484636306762,0.028053641319274902,5.5,sp3-like
mp-977200,1.0645124912261963,0.7102727890014648,mp-977200,1.0645124912261963,0.7102727890014648,0.35423970222473145,8.0,sp3-like
mp-1008806,1.5034868717193604,1.7316291332244873,mp-1008806,1.5034868717193604,1.7316291332244873,0.22814226150512695,5.0,sp3-like
mp-6511,-0.5351223945617676,-0.552538275718689,mp-6511,-0.5351223945617676,-0.552538275718689,0.017415881156921387,2.0,sp-like
mp-567908,-0.526427149772644,-0.5159434080123901,mp-567908,-0.526427149772644,-0.5159434080123901,0.010483741760253906,6.0,sp3-like
mp-11713,-0.3058550655841827,-0.3546738624572754,mp-11713,-0.3058550655841827,-0.3546738624572754,0.04881879687309271,4.0,sp3-like
mp-1214192,0.2438540905714035,0.3808739185333252,mp-1214192,0.2438540905714035,0.3808739185333252,0.1370198279619217,3.0,sp2-like
mp-1210530,-0.9888838529586792,-1.3485087156295776,mp-1210530,-0.9888838529586792,-1.3485087156295776,0.35962486267089844,3.0,sp2-like
mp-1021392,0.3976143896579742,0.39845871925354,mp-1021392,0.3976143896579742,0.39845871925354,0.0008443295955657959,6.0,sp3-like
mp-23680,-0.8943176865577698,-0.8868038058280945,mp-23680,-0.8943176865577698,-0.8868038058280945,0.007513880729675293,1.0,sp-like
mp-1220326,-0.748845636844635,-0.8548373579978943,mp-1220326,-0.748845636844635,-0.8548373579978943,0.10599172115325928,6.0,sp3-like
mp-562220,-0.7111009359359741,-0.5582263469696045,mp-562220,-0.7111009359359741,-0.5582263469696045,0.15287458896636963,2.0,sp-like
mp-580802,-2.097928762435913,-2.2160918712615967,mp-580802,-2.097928762435913,-2.2160918712615967,0.1181631088256836,4.0,sp3-like
mp-1037135,-2.8035099506378174,-2.8395020961761475,mp-1037135,-2.8035099506378174,-2.8395020961761475,0.03599214553833008,6.0,sp3-like
mp-752864,-1.843964695930481,-1.8864065408706665,mp-752864,-1.843964695930481,-1.8864065408706665,0.04244184494018555,3.0,sp2-like
mp-559721,-2.6060094833374023,-2.473076820373535,mp-559721,-2.6060094833374023,-2.473076820373535,0.1329326629638672,4.0,sp3-like
mp-753812,-1.8499901294708248,-1.8949999809265137,mp-753812,-1.8499901294708248,-1.8949999809265137,0.04500985145568892,3.0,sp2-like
mp-1025362,-0.5966808795928955,-0.5357413291931152,mp-1025362,-0.5966808795928955,-0.5357413291931152,0.06093955039978027,6.0,sp3-like
mp-1238815,-0.1305726468563079,0.146445631980896,mp-1238815,-0.1305726468563079,0.146445631980896,0.27701827883720387,4.666666666666667,sp3-like
mp-1246426,0.1374688893556594,0.0928249359130859,mp-1246426,0.1374688893556594,0.0928249359130859,0.044643953442573506,2.0,sp-like
mp-985594,-1.4691696166992188,-1.289322853088379,mp-985594,-1.4691696166992188,-1.289322853088379,0.17984676361083984,2.0,sp-like
mp-568028,0.5308611989021301,0.3905882835388183,mp-568028,0.5308611989021301,0.3905882835388183,0.14027291536331182,3.1333333333333333,sp2-like
mp-22714,-0.3546595275402069,-0.3599461317062378,mp-22714,-0.3546595275402069,-0.3599461317062378,0.005286604166030884,6.0,sp3-like
mp-1017356,0.3492453694343567,0.3641893863677978,mp-1017356,0.3492453694343567,0.3641893863677978,0.014944016933441107,8.0,sp3-like
mp-727242,-1.785440444946289,-1.871213674545288,mp-727242,-1.785440444946289,-1.871213674545288,0.08577322959899902,3.0,sp2-like
mp-723638,1.041364669799805,0.9469127655029296,mp-723638,1.041364669799805,0.9469127655029296,0.09445190429687533,2.5,sp2-like
mp-1225413,-0.0344714857637882,-0.0059289932250976,mp-1225413,-0.0344714857637882,-0.0059289932250976,0.0285424925386906,6.0,sp3-like
mp-1078898,-0.3798653781414032,-0.4089939594268799,mp-1078898,-0.3798653781414032,-0.4089939594268799,0.029128581285476685,3.0,sp2-like
mp-729742,0.3355245292186737,0.3264453411102295,mp-729742,0.3355245292186737,0.3264453411102295,0.009079188108444214,4.0,sp3-like
mp-1214830,0.6674736142158508,0.8327357769012451,mp-1214830,0.6674736142158508,0.8327357769012451,0.1652621626853943,2.0,sp-like
mp-570148,-0.2565416395664215,-0.2738423347473144,mp-570148,-0.2565416395664215,-0.2738423347473144,0.01730069518089289,5.0,sp3-like
mp-13592,0.0865303352475166,0.0884866714477539,mp-13592,0.0865303352475166,0.0884866714477539,0.001956336200237302,2.0,sp-like
mp-1199311,-0.7415557503700256,-0.7900707721710205,mp-1199311,-0.7415557503700256,-0.7900707721710205,0.04851502180099487,2.0,sp-like
mp-1213247,-0.5042590498924255,-0.430301308631897,mp-1213247,-0.5042590498924255,-0.430301308631897,0.07395774126052856,5.8,sp3-like
mp-672184,-0.9223833084106444,-0.8006118535995483,mp-672184,-0.9223833084106444,-0.8006118535995483,0.12177145481109608,2.0,sp-like
mp-1197388,-0.0092320125550031,-0.0051223039627075,mp-1197388,-0.0092320125550031,-0.0051223039627075,0.004109708592295601,6.0,sp3-like
mp-1205848,-0.6743224859237671,-0.7069740295410156,mp-1205848,-0.6743224859237671,-0.7069740295410156,0.032651543617248535,6.0,sp3-like
mp-1226353,2.316246032714844,1.4344542026519775,mp-1226353,2.316246032714844,1.4344542026519775,0.8817918300628667,0.0,sp-like
mp-758427,-1.571255087852478,-1.57563054561615,mp-758427,-1.571255087852478,-1.57563054561615,0.004375457763671875,3.0,sp2-like
mp-10856,-0.4400070309638977,-0.4580216407775879,mp-10856,-0.4400070309638977,-0.4580216407775879,0.018014609813690186,3.0,sp2-like
mp-1180522,-1.0474203824996948,-1.0987613201141355,mp-1180522,-1.0474203824996948,-1.0987613201141355,0.051340937614440696,3.0,sp2-like
mp-557375,-2.1657700538635254,-2.119561195373535,mp-557375,-2.1657700538635254,-2.119561195373535,0.046208858489990234,3.0,sp2-like
mp-757737,-1.7933862209320068,-1.8778846263885496,mp-757737,-1.7933862209320068,-1.8778846263885496,0.08449840545654275,3.0,sp2-like
mp-759711,-1.6161935329437256,-1.6171916723251345,mp-759711,-1.6161935329437256,-1.6171916723251345,0.0009981393814089135,3.0,sp2-like
mp-1034112,-2.703174591064453,-2.758686780929565,mp-1034112,-2.703174591064453,-2.758686780929565,0.05551218986511186,4.0,sp3-like
mp-2489,-0.2554539442062378,-0.2829924821853637,mp-2489,-0.2554539442062378,-0.2829924821853637,0.02753853797912592,6.0,sp3-like
mp-1198568,-1.6233891248703003,-1.787072777748108,mp-1198568,-1.6233891248703003,-1.787072777748108,0.16368365287780762,2.0,sp-like
mp-645339,0.061937715858221,0.1443591117858886,mp-645339,0.061937715858221,0.1443591117858886,0.08242139592766759,7.0,sp3-like
mp-1196258,-0.2238043844699859,-0.2374075651168823,mp-1196258,-0.2238043844699859,-0.2374075651168823,0.01360318064689639,2.0,sp-like
mp-767071,-1.9085479974746704,-1.9308836460113523,mp-767071,-1.9085479974746704,-1.9308836460113523,0.022335648536681907,3.0,sp2-like
mp-1246047,0.3804695904254913,0.2703211307525635,mp-1246047,0.3804695904254913,0.2703211307525635,0.1101484596729278,2.0,sp-like
mp-1195586,-0.0308330059051513,-0.0880230665206909,mp-1195586,-0.0308330059051513,-0.0880230665206909,0.057190060615539606,2.375,sp-like
mp-1203337,0.2627068161964416,0.36883544921875,mp-1203337,0.2627068161964416,0.36883544921875,0.1061286330223084,3.0,sp2-like
mp-1220070,-0.0823668763041496,-0.1148552894592285,mp-1220070,-0.0823668763041496,-0.1148552894592285,0.0324884131550789,6.0,sp3-like
mp-753899,-1.914425015449524,-1.983415365219116,mp-753899,-1.914425015449524,-1.983415365219116,0.06899034976959206,3.0,sp2-like
mp-1246040,0.1609711498022079,0.1412990093231201,mp-1246040,0.1609711498022079,0.1412990093231201,0.019672140479087802,2.0,sp-like
mp-722329,-0.2237166315317154,-0.1774103641510009,mp-722329,-0.2237166315317154,-0.1774103641510009,0.0463062673807145,4.0,sp3-like
mp-1200737,0.8358655571937561,0.5827891826629639,mp-1200737,0.8358655571937561,0.5827891826629639,0.25307637453079224,2.25,sp-like
mp-762401,-1.638923168182373,-1.6924625635147097,mp-762401,-1.638923168182373,-1.6924625635147097,0.05353939533233665,3.0,sp2-like
mp-1182972,2.0603604316711426,2.6487278938293457,mp-1182972,2.0603604316711426,2.6487278938293457,0.5883674621582031,6.0,sp3-like
mp-647805,-0.4669767618179321,-0.4869318008422851,mp-647805,-0.4669767618179321,-0.4869318008422851,0.019955039024353027,6.0,sp3-like
mp-1205527,-0.50107741355896,-0.3921716213226318,mp-1205527,-0.50107741355896,-0.3921716213226318,0.10890579223632818,6.0,sp3-like
mp-1181749,-0.7703326940536499,-0.5443781614303589,mp-1181749,-0.7703326940536499,-0.5443781614303589,0.22595453262329102,2.0,sp-like
mp-1033201,-2.0068235397338867,-2.110560417175293,mp-1033201,-2.0068235397338867,-2.110560417175293,0.10373687744140625,0.0,sp-like
mp-18939,-0.9554476141929626,-0.6271939277648926,mp-18939,-0.9554476141929626,-0.6271939277648926,0.32825368642807007,2.0,sp-like
mp-1361722,2.703761339187622,2.035914421081543,mp-1361722,2.703761339187622,2.035914421081543,0.6678469181060791,1.0,sp-like
mp-19836,1.6170430183410645,1.451833963394165,mp-19836,1.6170430183410645,1.451833963394165,0.16520905494689941,0.0,sp-like
mp-1189451,-0.564868688583374,-0.6993353366851807,mp-1189451,-0.564868688583374,-0.6993353366851807,0.13446664810180664,4.0,sp3-like
mp-772431,-1.347317457199097,-1.4206359386444092,mp-772431,-1.347317457199097,-1.4206359386444092,0.07331848144531228,3.0,sp2-like
mp-1247836,0.3193237781524658,0.575279712677002,mp-1247836,0.3193237781524658,0.575279712677002,0.25595593452453613,4.0,sp3-like
mp-1181952,1.266542911529541,0.8105087280273438,mp-1181952,1.266542911529541,0.8105087280273438,0.45603418350219727,2.0,sp-like
mp-1226701,-0.2245191484689712,-0.2746461629867553,mp-1226701,-0.2245191484689712,-0.2746461629867553,0.05012701451778412,6.0,sp3-like
mp-1224177,0.170859009027481,0.0211268663406372,mp-1224177,0.170859009027481,0.0211268663406372,0.1497321426868438,6.0,sp3-like
mp-568656,-0.3058404922485351,-0.354649543762207,mp-568656,-0.3058404922485351,-0.354649543762207,0.048809051513671875,4.0,sp3-like
mp-1080511,-1.92974054813385,-2.0294363498687744,mp-1080511,-1.92974054813385,-2.0294363498687744,0.09969580173492432,3.0,sp2-like
mp-1205718,-0.4588065445423126,-0.3864599466323852,mp-1205718,-0.4588065445423126,-0.3864599466323852,0.07234659790992742,6.0,sp3-like
mp-2911857,-2.134643077850342,-2.210499763488769,mp-2911857,-2.134643077850342,-2.210499763488769,0.07585668563842729,5.0,sp3-like
mp-558412,-1.1692737340927124,-1.2531660795211792,mp-558412,-1.1692737340927124,-1.2531660795211792,0.0838923454284668,3.0,sp2-like
mp-27769,-0.5797595381736755,-0.5780172348022461,mp-27769,-0.5797595381736755,-0.5780172348022461,0.0017423033714294434,6.0,sp3-like
mp-995219,-0.4495340883731842,-0.3543879985809326,mp-995219,-0.4495340883731842,-0.3543879985809326,0.09514608979225159,3.0,sp2-like
mp-21313,-0.119667500257492,0.008661150932312,mp-21313,-0.119667500257492,0.008661150932312,0.128328651189804,6.0,sp3-like
mp-1077157,1.4165494441986084,1.4685261249542236,mp-1077157,1.4165494441986084,1.4685261249542236,0.051976680755615234,5.0,sp3-like
mp-27502,0.256609708070755,0.2481997013092041,mp-27502,0.256609708070755,0.2481997013092041,0.008410006761550903,2.0,sp-like
mp-1201857,-0.198092833161354,-0.1308423280715942,mp-1201857,-0.198092833161354,-0.1308423280715942,0.0672505050897598,4.0,sp3-like
mp-648988,0.0478961467742919,0.5469076633453369,mp-648988,0.0478961467742919,0.5469076633453369,0.49901151657104503,4.333333333333333,sp3-like
mp-568534,0.1423183530569076,0.3529214859008789,mp-568534,0.1423183530569076,0.3529214859008789,0.2106031328439713,2.0,sp-like
mp-4992,-0.3405148088932037,-0.3592416048049927,mp-4992,-0.3405148088932037,-0.3592416048049927,0.018726795911788996,7.0,sp3-like
mp-669555,-0.7086370587348938,-0.6640621423721313,mp-669555,-0.7086370587348938,-0.6640621423721313,0.04457491636276245,3.0,sp2-like
mp-1193254,-1.7573373317718506,-1.9552875757217407,mp-1193254,-1.7573373317718506,-1.9552875757217407,0.19795024394989014,2.0,sp-like
mp-1190169,0.1162085980176925,-0.009640097618103,mp-1190169,0.1162085980176925,-0.009640097618103,0.12584869563579548,2.3333333333333335,sp-like
mp-571150,-1.3100879192352295,-1.2687492370605469,mp-571150,-1.3100879192352295,-1.2687492370605469,0.04133868217468262,6.0,sp3-like
mp-1228446,-0.2022816240787506,0.2121829986572265,mp-1228446,-0.2022816240787506,0.2121829986572265,0.4144646227359771,5.0,sp3-like
mp-20543,1.422657132148743,1.3656675815582275,mp-20543,1.422657132148743,1.3656675815582275,0.05698955059051536,0.0,sp-like
mp-1079380,0.3333769738674164,0.0985782146453857,mp-1079380,0.3333769738674164,0.0985782146453857,0.2347987592220307,5.5,sp3-like
mp-1189433,-0.7912788987159729,-0.6658227443695068,mp-1189433,-0.7912788987159729,-0.6658227443695068,0.12545615434646606,6.0,sp3-like
mp-1206182,-1.0331807136535645,-0.9830818176269532,mp-1206182,-1.0331807136535645,-0.9830818176269532,0.05009889602661122,6.0,sp3-like
mp-21075,-1.122896432876587,-1.0974984169006348,mp-21075,-1.122896432876587,-1.0974984169006348,0.02539801597595215,6.0,sp3-like
mp-3776,-0.3760838210582733,-0.4075764417648315,mp-3776,-0.3760838210582733,-0.4075764417648315,0.03149262070655817,6.0,sp3-like
mp-559976,-1.133026123046875,-1.1376738548278809,mp-559976,-1.133026123046875,-1.1376738548278809,0.004647731781005859,6.0,sp3-like
mp-546202,-1.8632980585098269,-2.023576498031616,mp-546202,-1.8632980585098269,-2.023576498031616,0.16027843952178933,4.0,sp3-like
mp-643989,-1.5639193058013916,-1.6328942775726318,mp-643989,-1.5639193058013916,-1.6328942775726318,0.06897497177124023,3.0,sp2-like
mp-1216474,-0.4951026141643524,-0.5531708002090454,mp-1216474,-0.4951026141643524,-0.5531708002090454,0.05806818604469299,6.0,sp3-like
mp-5816,-0.5448871850967407,-0.3784866333007812,mp-5816,-0.5448871850967407,-0.3784866333007812,0.16640055179595953,6.0,sp3-like
mp-1086653,-0.3639301061630249,-0.4486813545227051,mp-1086653,-0.3639301061630249,-0.4486813545227051,0.08475124835968018,7.0,sp3-like
mp-979041,-0.490421324968338,-0.3627277612686157,mp-979041,-0.490421324968338,-0.3627277612686157,0.1276935636997223,5.666666666666667,sp3-like
mp-1196447,-1.3270046710968018,-1.241994857788086,mp-1196447,-1.3270046710968018,-1.241994857788086,0.08500981330871582,2.0,sp-like
mp-1224208,-0.1494138687849044,-0.0767682790756225,mp-1224208,-0.1494138687849044,-0.0767682790756225,0.0726455897092819,6.0,sp3-like
mp-10928,-0.7265698313713074,-0.6903437376022339,mp-10928,-0.7265698313713074,-0.6903437376022339,0.036226093769073486,2.0,sp-like
mp-1204867,-0.2775888442993164,-0.2841376066207886,mp-1204867,-0.2775888442993164,-0.2841376066207886,0.006548762321472168,5.0,sp3-like
mp-645317,-2.0361104011535645,-2.033961296081543,mp-645317,-2.0361104011535645,-2.033961296081543,0.0021491050720214844,4.0,sp3-like
mp-1084804,-0.3765947520732879,-0.4097554683685303,mp-1084804,-0.3765947520732879,-0.4097554683685303,0.033160716295242365,3.0,sp2-like
mp-1245872,0.2581816613674164,0.1876600980758667,mp-1245872,0.2581816613674164,0.1876600980758667,0.07052156329154968,2.0,sp-like
mp-560839,-0.2736138701438904,0.1713528633117675,mp-560839,-0.2736138701438904,0.1713528633117675,0.44496673345565785,2.0,sp-like
mp-1220257,0.3138351440429687,0.5153625011444092,mp-1220257,0.3138351440429687,0.5153625011444092,0.20152735710144049,1.5,sp-like
mp-28344,-1.2480552196502686,-1.2679569721221924,mp-28344,-1.2480552196502686,-1.2679569721221924,0.019901752471923828,6.0,sp3-like
mp-757939,-1.8473384380340576,-1.9088765382766724,mp-757939,-1.8473384380340576,-1.9088765382766724,0.061538100242614746,3.0,sp2-like
mp-1224072,-0.0728762745857238,0.003180980682373,mp-1224072,-0.0728762745857238,0.003180980682373,0.0760572552680968,6.0,sp3-like
mp-1193310,-0.0356415174901485,-0.0170440673828125,mp-1193310,-0.0356415174901485,-0.0170440673828125,0.018597450107336003,8.0,sp3-like
mp-1205180,-0.5446521043777466,-0.4405499696731567,mp-1205180,-0.5446521043777466,-0.4405499696731567,0.1041021347045899,6.0,sp3-like
mp-1078212,0.1188006848096847,0.4974784851074219,mp-1078212,0.1188006848096847,0.4974784851074219,0.3786778002977372,7.0,sp3-like
mp-1229076,-0.1371305137872696,0.0651741027832031,mp-1229076,-0.1371305137872696,0.0651741027832031,0.2023046165704727,2.0,sp-like
mp-1228558,-2.3708336353302,-2.6215052604675293,mp-1228558,-2.3708336353302,-2.6215052604675293,0.2506716251373291,1.0,sp-like
mp-729525,0.0035318634472787,-0.084550142288208,mp-729525,0.0035318634472787,-0.084550142288208,0.08808200573548669,1.0,sp-like
mp-726614,-2.460221529006958,-2.6213293075561523,mp-726614,-2.460221529006958,-2.6213293075561523,0.16110777854919434,3.0,sp2-like
mp-1189539,-0.2724137902259826,-0.4882764816284179,mp-1189539,-0.2724137902259826,-0.4882764816284179,0.2158626914024353,6.4,sp3-like
mp-1105554,-0.4563712775707245,-0.5085268020629883,mp-1105554,-0.4563712775707245,-0.5085268020629883,0.052155524492263794,6.0,sp3-like
mp-995201,-0.8566720485687256,-0.8012658357620239,mp-995201,-0.8566720485687256,-0.8012658357620239,0.05540621280670166,6.0,sp3-like
mp-1218552,-2.3812005519866943,-2.391624212265014,mp-1218552,-2.3812005519866943,-2.391624212265014,0.010423660278319868,3.0,sp2-like
mp-1214225,-0.1068636178970336,0.3503978252410888,mp-1214225,-0.1068636178970336,0.3503978252410888,0.4572614431381224,3.0,sp2-like
mp-1223490,-0.3867076337337494,-0.2491456270217895,mp-1223490,-0.3867076337337494,-0.2491456270217895,0.1375620067119599,1.0,sp-like
mp-20385,-0.4734112322330475,-0.4231255054473877,mp-20385,-0.4734112322330475,-0.4231255054473877,0.05028572678565979,6.0,sp3-like
mp-1198466,0.5742821097373962,0.4773507118225097,mp-1198466,0.5742821097373962,0.4773507118225097,0.09693139791488653,2.142857142857143,sp-like
mp-1219232,0.148437887430191,-0.0127042531967163,mp-1219232,0.148437887430191,-0.0127042531967163,0.16114214062690732,6.0,sp3-like
mp-1181658,0.3733280301094055,0.4756221771240234,mp-1181658,0.3733280301094055,0.4756221771240234,0.10229414701461786,1.5,sp-like
mp-2034,-0.0369107760488987,0.0560683012008667,mp-2034,-0.0369107760488987,0.0560683012008667,0.0929790772497654,6.0,sp3-like
mp-1200920,-1.5342501401901243,-1.4262592792510986,mp-1200920,-1.5342501401901243,-1.4262592792510986,0.10799086093902566,3.0,sp2-like
mp-20388,1.4044060707092283,1.4354984760284424,mp-20388,1.4044060707092283,1.4354984760284424,0.03109240531921409,0.0,sp-like
mp-729935,-0.3551866710186004,-0.1353442668914795,mp-729935,-0.3551866710186004,-0.1353442668914795,0.21984240412712092,2.5,sp2-like
mp-1199388,-0.7264130115509033,-0.6290302276611328,mp-1199388,-0.7264130115509033,-0.6290302276611328,0.09738278388977051,2.0,sp-like
mp-1202145,0.3719444572925567,0.103444218635559,mp-1202145,0.3719444572925567,0.103444218635559,0.2685002386569977,1.0,sp-like
mp-866617,-2.4597527980804443,-2.4547855854034424,mp-866617,-2.4597527980804443,-2.4547855854034424,0.004967212677001953,3.0,sp2-like
mp-1205712,-0.5922277569770813,-0.5420591831207275,mp-1205712,-0.5922277569770813,-0.5420591831207275,0.05016857385635376,6.0,sp3-like
mp-23118,-1.4771863222122192,-1.522092342376709,mp-23118,-1.4771863222122192,-1.522092342376709,0.044906020164489746,6.0,sp3-like
mp-1220656,-0.0337544158101081,-0.0555617809295654,mp-1220656,-0.0337544158101081,-0.0555617809295654,0.0218073651194573,6.0,sp3-like
mp-1198774,-0.1982901692390442,-0.128770112991333,mp-1198774,-0.1982901692390442,-0.128770112991333,0.06952005624771118,4.0,sp3-like
mp-1205195,-0.173442929983139,-0.1199337244033813,mp-1205195,-0.173442929983139,-0.1199337244033813,0.053509205579757704,4.0,sp3-like
mp-569637,-1.9716278314590452,-2.0543253421783447,mp-569637,-1.9716278314590452,-2.0543253421783447,0.08269751071929954,6.0,sp3-like
mp-989466,0.1541269719600677,0.1102272272109985,mp-989466,0.1541269719600677,0.1102272272109985,0.0438997447490692,4.0,sp3-like
mp-23409,-1.3246681690216064,-1.336921453475952,mp-23409,-1.3246681690216064,-1.336921453475952,0.012253284454345481,6.0,sp3-like
mp-24328,-1.5620180368423462,-1.5731480121612549,mp-24328,-1.5620180368423462,-1.5731480121612549,0.011129975318908691,3.0,sp2-like
mp-1198370,-0.3472812175750732,-0.3046523332595825,mp-1198370,-0.3472812175750732,-0.3046523332595825,0.04262888431549067,5.25,sp3-like
mp-1214195,1.0130023956298828,1.932152271270752,mp-1214195,1.0130023956298828,1.932152271270752,0.9191498756408691,1.0,sp-like
mp-1247379,0.0570215955376625,-0.0983321666717529,mp-1247379,0.0570215955376625,-0.0983321666717529,0.1553537622094154,2.0,sp-like
mp-998893,0.0668839812278747,-0.0527665615081787,mp-998893,0.0668839812278747,-0.0527665615081787,0.1196505427360534,6.0,sp3-like
mp-633538,0.2974655032157898,0.0866045951843261,mp-633538,0.2974655032157898,0.0866045951843261,0.21086090803146368,4.0,sp3-like
mp-1077521,-0.4180208146572113,-0.4656819105148315,mp-1077521,-0.4180208146572113,-0.4656819105148315,0.047661095857620184,6.0,sp3-like
mp-1009878,0.205763503909111,0.2244004011154174,mp-1009878,0.205763503909111,0.2244004011154174,0.018636897206306402,8.0,sp3-like
mp-582994,-0.0739601552486419,0.2140616178512573,mp-582994,-0.0739601552486419,0.2140616178512573,0.2880217730998992,2.0,sp-like
mp-647035,-0.9383350014686584,-0.9619693160057068,mp-647035,-0.9383350014686584,-0.9619693160057068,0.02363431453704834,6.0,sp3-like
mp-10606,-0.338132232427597,-0.4365847110748291,mp-10606,-0.338132232427597,-0.4365847110748291,0.09845247864723211,6.0,sp3-like
mp-1179716,-1.3177533149719238,-1.4307960271835327,mp-1179716,-1.3177533149719238,-1.4307960271835327,0.11304271221160889,2.0,sp-like
mp-1200757,-0.1856799721717834,-0.0564802885055542,mp-1200757,-0.1856799721717834,-0.0564802885055542,0.1291996836662292,3.3333333333333335,sp2-like
mp-696174,-1.5367974042892456,-1.4186551570892334,mp-696174,-1.5367974042892456,-1.4186551570892334,0.11814224720001221,2.0,sp-like
mp-1104693,-0.2733859121799469,0.1817755699157714,mp-1104693,-0.2733859121799469,0.1817755699157714,0.4551614820957183,5.333333333333333,sp3-like
mp-1104832,-0.9407185912132264,-0.99214768409729,mp-1104832,-0.9407185912132264,-0.99214768409729,0.05142909288406361,3.0,sp2-like
mp-1103537,-0.2718153893947601,-0.1583551168441772,mp-1103537,-0.2718153893947601,-0.1583551168441772,0.11346027255058289,5.5,sp3-like
mp-1026630,0.2720540463924408,0.3660032749176025,mp-1026630,0.2720540463924408,0.3660032749176025,0.09394922852516169,4.0,sp3-like
mp-1221888,0.0491948351263999,0.0587220191955566,mp-1221888,0.0491948351263999,0.0587220191955566,0.009527184069156702,6.0,sp3-like
mp-10037,-0.2012281268835067,-0.2059768438339233,mp-10037,-0.2012281268835067,-0.2059768438339233,0.0047487169504166205,6.0,sp3-like
mp-559604,-0.8928112983703613,-0.8244291543960571,mp-559604,-0.8928112983703613,-0.8244291543960571,0.0683821439743042,2.4,sp-like
mp-1147570,0.1402989625930786,0.0968720912933349,mp-1147570,0.1402989625930786,0.0968720912933349,0.04342687129974371,2.0,sp-like
mp-23724,-1.8814730644226076,-1.877825140953064,mp-23724,-1.8814730644226076,-1.877825140953064,0.003647923469543679,3.0,sp2-like
mp-563,1.511879563331604,1.7413370609283447,mp-563,1.511879563331604,1.7413370609283447,0.22945749759674072,5.333333333333333,sp3-like
mp-1273249,-2.0749104022979736,-2.191617488861084,mp-1273249,-2.0749104022979736,-2.191617488861084,0.11670708656311035,3.0,sp2-like
mp-1189253,-0.3550590872764587,-0.3929722309112549,mp-1189253,-0.3550590872764587,-0.3929722309112549,0.0379131436347962,6.0,sp3-like
mp-1026421,0.2772705554962158,0.3956379890441894,mp-1026421,0.2772705554962158,0.3956379890441894,0.11836743354797358,0.0,sp-like
mp-1209486,-2.4573068618774414,-2.3607265949249268,mp-1209486,-2.4573068618774414,-2.3607265949249268,0.09658026695251465,3.0,sp2-like
mp-7140,-0.3018005788326263,-0.3547601699829101,mp-7140,-0.3018005788326263,-0.3547601699829101,0.052959591150283813,4.0,sp3-like
mp-1208465,-0.8371117115020752,-0.9139331579208374,mp-1208465,-0.8371117115020752,-0.9139331579208374,0.07682144641876221,3.0,sp2-like
mp-1036437,-2.69714903831482,-2.7638440132141118,mp-1036437,-2.69714903831482,-2.7638440132141118,0.06669497489929199,2.0,sp-like
mp-15660,-0.4330970346927643,-0.5800880193710327,mp-15660,-0.4330970346927643,-0.5800880193710327,0.14699098467826843,6.0,sp3-like
mp-555997,-1.0494534969329834,-0.9909070134162904,mp-555997,-1.0494534969329834,-0.9909070134162904,0.058546483516693004,2.0,sp-like
mp-549389,-2.0019402503967285,-1.9932835102081297,mp-549389,-2.0019402503967285,-1.9932835102081297,0.008656740188598855,4.0,sp3-like
mp-8540,-0.2710408270359039,-0.3248482942581177,mp-8540,-0.2710408270359039,-0.3248482942581177,0.0538074672222138,7.0,sp3-like
mp-1206911,-0.2451439052820205,-0.1929938793182373,mp-1206911,-0.2451439052820205,-0.1929938793182373,0.05215002596378321,6.0,sp3-like
mp-568286,0.0081888297572731,0.0902930498123169,mp-568286,0.0081888297572731,0.0902930498123169,0.0821042200550438,3.0,sp2-like
mp-1246883,0.1545514166355133,0.1303099393844604,mp-1246883,0.1545514166355133,0.1303099393844604,0.024241477251052912,2.0,sp-like
mp-1246356,0.1588851660490036,0.1822162866592407,mp-1246356,0.1588851660490036,0.1822162866592407,0.023331120610237094,2.0,sp-like
mp-29477,-0.0475731417536735,-0.1670589447021484,mp-29477,-0.0475731417536735,-0.1670589447021484,0.11948580294847491,4.0,sp3-like
mp-33065,-0.0315915904939174,0.0614768266677856,mp-33065,-0.0315915904939174,0.0614768266677856,0.093068417161703,6.0,sp3-like
mp-1018635,-0.1902294605970382,-0.2977147102355957,mp-1018635,-0.1902294605970382,-0.2977147102355957,0.10748524963855749,6.0,sp3-like
mp-729063,-1.3994566202163696,-1.3254852294921875,mp-729063,-1.3994566202163696,-1.3254852294921875,0.07397139072418213,3.0,sp2-like
mp-1201467,-0.7890933156013489,-0.8359225392341614,mp-1201467,-0.7890933156013489,-0.8359225392341614,0.0468292236328125,2.0,sp-like
mp-1087507,-0.40327188372612,-0.4553617238998413,mp-1087507,-0.40327188372612,-0.4553617238998413,0.052089840173721313,3.0,sp2-like
mp-995434,0.195911705493927,0.1970739364624023,mp-995434,0.195911705493927,0.1970739364624023,0.0011622309684752863,6.0,sp3-like
mp-1213393,-0.3002125322818756,-0.2374109029769897,mp-1213393,-0.3002125322818756,-0.2374109029769897,0.06280162930488592,3.0,sp2-like
mp-3747,-0.7612400650978088,-0.7384117841720581,mp-3747,-0.7612400650978088,-0.7384117841720581,0.022828280925750732,6.0,sp3-like
mp-1222229,-0.1153497844934463,-0.1200208663940429,mp-1222229,-0.1153497844934463,-0.1200208663940429,0.004671081900596605,4.0,sp3-like
mp-1213501,-0.8886793851852417,-0.9135439991950988,mp-1213501,-0.8886793851852417,-0.9135439991950988,0.024864614009857067,3.0,sp2-like
mp-553939,-2.674854516983032,-2.6193296909332275,mp-553939,-2.674854516983032,-2.6193296909332275,0.05552482604980424,3.0,sp2-like
mp-22747,-1.6080089807510376,-1.4426645040512085,mp-22747,-1.6080089807510376,-1.4426645040512085,0.1653444766998291,2.0,sp-like
mp-1079201,0.1806551814079284,0.1328524351119995,mp-1079201,0.1806551814079284,0.1328524351119995,0.0478027462959289,4.0,sp3-like
mp-1575,-0.1380300372838974,-0.075745940208435,mp-1575,-0.1380300372838974,-0.075745940208435,0.0622840970754624,5.0,sp3-like
mp-1212716,-0.9638538956642152,-0.9257181882858276,mp-1212716,-0.9638538956642152,-0.9257181882858276,0.03813570737838756,2.0,sp-like
mp-1201928,-1.2882691621780396,-1.1976256370544434,mp-1201928,-1.2882691621780396,-1.1976256370544434,0.09064352512359619,2.8,sp2-like
mp-3346429,-2.2713394165039062,-2.486736297607422,mp-3346429,-2.2713394165039062,-2.486736297607422,0.21539688110351562,3.0,sp2-like
mp-1640104,-1.8526756763458248,-1.897627711296081,mp-1640104,-1.8526756763458248,-1.897627711296081,0.04495203495025635,3.0,sp2-like
mp-10408,-0.6152923703193665,-0.5650335550308228,mp-10408,-0.6152923703193665,-0.5650335550308228,0.0502588152885437,2.0,sp-like
mp-2912507,-1.361364722251892,-1.6026235818862915,mp-2912507,-1.361364722251892,-1.6026235818862915,0.24125885963439941,3.0,sp2-like
mp-28979,0.2354278713464737,0.1994601488113403,mp-28979,0.2354278713464737,0.1994601488113403,0.03596772253513339,3.2,sp2-like
mp-569326,-0.7534914612770081,-0.744414210319519,mp-569326,-0.7534914612770081,-0.744414210319519,0.009077250957489014,5.833333333333333,sp3-like
mp-10611,-0.4280185997486114,-0.5313286781311035,mp-10611,-0.4280185997486114,-0.5313286781311035,0.10331007838249212,6.0,sp3-like
mp-759303,-0.310635358095169,-0.046555757522583,mp-759303,-0.310635358095169,-0.046555757522583,0.264079600572586,5.0,sp3-like
mp-1178485,-1.612578511238098,-1.622701644897461,mp-1178485,-1.612578511238098,-1.622701644897461,0.010123133659363015,3.0,sp2-like
mp-684020,-1.2631298303604126,-1.371510624885559,mp-684020,-1.2631298303604126,-1.371510624885559,0.10838079452514648,6.0,sp3-like
mp-1212737,-0.7775642275810242,-0.7684364318847656,mp-1212737,-0.7775642275810242,-0.7684364318847656,0.009127795696258545,1.3333333333333333,sp-like
mp-1245876,-0.2870611846446991,-0.5053008794784546,mp-1245876,-0.2870611846446991,-0.5053008794784546,0.2182396948337555,2.0,sp-like
mp-1028335,0.3505395948886871,0.3987617492675781,mp-1028335,0.3505395948886871,0.3987617492675781,0.04822215437889105,4.0,sp3-like
mp-1025175,-0.3497676253318786,-0.3006554841995239,mp-1025175,-0.3497676253318786,-0.3006554841995239,0.04911214113235468,6.0,sp3-like
mp-1226616,-0.3045573234558105,-0.2787016630172729,mp-1226616,-0.3045573234558105,-0.2787016630172729,0.025855660438537598,6.0,sp3-like
mp-995220,-0.3987240493297577,-0.4613111019134521,mp-995220,-0.3987240493297577,-0.4613111019134521,0.0625870525836944,3.0,sp2-like
mp-1032147,-2.152781248092652,-2.2246110439300537,mp-1032147,-2.152781248092652,-2.2246110439300537,0.0718297958374019,6.0,sp3-like
mp-28838,-0.2328282296657562,-0.3113362789154053,mp-28838,-0.2328282296657562,-0.3113362789154053,0.07850804924964908,6.0,sp3-like
mp-1222457,-0.1144961193203926,-0.2868454456329345,mp-1222457,-0.1144961193203926,-0.2868454456329345,0.1723493263125419,5.0,sp3-like
mp-1245918,0.0495153293013572,-0.0506678819656372,mp-1245918,0.0495153293013572,-0.0506678819656372,0.10018321126699439,2.0,sp-like
mp-760509,-1.600897192955017,-1.6590501070022583,mp-760509,-1.600897192955017,-1.6590501070022583,0.05815291404724121,3.0,sp2-like
mp-568381,-0.1962241232395172,-0.1168582439422607,mp-568381,-0.1962241232395172,-0.1168582439422607,0.07936587929725651,1.0,sp-like
mp-567655,-1.8577654361724851,-1.620144248008728,mp-567655,-1.8577654361724851,-1.620144248008728,0.2376211881637571,2.0,sp-like
mp-20182,-0.499750941991806,-0.435814619064331,mp-20182,-0.499750941991806,-0.435814619064331,0.06393632292747498,6.0,sp3-like
mp-1201838,-1.341194987297058,-1.453852891921997,mp-1201838,-1.341194987297058,-1.453852891921997,0.11265790462493896,2.5,sp2-like
mp-818615,-1.1938728094100952,-1.1123255491256714,mp-818615,-1.1938728094100952,-1.1123255491256714,0.08154726028442383,2.0,sp-like
mp-1228641,-0.2009952217340469,-0.2066558599472046,mp-1228641,-0.2009952217340469,-0.2066558599472046,0.0056606382131576816,6.0,sp3-like
mp-1022713,0.3789616823196411,0.3545706272125244,mp-1022713,0.3789616823196411,0.3545706272125244,0.0243910551071167,4.0,sp3-like
mp-1026547,0.2678068578243255,0.3554720878601074,mp-1026547,0.2678068578243255,0.3554720878601074,0.08766523003578192,6.0,sp3-like
mp-1246015,0.3563000559806824,0.427894115447998,mp-1246015,0.3563000559806824,0.427894115447998,0.07159405946731562,4.0,sp3-like
mp-649950,-1.040393948554993,-0.7990134358406067,mp-649950,-1.040393948554993,-0.7990134358406067,0.2413805127143862,2.0,sp-like
mp-27814,0.056117046624422,-0.1667283773422241,mp-27814,0.056117046624422,-0.1667283773422241,0.22284542396664608,2.0,sp-like
mp-758648,-1.69078266620636,-1.7456247806549072,mp-758648,-1.69078266620636,-1.7456247806549072,0.05484211444854714,3.0,sp2-like
mp-1105738,-0.8801416158676147,-0.9352357387542723,mp-1105738,-0.8801416158676147,-0.9352357387542723,0.055094122886657604,6.0,sp3-like
mp-1106292,0.4562289416790008,0.3451087474822998,mp-1106292,0.4562289416790008,0.3451087474822998,0.111120194196701,1.0,sp-like
mp-1221738,-1.1563425064086914,-1.077172875404358,mp-1221738,-1.1563425064086914,-1.077172875404358,0.0791696310043335,3.0,sp2-like
mp-1079828,0.9714518785476683,0.9443700313568116,mp-1079828,0.9714518785476683,0.9443700313568116,0.02708184719085671,4.0,sp3-like
mp-652200,-0.2366888225078582,0.0152597427368164,mp-652200,-0.2366888225078582,0.0152597427368164,0.25194856524467457,2.0,sp-like
mp-1031708,-2.3721206188201904,-2.452772855758667,mp-1031708,-2.3721206188201904,-2.452772855758667,0.08065223693847656,6.0,sp3-like
mp-510633,-1.6107572317123413,-1.4531304836273191,mp-510633,-1.6107572317123413,-1.4531304836273191,0.1576267480850222,3.0,sp2-like
mp-1092328,-0.4978525936603546,-0.4847184419631958,mp-1092328,-0.4978525936603546,-0.4847184419631958,0.013134151697158813,7.0,sp3-like
mp-1078935,0.1949745565652847,0.2335864305496215,mp-1078935,0.1949745565652847,0.2335864305496215,0.0386118739843368,4.0,sp3-like
mp-1014281,2.096777439117432,0.954181432723999,mp-1014281,2.096777439117432,0.954181432723999,1.142596006393433,1.3333333333333333,sp-like
mp-1034162,-2.5111348628997803,-2.6245760917663574,mp-1034162,-2.5111348628997803,-2.6245760917663574,0.11344122886657715,2.0,sp-like
mp-650526,-0.7716478705406189,-0.6178207397460938,mp-650526,-0.7716478705406189,-0.6178207397460938,0.15382713079452515,1.0,sp-like
mp-1099116,0.1904303431510925,0.2556976079940796,mp-1099116,0.1904303431510925,0.2556976079940796,0.06526726484298709,6.0,sp3-like
mp-510328,0.5595579743385315,0.5757606029510498,mp-510328,0.5595579743385315,0.5757606029510498,0.01620262861251831,6.333333333333333,sp3-like
mp-1182438,-1.73542058467865,-1.735856533050537,mp-1182438,-1.73542058467865,-1.735856533050537,0.00043594837188720703,1.0,sp-like
mp-10607,-0.5247685313224792,-0.5804694890975952,mp-10607,-0.5247685313224792,-0.5804694890975952,0.05570095777511597,6.0,sp3-like
mp-1034328,-2.5373361110687256,-2.629744052886963,mp-1034328,-2.5373361110687256,-2.629744052886963,0.0924079418182373,6.0,sp3-like
mp-1022051,0.3773479461669922,0.3059349060058594,mp-1022051,0.3773479461669922,0.3059349060058594,0.07141304016113281,6.0,sp3-like
mp-10858,-0.4216296970844269,-0.4783623218536377,mp-10858,-0.4216296970844269,-0.4783623218536377,0.056732624769210815,3.0,sp2-like
mp-13039,-2.5268242359161377,-2.5677669048309326,mp-13039,-2.5268242359161377,-2.5677669048309326,0.04094266891479492,2.0,sp-like
mp-1104611,-1.191437005996704,-1.2832424640655518,mp-1104611,-1.191437005996704,-1.2832424640655518,0.09180545806884766,6.0,sp3-like
mp-652854,-0.8860167264938354,-0.8832111954689026,mp-652854,-0.8860167264938354,-0.8832111954689026,0.0028055310249328613,2.0,sp-like
mp-1212613,-0.2964721918106079,-0.2462530136108398,mp-1212613,-0.2964721918106079,-0.2462530136108398,0.05021917819976812,3.0,sp2-like
mp-1037140,-2.7977216243743896,-2.8727517127990723,mp-1037140,-2.7977216243743896,-2.8727517127990723,0.07503008842468262,6.0,sp3-like
mp-1201974,-0.1877189874649047,-0.1322613954544067,mp-1201974,-0.1877189874649047,-0.1322613954544067,0.05545759201049799,3.0,sp2-like
mp-17420,0.2552025318145752,-0.0199455022811889,mp-17420,0.2552025318145752,-0.0199455022811889,0.2751480340957641,3.2,sp2-like
mp-1216158,-0.1991789489984512,-0.424140453338623,mp-1216158,-0.1991789489984512,-0.424140453338623,0.2249615043401718,2.0,sp-like
mp-745113,-0.7461098432540894,-0.7435123324394226,mp-745113,-0.7461098432540894,-0.7435123324394226,0.002597510814666748,2.0,sp-like
mp-1026458,0.3892970383167267,0.5346097946166992,mp-1026458,0.3892970383167267,0.5346097946166992,0.14531275629997253,6.0,sp3-like
mp-1191346,-0.0550979934632778,0.0146741867065429,mp-1191346,-0.0550979934632778,0.0146741867065429,0.0697721801698207,6.0,sp3-like
mp-1007768,-1.4699344635009766,-1.5310958623886108,mp-1007768,-1.4699344635009766,-1.5310958623886108,0.06116139888763428,3.0,sp2-like
mp-753487,-1.6998828649520874,-1.7301632165908811,mp-753487,-1.6998828649520874,-1.7301632165908811,0.030280351638793723,3.0,sp2-like
mp-707917,-0.3787536025047302,-0.3801937103271484,mp-707917,-0.3787536025047302,-0.3801937103271484,0.0014401078224181574,3.0,sp2-like
mp-680579,-0.1236321404576301,-0.0960555076599121,mp-680579,-0.1236321404576301,-0.0960555076599121,0.027576632797718006,2.0,sp-like
mp-13038,-2.4889490604400635,-2.5494041442871094,mp-13038,-2.4889490604400635,-2.5494041442871094,0.0604550838470459,2.0,sp-like
mp-10279,1.197182059288025,1.3154726028442385,mp-10279,1.197182059288025,1.3154726028442385,0.1182905435562136,0.0,sp-like
mp-1202637,-1.2691092491149902,-1.0672574043273926,mp-1202637,-1.2691092491149902,-1.0672574043273926,0.20185184478759766,2.6666666666666665,sp2-like
mp-754012,-1.7126227617263794,-1.827369809150696,mp-754012,-1.7126227617263794,-1.827369809150696,0.11474704742431663,3.0,sp2-like
mp-1209601,-0.0994216278195381,-0.0955851078033447,mp-1209601,-0.0994216278195381,-0.0955851078033447,0.0038365200161934038,2.0,sp-like
mp-1078624,-0.3227100074291229,-0.3004246950149536,mp-1078624,-0.3227100074291229,-0.3004246950149536,0.02228531241416931,7.0,sp3-like
mp-1182015,2.441445589065552,1.7056012153625488,mp-1182015,2.441445589065552,1.7056012153625488,0.7358443737030034,3.0,sp2-like
mp-1246920,0.2936561405658722,0.3221068382263183,mp-1246920,0.2936561405658722,0.3221068382263183,0.02845069766044611,2.25,sp-like
mp-1228623,0.5784745216369629,1.7620227336883545,mp-1228623,0.5784745216369629,1.7620227336883545,1.1835482120513916,3.0,sp2-like
mp-20908,-0.5213161110877991,-0.5467631816864014,mp-20908,-0.5213161110877991,-0.5467631816864014,0.025447070598602295,3.0,sp2-like
mp-1218173,-0.3224860727787018,-0.2555490732192993,mp-1218173,-0.3224860727787018,-0.2555490732192993,0.06693699955940247,6.0,sp3-like
mp-8127,-2.263282299041748,-2.254243850708008,mp-8127,-2.263282299041748,-2.254243850708008,0.009038448333740234,3.0,sp2-like
mp-1078473,-1.9826853275299072,-1.9602022171020508,mp-1078473,-1.9826853275299072,-1.9602022171020508,0.022483110427856445,3.0,sp2-like
mp-1028292,0.3714598417282104,0.4927864074707031,mp-1028292,0.3714598417282104,0.4927864074707031,0.12132656574249273,6.0,sp3-like
mp-21717,0.0651842653751373,0.1320626735687255,mp-21717,0.0651842653751373,0.1320626735687255,0.0668784081935882,6.666666666666667,sp3-like
mp-1190987,-0.2289833426475525,-0.0440403223037719,mp-1190987,-0.2289833426475525,-0.0440403223037719,0.18494302034378057,3.0,sp2-like
mp-780774,-2.0247344970703125,-2.0818734169006348,mp-780774,-2.0247344970703125,-2.0818734169006348,0.057138919830322266,3.0,sp2-like
mp-1078133,-0.079997718334198,-0.2233443260192871,mp-1078133,-0.079997718334198,-0.2233443260192871,0.1433466076850891,6.0,sp3-like
mp-1212962,-0.0867076143622398,-0.0448740720748901,mp-1212962,-0.0867076143622398,-0.0448740720748901,0.041833542287349694,6.0,sp3-like
mp-1226051,-0.1971168220043182,-0.1195906400680542,mp-1226051,-0.1971168220043182,-0.1195906400680542,0.07752618193626401,7.333333333333333,sp3-like
mp-1212036,-1.5117790699005127,-1.51651930809021,mp-1212036,-1.5117790699005127,-1.51651930809021,0.004740238189697266,2.0,sp-like
mp-1079635,-0.1148415505886077,-0.1006560325622558,mp-1079635,-0.1148415505886077,-0.1006560325622558,0.014185518026351901,6.0,sp3-like
mp-1226045,-0.1333445906639099,-0.0991445779800415,mp-1226045,-0.1333445906639099,-0.0991445779800415,0.03420001268386841,6.666666666666667,sp3-like
mp-20750,1.451479434967041,1.3778676986694336,mp-20750,1.451479434967041,1.3778676986694336,0.07361173629760742,0.0,sp-like
mp-1199252,-1.6698458194732666,-1.7765140533447266,mp-1199252,-1.6698458194732666,-1.7765140533447266,0.10666823387145996,3.0,sp2-like
mp-1025181,-0.3361012935638428,-0.3623790740966797,mp-1025181,-0.3361012935638428,-0.3623790740966797,0.026277780532836914,6.0,sp3-like
mp-762515,-1.5710108280181885,-1.5501251220703125,mp-762515,-1.5710108280181885,-1.5501251220703125,0.020885705947875977,3.0,sp2-like
mp-1247354,0.2914788722991943,0.2794712781906128,mp-1247354,0.2914788722991943,0.2794712781906128,0.012007594108581487,2.0,sp-like
mp-20937,-0.0985862091183662,-0.0586296319961547,mp-20937,-0.0985862091183662,-0.0586296319961547,0.0399565771222115,7.5,sp3-like
mp-704101,-0.7281767129898071,-0.6818238496780396,mp-704101,-0.7281767129898071,-0.6818238496780396,0.04635286331176758,2.0,sp-like
mp-558144,-1.1962134838104248,-1.120976209640503,mp-558144,-1.1962134838104248,-1.120976209640503,0.07523727416992188,3.0,sp2-like
mp-1193043,-0.8988137245178223,-0.9525608420372008,mp-1193043,-0.8988137245178223,-0.9525608420372008,0.05374711751937855,6.0,sp3-like
mp-1199209,-0.2784415483474731,-0.311306357383728,mp-1199209,-0.2784415483474731,-0.311306357383728,0.03286480903625494,4.0,sp3-like
mp-1179515,-0.4687736928462982,-0.4661740064620971,mp-1179515,-0.4687736928462982,-0.4661740064620971,0.0025996863842011053,7.0,sp3-like
mp-20066,-1.7687233686447144,-1.6936122179031372,mp-20066,-1.7687233686447144,-1.6936122179031372,0.07511115074157715,2.0,sp-like
mp-1198967,0.8277875185012817,0.8356854915618896,mp-1198967,0.8277875185012817,0.8356854915618896,0.00789797306060791,3.0,sp2-like
mp-1035135,-2.6365249156951904,-2.68753433227539,mp-1035135,-2.6365249156951904,-2.68753433227539,0.05100941658019975,6.0,sp3-like
mp-28160,-1.2114001512527466,-1.1117498874664309,mp-28160,-1.2114001512527466,-1.1117498874664309,0.0996502637863157,5.333333333333333,sp3-like
mp-1009748,0.2569167912006378,-0.1230032444000244,mp-1009748,0.2569167912006378,-0.1230032444000244,0.37992003560066223,8.0,sp3-like
mp-34195,-2.6474196910858154,-2.772345781326294,mp-34195,-2.6474196910858154,-2.772345781326294,0.12492609024047852,3.0,sp2-like
mp-1037344,-2.807898998260498,-2.8354434967041016,mp-1037344,-2.807898998260498,-2.8354434967041016,0.027544498443603516,6.0,sp3-like
mp-979265,0.1183403804898262,-0.6791926622390747,mp-979265,0.1183403804898262,-0.6791926622390747,0.7975330427289009,0.0,sp-like
mp-766019,-1.920326828956604,-1.9281984567642207,mp-766019,-1.920326828956604,-1.9281984567642207,0.007871627807616743,3.0,sp2-like
mp-1245685,0.3278430700302124,0.3924272060394287,mp-1245685,0.3278430700302124,0.3924272060394287,0.06458413600921631,2.0,sp-like
mp-976247,0.4105809032917022,0.224280834197998,mp-976247,0.4105809032917022,0.224280834197998,0.18630006909370422,2.0,sp-like
mp-1216673,-1.0269302129745483,-0.9613948464393616,mp-1216673,-1.0269302129745483,-0.9613948464393616,0.06553536653518677,6.0,sp3-like
mp-1222833,-0.2832840383052826,-0.2771142721176147,mp-1222833,-0.2832840383052826,-0.2771142721176147,0.006169766187667902,6.0,sp3-like
mp-1103876,1.0527114868164062,0.4220080375671386,mp-1103876,1.0527114868164062,0.4220080375671386,0.6307034492492676,2.0,sp-like
mp-837859,-0.5839352011680603,-0.7723526954650879,mp-837859,-0.5839352011680603,-0.7723526954650879,0.1884174942970276,2.0,sp-like
mp-20963,1.614210605621338,1.2563650608062744,mp-20963,1.614210605621338,1.2563650608062744,0.3578455448150635,0.0,sp-like
mp-555946,-2.1334683895111084,-2.049142360687256,mp-555946,-2.1334683895111084,-2.049142360687256,0.08432602882385254,3.0,sp2-like
mp-1195608,0.1770498156547546,0.0331206321716308,mp-1195608,0.1770498156547546,0.0331206321716308,0.1439291834831238,3.22,sp2-like
mp-1009828,0.5865024328231812,0.2619220018386841,mp-1009828,0.5865024328231812,0.2619220018386841,0.32458043098449707,2.0,sp-like
mp-569547,-0.8416960835456848,-0.8614015579223633,mp-569547,-0.8416960835456848,-0.8614015579223633,0.019705474376678467,2.0,sp-like
mp-699482,-1.3973807096481323,-1.2361233234405518,mp-699482,-1.3973807096481323,-1.2361233234405518,0.16125738620758057,3.0,sp2-like
mp-1202911,-1.458950400352478,-1.379799723625183,mp-1202911,-1.458950400352478,-1.379799723625183,0.07915067672729492,1.3333333333333333,sp-like
mp-1203203,-1.233984351158142,-1.2197002172470093,mp-1203203,-1.233984351158142,-1.2197002172470093,0.014284133911132812,3.0,sp2-like
mp-1213965,1.0326259136199951,0.7223451137542725,mp-1213965,1.0326259136199951,0.7223451137542725,0.31028079986572266,6.0,sp3-like
mp-1181612,-0.0453056581318378,0.1226341724395752,mp-1181612,-0.0453056581318378,0.1226341724395752,0.16793983057141298,2.0,sp-like
mp-650510,0.1672145873308181,0.2163546085357666,mp-650510,0.1672145873308181,0.2163546085357666,0.04914002120494851,2.3333333333333335,sp-like
mp-1246048,0.1727155745029449,0.1504080295562744,mp-1246048,0.1727155745029449,0.1504080295562744,0.022307544946670504,2.0,sp-like
mp-1202323,-0.2219920009374618,-0.1620827913284301,mp-1202323,-0.2219920009374618,-0.1620827913284301,0.059909209609031705,4.0,sp3-like
mp-20424,0.0649631023406982,-0.0074858665466308,mp-20424,0.0649631023406982,-0.0074858665466308,0.072448968887329,6.0,sp3-like
mp-651279,-0.7662239670753479,-0.6461920738220215,mp-651279,-0.7662239670753479,-0.6461920738220215,0.12003189325332642,2.142857142857143,sp-like
mp-31302,-1.7357670068740845,-1.52326500415802,mp-31302,-1.7357670068740845,-1.52326500415802,0.21250200271606445,3.0,sp2-like
mp-10720,-0.0047189751639962,-0.3686695098876953,mp-10720,-0.0047189751639962,-0.3686695098876953,0.3639505347236991,4.0,sp3-like
mp-23062,-0.9699799418449402,-1.0045833587646484,mp-23062,-0.9699799418449402,-1.0045833587646484,0.03460341691970825,6.0,sp3-like
mp-727025,-1.9488112926483157,-1.8864425420761108,mp-727025,-1.9488112926483157,-1.8864425420761108,0.06236875057220481,2.3333333333333335,sp-like
mp-570572,0.1472676545381546,0.1309816837310791,mp-570572,0.1472676545381546,0.1309816837310791,0.0162859708070755,3.0,sp2-like
mp-1197458,-1.396148681640625,-1.4434105157852173,mp-1197458,-1.396148681640625,-1.4434105157852173,0.047261834144592285,2.0,sp-like
mp-542742,-1.1945204734802246,-1.2135722637176514,mp-542742,-1.1945204734802246,-1.2135722637176514,0.019051790237426758,3.0,sp2-like
mp-1202752,0.4868506193161011,1.1500399112701416,mp-1202752,0.4868506193161011,1.1500399112701416,0.6631892919540405,1.0,sp-like
mp-555512,-1.8956512212753296,-1.925832271575928,mp-555512,-1.8956512212753296,-1.925832271575928,0.030181050300598367,2.0,sp-like
mp-625082,-0.7341171503067017,-0.5257710218429565,mp-625082,-0.7341171503067017,-0.5257710218429565,0.20834612846374512,2.0,sp-like
mp-1199635,1.4017341136932373,1.6763334274291992,mp-1199635,1.4017341136932373,1.6763334274291992,0.2745993137359619,2.5,sp2-like
mp-1197124,-0.979214608669281,-0.8626402616500854,mp-1197124,-0.979214608669281,-0.8626402616500854,0.11657434701919556,2.210526315789474,sp-like
mp-1180243,0.2594441473484039,-0.0879161357879638,mp-1180243,0.2594441473484039,-0.0879161357879638,0.3473602831363677,2.5,sp2-like
mp-1245514,0.1695924401283264,0.2603100538253784,mp-1245514,0.1695924401283264,0.2603100538253784,0.09071761369705203,2.0,sp-like
mp-1038590,-2.809620857238769,-2.8366622924804688,mp-1038590,-2.809620857238769,-2.8366622924804688,0.027041435241699663,0.0,sp-like
mp-707477,-0.2190991640090942,-0.0971690416336059,mp-707477,-0.2190991640090942,-0.0971690416336059,0.12193012237548831,4.0,sp3-like
mp-1246287,0.332778126001358,0.3355960845947265,mp-1246287,0.332778126001358,0.3355960845947265,0.0028179585933685303,2.25,sp-like
mp-1209104,-1.3785817623138428,-1.2729958295822144,mp-1209104,-1.3785817623138428,-1.2729958295822144,0.10558593273162842,1.0,sp-like
mp-1215195,-0.657386302947998,-0.6749114990234375,mp-1215195,-0.657386302947998,-0.6749114990234375,0.017525196075439453,6.0,sp3-like
mp-1200635,-1.5991950035095217,-1.5994956493377686,mp-1200635,-1.5991950035095217,-1.5994956493377686,0.00030064582824684827,3.0,sp2-like
mp-614311,-0.6658287048339844,-0.51145339012146,mp-614311,-0.6658287048339844,-0.51145339012146,0.15437531471252441,1.0,sp-like
mp-1034419,-2.615430355072021,-2.6713271141052246,mp-1034419,-2.615430355072021,-2.6713271141052246,0.05589675903320357,2.0,sp-like
mp-1202382,-0.7294620871543884,-0.5607360601425171,mp-1202382,-0.7294620871543884,-0.5607360601425171,0.16872602701187134,2.0,sp-like
mp-568326,-0.2543762922286987,-0.2184538841247558,mp-568326,-0.2543762922286987,-0.2184538841247558,0.03592240810394287,6.0,sp3-like
mp-1204041,-1.6226298809051514,-1.582908272743225,mp-1204041,-1.6226298809051514,-1.582908272743225,0.03972160816192627,2.0,sp-like
mp-1220532,0.2857808172702789,0.0036221742630004,mp-1220532,0.2857808172702789,0.0036221742630004,0.2821586430072785,6.0,sp3-like
mp-1213691,0.2519815564155578,0.1736931800842285,mp-1213691,0.2519815564155578,0.1736931800842285,0.07828837633132932,3.2,sp2-like
mp-1031965,-2.419907808303833,-2.5502829551696777,mp-1031965,-2.419907808303833,-2.5502829551696777,0.13037514686584473,0.0,sp-like
mp-690525,-1.931564450263977,-1.9052612781524656,mp-690525,-1.931564450263977,-1.9052612781524656,0.026303172111511453,3.0,sp2-like
mp-1191539,-0.075804054737091,0.0044906139373779,mp-1191539,-0.075804054737091,0.0044906139373779,0.0802946686744689,6.0,sp3-like
mp-1246935,0.0760780721902847,0.0957852602005004,mp-1246935,0.0760780721902847,0.0957852602005004,0.019707188010215704,2.0,sp-like
mp-1192779,-1.079593300819397,-0.9656779170036316,mp-1192779,-1.079593300819397,-0.9656779170036316,0.11391538381576538,3.0,sp2-like
mp-1176659,-2.116454601287842,-2.1631414890289307,mp-1176659,-2.116454601287842,-2.1631414890289307,0.04668688774108887,3.0,sp2-like
mp-1071818,-0.4499125480651855,-0.5240428447723389,mp-1071818,-0.4499125480651855,-0.5240428447723389,0.07413029670715338,6.0,sp3-like
mp-571135,-1.6797173023223877,-1.716812014579773,mp-571135,-1.6797173023223877,-1.716812014579773,0.037094712257385254,6.0,sp3-like
mp-1209664,-1.7594748735427856,-1.6608811616897583,mp-1209664,-1.7594748735427856,-1.6608811616897583,0.09859371185302734,2.0,sp-like
mp-20814,-0.4013464450836181,-0.4107507467269897,mp-20814,-0.4013464450836181,-0.4107507467269897,0.009404301643371582,3.0,sp2-like
mp-1103408,0.0995443165302276,-0.0110124349594116,mp-1103408,0.0995443165302276,-0.0110124349594116,0.1105567514896392,4.0,sp3-like
mp-1200026,-2.528252124786377,-2.6265125274658203,mp-1200026,-2.528252124786377,-2.6265125274658203,0.09826040267944336,3.0,sp2-like
mp-1247171,-0.7295699119567871,-0.7414232492446899,mp-1247171,-0.7295699119567871,-0.7414232492446899,0.011853337287902832,2.0,sp-like
mp-730460,-1.9069949388504028,-1.9541938304901123,mp-730460,-1.9069949388504028,-1.9541938304901123,0.04719889163970947,3.0,sp2-like
mp-1212000,2.38486385345459,3.170755386352539,mp-1212000,2.38486385345459,3.170755386352539,0.7858915328979492,1.0,sp-like
mp-19147,-1.6542192697525024,-1.5715701580047607,mp-19147,-1.6542192697525024,-1.5715701580047607,0.0826491117477417,3.0,sp2-like
mp-3871,-0.7897176146507263,-0.8078428506851196,mp-3871,-0.7897176146507263,-0.8078428506851196,0.01812523603439331,6.0,sp3-like
mp-5992,-0.5747661590576172,-0.5340889692306519,mp-5992,-0.5747661590576172,-0.5340889692306519,0.04067718982696533,2.0,sp-like
mp-757402,-1.7349097728729248,-1.836024284362793,mp-757402,-1.7349097728729248,-1.836024284362793,0.10111451148986816,3.0,sp2-like
mp-1185851,1.2361963987350464,0.9619038105010986,mp-1185851,1.2361963987350464,0.9619038105010986,0.27429258823394775,8.0,sp3-like
mp-1198626,-1.344604730606079,-1.3679744005203247,mp-1198626,-1.344604730606079,-1.3679744005203247,0.023369669914245605,2.0,sp-like
mp-644101,-0.3176439702510834,-0.2610466480255127,mp-644101,-0.3176439702510834,-0.2610466480255127,0.05659732222557068,4.0,sp3-like
mp-18136,-2.0321266651153564,-1.926399827003479,mp-18136,-2.0321266651153564,-1.926399827003479,0.10572683811187744,3.0,sp2-like
mp-1219685,-0.3628361821174621,-0.2725294828414917,mp-1219685,-0.3628361821174621,-0.2725294828414917,0.0903066992759704,6.0,sp3-like
mp-1025245,-0.5277687311172485,-0.4888614416122436,mp-1025245,-0.5277687311172485,-0.4888614416122436,0.03890728950500494,6.0,sp3-like
mp-758392,-1.6915948390960691,-1.7055906057357788,mp-758392,-1.6915948390960691,-1.7055906057357788,0.013995766639709695,3.0,sp2-like
mp-1025127,-0.4613511860370636,-0.4685295820236206,mp-1025127,-0.4613511860370636,-0.4685295820236206,0.007178395986557007,2.0,sp-like
mp-1219129,-0.0492011085152626,-0.002976655960083,mp-1219129,-0.0492011085152626,-0.002976655960083,0.046224452555179596,6.0,sp3-like
mp-1120719,0.0997843965888023,0.1769124269485473,mp-1120719,0.0997843965888023,0.1769124269485473,0.07712803035974501,7.0,sp3-like
mp-759889,-2.107239007949829,-2.1320488452911377,mp-759889,-2.107239007949829,-2.1320488452911377,0.024809837341308594,3.0,sp2-like
mp-1212530,0.0495144799351692,0.0238270759582519,mp-1212530,0.0495144799351692,0.0238270759582519,0.025687403976917298,3.0,sp2-like
mp-1017172,0.3843365311622619,0.4690079689025879,mp-1017172,0.3843365311622619,0.4690079689025879,0.08467143774032598,6.0,sp3-like
mp-1202981,-0.6418838500976562,-0.4773683547973633,mp-1202981,-0.6418838500976562,-0.4773683547973633,0.16451549530029297,1.8571428571428572,sp-like
mp-1001079,0.0105357896536588,-0.1468700170516967,mp-1001079,0.0105357896536588,-0.1468700170516967,0.1574058067053555,1.0,sp-like
mp-1180837,0.4564051926136017,0.0110038518905639,mp-1180837,0.4564051926136017,0.0110038518905639,0.4454013407230378,2.0,sp-like
mp-1217049,-0.3002542555332184,-0.3224520683288574,mp-1217049,-0.3002542555332184,-0.3224520683288574,0.022197812795639038,6.0,sp3-like
mp-972176,-0.5951708555221558,-0.5793095827102661,mp-972176,-0.5951708555221558,-0.5793095827102661,0.01586127281188965,6.0,sp3-like
mp-1009848,0.5580503940582275,0.5724098682403564,mp-1009848,0.5580503940582275,0.5724098682403564,0.014359474182128906,4.0,sp3-like
mp-1197238,-1.3168230056762695,-1.1922080516815186,mp-1197238,-1.3168230056762695,-1.1922080516815186,0.12461495399475098,2.0,sp-like
mp-644278,-0.5824686884880066,-0.2337421178817749,mp-644278,-0.5824686884880066,-0.2337421178817749,0.3487265706062317,6.0,sp3-like
mp-765385,-2.0763330459594727,-2.146362066268921,mp-765385,-2.0763330459594727,-2.146362066268921,0.07002902030944824,3.0,sp2-like
mp-540895,-0.9853895902633668,-1.0329372882843018,mp-540895,-0.9853895902633668,-1.0329372882843018,0.04754769802093495,2.0,sp-like
mp-6573,0.2434671819210052,0.3094816207885742,mp-6573,0.2434671819210052,0.3094816207885742,0.06601443886756903,2.0,sp-like
mp-1204288,-0.216605544090271,-0.2474944591522216,mp-1204288,-0.216605544090271,-0.2474944591522216,0.0308889150619506,4.0,sp3-like
mp-545479,-1.0511552095413208,-0.4965167045593261,mp-545479,-1.0511552095413208,-0.4965167045593261,0.5546385049819946,2.0,sp-like
mp-600169,-1.1368834972381592,-1.100083351135254,mp-600169,-1.1368834972381592,-1.100083351135254,0.03680014610290527,3.0,sp2-like
mp-766262,-1.0870428085327148,-1.031094670295715,mp-766262,-1.0870428085327148,-1.031094670295715,0.055948138236999734,3.0,sp2-like
mp-1222426,-1.2411319017410278,-1.0200729370117188,mp-1222426,-1.2411319017410278,-1.0200729370117188,0.22105896472930908,2.0,sp-like
mp-6188,-0.5651810169219971,-0.5245298147201538,mp-6188,-0.5651810169219971,-0.5245298147201538,0.04065120220184326,6.0,sp3-like
mp-1188347,0.2647073268890381,0.2098811864852905,mp-1188347,0.2647073268890381,0.2098811864852905,0.054826140403747586,2.0,sp-like
mp-542063,-1.7494895458221436,-1.7345367670059204,mp-542063,-1.7494895458221436,-1.7345367670059204,0.014952778816223145,3.0,sp2-like
mp-556210,-1.784232258796692,-1.822090029716492,mp-556210,-1.784232258796692,-1.822090029716492,0.03785777091980003,3.0,sp2-like
mp-667545,-0.9139015674591064,-0.5933383703231812,mp-667545,-0.9139015674591064,-0.5933383703231812,0.3205631971359253,1.75,sp-like
mp-1200955,-0.540686309337616,-0.4259910583496094,mp-1200955,-0.540686309337616,-0.4259910583496094,0.11469525098800659,6.0,sp3-like
mp-1105327,-0.2431620061397552,-0.1790386438369751,mp-1105327,-0.2431620061397552,-0.1790386438369751,0.0641233623027801,6.0,sp3-like
mp-9610,-0.8028615117073059,-0.8583149313926697,mp-9610,-0.8028615117073059,-0.8583149313926697,0.05545341968536377,2.0,sp-like
mp-1212734,-0.812980055809021,-1.0791246891021729,mp-1212734,-0.812980055809021,-1.0791246891021729,0.26614463329315186,2.0,sp-like
mp-1206211,0.6969900131225586,0.995330572128296,mp-1206211,0.6969900131225586,0.995330572128296,0.2983405590057374,2.3333333333333335,sp-like
mp-552260,-1.3959578275680542,-1.182598352432251,mp-552260,-1.3959578275680542,-1.182598352432251,0.21335947513580322,2.0,sp-like
mp-1214172,-0.8020395040512085,-0.7212942838668823,mp-1214172,-0.8020395040512085,-0.7212942838668823,0.08074522018432617,1.0,sp-like
mp-568735,-0.3057953119277954,-0.3544995784759521,mp-568735,-0.3057953119277954,-0.3544995784759521,0.04870426654815668,4.0,sp3-like
mp-1380343,-0.0627165511250495,-0.3167325258255005,mp-1380343,-0.0627165511250495,-0.3167325258255005,0.254015974700451,2.75,sp2-like
mp-761992,-1.8461236953735352,-1.8626590967178345,mp-761992,-1.8461236953735352,-1.8626590967178345,0.016535401344299316,3.0,sp2-like
mp-3347005,-2.558870792388916,-2.4967079162597656,mp-3347005,-2.558870792388916,-2.4967079162597656,0.06216287612915039,3.0,sp2-like
mp-1208198,-1.8584764003753664,-1.7600845098495483,mp-1208198,-1.8584764003753664,-1.7600845098495483,0.0983918905258181,2.0,sp-like
mp-542858,0.0749777927994728,0.1391711235046386,mp-542858,0.0749777927994728,0.1391711235046386,0.0641933307051658,2.0,sp-like
mp-1190844,0.1351531744003296,0.0114939212799072,mp-1190844,0.1351531744003296,0.0114939212799072,0.12365925312042239,6.0,sp3-like
mp-13071,-0.6224958300590515,-0.5463176965713501,mp-13071,-0.6224958300590515,-0.5463176965713501,0.07617813348770142,6.0,sp3-like
mp-1182750,0.3861927092075348,0.3802278041839599,mp-1182750,0.3861927092075348,0.3802278041839599,0.005964905023574885,1.5,sp-like
mp-1026590,0.28125,0.3615932464599609,mp-1026590,0.28125,0.3615932464599609,0.08034324645996088,6.0,sp3-like
mp-1221305,-1.7319698333740234,-1.6741337776184082,mp-1221305,-1.7319698333740234,-1.6741337776184082,0.057836055755615234,3.0,sp2-like
mp-995184,0.0427113249897956,0.2579125165939331,mp-995184,0.0427113249897956,0.2579125165939331,0.2152011916041375,2.0,sp-like
mp-1192742,-0.094486653804779,0.037867784500122,mp-1192742,-0.094486653804779,0.037867784500122,0.132354438304901,6.0,sp3-like
mp-1068977,-0.0647414922714233,0.1961671113967895,mp-1068977,-0.0647414922714233,0.1961671113967895,0.2609086036682128,5.0,sp3-like
mp-1191329,-2.491833448410034,-2.699298858642578,mp-1191329,-2.491833448410034,-2.699298858642578,0.20746541023254395,3.0,sp2-like
mp-7827,-0.2615362405776977,-0.1769437789916992,mp-7827,-0.2615362405776977,-0.1769437789916992,0.08459246158599851,2.0,sp-like
mp-1220459,-0.3739569783210754,-0.3314235210418701,mp-1220459,-0.3739569783210754,-0.3314235210418701,0.04253345727920527,6.0,sp3-like
mp-1219028,-0.0650357529520988,-0.0840590000152587,mp-1219028,-0.0650357529520988,-0.0840590000152587,0.0190232470631599,6.0,sp3-like
mp-1182730,0.6889296174049377,0.584650993347168,mp-1182730,0.6889296174049377,0.584650993347168,0.10427862405776978,3.0,sp2-like
mp-1735,0.0961885452270507,0.2347768545150756,mp-1735,0.0961885452270507,0.2347768545150756,0.1385883092880249,6.0,sp3-like
mp-1031751,-2.0887646675109863,-2.228262662887573,mp-1031751,-2.0887646675109863,-2.228262662887573,0.13949799537658647,4.0,sp3-like
mp-1217903,-0.1293676942586898,-0.1667989492416381,mp-1217903,-0.1293676942586898,-0.1667989492416381,0.0374312549829483,6.0,sp3-like
mp-998894,0.5168733596801758,0.7953629493713379,mp-998894,0.5168733596801758,0.7953629493713379,0.2784895896911621,4.0,sp3-like
mp-631,-0.965351700782776,-0.906748592853546,mp-631,-0.965351700782776,-0.906748592853546,0.05860310792922996,6.0,sp3-like
mp-504880,-1.559051275253296,-1.5236899852752686,mp-504880,-1.559051275253296,-1.5236899852752686,0.035361289978027344,3.0,sp2-like
mp-684989,-0.0225518383085727,0.0530899763107299,mp-684989,-0.0225518383085727,0.0530899763107299,0.0756418146193026,6.0,sp3-like
mp-1217366,-0.434528112411499,-0.5081789493560791,mp-1217366,-0.434528112411499,-0.5081789493560791,0.07365083694458008,6.0,sp3-like
mp-1290773,-1.7016252279281616,-1.751457452774048,mp-1290773,-1.7016252279281616,-1.751457452774048,0.04983222484588645,3.0,sp2-like
mp-1025192,-0.5341452360153198,-0.7698750495910645,mp-1025192,-0.5341452360153198,-0.7698750495910645,0.23572981357574463,6.0,sp3-like
mp-1217454,-0.141079843044281,-0.0165728330612182,mp-1217454,-0.141079843044281,-0.0165728330612182,0.1245070099830628,6.0,sp3-like
mp-21422,-0.285098671913147,-0.2417653799057006,mp-21422,-0.285098671913147,-0.2417653799057006,0.04333329200744637,6.0,sp3-like
mp-567182,-1.30450701713562,-0.968694269657135,mp-567182,-1.30450701713562,-0.968694269657135,0.3358127474784849,6.0,sp3-like
mp-1219255,-0.0772930681705474,-0.1991776227951049,mp-1219255,-0.0772930681705474,-0.1991776227951049,0.1218845546245575,6.0,sp3-like
mp-1197785,-0.3823443353176117,-0.3506581783294678,mp-1197785,-0.3823443353176117,-0.3506581783294678,0.03168615698814392,3.0,sp2-like
mp-760595,-1.3353465795516968,-1.218958854675293,mp-760595,-1.3353465795516968,-1.218958854675293,0.11638772487640381,3.0,sp2-like
mp-1001827,1.220723271369934,1.5501861572265625,mp-1001827,1.220723271369934,1.5501861572265625,0.3294628858566284,6.0,sp3-like
mp-698317,-1.8396655321121216,-1.6970422267913818,mp-698317,-1.8396655321121216,-1.6970422267913818,0.14262330532073975,2.0,sp-like
mp-20501,1.4579613208770752,1.4402542114257812,mp-20501,1.4579613208770752,1.4402542114257812,0.017707109451293945,0.0,sp-like
mp-1195008,-0.2566203773021698,-0.311186671257019,mp-1195008,-0.2566203773021698,-0.311186671257019,0.05456629395484919,4.615384615384615,sp3-like
mp-1215237,-0.6079635620117188,-0.6335617303848267,mp-1215237,-0.6079635620117188,-0.6335617303848267,0.02559816837310791,6.0,sp3-like
mp-571055,0.0064255739562213,-0.0228643417358398,mp-571055,0.0064255739562213,-0.0228643417358398,0.0292899156920611,6.8,sp3-like
mp-683965,-0.549359917640686,-0.5796328783035278,mp-683965,-0.549359917640686,-0.5796328783035278,0.030272960662841797,3.1666666666666665,sp2-like
mp-1217725,-0.0565997622907161,0.0119109153747558,mp-1217725,-0.0565997622907161,0.0119109153747558,0.0685106776654719,6.0,sp3-like
mp-1223003,-0.150512009859085,-0.2948148250579834,mp-1223003,-0.150512009859085,-0.2948148250579834,0.1443028151988984,6.0,sp3-like
mp-1040064,-2.842915773391724,-2.852538824081421,mp-1040064,-2.842915773391724,-2.852538824081421,0.009623050689696822,6.0,sp3-like
mp-13501,-0.3506241142749786,-0.3633848428726196,mp-13501,-0.3506241142749786,-0.3633848428726196,0.012760728597640991,7.0,sp3-like
mp-1025246,-0.588716983795166,-0.6001071929931641,mp-1025246,-0.588716983795166,-0.6001071929931641,0.011390209197998047,6.0,sp3-like
mp-1194090,0.0038540647365152,-0.105336308479309,mp-1194090,0.0038540647365152,-0.105336308479309,0.1091903732158242,2.1666666666666665,sp-like
mp-555711,-0.7240868806838989,-0.6375061273574829,mp-555711,-0.7240868806838989,-0.6375061273574829,0.08658075332641602,4.0,sp3-like
mp-661485,-1.8203344345092771,-1.7141165733337402,mp-661485,-1.8203344345092771,-1.7141165733337402,0.10621786117553689,3.0,sp2-like
mp-567756,-1.628443956375122,-1.539944410324097,mp-567756,-1.628443956375122,-1.539944410324097,0.08849954605102517,2.0,sp-like
mp-1193149,0.1826433688402176,0.2677583694458008,mp-1193149,0.1826433688402176,0.2677583694458008,0.08511500060558319,8.0,sp3-like
mp-1188564,0.0422444604337215,-0.0945683717727661,mp-1188564,0.0422444604337215,-0.0945683717727661,0.1368128322064876,5.0,sp3-like
mp-1206327,-0.3798476159572601,-0.4628608226776123,mp-1206327,-0.3798476159572601,-0.4628608226776123,0.08301320672035223,6.0,sp3-like
mp-1213653,1.3321778774261477,1.3672914505004885,mp-1213653,1.3321778774261477,1.3672914505004885,0.03511357307434082,2.6666666666666665,sp2-like
mp-936302,1.242931246757507,0.0508362054824829,mp-936302,1.242931246757507,0.0508362054824829,1.1920950412750242,3.5714285714285716,sp3-like
mp-1095215,-2.2616782188415527,-2.2426085472106934,mp-1095215,-2.2616782188415527,-2.2426085472106934,0.019069671630859375,3.0,sp2-like
mp-4559,-2.6609344482421875,-2.79856014251709,mp-4559,-2.6609344482421875,-2.79856014251709,0.13762569427490234,3.0,sp2-like
mp-10721,-0.7262924909591675,-0.7807654142379761,mp-10721,-0.7262924909591675,-0.7807654142379761,0.054472923278808594,6.0,sp3-like
mp-1246252,0.064690463244915,0.0789868831634521,mp-1246252,0.064690463244915,0.0789868831634521,0.014296419918537112,2.25,sp-like
mp-28709,0.2854216992855072,0.1667348146438598,mp-28709,0.2854216992855072,0.1667348146438598,0.1186868846416474,3.0,sp2-like
mp-2898759,-0.0717795267701149,-0.1649432182312011,mp-2898759,-0.0717795267701149,-0.1649432182312011,0.09316369146108619,2.3333333333333335,sp-like
mp-14326,-0.288219004869461,-0.2852834463119507,mp-14326,-0.288219004869461,-0.2852834463119507,0.0029355585575103205,6.0,sp3-like
mp-1220098,-0.1957767605781555,-0.1730287075042724,mp-1220098,-0.1957767605781555,-0.1730287075042724,0.022748053073883084,6.0,sp3-like
mp-989461,-0.3183062970638275,-0.2685567140579223,mp-989461,-0.3183062970638275,-0.2685567140579223,0.04974958300590521,2.0,sp-like
mp-21035,-0.7973078489303589,-0.7330995798110962,mp-21035,-0.7973078489303589,-0.7330995798110962,0.0642082691192627,6.0,sp3-like
mp-643367,-1.2429354190826416,-1.2521917819976809,mp-643367,-1.2429354190826416,-1.2521917819976809,0.009256362915039285,6.0,sp3-like
mp-1001608,0.7493088245391846,1.2976198196411133,mp-1001608,0.7493088245391846,1.2976198196411133,0.5483109951019287,2.5416666666666665,sp2-like
mp-1247329,0.1390152275562286,0.2138048410415649,mp-1247329,0.1390152275562286,0.2138048410415649,0.0747896134853363,2.25,sp-like
mp-27693,-0.487129658460617,-0.4862420558929443,mp-27693,-0.487129658460617,-0.4862420558929443,0.0008876025676727295,4.0,sp3-like
mp-1194387,-0.0059042838402092,-0.0211106538772583,mp-1194387,-0.0059042838402092,-0.0211106538772583,0.0152063700370491,6.0,sp3-like
mp-1202076,-1.34122633934021,-1.2354830503463743,mp-1202076,-1.34122633934021,-1.2354830503463743,0.10574328899383567,2.8,sp2-like
mp-1184819,1.4557843208312988,1.7624874114990234,mp-1184819,1.4557843208312988,1.7624874114990234,0.3067030906677246,4.0,sp3-like
mp-1095534,1.1233572959899902,1.5095832347869873,mp-1095534,1.1233572959899902,1.5095832347869873,0.38622593879699707,2.6666666666666665,sp2-like
mp-1191478,-0.0880748778581619,0.0164836645126342,mp-1191478,-0.0880748778581619,0.0164836645126342,0.10455854237079609,6.0,sp3-like
mp-3886,-0.7529605031013489,-0.7923783659934998,mp-3886,-0.7529605031013489,-0.7923783659934998,0.03941786289215088,6.0,sp3-like
mp-1026391,0.3377057015895843,0.3948392868041992,mp-1026391,0.3377057015895843,0.3948392868041992,0.057133585214614924,6.0,sp3-like
mp-1210743,0.8478305339813232,0.7487413883209229,mp-1210743,0.8478305339813232,0.7487413883209229,0.09908914566040039,8.0,sp3-like
mp-1246433,0.1940458267927169,0.0086219310760498,mp-1246433,0.1940458267927169,0.0086219310760498,0.1854238957166671,2.0,sp-like
mp-1096869,0.1178702190518379,0.2023582458496093,mp-1096869,0.1178702190518379,0.2023582458496093,0.0844880267977714,2.732394366197183,sp2-like
mp-1204076,-1.911154627799988,-2.0681302547454834,mp-1204076,-1.911154627799988,-2.0681302547454834,0.15697562694549538,1.0,sp-like
mp-698476,-0.3232896625995636,-0.2920194864273071,mp-698476,-0.3232896625995636,-0.2920194864273071,0.031270176172256525,3.0,sp2-like
mp-1199939,1.0749578475952148,0.8934464454650879,mp-1199939,1.0749578475952148,0.8934464454650879,0.18151140213012695,1.6666666666666667,sp-like
mp-1196274,-0.7582612633705139,-1.0647339820861816,mp-1196274,-0.7582612633705139,-1.0647339820861816,0.3064727187156677,3.0,sp2-like
mp-543017,-0.3482772409915924,-0.4406157732009887,mp-543017,-0.3482772409915924,-0.4406157732009887,0.0923385322093963,5.8,sp3-like
mp-1200524,-0.2859618663787842,-0.2951619625091553,mp-1200524,-0.2859618663787842,-0.2951619625091553,0.009200096130371094,3.0,sp2-like
mp-1214217,0.014631220139563,-0.2229117155075073,mp-1214217,0.014631220139563,-0.2229117155075073,0.2375429356470703,4.0,sp3-like
mp-1220750,-0.5342615246772766,-0.482459545135498,mp-1220750,-0.5342615246772766,-0.482459545135498,0.05180197954177862,6.0,sp3-like
mp-550679,-1.566817283630371,-1.508015751838684,mp-550679,-1.566817283630371,-1.508015751838684,0.05880153179168701,4.0,sp3-like
mp-647708,-0.8893301486968994,-0.6397966146469116,mp-647708,-0.8893301486968994,-0.6397966146469116,0.2495335340499878,2.0,sp-like
mp-1239206,0.2393475323915481,0.3570256233215332,mp-1239206,0.2393475323915481,0.3570256233215332,0.1176780909299851,4.0,sp3-like
mp-1188937,0.8681025505065918,0.6077079772949219,mp-1188937,0.8681025505065918,0.6077079772949219,0.2603945732116699,3.0,sp2-like
mp-30054,0.2566468119621277,0.3803968429565429,mp-30054,0.2566468119621277,0.3803968429565429,0.12375003099441523,2.0,sp-like
mp-505806,0.3476440608501434,0.3375861644744873,mp-505806,0.3476440608501434,0.3375861644744873,0.010057896375656072,6.5,sp3-like
mp-601210,-1.0949747562408447,-1.0918511152267456,mp-601210,-1.0949747562408447,-1.0918511152267456,0.003123641014099121,2.0,sp-like
mp-554840,-0.512794554233551,-0.5060397386550903,mp-554840,-0.512794554233551,-0.5060397386550903,0.006754815578460693,4.0,sp3-like
mp-1220134,-2.5417730808258057,-2.4679341316223145,mp-1220134,-2.5417730808258057,-2.4679341316223145,0.07383894920349121,3.0,sp2-like
mp-880318,-1.4489907026290894,-1.3837357759475708,mp-880318,-1.4489907026290894,-1.3837357759475708,0.06525492668151855,3.0,sp2-like
mp-1220685,-0.1566918194293975,-0.3256595134735107,mp-1220685,-0.1566918194293975,-0.3256595134735107,0.1689676940441132,6.0,sp3-like
mp-610992,0.0688901990652084,0.0195075273513793,mp-610992,0.0688901990652084,0.0195075273513793,0.049382671713829096,2.0,sp-like
mp-1018052,-0.2661457657814026,-0.3290462493896484,mp-1018052,-0.2661457657814026,-0.3290462493896484,0.0629004836082458,7.0,sp3-like
mp-1024989,-0.4866546988487243,-0.443289041519165,mp-1024989,-0.4866546988487243,-0.443289041519165,0.043365657329559326,2.0,sp-like
mp-760546,-1.530070185661316,-1.396787166595459,mp-760546,-1.530070185661316,-1.396787166595459,0.13328301906585693,3.0,sp2-like
mp-1200473,-0.1857463717460632,-0.1320381164550781,mp-1200473,-0.1857463717460632,-0.1320381164550781,0.05370825529098511,3.0,sp2-like
mp-2997,-0.59160977602005,-0.5885531902313232,mp-2997,-0.59160977602005,-0.5885531902313232,0.0030565857887268066,2.0,sp-like
mp-1008661,2.247474908828736,2.697915554046631,mp-1008661,2.247474908828736,2.697915554046631,0.45044064521789506,6.0,sp3-like
mp-1189506,-0.6047013401985168,-0.7392874956130981,mp-1189506,-0.6047013401985168,-0.7392874956130981,0.1345861554145813,6.0,sp3-like
mp-10040,0.1633352190256118,0.1254000663757324,mp-10040,0.1633352190256118,0.1254000663757324,0.0379351526498794,6.0,sp3-like
mp-1101899,-2.0558247566223145,-1.9435465335845947,mp-1101899,-2.0558247566223145,-1.9435465335845947,0.11227822303771973,3.0,sp2-like
mp-1211394,0.2763457298278808,0.5006721019744873,mp-1211394,0.2763457298278808,0.5006721019744873,0.2243263721466065,1.3333333333333333,sp-like
mp-1105868,-1.7986541986465454,-1.778784155845642,mp-1105868,-1.7986541986465454,-1.778784155845642,0.01987004280090332,3.0,sp2-like
mp-1189584,-0.6057499647140503,-0.5524671077728271,mp-1189584,-0.6057499647140503,-0.5524671077728271,0.053282856941223145,6.0,sp3-like
mp-1187218,0.9178754687309264,0.97057843208313,mp-1187218,0.9178754687309264,0.97057843208313,0.05270296335220359,12.0,sp3-like
mp-1217099,-1.1170638799667358,-0.991322100162506,mp-1217099,-1.1170638799667358,-0.991322100162506,0.12574177980422985,6.0,sp3-like
mp-1028169,0.2165929079055786,0.2716951370239258,mp-1028169,0.2165929079055786,0.2716951370239258,0.05510222911834717,4.0,sp3-like
mp-1238834,-0.3578878045082092,-0.4063442945480346,mp-1238834,-0.3578878045082092,-0.4063442945480346,0.04845649003982544,6.0,sp3-like
mp-2015224,-0.3211506307125091,-0.2318532466888427,mp-2015224,-0.3211506307125091,-0.2318532466888427,0.08929738402366641,5.75,sp3-like
mp-675126,-0.2716642618179321,-0.1237534284591674,mp-675126,-0.2716642618179321,-0.1237534284591674,0.14791083335876468,2.0,sp-like
mp-1179193,0.4084570705890655,0.6180400848388672,mp-1179193,0.4084570705890655,0.6180400848388672,0.2095830142498017,1.75,sp-like
mp-546551,-1.6989903450012207,-1.604786396026611,mp-546551,-1.6989903450012207,-1.604786396026611,0.0942039489746096,4.0,sp3-like
mp-2971,-0.1675912588834762,-0.0780079364776611,mp-2971,-0.1675912588834762,-0.0780079364776611,0.0895833224058151,6.0,sp3-like
mp-935266,-0.9460791945457458,0.2534552812576294,mp-935266,-0.9460791945457458,0.2534552812576294,1.1995344758033752,3.0,sp2-like
mp-1203629,-0.3796712160110473,-0.362565279006958,mp-1203629,-0.3796712160110473,-0.362565279006958,0.0171059370040893,3.6666666666666665,sp3-like
mp-1189152,-0.7463356852531433,-0.5331614017486572,mp-1189152,-0.7463356852531433,-0.5331614017486572,0.21317428350448608,3.0,sp2-like
mp-1216627,-0.5810691118240356,-0.4963526725769043,mp-1216627,-0.5810691118240356,-0.4963526725769043,0.08471643924713135,6.0,sp3-like
mp-680372,0.4091499745845794,0.2975212335586548,mp-680372,0.4091499745845794,0.2975212335586548,0.11162874102592463,3.2,sp2-like
mp-1026426,0.4282253682613373,0.5458555221557617,mp-1026426,0.4282253682613373,0.5458555221557617,0.11763015389442444,0.0,sp-like
mp-1193268,-1.3336985111236572,-1.174657106399536,mp-1193268,-1.3336985111236572,-1.174657106399536,0.15904140472412132,3.0,sp2-like
mp-1198558,-1.1877917051315308,-1.1514272689819336,mp-1198558,-1.1877917051315308,-1.1514272689819336,0.03636443614959717,2.0,sp-like
mp-1189517,0.0822612643241882,0.1983373165130615,mp-1189517,0.0822612643241882,0.1983373165130615,0.11607605218887329,6.0,sp3-like
mp-1207937,-0.4045449197292328,-0.3849233388900757,mp-1207937,-0.4045449197292328,-0.3849233388900757,0.019621580839157104,6.0,sp3-like
mp-3346420,-2.3793246746063232,-2.562589168548584,mp-3346420,-2.3793246746063232,-2.562589168548584,0.18326449394226074,3.0,sp2-like
mp-1189002,-0.5550257563591003,-0.5507839918136597,mp-1189002,-0.5550257563591003,-0.5507839918136597,0.004241764545440674,6.0,sp3-like
mp-571402,-0.213337555527687,-0.4445400238037109,mp-571402,-0.213337555527687,-0.4445400238037109,0.2312024682760239,6.4,sp3-like
mp-984728,0.4810252785682678,0.2224922180175781,mp-984728,0.4810252785682678,0.2224922180175781,0.2585330605506897,4.0,sp3-like
mp-765999,-2.2251946926116943,-2.256596565246582,mp-765999,-2.2251946926116943,-2.256596565246582,0.031401872634887695,3.0,sp2-like
mp-1079706,-0.7375664114952087,-0.6913255453109741,mp-1079706,-0.7375664114952087,-0.6913255453109741,0.04624086618423462,6.0,sp3-like
mp-568083,-0.4412376284599304,-0.4380993843078613,mp-568083,-0.4412376284599304,-0.4380993843078613,0.0031382441520691473,2.0,sp-like
mp-552623,-1.5486825704574585,-1.5699433088302612,mp-552623,-1.5486825704574585,-1.5699433088302612,0.021260738372802734,4.0,sp3-like
mp-732352,-1.090778112411499,-1.097930908203125,mp-732352,-1.090778112411499,-1.097930908203125,0.0071527957916259766,2.0,sp-like
mp-1178034,-2.058406114578247,-2.0755114555358887,mp-1178034,-2.058406114578247,-2.0755114555358887,0.0171053409576416,3.0,sp2-like
mp-759142,-1.794525980949402,-1.874516725540161,mp-759142,-1.794525980949402,-1.874516725540161,0.07999074459075883,3.0,sp2-like
mp-1033459,-2.199185371398926,-2.3764069080352783,mp-1033459,-2.199185371398926,-2.3764069080352783,0.17722153663635254,4.0,sp3-like
mp-7167,-0.4322063624858856,-0.3927524089813232,mp-7167,-0.4322063624858856,-0.3927524089813232,0.03945395350456243,6.0,sp3-like
mp-864686,-0.4040927588939667,-0.4115124940872192,mp-864686,-0.4040927588939667,-0.4115124940872192,0.007419735193252508,6.0,sp3-like
mp-762590,-1.8146549463272093,-1.8642551898956297,mp-762590,-1.8146549463272093,-1.8642551898956297,0.04960024356842041,3.0,sp2-like
mp-1197452,1.010012149810791,0.9735291004180908,mp-1197452,1.010012149810791,0.9735291004180908,0.036483049392700195,2.2,sp-like
mp-1200168,-0.2742373645305633,-0.343826413154602,mp-1200168,-0.2742373645305633,-0.343826413154602,0.0695890486240387,4.0,sp3-like
mp-987508,1.56300687789917,-1.5485926866531372,mp-987508,1.56300687789917,-1.5485926866531372,3.111599564552307,6.0,sp3-like
mp-557976,-1.2792227268218994,-1.0547213554382324,mp-557976,-1.2792227268218994,-1.0547213554382324,0.224501371383667,1.0,sp-like
mp-1246400,-0.6664039492607117,-0.6280800104141235,mp-1246400,-0.6664039492607117,-0.6280800104141235,0.038323938846588135,2.0,sp-like
mp-1201027,-2.069264888763428,-2.062479019165039,mp-1201027,-2.069264888763428,-2.062479019165039,0.006785869598389116,3.0,sp2-like
mp-554711,0.0233916360884904,0.0536876916885376,mp-554711,0.0233916360884904,0.0536876916885376,0.030296055600047198,4.0,sp3-like
mp-1218085,-0.323917418718338,-0.4181350469589233,mp-1218085,-0.323917418718338,-0.4181350469589233,0.09421762824058527,6.0,sp3-like
mp-1223532,-2.710583209991455,-2.6137545108795166,mp-1223532,-2.710583209991455,-2.6137545108795166,0.09682869911193848,3.0,sp2-like
mp-1199746,-1.234505534172058,-1.523334503173828,mp-1199746,-1.234505534172058,-1.523334503173828,0.2888289690017698,2.5,sp2-like
mp-9880,-0.5124293565750122,-0.4706933498382568,mp-9880,-0.5124293565750122,-0.4706933498382568,0.04173600673675543,3.0,sp2-like
mp-758832,-1.4208755493164062,-1.3255807161331177,mp-758832,-1.4208755493164062,-1.3255807161331177,0.09529483318328857,3.0,sp2-like
mp-629476,-0.9842178225517272,-0.762610673904419,mp-629476,-0.9842178225517272,-0.762610673904419,0.22160714864730824,2.0,sp-like
mp-1290535,-1.8449472188949585,-1.8629415035247805,mp-1290535,-1.8449472188949585,-1.8629415035247805,0.017994284629822,3.0,sp2-like
mp-22561,-0.2230540513992309,-0.3906242847442627,mp-22561,-0.2230540513992309,-0.3906242847442627,0.1675702333450318,6.0,sp3-like
mp-15661,-0.623887300491333,-0.6333596706390381,mp-15661,-0.623887300491333,-0.6333596706390381,0.009472370147705078,8.0,sp3-like
mp-1217764,-0.8631312847137451,-1.0763182640075684,mp-1217764,-0.8631312847137451,-1.0763182640075684,0.21318697929382324,6.0,sp3-like
mp-1213574,0.6723321080207825,0.6882750988006592,mp-1213574,0.6723321080207825,0.6882750988006592,0.01594299077987671,6.0,sp3-like
mp-571245,-0.0737261623144149,-0.0430165529251098,mp-571245,-0.0737261623144149,-0.0430165529251098,0.030709609389305094,6.0,sp3-like
mp-2232,0.2257986515760421,1.107058048248291,mp-2232,0.2257986515760421,1.107058048248291,0.881259396672249,2.0,sp-like
mp-976876,-0.1839521825313568,-0.0034575462341308,mp-976876,-0.1839521825313568,-0.0034575462341308,0.180494636297226,5.0,sp3-like
mp-697339,-2.4350948333740234,-2.3084850311279297,mp-697339,-2.4350948333740234,-2.3084850311279297,0.12660980224609375,3.0,sp2-like
mp-8062,-0.305777907371521,-0.3554500341415405,mp-8062,-0.305777907371521,-0.3554500341415405,0.04967212677001953,4.0,sp3-like
mp-1009792,0.4538444578647613,0.81365966796875,mp-1009792,0.4538444578647613,0.81365966796875,0.3598152101039887,4.0,sp3-like
mp-570002,0.7655405402183533,1.5398366451263428,mp-570002,0.7655405402183533,1.5398366451263428,0.7742961049079895,4.0,sp3-like
mp-1199577,-0.6825429201126099,-0.6704334020614624,mp-1199577,-0.6825429201126099,-0.6704334020614624,0.012109518051147461,3.142857142857143,sp2-like
mp-1207742,-0.3595215678215027,-0.3406791687011719,mp-1207742,-0.3595215678215027,-0.3406791687011719,0.01884239912033081,6.0,sp3-like
mp-570985,-0.3058959543704986,-0.3547792434692383,mp-570985,-0.3058959543704986,-0.3547792434692383,0.04888328909873968,4.0,sp3-like
mp-1222227,-0.4178153872489929,-0.1985726356506347,mp-1222227,-0.4178153872489929,-0.1985726356506347,0.2192427515983582,6.0,sp3-like
mp-1202089,-1.098931074142456,-1.1461880207061768,mp-1202089,-1.098931074142456,-1.1461880207061768,0.0472569465637207,2.0,sp-like
mp-1221512,0.4289238452911377,0.3715889453887939,mp-1221512,0.4289238452911377,0.3715889453887939,0.057334899902343806,6.0,sp3-like
mp-10351,1.0448501110076904,1.2330646514892578,mp-10351,1.0448501110076904,1.2330646514892578,0.18821454048156738,0.0,sp-like
mp-19818,-0.5313133001327515,-0.6560512781143188,mp-19818,-0.5313133001327515,-0.6560512781143188,0.12473797798156738,6.0,sp3-like
mp-1218024,-0.7767835855484009,-0.7084747552871704,mp-1218024,-0.7767835855484009,-0.7084747552871704,0.06830883026123047,6.0,sp3-like
mp-1246752,0.1115471273660659,0.1734075546264648,mp-1246752,0.1115471273660659,0.1734075546264648,0.06186042726039889,2.0,sp-like
mp-1222084,-1.7066428661346436,-1.6134353876113892,mp-1222084,-1.7066428661346436,-1.6134353876113892,0.0932074785232544,2.0,sp-like
mp-621694,1.2817820310592651,1.017404556274414,mp-621694,1.2817820310592651,1.017404556274414,0.2643774747848511,4.0,sp3-like
mp-10343,-0.6932682991027832,-0.5915143489837646,mp-10343,-0.6932682991027832,-0.5915143489837646,0.10175395011901855,6.0,sp3-like
mp-1195784,-1.2301827669143677,-0.9710227847099304,mp-1195784,-1.2301827669143677,-0.9710227847099304,0.25915998220443726,3.0,sp2-like
mp-1206991,-0.065463401377201,-0.0066578388214111,mp-1206991,-0.065463401377201,-0.0066578388214111,0.0588055625557899,6.0,sp3-like
mp-561310,-2.1566619873046875,-2.089993476867676,mp-561310,-2.1566619873046875,-2.089993476867676,0.06666851043701172,3.0,sp2-like
mp-1214136,-1.358837604522705,-0.9524486660957336,mp-1214136,-1.358837604522705,-0.9524486660957336,0.40638893842697144,2.0,sp-like
mp-13502,-0.3549182116985321,-0.4054462909698486,mp-13502,-0.3549182116985321,-0.4054462909698486,0.05052807927131647,7.0,sp3-like
mp-10041,1.2828235626220703,1.1145825386047363,mp-10041,1.2828235626220703,1.1145825386047363,0.16824102401733398,0.0,sp-like
mp-1215263,-0.5097893476486206,-0.5530263185501099,mp-1215263,-0.5097893476486206,-0.5530263185501099,0.04323697090148926,6.0,sp3-like
mp-1222053,-0.1524664461612701,-0.1157275438308715,mp-1222053,-0.1524664461612701,-0.1157275438308715,0.036738902330398615,7.5,sp3-like
mp-616458,-2.0632331371307373,-2.0563266277313232,mp-616458,-2.0632331371307373,-2.0563266277313232,0.0069065093994140625,3.0,sp2-like
mp-754005,-2.038062334060669,-1.959054470062256,mp-754005,-2.038062334060669,-1.959054470062256,0.07900786399841286,2.0,sp-like
mp-1215031,-1.3470149040222168,-1.129051685333252,mp-1215031,-1.3470149040222168,-1.129051685333252,0.21796321868896484,2.4,sp-like
mp-570697,0.6263428926467896,0.6737747192382812,mp-570697,0.6263428926467896,0.6737747192382812,0.0474318265914917,6.0,sp3-like
mp-1199178,-1.5328950881958008,-1.6724491119384766,mp-1199178,-1.5328950881958008,-1.6724491119384766,0.13955402374267578,2.0,sp-like
mp-1214683,-1.6785712242126465,-2.1001923084259038,mp-1214683,-1.6785712242126465,-2.1001923084259038,0.4216210842132573,2.0,sp-like
mp-1219267,0.2500011324882507,-0.0092283487319946,mp-1219267,0.2500011324882507,-0.0092283487319946,0.25922948122024525,6.0,sp3-like
mp-1217561,-0.2304075062274933,-0.2853096723556518,mp-1217561,-0.2304075062274933,-0.2853096723556518,0.054902166128158514,6.0,sp3-like
mp-1220030,0.332920640707016,0.5399160385131836,mp-1220030,0.332920640707016,0.5399160385131836,0.2069953978061676,1.5,sp-like
mp-1213964,0.1948562413454055,0.229649543762207,mp-1213964,0.1948562413454055,0.229649543762207,0.03479330241680151,2.0,sp-like
mp-1225296,-0.071492038667202,-0.0801647901535034,mp-1225296,-0.071492038667202,-0.0801647901535034,0.008672751486301408,6.0,sp3-like
mp-1197275,-0.0638356655836105,-0.0493503808975219,mp-1197275,-0.0638356655836105,-0.0493503808975219,0.014485284686088604,6.0,sp3-like
mp-1199592,0.5907773375511169,0.4778778553009033,mp-1199592,0.5907773375511169,0.4778778553009033,0.11289948225021362,1.6666666666666667,sp-like
mp-1181700,-0.6266649961471558,-0.6472227573394775,mp-1181700,-0.6266649961471558,-0.6472227573394775,0.020557761192321777,3.0,sp2-like
mp-1214607,0.0330252349376678,-0.0094386339187622,mp-1214607,0.0330252349376678,-0.0094386339187622,0.04246386885643,3.25,sp2-like
mp-567900,-0.0891130492091178,-0.0437252521514892,mp-567900,-0.0891130492091178,-0.0437252521514892,0.045387797057628604,6.0,sp3-like
mp-1229024,-0.1292868107557296,0.0505496263504028,mp-1229024,-0.1292868107557296,0.0505496263504028,0.1798364371061324,3.5,sp3-like
mp-23821,-1.529960870742798,-1.4451308250427246,mp-23821,-1.529960870742798,-1.4451308250427246,0.08483004570007346,2.0,sp-like
mp-1105792,-0.8554079532623291,-0.7650049328804016,mp-1105792,-0.8554079532623291,-0.7650049328804016,0.09040302038192749,6.0,sp3-like
mp-1205543,-0.5006752014160156,-0.5175479650497437,mp-1205543,-0.5006752014160156,-0.5175479650497437,0.016872763633728027,6.0,sp3-like
mp-1219344,-0.0200527440756559,-0.0022517442703247,mp-1219344,-0.0200527440756559,-0.0022517442703247,0.0178009998053312,6.0,sp3-like
mp-20679,0.0307797268033027,0.1011629104614257,mp-20679,0.0307797268033027,0.1011629104614257,0.070383183658123,6.0,sp3-like
mp-1025382,-0.608535647392273,-0.4483742713928222,mp-1025382,-0.608535647392273,-0.4483742713928222,0.16016137599945074,6.0,sp3-like
mp-1218084,-0.3237225711345672,-0.3682564496994018,mp-1218084,-0.3237225711345672,-0.3682564496994018,0.044533878564834595,6.0,sp3-like
mp-697408,-1.037641167640686,-0.952521800994873,mp-697408,-1.037641167640686,-0.952521800994873,0.08511936664581299,2.0,sp-like
mp-542700,-1.652019739151001,-1.6462817192077637,mp-542700,-1.652019739151001,-1.6462817192077637,0.005738019943237305,2.5,sp2-like
mp-28767,-0.5968116521835327,-0.4576948881149292,mp-28767,-0.5968116521835327,-0.4576948881149292,0.13911676406860352,5.428571428571429,sp3-like
mp-759521,-2.081207752227783,-2.1549997329711914,mp-759521,-2.081207752227783,-2.1549997329711914,0.0737919807434082,3.0,sp2-like
mp-622020,0.6246675252914429,0.236297607421875,mp-622020,0.6246675252914429,0.236297607421875,0.38836991786956787,2.0,sp-like
mp-2297,-0.294596254825592,-0.2967610359191894,mp-2297,-0.294596254825592,-0.2967610359191894,0.002164781093597412,6.0,sp3-like
mp-1219429,-2.068808317184448,-1.9188024997711184,mp-1219429,-2.068808317184448,-1.9188024997711184,0.1500058174133294,6.0,sp3-like
mp-1211846,-1.6149109601974487,-1.7062134742736816,mp-1211846,-1.6149109601974487,-1.7062134742736816,0.09130251407623291,2.0,sp-like
mp-571589,0.5189526081085205,0.0025017261505126,mp-571589,0.5189526081085205,0.0025017261505126,0.5164508819580079,6.0,sp3-like
mp-1104050,-0.2803957164287567,-0.3173726797103882,mp-1104050,-0.2803957164287567,-0.3173726797103882,0.03697696328163147,5.666666666666667,sp3-like
mp-1217133,-1.7606080770492554,-1.8235220909118648,mp-1217133,-1.7606080770492554,-1.8235220909118648,0.06291401386260942,6.0,sp3-like
mp-1191449,-2.15863299369812,-2.095132350921631,mp-1191449,-2.15863299369812,-2.095132350921631,0.06350064277648926,2.0,sp-like
mp-647725,-0.8905842900276184,-0.80873042345047,mp-647725,-0.8905842900276184,-0.80873042345047,0.08185386657714844,2.176470588235294,sp-like
mp-1002206,0.4367983639240265,0.4389026165008545,mp-1002206,0.4367983639240265,0.4389026165008545,0.002104252576828003,6.0,sp3-like
mp-624186,-1.0507031679153442,-0.9945447444915771,mp-624186,-1.0507031679153442,-0.9945447444915771,0.05615842342376709,4.333333333333333,sp3-like
mp-1079918,-2.6808576583862305,-2.65065860748291,mp-1079918,-2.6808576583862305,-2.65065860748291,0.030199050903320312,3.0,sp2-like
mp-1021906,0.2901044487953186,0.274338960647583,mp-1021906,0.2901044487953186,0.274338960647583,0.015765488147735596,6.0,sp3-like
mp-1206215,-0.3893247246742248,-0.4023109674453735,mp-1206215,-0.3893247246742248,-0.4023109674453735,0.012986242771148682,6.8,sp3-like
mp-1245468,-0.0291246902197599,-0.0385583639144897,mp-1245468,-0.0291246902197599,-0.0385583639144897,0.009433673694729798,2.25,sp-like
mp-1039719,-2.826282024383545,-2.844193458557129,mp-1039719,-2.826282024383545,-2.844193458557129,0.017911434173583984,6.0,sp3-like
mp-28133,-1.8065723180770876,-1.986181616783142,mp-28133,-1.8065723180770876,-1.986181616783142,0.17960929870605447,6.0,sp3-like
mp-1022207,0.4590447843074798,0.4249014854431152,mp-1022207,0.4590447843074798,0.4249014854431152,0.034143298864364624,8.0,sp3-like
mp-769935,-1.2967395782470703,-1.010307788848877,mp-769935,-1.2967395782470703,-1.010307788848877,0.28643178939819336,3.0,sp2-like
mp-1224387,-0.3289251923561096,-0.3391926288604736,mp-1224387,-0.3289251923561096,-0.3391926288604736,0.010267436504363958,2.0,sp-like
mp-1198519,-0.9121297001838684,-0.8766916990280151,mp-1198519,-0.9121297001838684,-0.8766916990280151,0.03543800115585327,2.0,sp-like
mp-645902,-0.742498517036438,-0.7025899291038513,mp-645902,-0.742498517036438,-0.7025899291038513,0.03990858793258667,2.1,sp-like
mp-2646988,-0.4111389219760895,-0.43771493434906,mp-2646988,-0.4111389219760895,-0.43771493434906,0.026576012372970526,6.0,sp3-like
mp-728970,-1.7901818752288818,-1.866860628128052,mp-728970,-1.7901818752288818,-1.866860628128052,0.07667875289917014,3.0,sp2-like
mp-769558,-1.9625290632247925,-2.058789014816284,mp-769558,-1.9625290632247925,-2.058789014816284,0.0962599515914917,3.0,sp2-like
mp-570156,-0.3607725799083709,-0.5675520896911621,mp-570156,-0.3607725799083709,-0.5675520896911621,0.2067795097827912,5.4,sp3-like
mp-1208144,-0.0985613465309143,-0.0275651216506958,mp-1208144,-0.0985613465309143,-0.0275651216506958,0.0709962248802185,6.0,sp3-like
mp-1032338,-2.11494255065918,-2.2035374641418457,mp-1032338,-2.11494255065918,-2.2035374641418457,0.08859491348266557,6.0,sp3-like
mp-1058887,2.3757195472717285,2.278268337249756,mp-1058887,2.3757195472717285,2.278268337249756,0.09745121002197266,4.0,sp3-like
mp-1188096,-0.7361656427383423,-0.7713200449943542,mp-1188096,-0.7361656427383423,-0.7713200449943542,0.03515440225601196,6.0,sp3-like
mp-1217909,-0.6187642216682434,-0.6033647060394287,mp-1217909,-0.6187642216682434,-0.6033647060394287,0.015399515628814697,6.0,sp3-like
mp-1188514,-0.3848077058792114,-0.2936737537384033,mp-1188514,-0.3848077058792114,-0.2936737537384033,0.0911339521408081,5.0,sp3-like
mp-1208787,-0.0812035053968429,-0.0359793901443481,mp-1208787,-0.0812035053968429,-0.0359793901443481,0.0452241152524948,3.0142857142857142,sp2-like
mp-1203084,1.499832034111023,1.2714004516601562,mp-1203084,1.499832034111023,1.2714004516601562,0.2284315824508667,2.0,sp-like
mp-734141,1.129340887069702,0.708904504776001,mp-734141,1.129340887069702,0.708904504776001,0.42043638229370095,2.0,sp-like
mp-1417806,0.6340817213058472,0.7667257785797119,mp-1417806,0.6340817213058472,0.7667257785797119,0.13264405727386475,2.0,sp-like
mp-20430,1.6554754972457886,1.5444135665893557,mp-20430,1.6554754972457886,1.5444135665893557,0.11106193065643288,0.0,sp-like
mp-1204426,-2.4978673458099365,-2.38667893409729,mp-1204426,-2.4978673458099365,-2.38667893409729,0.11118841171264648,2.0,sp-like
mp-999190,-0.2805590629577636,-0.2973331212997436,mp-999190,-0.2805590629577636,-0.2973331212997436,0.01677405834197998,7.0,sp3-like
mp-1205230,-0.1254468709230423,-0.0485904216766357,mp-1205230,-0.1254468709230423,-0.0485904216766357,0.0768564492464066,3.0,sp2-like
mp-22793,-0.1597494781017303,-0.2000408172607422,mp-22793,-0.1597494781017303,-0.2000408172607422,0.040291339159011896,6.0,sp3-like
mp-510458,-0.0920741558074951,-0.0357588529586792,mp-510458,-0.0920741558074951,-0.0357588529586792,0.056315302848815904,2.25,sp-like
mp-1206820,-0.2268773168325424,-0.2252092361450195,mp-1206820,-0.2268773168325424,-0.2252092361450195,0.0016680806875228882,6.0,sp3-like
mp-1204132,-0.9843716621398926,-1.0512962341308594,mp-1204132,-0.9843716621398926,-1.0512962341308594,0.0669245719909668,2.8,sp2-like
mp-558354,-0.2529213726520538,-0.2052668333053589,mp-558354,-0.2529213726520538,-0.2052668333053589,0.04765453934669489,4.0,sp3-like
mp-554659,-0.2674719393253326,-0.2205406427383422,mp-554659,-0.2674719393253326,-0.2205406427383422,0.046931296586990384,3.6,sp3-like
mp-757212,-2.072731733322144,-2.1790812015533447,mp-757212,-2.072731733322144,-2.1790812015533447,0.10634946823120073,3.0,sp2-like
mp-1213652,-0.3546712696552276,-0.4163426160812378,mp-1213652,-0.3546712696552276,-0.4163426160812378,0.06167134642601019,3.0,sp2-like
mp-1221614,1.800655961036682,1.826843738555908,mp-1221614,1.800655961036682,1.826843738555908,0.026187777519226074,0.0,sp-like
mp-569458,-0.5892040729522705,-0.5352230072021484,mp-569458,-0.5892040729522705,-0.5352230072021484,0.05398106575012207,6.0,sp3-like
mp-9936,-0.1712048649787902,-0.4099477529525757,mp-9936,-0.1712048649787902,-0.4099477529525757,0.23874288797378548,1.0,sp-like
mp-866809,-0.661033034324646,-0.5551314353942871,mp-866809,-0.661033034324646,-0.5551314353942871,0.10590159893035889,3.0,sp2-like
mp-1192781,1.2598985433578491,0.8797380924224854,mp-1192781,1.2598985433578491,0.8797380924224854,0.38016045093536377,1.5,sp-like
mp-3346788,-2.338542222976685,-2.5322251319885254,mp-3346788,-2.338542222976685,-2.5322251319885254,0.19368290901184038,3.0,sp2-like
mp-10853,-0.4909527599811554,-0.4484628438949585,mp-10853,-0.4909527599811554,-0.4484628438949585,0.0424899160861969,3.0,sp2-like
mp-5425,0.2772712111473083,0.3322932720184326,mp-5425,0.2772712111473083,0.3322932720184326,0.05502206087112432,2.0,sp-like
mp-568806,0.0119362827390432,0.1036258935928344,mp-568806,0.0119362827390432,0.1036258935928344,0.09168961085379121,3.0,sp2-like
mp-1211632,1.2845847606658936,1.2427942752838137,mp-1211632,1.2845847606658936,1.2427942752838137,0.041790485382079856,5.0,sp3-like
mp-568591,-1.552324652671814,-1.4880636930465698,mp-568591,-1.552324652671814,-1.4880636930465698,0.06426095962524414,6.0,sp3-like
mp-1201462,-0.4092067778110504,-0.4005637168884277,mp-1201462,-0.4092067778110504,-0.4005637168884277,0.008643060922622736,2.6666666666666665,sp2-like
mp-1219560,-1.7793813943862915,-1.6407325267791748,mp-1219560,-1.7793813943862915,-1.6407325267791748,0.1386488676071167,3.3333333333333335,sp2-like
mp-655027,-1.1404699087142944,-1.1026277542114258,mp-655027,-1.1404699087142944,-1.1026277542114258,0.03784215450286865,3.5,sp3-like
mp-866650,-1.3312512636184692,-1.34537935256958,mp-866650,-1.3312512636184692,-1.34537935256958,0.01412808895111084,4.0,sp3-like
mp-1208388,-0.8753153681755066,-0.5755035877227783,mp-1208388,-0.8753153681755066,-0.5755035877227783,0.29981178045272827,2.0,sp-like
mp-1193668,-0.054055780172348,-0.0193806886672973,mp-1193668,-0.054055780172348,-0.0193806886672973,0.0346750915050507,8.0,sp3-like
mp-1178578,-1.062045335769653,-0.9869295954704284,mp-1178578,-1.062045335769653,-0.9869295954704284,0.07511574029922474,3.0,sp2-like
mp-561433,-2.63092041015625,-2.522427082061768,mp-561433,-2.63092041015625,-2.522427082061768,0.10849332809448198,3.0,sp2-like
mp-1212773,-0.1840854734182357,-1.0563973188400269,mp-1212773,-0.1840854734182357,-1.0563973188400269,0.8723118454217912,2.0,sp-like
mp-1067743,-0.4273154437541961,-0.3079628944396972,mp-1067743,-0.4273154437541961,-0.3079628944396972,0.1193525493144989,7.0,sp3-like
mp-6814,0.0718730837106704,-0.0852534770965576,mp-6814,0.0718730837106704,-0.0852534770965576,0.157126560807228,3.0,sp2-like
mp-1184737,-0.4269972145557403,-0.4732669591903686,mp-1184737,-0.4269972145557403,-0.4732669591903686,0.046269744634628296,6.0,sp3-like
mp-1078791,0.5589609742164612,0.3308362960815429,mp-1078791,0.5589609742164612,0.3308362960815429,0.22812467813491827,4.0,sp3-like
mp-19754,-0.3406106829643249,-0.3115493059158325,mp-19754,-0.3406106829643249,-0.3115493059158325,0.029061377048492376,6.0,sp3-like
mp-1038333,-2.862648725509644,-2.878053665161133,mp-1038333,-2.862648725509644,-2.878053665161133,0.015404939651488814,0.0,sp-like
mp-1211655,-0.3440078496932983,-0.3510416746139526,mp-1211655,-0.3440078496932983,-0.3510416746139526,0.007033824920654297,3.0,sp2-like
mp-29416,-1.871579885482788,-1.9094488620758057,mp-29416,-1.871579885482788,-1.9094488620758057,0.03786897659301758,5.0,sp3-like
mp-1201671,-0.9109400510787964,-0.5519415140151978,mp-1201671,-0.9109400510787964,-0.5519415140151978,0.35899853706359863,1.5,sp-like
mp-672334,-0.865363597869873,-0.844426691532135,mp-672334,-0.865363597869873,-0.844426691532135,0.020936906337738037,2.0,sp-like
mp-1220755,-0.1033617779612541,-0.0617880821228027,mp-1220755,-0.1033617779612541,-0.0617880821228027,0.041573695838451406,6.0,sp3-like
mp-7144,-0.3778601586818695,-0.3049503564834595,mp-7144,-0.3778601586818695,-0.3049503564834595,0.07290980219841003,6.0,sp3-like
mp-1181198,-0.1717789769172668,-0.2038555145263672,mp-1181198,-0.1717789769172668,-0.2038555145263672,0.0320765376091004,3.0,sp2-like
mp-732350,0.6067212820053101,0.5589611530303955,mp-732350,0.6067212820053101,0.5589611530303955,0.04776012897491455,2.0,sp-like
mp-1196435,-0.7745978236198425,-0.7433738112449646,mp-1196435,-0.7745978236198425,-0.7433738112449646,0.03122401237487793,3.0,sp2-like
mp-1017519,1.6669700145721436,2.0053305625915527,mp-1017519,1.6669700145721436,2.0053305625915527,0.3383605480194092,8.0,sp3-like
mp-696986,-1.617378830909729,-1.5487918853759766,mp-696986,-1.617378830909729,-1.5487918853759766,0.06858694553375244,2.0,sp-like
mp-13070,-0.5516312122344971,-0.5641975402832031,mp-13070,-0.5516312122344971,-0.5641975402832031,0.012566328048706055,6.0,sp3-like
mp-624249,0.0606540478765964,0.05975341796875,mp-624249,0.0606540478765964,0.05975341796875,0.0009006299078464022,2.0,sp-like
mp-7586,0.0841833353042602,0.1277410984039306,mp-7586,0.0841833353042602,0.1277410984039306,0.04355776309967041,6.0,sp3-like
mp-1095514,0.2764734029769897,0.4158360958099365,mp-1095514,0.2764734029769897,0.4158360958099365,0.13936269283294683,4.0,sp3-like
mp-505574,-0.0531721003353595,-0.0012038946151733,mp-505574,-0.0531721003353595,-0.0012038946151733,0.0519682057201862,6.0,sp3-like
mp-30057,-0.3613495826721191,-0.3093646764755249,mp-30057,-0.3613495826721191,-0.3093646764755249,0.05198490619659418,2.0,sp-like
mp-1188325,-1.459472417831421,-1.515161633491516,mp-1188325,-1.459472417831421,-1.515161633491516,0.05568921566009499,2.0,sp-like
mp-1246784,0.3873469829559326,0.2766817808151245,mp-1246784,0.3873469829559326,0.2766817808151245,0.1106652021408081,2.0,sp-like
mp-1211756,-2.000054121017456,-1.966844081878662,mp-1211756,-2.000054121017456,-1.966844081878662,0.033210039138793945,3.0,sp2-like
mp-1222904,-0.1716511398553848,-0.2774728536605835,mp-1222904,-0.1716511398553848,-0.2774728536605835,0.1058217138051987,6.0,sp3-like
mp-1210746,0.0712030827999115,0.2501732110977173,mp-1210746,0.0712030827999115,0.2501732110977173,0.1789701282978058,6.0,sp3-like
mp-1247317,0.1407955884933471,0.2685742378234863,mp-1247317,0.1407955884933471,0.2685742378234863,0.12777864933013916,1.75,sp-like
mp-1208799,-0.3948834240436554,-0.3589663505554199,mp-1208799,-0.3948834240436554,-0.3589663505554199,0.035917073488235474,6.2,sp3-like
mp-1024956,-0.5513265132904053,-0.4711333513259887,mp-1024956,-0.5513265132904053,-0.4711333513259887,0.08019316196441656,2.0,sp-like
mp-1099084,0.3669500350952148,0.4411120414733886,mp-1099084,0.3669500350952148,0.4411120414733886,0.07416200637817383,0.0,sp-like
mp-739866,1.5201202630996704,1.1159112453460691,mp-739866,1.5201202630996704,1.1159112453460691,0.4042090177536013,1.875,sp-like
mp-1199812,-0.119628757238388,-0.0371665954589843,mp-1199812,-0.119628757238388,-0.0371665954589843,0.08246216177940371,5.666666666666667,sp3-like
mp-583042,-1.132048726081848,-1.1468634605407717,mp-583042,-1.132048726081848,-1.1468634605407717,0.014814734458923784,6.0,sp3-like
mp-556165,-1.8317809104919436,-1.6431127786636353,mp-556165,-1.8317809104919436,-1.6431127786636353,0.18866813182830833,2.0,sp-like
mp-1190293,-0.2042661905288696,-0.1815987825393676,mp-1190293,-0.2042661905288696,-0.1815987825393676,0.02266740798950201,6.0,sp3-like
mp-1203767,-0.3781830370426178,-0.2567311525344848,mp-1203767,-0.3781830370426178,-0.2567311525344848,0.12145188450813299,6.0,sp3-like
mp-1079046,0.2270403057336807,0.3567876815795898,mp-1079046,0.2270403057336807,0.3567876815795898,0.1297473758459091,4.0,sp3-like
mp-568190,-1.1858835220336914,-1.173224925994873,mp-568190,-1.1858835220336914,-1.173224925994873,0.01265859603881836,6.0,sp3-like
mp-752929,-1.5840438604354858,-1.791782259941101,mp-752929,-1.5840438604354858,-1.791782259941101,0.20773839950561523,3.0,sp2-like
mp-974000,-0.0884202495217323,0.0420165061950683,mp-974000,-0.0884202495217323,0.0420165061950683,0.1304367557168006,6.0,sp3-like
mp-652048,-1.0353093147277832,-0.9195585250854492,mp-652048,-1.0353093147277832,-0.9195585250854492,0.11575078964233398,2.0,sp-like
mp-1196266,-0.1401351392269134,-0.0998756885528564,mp-1196266,-0.1401351392269134,-0.0998756885528564,0.04025945067405699,4.0,sp3-like
mp-680283,-0.9673474431037904,-0.9954360127449036,mp-680283,-0.9673474431037904,-0.9954360127449036,0.02808856964111317,6.0,sp3-like
mp-1184,-0.3132140338420868,-0.336921215057373,mp-1184,-0.3132140338420868,-0.336921215057373,0.0237071812152862,5.0,sp3-like
mp-556783,-2.1659798622131348,-2.1411731243133545,mp-556783,-2.1659798622131348,-2.1411731243133545,0.024806737899780273,3.0,sp2-like
mp-28643,-0.1150878593325614,-0.1452531814575195,mp-28643,-0.1150878593325614,-0.1452531814575195,0.030165322124958108,3.0,sp2-like
mp-1219677,-1.752197265625,-2.172445058822632,mp-1219677,-1.752197265625,-2.172445058822632,0.42024779319763184,2.8,sp2-like
mp-582176,-1.275848150253296,-1.301826238632202,mp-582176,-1.275848150253296,-1.301826238632202,0.025978088378906028,6.0,sp3-like
mp-1209054,-0.4334935843944549,-0.3336833715438843,mp-1209054,-0.4334935843944549,-0.3336833715438843,0.09981021285057062,5.8,sp3-like
mp-1221653,-0.9874888062477112,-0.94252747297287,mp-1221653,-0.9874888062477112,-0.94252747297287,0.0449613332748412,6.0,sp3-like
mp-1220045,0.6289637088775635,0.5666642189025879,mp-1220045,0.6289637088775635,0.5666642189025879,0.062299489974975586,6.0,sp3-like
mp-1203204,-0.2897941172122955,-0.5001174211502075,mp-1203204,-0.2897941172122955,-0.5001174211502075,0.21032330393791204,3.0,sp2-like
mp-1192884,0.0532581023871898,0.1258832216262817,mp-1192884,0.0532581023871898,0.1258832216262817,0.0726251192390919,8.0,sp3-like
mp-570784,-0.647168755531311,-0.6450697183609009,mp-570784,-0.647168755531311,-0.6450697183609009,0.0020990371704101562,5.75,sp3-like
mp-1227102,-0.0887424424290657,-0.0297187566757202,mp-1227102,-0.0887424424290657,-0.0297187566757202,0.0590236857533455,8.0,sp3-like
mp-1216754,-0.7360379695892334,-0.6574802398681641,mp-1216754,-0.7360379695892334,-0.6574802398681641,0.07855772972106934,2.0,sp-like
mp-570727,-0.4363197982311249,-0.3497607707977295,mp-570727,-0.4363197982311249,-0.3497607707977295,0.08655902743339539,2.0,sp-like
mp-1009663,0.7294238209724426,0.7534096240997314,mp-1009663,0.7294238209724426,0.7534096240997314,0.02398580312728882,4.0,sp3-like
mp-1197902,-1.0207955837249756,-0.9813232421875,mp-1197902,-1.0207955837249756,-0.9813232421875,0.039472341537475586,2.5,sp2-like
mp-989468,-0.0675460919737815,-0.0595635175704956,mp-989468,-0.0675460919737815,-0.0595635175704956,0.007982574403285904,4.0,sp3-like
mp-11714,-0.3056454658508301,-0.354356050491333,mp-11714,-0.3056454658508301,-0.354356050491333,0.04871058464050293,4.0,sp3-like
mp-1639828,-1.714397430419922,-1.721880555152893,mp-1639828,-1.714397430419922,-1.721880555152893,0.007483124732970969,3.0,sp2-like
mp-1220407,-0.8012470602989197,-0.8090306520462036,mp-1220407,-0.8012470602989197,-0.8090306520462036,0.0077835917472839355,6.0,sp3-like
mp-1191607,-0.4042478203773498,-0.4769024848937988,mp-1191607,-0.4042478203773498,-0.4769024848937988,0.07265466451644897,5.833333333333333,sp3-like
mp-10102,0.3516380190849304,0.4545178413391113,mp-10102,0.3516380190849304,0.4545178413391113,0.10287982225418085,6.0,sp3-like
mp-1229017,-0.761188268661499,-0.8611413240432739,mp-1229017,-0.761188268661499,-0.8611413240432739,0.0999530553817749,2.0,sp-like
mp-1026798,0.3115440309047699,0.3037953376770019,mp-1026798,0.3115440309047699,0.3037953376770019,0.007748693227768,6.0,sp3-like
mp-1001581,-0.034716360270977,0.2294222116470337,mp-1001581,-0.034716360270977,0.2294222116470337,0.2641385719180107,5.0,sp3-like
mp-1105603,-0.7435827255249023,-0.8662284016609192,mp-1105603,-0.7435827255249023,-0.8662284016609192,0.12264567613601685,6.0,sp3-like
mp-9244,-0.3743080496788025,0.0286122560501098,mp-9244,-0.3743080496788025,0.0286122560501098,0.4029203057289123,3.0,sp2-like
mp-1178711,0.3611181974411011,0.2187411785125732,mp-1178711,0.3611181974411011,0.2187411785125732,0.1423770189285279,3.0,sp2-like
mp-1245714,-0.7849459648132324,-0.7093401551246643,mp-1245714,-0.7849459648132324,-0.7093401551246643,0.07560580968856812,2.5,sp2-like
mp-3347167,-2.2506027221679688,-2.433310508728028,mp-3347167,-2.2506027221679688,-2.433310508728028,0.18270778656005904,3.0,sp2-like
mp-1032692,-2.2590596675872803,-2.256415605545044,mp-1032692,-2.2590596675872803,-2.256415605545044,0.002644062042236328,6.0,sp3-like
mp-1214253,0.028002344071865,0.0761977434158325,mp-1214253,0.028002344071865,0.0761977434158325,0.04819539934396751,3.0,sp2-like
mp-679949,-0.4605191349983215,-0.499004602432251,mp-679949,-0.4605191349983215,-0.499004602432251,0.0384854674339295,3.263157894736842,sp2-like
mp-1202276,-1.6571104526519775,-1.5338724851608276,mp-1202276,-1.6571104526519775,-1.5338724851608276,0.1232379674911499,2.0,sp-like
mp-624397,-0.2741834819316864,-0.3434904813766479,mp-624397,-0.2741834819316864,-0.3434904813766479,0.06930699944496149,4.0,sp3-like
mp-1179214,1.852103352546692,1.7975261211395264,mp-1179214,1.852103352546692,1.7975261211395264,0.05457723140716553,2.0,sp-like
mp-600371,-0.2344380617141723,-0.1984964609146118,mp-600371,-0.2344380617141723,-0.1984964609146118,0.03594160079956052,3.6666666666666665,sp3-like
mp-1181407,-1.975291967391968,-1.7330119609832764,mp-1181407,-1.975291967391968,-1.7330119609832764,0.24228000640869163,2.5,sp2-like
mp-725605,0.1436545550823211,0.1672172546386718,mp-725605,0.1436545550823211,0.1672172546386718,0.02356269955635068,2.0,sp-like
mp-1214977,-0.4691155254840851,-0.3138891458511352,mp-1214977,-0.4691155254840851,-0.3138891458511352,0.15522637963294988,2.75,sp2-like
mp-1196230,-0.791186511516571,-0.9273474216461182,mp-1196230,-0.791186511516571,-0.9273474216461182,0.13616091012954712,3.0,sp2-like
mp-3346526,-2.545307159423828,-2.4804821014404297,mp-3346526,-2.545307159423828,-2.4804821014404297,0.06482505798339844,3.0,sp2-like
mp-1210373,-2.2298836708068848,-2.274819850921631,mp-1210373,-2.2298836708068848,-2.274819850921631,0.044936180114746094,3.0,sp2-like
mp-1246940,0.4751827120780945,0.2010447978973388,mp-1246940,0.4751827120780945,0.2010447978973388,0.27413791418075567,2.0,sp-like
mp-1219701,-0.2993097901344299,-0.1455621719360351,mp-1219701,-0.2993097901344299,-0.1455621719360351,0.15374761819839478,6.0,sp3-like
mp-616541,-0.908660650253296,-0.6969785690307617,mp-616541,-0.908660650253296,-0.6969785690307617,0.2116820812225343,2.0,sp-like
mp-1214198,-1.6999069452285769,-1.833573579788208,mp-1214198,-1.6999069452285769,-1.833573579788208,0.13366663455963113,2.0,sp-like
mp-1198563,-0.881951630115509,-0.6572383642196655,mp-1198563,-0.881951630115509,-0.6572383642196655,0.2247132658958435,4.0,sp3-like
mp-3953,-2.687544345855713,-2.5979442596435547,mp-3953,-2.687544345855713,-2.5979442596435547,0.0896000862121582,3.0,sp2-like
