file_name,predicted_energy_per_atom,formation_energy_per_atom,material_id,true_eform,pred_eform,abs_error,mean_cn,hybridization
mp-1197697.cif,-1.83431875705719,-1.6636993885040283,mp-1197697,-1.6636993885040283,-1.83431875705719,0.17061936855316162,3.0,sp2-like
mp-19754.cif,-0.663908839225769,-0.3406106829643249,mp-19754,-0.3406106829643249,-0.663908839225769,0.32329815626144415,6.0,sp3-like
mp-734582.cif,0.2991015017032623,0.6584704518318176,mp-734582,0.6584704518318176,0.2991015017032623,0.35936895012855535,3.0,sp2-like
mp-2625.cif,-0.6952956318855286,-0.290364533662796,mp-2625,-0.290364533662796,-0.6952956318855286,0.40493109822273254,5.0,sp3-like
mp-758625.cif,-1.7181742191314695,-1.684834361076355,mp-758625,-1.684834361076355,-1.7181742191314695,0.033339858055114524,3.0,sp2-like
mp-1194767.cif,-0.2162205278873443,-0.1385551542043686,mp-1194767,-0.1385551542043686,-0.2162205278873443,0.07766537368297571,3.6666666666666665,sp3-like
mp-571244.cif,-0.5757195353507996,-0.4327984154224396,mp-571244,-0.4327984154224396,-0.5757195353507996,0.14292111992835999,3.1666666666666665,sp2-like
mp-1181996.cif,3.5687472820281982,2.6368207931518555,mp-1181996,2.6368207931518555,3.5687472820281982,0.9319264888763428,4.0,sp3-like
mp-1034591.cif,-2.8417179584503174,-2.5669140815734863,mp-1034591,-2.5669140815734863,-2.8417179584503174,0.27480387687683105,0.0,sp-like
mp-1179666.cif,1.9553451538085935,1.196492314338684,mp-1179666,1.196492314338684,1.9553451538085935,0.7588528394699094,1.5,sp-like
mp-1203337.cif,0.4316989481449127,0.2627068161964416,mp-1203337,0.2627068161964416,0.4316989481449127,0.16899213194847112,3.0,sp2-like
mp-1202349.cif,-0.2700245082378387,-0.2903461754322052,mp-1202349,-0.2903461754322052,-0.2700245082378387,0.02032166719436651,1.5,sp-like
mp-1218639.cif,-2.832770109176636,-2.59928297996521,mp-1218639,-2.59928297996521,-2.832770109176636,0.23348712921142623,3.0,sp2-like
mp-1200004.cif,-2.7122342586517334,-2.52616286277771,mp-1200004,-2.52616286277771,-2.7122342586517334,0.18607139587402344,3.0,sp2-like
mp-739866.cif,1.174953579902649,1.5201202630996704,mp-739866,1.5201202630996704,1.174953579902649,0.3451666831970215,1.875,sp-like
mp-1219568.cif,-1.0393571853637695,-1.2357341051101685,mp-1219568,-1.2357341051101685,-1.0393571853637695,0.19637691974639893,2.0,sp-like
mp-1180486.cif,-0.1943193227052688,-0.1839770525693893,mp-1180486,-0.1839770525693893,-0.1943193227052688,0.010342270135879517,3.0,sp2-like
mp-1032503.cif,-2.3698999881744385,-2.230055809020996,mp-1032503,-2.230055809020996,-2.3698999881744385,0.13984417915344238,6.0,sp3-like
mp-652326.cif,-1.0226423740386963,-0.5700196623802185,mp-652326,-0.5700196623802185,-1.0226423740386963,0.4526227116584778,2.0,sp-like
mp-683660.cif,-0.8850418925285339,-0.8102575540542603,mp-683660,-0.8102575540542603,-0.8850418925285339,0.07478433847427368,2.0,sp-like
mp-1215195.cif,-0.9979100823402404,-0.657386302947998,mp-1215195,-0.657386302947998,-0.9979100823402404,0.3405237793922423,6.0,sp3-like
mp-1229076.cif,0.4147212505340576,-0.1371305137872696,mp-1229076,-0.1371305137872696,0.4147212505340576,0.5518517643213272,2.0,sp-like
mp-1009894.cif,-0.5149891376495361,-0.4004006087779999,mp-1009894,-0.4004006087779999,-0.5149891376495361,0.11458852887153625,4.0,sp3-like
mp-1001606.cif,-0.6053227186203003,-0.284732848405838,mp-1001606,-0.284732848405838,-0.6053227186203003,0.3205898702144623,7.0,sp3-like
mp-1103616.cif,2.085411787033081,1.8053505420684812,mp-1103616,1.8053505420684812,2.085411787033081,0.28006124496459983,2.0,sp-like
mp-567492.cif,-0.3471603393554687,-0.3485240936279297,mp-567492,-0.3485240936279297,-0.3471603393554687,0.001363754272460993,6.0,sp3-like
mp-648264.cif,-0.753078818321228,-0.9262261986732484,mp-648264,-0.9262261986732484,-0.753078818321228,0.17314738035202037,1.9411764705882353,sp-like
mp-995219.cif,-0.3819133341312408,-0.4495340883731842,mp-995219,-0.4495340883731842,-0.3819133341312408,0.06762075424194341,3.0,sp2-like
mp-759318.cif,-1.577111840248108,-1.4661036729812622,mp-759318,-1.4661036729812622,-1.577111840248108,0.1110081672668457,2.0,sp-like
mp-1214506.cif,0.3675394058227539,0.1240294203162193,mp-1214506,0.1240294203162193,0.3675394058227539,0.2435099855065346,3.4,sp2-like
mp-1189096.cif,-0.1586270183324813,-0.2075374126434326,mp-1189096,-0.2075374126434326,-0.1586270183324813,0.04891039431095129,4.0,sp3-like
mp-1220750.cif,-0.5447841882705688,-0.5342615246772766,mp-1220750,-0.5342615246772766,-0.5447841882705688,0.010522663593292236,6.0,sp3-like
mp-562018.cif,-1.249197244644165,-1.1905142068862915,mp-562018,-1.1905142068862915,-1.249197244644165,0.058683037757873535,1.0,sp-like
mp-555541.cif,-0.467978835105896,-0.8559482097625732,mp-555541,-0.8559482097625732,-0.467978835105896,0.38796937465667725,3.0,sp2-like
mp-1203490.cif,0.2616904079914093,0.2905040383338928,mp-1203490,0.2905040383338928,0.2616904079914093,0.02881363034248352,3.0,sp2-like
mp-558982.cif,-1.416885256767273,-1.5708266496658323,mp-558982,-1.5708266496658323,-1.416885256767273,0.15394139289855935,2.5,sp2-like
mp-29536.cif,-0.8865228295326233,-0.7373676300048828,mp-29536,-0.7373676300048828,-0.8865228295326233,0.14915519952774048,4.0,sp3-like
mp-1220685.cif,-0.2939975559711456,-0.1566918194293975,mp-1220685,-0.1566918194293975,-0.2939975559711456,0.13730573654174807,6.0,sp3-like
mp-546920.cif,-1.1874185800552368,-1.3510574102401731,mp-546920,-1.3510574102401731,-1.1874185800552368,0.1636388301849363,1.0,sp-like
mp-1105327.cif,-0.2860203981399536,-0.2431620061397552,mp-1105327,-0.2431620061397552,-0.2860203981399536,0.04285839200019842,6.0,sp3-like
mp-722912.cif,-0.8598589301109314,-0.5499298572540283,mp-722912,-0.5499298572540283,-0.8598589301109314,0.3099290728569031,6.0,sp3-like
mp-1040064.cif,-2.990422248840332,-2.842915773391724,mp-1040064,-2.842915773391724,-2.990422248840332,0.14750647544860795,6.0,sp3-like
mp-1183026.cif,1.6110037565231323,1.118459701538086,mp-1183026,1.118459701538086,1.6110037565231323,0.4925440549850464,3.0,sp2-like
mp-1180014.cif,-0.4795026779174804,-0.4333176016807556,mp-1180014,-0.4333176016807556,-0.4795026779174804,0.0461850762367248,1.9473684210526316,sp-like
mp-1212744.cif,0.3788982331752777,0.8050850629806519,mp-1212744,0.8050850629806519,0.3788982331752777,0.42618682980537415,6.0,sp3-like
mp-1181428.cif,-0.5648769736289978,-0.4000413715839386,mp-1181428,-0.4000413715839386,-0.5648769736289978,0.1648356020450592,6.0,sp3-like
mp-1194133.cif,-0.0789360404014587,-0.3408457040786743,mp-1194133,-0.3408457040786743,-0.0789360404014587,0.26190966367721563,2.0,sp-like
mp-1219074.cif,-0.4767482578754425,-0.3357242941856384,mp-1219074,-0.3357242941856384,-0.4767482578754425,0.14102396368980408,6.0,sp3-like
mp-754005.cif,-2.221435308456421,-2.038062334060669,mp-754005,-2.038062334060669,-2.221435308456421,0.18337297439575195,2.0,sp-like
mp-20661.cif,-0.9093412160873412,-0.6623352766036987,mp-20661,-0.6623352766036987,-0.9093412160873412,0.24700593948364247,6.0,sp3-like
mp-758565.cif,-1.9451079368591309,-1.893531322479248,mp-758565,-1.893531322479248,-1.9451079368591309,0.05157661437988281,3.0,sp2-like
mp-9812.cif,-2.01366925239563,-1.8220148086547847,mp-9812,-1.8220148086547847,-2.01366925239563,0.19165444374084517,3.0,sp2-like
mp-1199463.cif,-0.9474307894706726,-0.8988540172576904,mp-1199463,-0.8988540172576904,-0.9474307894706726,0.04857677221298218,2.0833333333333335,sp-like
mp-1102227.cif,-1.5887792110443115,-1.751911759376526,mp-1102227,-1.751911759376526,-1.5887792110443115,0.16313254833221458,2.0,sp-like
mp-707110.cif,-0.8559027314186096,-0.7078181505203247,mp-707110,-0.7078181505203247,-0.8559027314186096,0.1480845808982849,2.0,sp-like
mp-4798.cif,-0.717258870601654,-0.5009983777999878,mp-4798,-0.5009983777999878,-0.717258870601654,0.21626049280166626,5.666666666666667,sp3-like
mp-1098744.cif,-2.9089479446411133,-2.8387253284454346,mp-1098744,-2.8387253284454346,-2.9089479446411133,0.07022261619567871,6.0,sp3-like
mp-1216474.cif,-0.5877910256385803,-0.4951026141643524,mp-1216474,-0.4951026141643524,-0.5877910256385803,0.0926884114742279,6.0,sp3-like
mp-1568135.cif,-2.020937204360962,-1.9989787340164185,mp-1568135,-1.9989787340164185,-2.020937204360962,0.021958470344543457,3.0,sp2-like
mp-1214172.cif,-0.7528865933418274,-0.8020395040512085,mp-1214172,-0.8020395040512085,-0.7528865933418274,0.049152910709381104,1.0,sp-like
mp-1018048.cif,-0.4716648459434509,-0.2527042031288147,mp-1018048,-0.2527042031288147,-0.4716648459434509,0.21896064281463623,7.0,sp3-like
mp-4249.cif,-1.1628687381744385,-1.2651244401931765,mp-4249,-1.2651244401931765,-1.1628687381744385,0.10225570201873802,2.0,sp-like
mp-554085.cif,-1.81514573097229,-1.6282973289489746,mp-554085,-1.6282973289489746,-1.81514573097229,0.18684840202331543,3.0,sp2-like
mp-2647048.cif,-0.5025373101234436,-0.4698025286197662,mp-2647048,-0.4698025286197662,-0.5025373101234436,0.032734781503677424,6.0,sp3-like
mp-1095030.cif,0.2162680923938751,0.2613164186477661,mp-1095030,0.2613164186477661,0.2162680923938751,0.04504832625389102,4.0,sp3-like
mp-573743.cif,-1.7647206783294678,-1.3865419626235962,mp-573743,-1.3865419626235962,-1.7647206783294678,0.3781787157058716,6.0,sp3-like
mp-1201793.cif,-0.2947581112384796,-0.1997922509908676,mp-1201793,-0.1997922509908676,-0.2947581112384796,0.09496586024761203,4.0,sp3-like
mp-638236.cif,-1.1370291709899902,-1.0883389711380005,mp-638236,-1.0883389711380005,-1.1370291709899902,0.048690199851989746,2.0,sp-like
mp-1207824.cif,-0.6319615840911865,-0.3320797085762024,mp-1207824,-0.3320797085762024,-0.6319615840911865,0.29988187551498413,5.8,sp3-like
mp-6188.cif,-0.9138939380645752,-0.5651810169219971,mp-6188,-0.5651810169219971,-0.9138939380645752,0.3487129211425781,6.0,sp3-like
mp-1077889.cif,1.137623310089111,1.2932254076004028,mp-1077889,1.2932254076004028,1.137623310089111,0.15560209751129173,3.5,sp3-like
mp-5439.cif,0.0862082540988922,-0.2261038720607757,mp-5439,-0.2261038720607757,0.0862082540988922,0.3123121261596679,6.8,sp3-like
mp-698476.cif,-0.29904505610466,-0.3232896625995636,mp-698476,-0.3232896625995636,-0.29904505610466,0.02424460649490362,3.0,sp2-like
mp-568924.cif,-0.8234302401542664,-0.564958930015564,mp-568924,-0.564958930015564,-0.8234302401542664,0.2584713101387024,2.0,sp-like
mp-1224932.cif,-0.1728799045085907,-0.0887526795268058,mp-1224932,-0.0887526795268058,-0.1728799045085907,0.0841272249817849,6.0,sp3-like
mp-1273900.cif,-1.8778215646743772,-1.746461033821106,mp-1273900,-1.746461033821106,-1.8778215646743772,0.13136053085327126,3.0,sp2-like
mp-621092.cif,0.1590559482574463,0.0383703112602233,mp-621092,0.0383703112602233,0.1590559482574463,0.12068563699722298,2.0,sp-like
mp-1196266.cif,-0.3158064782619476,-0.1401351392269134,mp-1196266,-0.1401351392269134,-0.3158064782619476,0.17567133903503418,4.0,sp3-like
mp-557143.cif,-1.6080121994018557,-1.4833446741104126,mp-557143,-1.4833446741104126,-1.6080121994018557,0.1246675252914431,3.0,sp2-like
mp-995201.cif,-1.1024569272994995,-0.8566720485687256,mp-995201,-0.8566720485687256,-1.1024569272994995,0.24578487873077393,6.0,sp3-like
mp-1008523.cif,0.2165856510400772,0.2876161336898803,mp-1008523,0.2876161336898803,0.2165856510400772,0.0710304826498031,4.0,sp3-like
mp-1202609.cif,-0.4542600512504577,-0.3339638710021972,mp-1202609,-0.3339638710021972,-0.4542600512504577,0.1202961802482605,4.0,sp3-like
mp-3347222.cif,-0.0016813706606626,-0.0239705499261617,mp-3347222,-0.0239705499261617,-0.0016813706606626,0.0222891792654991,3.0,sp2-like
mp-7024.cif,-0.5411461591720581,-0.4122985899448395,mp-7024,-0.4122985899448395,-0.5411461591720581,0.12884756922721863,5.0,sp3-like
mp-1205180.cif,-0.7240236401557922,-0.5446521043777466,mp-1205180,-0.5446521043777466,-0.7240236401557922,0.17937153577804565,6.0,sp3-like
mp-998894.cif,0.2363556176424026,0.5168733596801758,mp-998894,0.5168733596801758,0.2363556176424026,0.2805177420377732,4.0,sp3-like
mp-1199462.cif,-1.2011981010437012,-1.0833033323287964,mp-1199462,-1.0833033323287964,-1.2011981010437012,0.11789476871490479,2.0,sp-like
mp-723.cif,0.0368062257766723,-0.070768304169178,mp-723,-0.070768304169178,0.0368062257766723,0.10757452994585029,8.0,sp3-like
mp-558539.cif,-2.3975818157196045,-2.453567743301392,mp-558539,-2.453567743301392,-2.3975818157196045,0.05598592758178755,3.0,sp2-like
mp-619791.cif,-2.534616231918335,-2.3007736206054688,mp-619791,-2.3007736206054688,-2.534616231918335,0.2338426113128662,5.0,sp3-like
mp-1204728.cif,-0.4508385360240936,-0.3131855726242065,mp-1204728,-0.3131855726242065,-0.4508385360240936,0.13765296339988708,6.333333333333333,sp3-like
mp-1228977.cif,0.0517284646630287,0.3289889991283417,mp-1228977,0.3289889991283417,0.0517284646630287,0.27726053446531296,6.0,sp3-like
mp-1080835.cif,-0.6426302790641785,-0.5695347189903259,mp-1080835,-0.5695347189903259,-0.6426302790641785,0.07309556007385254,6.0,sp3-like
mp-558250.cif,-1.138962745666504,-1.0664256811141968,mp-558250,-1.0664256811141968,-1.138962745666504,0.07253706455230713,3.0,sp2-like
mp-1177806.cif,-2.450111389160156,-2.287785768508911,mp-1177806,-2.287785768508911,-2.450111389160156,0.16232562065124467,3.0,sp2-like
mp-1105650.cif,-0.2280129045248031,0.8157196640968323,mp-1105650,0.8157196640968323,-0.2280129045248031,1.0437325686216354,1.0,sp-like
mp-1200737.cif,0.315209686756134,0.8358655571937561,mp-1200737,0.8358655571937561,0.315209686756134,0.5206558704376221,2.25,sp-like
mp-21313.cif,-0.1961257606744766,-0.119667500257492,mp-21313,-0.119667500257492,-0.1961257606744766,0.0764582604169846,6.0,sp3-like
mp-1009878.cif,-0.0093361120671033,0.205763503909111,mp-1009878,0.205763503909111,-0.0093361120671033,0.2150996159762143,8.0,sp3-like
mp-761898.cif,-0.1690477281808853,-0.0539181642234325,mp-761898,-0.0539181642234325,-0.1690477281808853,0.11512956395745279,3.0,sp2-like
mp-1246784.cif,0.5224114656448364,0.3873469829559326,mp-1246784,0.3873469829559326,0.5224114656448364,0.1350644826889038,2.0,sp-like
mp-22120.cif,-0.6899790167808533,-0.4758419096469879,mp-22120,-0.4758419096469879,-0.6899790167808533,0.21413710713386536,6.0,sp3-like
mp-10185.cif,0.2183489352464676,0.1932562440633773,mp-10185,0.1932562440633773,0.2183489352464676,0.025092691183090293,6.0,sp3-like
mp-35327.cif,0.4932390749454498,-0.1352128684520721,mp-35327,-0.1352128684520721,0.4932390749454498,0.6284519433975219,2.0,sp-like
mp-1203312.cif,-0.6126305460929871,-0.6346511244773865,mp-1203312,-0.6346511244773865,-0.6126305460929871,0.022020578384399414,6.0,sp3-like
mp-644101.cif,-0.3708025813102722,-0.3176439702510834,mp-644101,-0.3176439702510834,-0.3708025813102722,0.05315861105918884,4.0,sp3-like
mp-1202855.cif,0.7960261702537537,0.8766387104988098,mp-1202855,0.8766387104988098,0.7960261702537537,0.08061254024505615,2.1,sp-like
mp-1180198.cif,-1.5946552753448486,-1.5275484323501587,mp-1180198,-1.5275484323501587,-1.5946552753448486,0.06710684299468994,2.0,sp-like
mp-1201037.cif,0.0081304777413606,0.0157887656241655,mp-1201037,0.0157887656241655,0.0081304777413606,0.0076582878828049,3.0,sp2-like
mp-1188244.cif,-0.8395993113517761,-0.4718287885189056,mp-1188244,-0.4718287885189056,-0.8395993113517761,0.36777052283287054,6.0,sp3-like
mp-766019.cif,-1.8953988552093504,-1.920326828956604,mp-766019,-1.920326828956604,-1.8953988552093504,0.02492797374725364,3.0,sp2-like
mp-760509.cif,-1.7946829795837402,-1.600897192955017,mp-760509,-1.600897192955017,-1.7946829795837402,0.19378578662872314,3.0,sp2-like
mp-1206001.cif,-0.6619749665260315,-0.4871687293052673,mp-1206001,-0.4871687293052673,-0.6619749665260315,0.17480623722076422,6.0,sp3-like
mp-29357.cif,-2.1841864585876465,-1.999984860420227,mp-29357,-1.999984860420227,-2.1841864585876465,0.18420159816741943,6.0,sp3-like
mp-1034077.cif,-2.605431079864502,-2.4532387256622314,mp-1034077,-2.4532387256622314,-2.605431079864502,0.1521923542022705,6.0,sp3-like
mp-1215592.cif,-1.89153516292572,-1.551848292350769,mp-1215592,-1.551848292350769,-1.89153516292572,0.33968687057495095,6.0,sp3-like
mp-985572.cif,-1.536184787750244,-1.4983421564102173,mp-985572,-1.4983421564102173,-1.536184787750244,0.03784263134002663,2.0,sp-like
mp-7167.cif,-0.6357033252716064,-0.4322063624858856,mp-7167,-0.4322063624858856,-0.6357033252716064,0.20349696278572083,6.0,sp3-like
mp-1209054.cif,-0.4006868302822113,-0.4334935843944549,mp-1209054,-0.4334935843944549,-0.4006868302822113,0.0328067541122436,5.8,sp3-like
mp-1207084.cif,-0.2068520784378051,-0.1752284318208694,mp-1207084,-0.1752284318208694,-0.2068520784378051,0.0316236466169357,6.0,sp3-like
mp-765146.cif,-2.2481894493103027,-2.147097110748291,mp-765146,-2.147097110748291,-2.2481894493103027,0.10109233856201172,3.0,sp2-like
mp-1033459.cif,-2.5399744510650635,-2.199185371398926,mp-1033459,-2.199185371398926,-2.5399744510650635,0.3407890796661377,4.0,sp3-like
mp-697242.cif,-0.5334634780883789,-0.5577684640884399,mp-697242,-0.5577684640884399,-0.5334634780883789,0.024304986000061035,2.5,sp2-like
mp-23733.cif,-1.302584886550903,-1.3357378244400024,mp-23733,-1.3357378244400024,-1.302584886550903,0.03315293788909934,3.0,sp2-like
mp-1016428.cif,0.2840960025787353,0.3998675942420959,mp-1016428,0.3998675942420959,0.2840960025787353,0.1157715916633606,6.0,sp3-like
mp-1196720.cif,-1.457771062850952,-1.5689852237701416,mp-1196720,-1.5689852237701416,-1.457771062850952,0.11121416091918968,2.0,sp-like
mp-1290535.cif,-1.8974618911743164,-1.8449472188949585,mp-1290535,-1.8449472188949585,-1.8974618911743164,0.05251467227935791,3.0,sp2-like
mp-20495.cif,-2.0028889179229736,-2.0387985706329346,mp-20495,-2.0387985706329346,-2.0028889179229736,0.03590965270996094,3.0,sp2-like
mp-762225.cif,-2.5039632320404053,-2.6695423126220703,mp-762225,-2.6695423126220703,-2.5039632320404053,0.16557908058166504,3.0,sp2-like
mp-1245492.cif,-0.0686007738113403,0.2188086509704589,mp-1245492,0.2188086509704589,-0.0686007738113403,0.2874094247817992,2.0,sp-like
mp-15607.cif,-0.4471170008182525,-0.2845703363418579,mp-15607,-0.2845703363418579,-0.4471170008182525,0.1625466644763946,3.0,sp2-like
mp-1079313.cif,-0.6656528115272522,-0.4726186096668243,mp-1079313,-0.4726186096668243,-0.6656528115272522,0.1930342018604279,6.0,sp3-like
mp-568116.cif,-1.2502564191818235,-0.9862497448921204,mp-568116,-0.9862497448921204,-1.2502564191818235,0.26400667428970315,2.0,sp-like
mp-1209204.cif,-1.6276650428771973,-1.2665026187896729,mp-1209204,-1.2665026187896729,-1.6276650428771973,0.3611624240875244,6.0,sp3-like
mp-568966.cif,-0.5854284167289734,-0.4937664270401001,mp-568966,-0.4937664270401001,-0.5854284167289734,0.09166198968887329,3.6,sp3-like
mp-28826.cif,-0.3269044160842895,-0.3275535702705383,mp-28826,-0.3275535702705383,-0.3269044160842895,0.0006491541862487793,6.5,sp3-like
mp-1179087.cif,0.4095758497714996,0.2353333830833435,mp-1179087,0.2353333830833435,0.4095758497714996,0.17424246668815607,3.0,sp2-like
mp-1078325.cif,-0.2344400286674499,0.1475736498832702,mp-1078325,0.1475736498832702,-0.2344400286674499,0.3820136785507201,6.0,sp3-like
mp-29982.cif,-0.8679530024528503,-0.6925912499427795,mp-29982,-0.6925912499427795,-0.8679530024528503,0.1753617525100708,6.0,sp3-like
mp-1246742.cif,0.2853487133979797,0.3996569216251373,mp-1246742,0.3996569216251373,0.2853487133979797,0.11430820822715759,2.0,sp-like
mp-556573.cif,-1.6217941045761108,-1.580231785774231,mp-556573,-1.580231785774231,-1.6217941045761108,0.04156231880187988,2.0,sp-like
mp-640748.cif,-0.8774431347846985,-0.964558482170105,mp-640748,-0.964558482170105,-0.8774431347846985,0.0871153473854065,2.0,sp-like
mp-1193557.cif,-0.8140066266059875,-0.8093605041503906,mp-1193557,-0.8093605041503906,-0.8140066266059875,0.004646122455596924,4.0,sp3-like
mp-1181830.cif,-1.8737367391586304,-1.4823004007339478,mp-1181830,-1.4823004007339478,-1.8737367391586304,0.3914363384246826,1.75,sp-like
mp-647169.cif,-0.0244529079645872,-0.2256782501935959,mp-647169,-0.2256782501935959,-0.0244529079645872,0.20122534222900867,2.4,sp-like
mp-725922.cif,-0.5697844624519348,-0.8647864460945129,mp-725922,-0.8647864460945129,-0.5697844624519348,0.2950019836425781,2.0,sp-like
mp-753598.cif,-2.266427755355835,-2.129866600036621,mp-753598,-2.129866600036621,-2.266427755355835,0.13656115531921387,3.0,sp2-like
mp-5051.cif,-0.5907154679298401,-0.3588587343692779,mp-5051,-0.3588587343692779,-0.5907154679298401,0.2318567335605622,6.0,sp3-like
mp-1194607.cif,-1.3723697662353516,-1.1644395589828491,mp-1194607,-1.1644395589828491,-1.3723697662353516,0.20793020725250244,2.0,sp-like
mp-555646.cif,-1.9649931192398071,-1.7808432579040527,mp-555646,-1.7808432579040527,-1.9649931192398071,0.1841498613357544,2.0,sp-like
mp-10600.cif,-0.3822260797023773,-0.2830682694911957,mp-10600,-0.2830682694911957,-0.3822260797023773,0.09915781021118164,6.0,sp3-like
mp-1194394.cif,-1.5969207286834717,-1.360791563987732,mp-1194394,-1.360791563987732,-1.5969207286834717,0.23612916469573975,3.0,sp2-like
mp-1245820.cif,0.2669098079204559,0.1251784116029739,mp-1245820,0.1251784116029739,0.2669098079204559,0.14173139631748197,4.0,sp3-like
mp-1228936.cif,0.2716634571552276,0.5404917597770691,mp-1228936,0.5404917597770691,0.2716634571552276,0.2688283026218415,6.0,sp3-like
mp-1181049.cif,-1.113151788711548,-0.9026941657066344,mp-1181049,-0.9026941657066344,-1.113151788711548,0.21045762300491366,2.0,sp-like
mp-1204402.cif,-0.7728878855705261,-0.7149645090103149,mp-1204402,-0.7149645090103149,-0.7728878855705261,0.05792337656021118,2.0,sp-like
mp-1036823.cif,-2.803960084915161,-2.8199174404144287,mp-1036823,-2.8199174404144287,-2.803960084915161,0.015957355499267578,6.0,sp3-like
mp-757660.cif,-1.8879315853118896,-1.8166595697402956,mp-757660,-1.8166595697402956,-1.8879315853118896,0.07127201557159402,3.0,sp2-like
mp-1192593.cif,-0.2051314413547516,-0.0682960748672485,mp-1192593,-0.0682960748672485,-0.2051314413547516,0.1368353664875031,6.0,sp3-like
mp-1018629.cif,-0.4384143948554992,-0.2423236221075058,mp-1018629,-0.2423236221075058,-0.4384143948554992,0.1960907727479934,6.0,sp3-like
mp-758383.cif,-1.3955297470092771,-1.440867900848389,mp-758383,-1.440867900848389,-1.3955297470092771,0.04533815383911177,3.0,sp2-like
mp-1245334.cif,-0.2822851836681366,0.0231515038758516,mp-1245334,0.0231515038758516,-0.2822851836681366,0.3054366875439882,2.0,sp-like
mp-550593.cif,-1.9655985832214355,-1.8651456832885744,mp-550593,-1.8651456832885744,-1.9655985832214355,0.1004528999328611,4.0,sp3-like
mp-1031751.cif,-2.460171937942505,-2.0887646675109863,mp-1031751,-2.0887646675109863,-2.460171937942505,0.37140727043151855,4.0,sp3-like
mp-1105430.cif,-1.1874953508377075,-1.1455810070037842,mp-1105430,-1.1455810070037842,-1.1874953508377075,0.04191434383392334,2.0,sp-like
mp-1209156.cif,-1.5949983596801758,-1.483897089958191,mp-1209156,-1.483897089958191,-1.5949983596801758,0.11110126972198486,2.0,sp-like
mp-1206413.cif,0.0667230188846588,-0.3203438520431518,mp-1206413,-0.3203438520431518,0.0667230188846588,0.3870668709278106,6.0,sp3-like
mp-1210942.cif,-0.2302936464548111,-0.1614989638328552,mp-1210942,-0.1614989638328552,-0.2302936464548111,0.0687946826219559,7.5,sp3-like
mp-1034502.cif,-2.8218348026275635,-2.6322927474975586,mp-1034502,-2.6322927474975586,-2.8218348026275635,0.18954205513000488,6.0,sp3-like
mp-15812.cif,0.0157024729996919,-0.1059276238083839,mp-15812,-0.1059276238083839,0.0157024729996919,0.1216300968080758,6.0,sp3-like
mp-541840.cif,-0.4502367377281189,-0.3700226545333862,mp-541840,-0.3700226545333862,-0.4502367377281189,0.08021408319473272,6.0,sp3-like
mp-1147570.cif,0.2125899195671081,0.1402989625930786,mp-1147570,0.1402989625930786,0.2125899195671081,0.07229095697402949,2.0,sp-like
mp-37919.cif,-0.6388468742370605,-0.2395275086164474,mp-37919,-0.2395275086164474,-0.6388468742370605,0.39931936562061315,5.0,sp3-like
mp-1069160.cif,-0.4879311025142669,-0.3700822293758392,mp-1069160,-0.3700822293758392,-0.4879311025142669,0.11784887313842773,6.0,sp3-like
mp-571432.cif,-1.8826258182525637,-1.550940752029419,mp-571432,-1.550940752029419,-1.8826258182525637,0.33168506622314475,5.0,sp3-like
mp-20814.cif,-0.4821337759494781,-0.4013464450836181,mp-20814,-0.4013464450836181,-0.4821337759494781,0.08078733086585999,3.0,sp2-like
mp-1079546.cif,-0.5489720702171326,-0.5623769164085388,mp-1079546,-0.5623769164085388,-0.5489720702171326,0.01340484619140625,6.0,sp3-like
mp-3182.cif,-0.7192884087562561,-0.5463429093360901,mp-3182,-0.5463429093360901,-0.7192884087562561,0.17294549942016602,6.0,sp3-like
mp-569274.cif,-0.7762576341629028,-0.4717043042182922,mp-569274,-0.4717043042182922,-0.7762576341629028,0.30455332994461065,3.1666666666666665,sp2-like
mp-1209101.cif,-0.5041679739952087,-0.416074275970459,mp-1209101,-0.416074275970459,-0.5041679739952087,0.08809369802474976,1.0,sp-like
mp-19756.cif,-0.8480499386787415,-0.5893658399581909,mp-19756,-0.5893658399581909,-0.8480499386787415,0.25868409872055054,2.0,sp-like
mp-1219040.cif,-2.8670742511749268,-2.549074649810791,mp-1219040,-2.549074649810791,-2.8670742511749268,0.31799960136413574,3.0,sp2-like
mp-3346392.cif,-2.748256206512451,-2.545376777648926,mp-3346392,-2.545376777648926,-2.748256206512451,0.2028794288635254,3.0,sp2-like
mp-763588.cif,-1.8317805528640747,-1.8305851221084597,mp-763588,-1.8305851221084597,-1.8317805528640747,0.0011954307556150123,3.0,sp2-like
mp-556777.cif,-2.284069776535034,-2.180851936340332,mp-556777,-2.180851936340332,-2.284069776535034,0.10321784019470215,3.0,sp2-like
mp-675489.cif,0.0454726219177246,-0.115033634006977,mp-675489,-0.115033634006977,0.0454726219177246,0.1605062559247016,4.0,sp3-like
mp-1213428.cif,-0.2199162989854812,-0.0905528962612152,mp-1213428,-0.0905528962612152,-0.2199162989854812,0.129363402724266,6.0,sp3-like
mp-568286.cif,-0.0360985025763511,0.0081888297572731,mp-568286,0.0081888297572731,-0.0360985025763511,0.0442873323336242,3.0,sp2-like
mp-1080729.cif,-0.6285996437072754,-0.6447710990905762,mp-1080729,-0.6447710990905762,-0.6285996437072754,0.01617145538330078,6.0,sp3-like
mp-3346526.cif,-2.7160086631774902,-2.545307159423828,mp-3346526,-2.545307159423828,-2.7160086631774902,0.1707015037536621,3.0,sp2-like
mp-1200938.cif,-0.1562963277101516,0.0237033832818269,mp-1200938,0.0237033832818269,-0.1562963277101516,0.17999971099197848,3.0,sp2-like
mp-1033873.cif,-2.740573644638061,-2.5233819484710693,mp-1033873,-2.5233819484710693,-2.740573644638061,0.21719169616699174,2.0,sp-like
mp-1246589.cif,0.1803866028785705,0.1370922476053238,mp-1246589,0.1370922476053238,0.1803866028785705,0.04329435527324671,2.0,sp-like
mp-1227233.cif,-0.6657585501670837,-0.3192746937274933,mp-1227233,-0.3192746937274933,-0.6657585501670837,0.34648385643959045,6.0,sp3-like
mp-1208465.cif,-1.0638391971588137,-0.8371117115020752,mp-1208465,-0.8371117115020752,-1.0638391971588137,0.2267274856567385,3.0,sp2-like
mp-27919.cif,-1.1938927173614502,-0.8287010192871094,mp-27919,-0.8287010192871094,-1.1938927173614502,0.3651916980743408,6.0,sp3-like
mp-1022081.cif,0.5412881374359131,0.4043623208999634,mp-1022081,0.4043623208999634,0.5412881374359131,0.1369258165359497,8.0,sp3-like
mp-569568.cif,-0.6755062937736511,-0.6346313953399658,mp-569568,-0.6346313953399658,-0.6755062937736511,0.0408748984336853,6.0,sp3-like
mp-569096.cif,-0.3298719823360443,-0.1286524087190628,mp-569096,-0.1286524087190628,-0.3298719823360443,0.2012195736169815,5.666666666666667,sp3-like
mp-1025123.cif,-0.6754120588302612,-0.3793398141860962,mp-1025123,-0.3793398141860962,-0.6754120588302612,0.29607224464416504,6.0,sp3-like
mp-1024975.cif,-0.7599430680274963,-0.7017772197723389,mp-1024975,-0.7017772197723389,-0.7599430680274963,0.05816584825515747,2.0,sp-like
mp-563.cif,1.9580368995666504,1.511879563331604,mp-563,1.511879563331604,1.9580368995666504,0.4461573362350464,5.333333333333333,sp3-like
mp-504477.cif,-1.1181703805923462,-0.8454623818397522,mp-504477,-0.8454623818397522,-1.1181703805923462,0.272707998752594,2.0,sp-like
mp-704489.cif,-0.9502018094062804,-0.7358341813087463,mp-704489,-0.7358341813087463,-0.9502018094062804,0.21436762809753407,2.0,sp-like
mp-1009655.cif,0.2209767699241638,0.6067231297492981,mp-1009655,0.6067231297492981,0.2209767699241638,0.3857463598251343,9.0,sp3-like
mp-1173628.cif,-0.572724461555481,-0.5163841247558594,mp-1173628,-0.5163841247558594,-0.572724461555481,0.05634033679962158,6.0,sp3-like
mp-554072.cif,-1.9889533519744875,-2.1073532104492188,mp-554072,-2.1073532104492188,-1.9889533519744875,0.11839985847473122,3.0,sp2-like
mp-2795.cif,-1.0600240230560305,-1.0136533975601196,mp-2795,-1.0136533975601196,-1.0600240230560305,0.04637062549591087,6.0,sp3-like
mp-30200.cif,-1.6282298564910889,-1.6683508157730105,mp-30200,-1.6683508157730105,-1.6282298564910889,0.04012095928192161,3.0,sp2-like
mp-561205.cif,-1.494967699050903,-1.6389527320861816,mp-561205,-1.6389527320861816,-1.494967699050903,0.14398503303527854,2.5,sp2-like
mp-1246536.cif,0.0238708574324846,0.295275866985321,mp-1246536,0.295275866985321,0.0238708574324846,0.2714050095528364,2.0,sp-like
mp-24714.cif,-1.6538619995117188,-1.4690072536468506,mp-24714,-1.4690072536468506,-1.6538619995117188,0.18485474586486816,2.0,sp-like
mp-758087.cif,-2.484243154525757,-2.1001484394073486,mp-758087,-2.1001484394073486,-2.484243154525757,0.3840947151184082,3.0,sp2-like
mp-5106.cif,-0.6569215655326843,-0.3299050629138946,mp-5106,-0.3299050629138946,-0.6569215655326843,0.32701650261878973,7.0,sp3-like
mp-559331.cif,-1.627959370613098,-1.3555114269256592,mp-559331,-1.3555114269256592,-1.627959370613098,0.27244794368743874,2.0,sp-like
mp-29941.cif,-1.1295894384384155,-0.5190473198890686,mp-29941,-0.5190473198890686,-1.1295894384384155,0.6105421185493469,6.0,sp3-like
mp-1024956.cif,-0.7425647377967834,-0.5513265132904053,mp-1024956,-0.5513265132904053,-0.7425647377967834,0.19123822450637817,2.0,sp-like
mp-1199581.cif,0.4001122713088989,0.1019354164600372,mp-1199581,0.1019354164600372,0.4001122713088989,0.2981768548488617,4.0,sp3-like
mp-1199608.cif,-1.5278698205947876,-1.5748610496520996,mp-1199608,-1.5748610496520996,-1.5278698205947876,0.04699122905731201,2.8,sp2-like
mp-1009820.cif,1.0588332414627075,0.8178256750106812,mp-1009820,0.8178256750106812,1.0588332414627075,0.24100756645202637,4.0,sp3-like
mp-1216853.cif,-0.4340940117835998,-0.2018515467643737,mp-1216853,-0.2018515467643737,-0.4340940117835998,0.2322424650192261,4.0,sp3-like
mp-28833.cif,-0.4972773492336273,-0.2832197844982147,mp-28833,-0.2832197844982147,-0.4972773492336273,0.2140575647354126,5.909090909090909,sp3-like
mp-546707.cif,-1.6679558753967283,-1.715266227722168,mp-546707,-1.715266227722168,-1.6679558753967283,0.047310352325439675,4.0,sp3-like
mp-22015.cif,1.2171895503997805,0.4362574517726898,mp-22015,0.4362574517726898,1.2171895503997805,0.7809320986270907,2.0,sp-like
mp-608206.cif,0.0676900222897529,-0.2120421677827835,mp-608206,-0.2120421677827835,0.0676900222897529,0.2797321900725364,2.0,sp-like
mp-1188861.cif,-0.4544252157211303,-0.5829603672027588,mp-1188861,-0.5829603672027588,-0.4544252157211303,0.12853515148162847,2.0,sp-like
mp-1191563.cif,-2.773538827896118,-2.3322365283966064,mp-1191563,-2.3322365283966064,-2.773538827896118,0.4413022994995117,2.0,sp-like
mp-757999.cif,-2.180823564529419,-2.0929689407348637,mp-757999,-2.0929689407348637,-2.180823564529419,0.08785462379455522,3.0,sp2-like
mp-1217823.cif,-0.6839793920516968,-0.5516983270645142,mp-1217823,-0.5516983270645142,-0.6839793920516968,0.13228106498718262,6.0,sp3-like
mp-1226555.cif,-0.6079445481300354,-0.2799312770366668,mp-1226555,-0.2799312770366668,-0.6079445481300354,0.3280132710933686,6.0,sp3-like
mp-680286.cif,-0.751439094543457,-0.9451799392700196,mp-680286,-0.9451799392700196,-0.751439094543457,0.1937408447265626,2.0,sp-like
mp-1102647.cif,1.1624822616577148,1.1407424211502075,mp-1102647,1.1407424211502075,1.1624822616577148,0.021739840507507324,7.0,sp3-like
mp-707023.cif,-0.5754396915435791,-0.5612341165542603,mp-707023,-0.5612341165542603,-0.5754396915435791,0.014205574989318848,3.0,sp2-like
mp-6916.cif,-0.8295310139656067,-0.5288279056549072,mp-6916,-0.5288279056549072,-0.8295310139656067,0.30070310831069946,3.0,sp2-like
mp-10497.cif,-0.059705302119255,-0.1273216307163238,mp-10497,-0.1273216307163238,-0.059705302119255,0.06761632859706879,5.0,sp3-like
mp-758717.cif,-1.5962237119674685,-1.5415178537368774,mp-758717,-1.5415178537368774,-1.5962237119674685,0.05470585823059104,3.0,sp2-like
mp-1202076.cif,-1.444732904434204,-1.34122633934021,mp-1202076,-1.34122633934021,-1.444732904434204,0.10350656509399414,2.8,sp2-like
mp-1225588.cif,-0.4334258437156677,-0.1913676112890243,mp-1225588,-0.1913676112890243,-0.4334258437156677,0.24205823242664343,6.0,sp3-like
mp-1182542.cif,0.1476574391126632,0.1509415060281753,mp-1182542,0.1509415060281753,0.1476574391126632,0.003284066915512085,2.25,sp-like
mp-1197268.cif,-0.3284361064434051,-0.1808579415082931,mp-1197268,-0.1808579415082931,-0.3284361064434051,0.147578164935112,1.3333333333333333,sp-like
mp-1182715.cif,-1.200197696685791,-1.1093716621398926,mp-1182715,-1.1093716621398926,-1.200197696685791,0.09082603454589844,3.0,sp2-like
mp-28551.cif,-0.040469005703926,-0.1335940510034561,mp-28551,-0.1335940510034561,-0.040469005703926,0.09312504529953008,3.0,sp2-like
mp-600174.cif,-1.512230634689331,-1.4225690364837646,mp-600174,-1.4225690364837646,-1.512230634689331,0.0896615982055664,2.0,sp-like
mp-1021392.cif,0.4079875349998474,0.3976143896579742,mp-1021392,0.3976143896579742,0.4079875349998474,0.010373145341873224,6.0,sp3-like
mp-557940.cif,-2.6079280376434326,-2.546365737915039,mp-557940,-2.546365737915039,-2.6079280376434326,0.061562299728393555,3.0,sp2-like
mp-1096986.cif,-0.0829053968191146,-0.1131453886628151,mp-1096986,-0.1131453886628151,-0.0829053968191146,0.030239991843700492,1.0,sp-like
mp-561834.cif,-1.4226160049438477,-1.558645725250244,mp-561834,-1.558645725250244,-1.4226160049438477,0.13602972030639626,4.0,sp3-like
mp-1197730.cif,-0.4026930034160614,-0.3057710826396942,mp-1197730,-0.3057710826396942,-0.4026930034160614,0.09692192077636719,4.0,sp3-like
mp-11713.cif,-0.4126704633235931,-0.3058550655841827,mp-11713,-0.3058550655841827,-0.4126704633235931,0.1068153977394104,4.0,sp3-like
mp-9167.cif,-1.1349087953567505,-0.9920183420181274,mp-9167,-0.9920183420181274,-1.1349087953567505,0.14289045333862305,2.0,sp-like
mp-726668.cif,0.88045734167099,0.6418213248252869,mp-726668,0.6418213248252869,0.88045734167099,0.23863601684570312,2.4,sp-like
mp-2839.cif,-0.4169273674488067,-0.289388507604599,mp-2839,-0.289388507604599,-0.4169273674488067,0.1275388598442077,6.0,sp3-like
mp-1023247.cif,0.1502118557691574,0.3340502977371216,mp-1023247,0.3340502977371216,0.1502118557691574,0.18383844196796417,6.0,sp3-like
mp-743752.cif,0.2707719504833221,0.3470656871795654,mp-743752,0.3470656871795654,0.2707719504833221,0.07629373669624329,5.666666666666667,sp3-like
mp-1224462.cif,-0.185945987701416,-0.464091420173645,mp-1224462,-0.464091420173645,-0.185945987701416,0.278145432472229,4.0,sp3-like
mp-1545211.cif,-2.069168329238892,-1.4677937030792236,mp-1545211,-1.4677937030792236,-2.069168329238892,0.6013746261596684,3.0,sp2-like
mp-1205734.cif,-0.745599627494812,-0.4544266760349273,mp-1205734,-0.4544266760349273,-0.745599627494812,0.2911729514598847,6.0,sp3-like
mp-1078219.cif,1.5346622467041016,2.3840343952178955,mp-1078219,2.3840343952178955,1.5346622467041016,0.849372148513794,1.0,sp-like
mp-763059.cif,-2.2685816287994385,-2.044740676879883,mp-763059,-2.044740676879883,-2.2685816287994385,0.22384095191955566,3.0,sp2-like
mp-1211517.cif,-2.614325761795044,-2.573716402053833,mp-1211517,-2.573716402053833,-2.614325761795044,0.04060935974121094,3.0,sp2-like
mp-1247204.cif,0.13858562707901,0.1991068124771118,mp-1247204,0.1991068124771118,0.13858562707901,0.06052118539810178,2.0,sp-like
mp-1180042.cif,-0.3610577583312988,-0.2270255237817764,mp-1180042,-0.2270255237817764,-0.3610577583312988,0.13403223454952237,3.0,sp2-like
mp-4079.cif,-0.8547514081001282,-0.6796489953994751,mp-4079,-0.6796489953994751,-0.8547514081001282,0.17510241270065308,6.0,sp3-like
mp-9842.cif,-2.7257096767425537,-2.5559918880462646,mp-9842,-2.5559918880462646,-2.7257096767425537,0.16971778869628906,3.0,sp2-like
mp-1247257.cif,0.4912610948085785,0.34791100025177,mp-1247257,0.34791100025177,0.4912610948085785,0.14335009455680847,2.25,sp-like
mp-1197626.cif,-1.7181036472320557,-1.5766911506652832,mp-1197626,-1.5766911506652832,-1.7181036472320557,0.14141249656677246,3.0,sp2-like
mp-1212079.cif,0.6412999033927917,0.4129290282726288,mp-1212079,0.4129290282726288,0.6412999033927917,0.22837087512016296,2.0,sp-like
mp-862839.cif,-2.075094699859619,-1.7868880033493042,mp-862839,-1.7868880033493042,-2.075094699859619,0.28820669651031494,6.0,sp3-like
mp-1079908.cif,-1.120319962501526,-0.8487985730171204,mp-1079908,-0.8487985730171204,-1.120319962501526,0.27152138948440574,6.0,sp3-like
mp-758191.cif,-1.7710988521575928,-1.8613073825836184,mp-758191,-1.8613073825836184,-1.7710988521575928,0.09020853042602561,3.0,sp2-like
mp-562663.cif,-1.2169549465179443,-0.9762489199638368,mp-562663,-0.9762489199638368,-1.2169549465179443,0.24070602655410755,2.0,sp-like
mp-1218082.cif,-0.268120139837265,-0.1872828006744384,mp-1218082,-0.1872828006744384,-0.268120139837265,0.08083733916282662,6.0,sp3-like
mp-1214179.cif,0.5740748047828674,-0.0386220179498195,mp-1214179,-0.0386220179498195,0.5740748047828674,0.6126968227326869,3.0,sp2-like
mp-561412.cif,-2.955552816390991,-2.680346965789795,mp-561412,-2.680346965789795,-2.955552816390991,0.2752058506011963,3.0,sp2-like
mp-1203505.cif,-1.435811996459961,-1.0983786582946775,mp-1203505,-1.0983786582946775,-1.435811996459961,0.3374333381652834,2.0,sp-like
mp-1246822.cif,0.0893644392490387,0.0158113352954387,mp-1246822,0.0158113352954387,0.0893644392490387,0.0735531039536,2.0,sp-like
mp-1077906.cif,-1.5927455425262451,-1.7614485025405884,mp-1077906,-1.7614485025405884,-1.5927455425262451,0.16870296001434326,2.0,sp-like
mp-1247301.cif,0.3067014217376709,0.3933996856212616,mp-1247301,0.3933996856212616,0.3067014217376709,0.0866982638835907,2.0,sp-like
mp-3070.cif,-2.06764817237854,-2.064169645309448,mp-3070,-2.064169645309448,-2.06764817237854,0.003478527069092241,3.0,sp2-like
mp-2032711.cif,-0.5030626058578491,-0.5721644163131714,mp-2032711,-0.5721644163131714,-0.5030626058578491,0.06910181045532227,2.0,sp-like
mp-725087.cif,1.3466119766235352,1.081002116203308,mp-725087,1.081002116203308,1.3466119766235352,0.26560986042022705,3.0,sp2-like
mp-29655.cif,-0.0460227951407432,-0.1016415730118751,mp-29655,-0.1016415730118751,-0.0460227951407432,0.0556187778711319,4.0,sp3-like
mp-1223298.cif,-0.5338168144226074,-0.1609115004539489,mp-1223298,-0.1609115004539489,-0.5338168144226074,0.37290531396865856,6.0,sp3-like
mp-8475.cif,-0.6593682169914246,-0.3308412134647369,mp-8475,-0.3308412134647369,-0.6593682169914246,0.3285270035266877,6.0,sp3-like
mp-1214051.cif,-3.266562223434448,-2.8926568031311035,mp-1214051,-2.8926568031311035,-3.266562223434448,0.3739054203033443,3.0,sp2-like
mp-1207882.cif,-0.361912727355957,-0.1337780505418777,mp-1207882,-0.1337780505418777,-0.361912727355957,0.22813467681407928,6.0,sp3-like
mp-1227386.cif,0.0754118114709854,0.2906806766986847,mp-1227386,0.2906806766986847,0.0754118114709854,0.21526886522769928,2.0,sp-like
mp-22542.cif,-0.7755005955696106,-0.5580291748046875,mp-22542,-0.5580291748046875,-0.7755005955696106,0.2174714207649231,6.0,sp3-like
mp-1180460.cif,0.7393365502357483,0.4507077038288116,mp-1180460,0.4507077038288116,0.7393365502357483,0.2886288464069367,2.75,sp2-like
mp-976707.cif,-0.5993098616600037,-0.6789156198501587,mp-976707,-0.6789156198501587,-0.5993098616600037,0.07960575819015503,3.0,sp2-like
mp-653602.cif,-0.6669027805328369,-0.9098169803619384,mp-653602,-0.9098169803619384,-0.6669027805328369,0.24291419982910145,2.0,sp-like
mp-554491.cif,-1.715330958366394,-1.5018057823181152,mp-554491,-1.5018057823181152,-1.715330958366394,0.2135251760482788,4.0,sp3-like
mp-1105616.cif,0.9661064743995668,0.4087656736373901,mp-1105616,0.4087656736373901,0.9661064743995668,0.5573408007621767,1.6666666666666667,sp-like
mp-1245918.cif,-0.1257208585739135,0.0495153293013572,mp-1245918,0.0495153293013572,-0.1257208585739135,0.17523618787527068,2.0,sp-like
mp-621024.cif,-2.0178372859954834,-1.5923948287963867,mp-621024,-1.5923948287963867,-2.0178372859954834,0.4254424571990967,6.0,sp3-like
mp-1199783.cif,-0.7929736375808716,-0.9075891971588136,mp-1199783,-0.9075891971588136,-0.7929736375808716,0.114615559577942,2.0,sp-like
mp-1204724.cif,-1.9138801097869875,-1.7326810359954834,mp-1204724,-1.7326810359954834,-1.9138801097869875,0.18119907379150413,2.0,sp-like
mp-1038195.cif,-2.992205619812012,-2.8660054206848145,mp-1038195,-2.8660054206848145,-2.992205619812012,0.1262001991271977,2.0,sp-like
mp-1213220.cif,-1.732656955718994,-1.9050499200820925,mp-1213220,-1.9050499200820925,-1.732656955718994,0.1723929643630986,2.0,sp-like
mp-559469.cif,-2.033101320266724,-1.6906620264053345,mp-559469,-1.6906620264053345,-2.033101320266724,0.3424392938613896,2.0,sp-like
mp-1039636.cif,-2.840812921524048,-2.745980262756348,mp-1039636,-2.745980262756348,-2.840812921524048,0.09483265876769975,6.0,sp3-like
mp-1190608.cif,-0.1881857514381408,-0.08161012083292,mp-1190608,-0.08161012083292,-0.1881857514381408,0.10657563060522081,6.0,sp3-like
mp-1221305.cif,-1.883662700653076,-1.7319698333740234,mp-1221305,-1.7319698333740234,-1.883662700653076,0.1516928672790525,3.0,sp2-like
mp-1071818.cif,-0.7843308448791504,-0.4499125480651855,mp-1071818,-0.4499125480651855,-0.7843308448791504,0.3344182968139649,6.0,sp3-like
mp-582618.cif,-2.084248781204224,-1.7883964776992798,mp-582618,-1.7883964776992798,-2.084248781204224,0.2958523035049443,2.0,sp-like
mp-648289.cif,-0.7573397755622864,-0.9175997972488404,mp-648289,-0.9175997972488404,-0.7573397755622864,0.16026002168655407,2.0,sp-like
mp-21536.cif,-0.2773759067058563,-0.0982685014605522,mp-21536,-0.0982685014605522,-0.2773759067058563,0.1791074052453041,6.0,sp3-like
mp-1025230.cif,-0.2670946419239044,-0.1768150329589843,mp-1025230,-0.1768150329589843,-0.2670946419239044,0.09027960896492013,6.0,sp3-like
mp-1208199.cif,1.6961889266967771,1.29322350025177,mp-1208199,1.29322350025177,1.6961889266967771,0.4029654264450071,3.3333333333333335,sp2-like
mp-572674.cif,-0.5449411273002625,-0.8123157620429993,mp-572674,-0.8123157620429993,-0.5449411273002625,0.2673746347427368,2.0,sp-like
mp-24232.cif,-0.7002872824668884,-0.7618221044540405,mp-24232,-0.7618221044540405,-0.7002872824668884,0.0615348219871521,3.0,sp2-like
mp-1218825.cif,-2.393218755722046,-2.314994096755981,mp-1218825,-2.314994096755981,-2.393218755722046,0.0782246589660649,3.0,sp2-like
mp-1213964.cif,0.4601813852787018,0.1948562413454055,mp-1213964,0.1948562413454055,0.4601813852787018,0.2653251439332963,2.0,sp-like
mp-1219344.cif,0.0205929707735776,-0.0200527440756559,mp-1219344,-0.0200527440756559,0.0205929707735776,0.0406457148492335,6.0,sp3-like
mp-1203538.cif,-1.3882169723510742,-1.249701976776123,mp-1203538,-1.249701976776123,-1.3882169723510742,0.13851499557495117,1.0,sp-like
mp-1188096.cif,-0.8975171446800232,-0.7361656427383423,mp-1188096,-0.7361656427383423,-0.8975171446800232,0.1613515019416809,6.0,sp3-like
mp-758948.cif,-1.852689504623413,-1.6034789085388184,mp-758948,-1.6034789085388184,-1.852689504623413,0.24921059608459473,3.0,sp2-like
mp-1208088.cif,-0.0806527733802795,-0.1780497580766677,mp-1208088,-0.1780497580766677,-0.0806527733802795,0.0973969846963882,2.0,sp-like
mp-1222426.cif,-1.172055721282959,-1.2411319017410278,mp-1222426,-1.2411319017410278,-1.172055721282959,0.06907618045806885,2.0,sp-like
mp-1026782.cif,0.2105093598365783,0.286751925945282,mp-1026782,0.286751925945282,0.2105093598365783,0.07624256610870367,6.0,sp3-like
mp-1207413.cif,-0.938801407814026,-0.7727407813072205,mp-1207413,-0.7727407813072205,-0.938801407814026,0.16606062650680553,6.0,sp3-like
mp-1180959.cif,1.147166132926941,1.3440078496932983,mp-1180959,1.3440078496932983,1.147166132926941,0.19684171676635742,2.5,sp2-like
mp-1227890.cif,-2.053872585296631,-1.7044187784194946,mp-1227890,-1.7044187784194946,-2.053872585296631,0.34945380687713623,2.0,sp-like
mp-1181349.cif,-1.4310152530670166,-1.3098019361495972,mp-1181349,-1.3098019361495972,-1.4310152530670166,0.12121331691741943,2.0,sp-like
mp-4248.cif,-0.6470733880996704,-0.3182675838470459,mp-4248,-0.3182675838470459,-0.6470733880996704,0.3288058042526245,7.0,sp3-like
mp-555946.cif,-2.1620843410491943,-2.1334683895111084,mp-555946,-2.1334683895111084,-2.1620843410491943,0.028615951538085938,3.0,sp2-like
mp-1207812.cif,-0.6401932835578918,-0.3283721804618835,mp-1207812,-0.3283721804618835,-0.6401932835578918,0.31182110309600836,5.8,sp3-like
mp-669435.cif,-2.047594785690308,-1.8986197710037231,mp-669435,-1.8986197710037231,-2.047594785690308,0.14897501468658492,2.0,sp-like
mp-1031643.cif,-2.430011987686157,-2.269182682037353,mp-1031643,-2.269182682037353,-2.430011987686157,0.1608293056488037,4.0,sp3-like
mp-47.cif,0.2701956331729889,0.1394772231578827,mp-47,0.1394772231578827,0.2701956331729889,0.1307184100151062,4.0,sp3-like
mp-1193340.cif,-1.689061999320984,-1.071032166481018,mp-1193340,-1.071032166481018,-1.689061999320984,0.618029832839966,2.0,sp-like
mp-1194953.cif,-2.296761512756348,-2.0547080039978027,mp-1194953,-2.0547080039978027,-2.296761512756348,0.24205350875854537,2.3333333333333335,sp-like
mp-836207.cif,-0.85643070936203,-0.768692672252655,mp-836207,-0.768692672252655,-0.85643070936203,0.087738037109375,2.0,sp-like
mp-1219519.cif,-0.0615217313170433,0.1911892294883728,mp-1219519,0.1911892294883728,-0.0615217313170433,0.2527109608054161,6.0,sp3-like
mp-1105382.cif,-1.5043187141418457,-1.1566461324691772,mp-1105382,-1.1566461324691772,-1.5043187141418457,0.34767258167266846,5.5,sp3-like
mp-1178768.cif,-0.9966794848442078,-0.718193769454956,mp-1178768,-0.718193769454956,-0.9966794848442078,0.2784857153892517,6.0,sp3-like
mp-1179214.cif,1.5323050022125244,1.852103352546692,mp-1179214,1.852103352546692,1.5323050022125244,0.3197983503341675,2.0,sp-like
mp-1219366.cif,-2.9263103008270264,-2.966525793075561,mp-1219366,-2.966525793075561,-2.9263103008270264,0.04021549224853471,1.0,sp-like
mp-6312.cif,-2.378631353378296,-2.3795242309570312,mp-6312,-2.3795242309570312,-2.378631353378296,0.0008928775787353516,3.0,sp2-like
mp-1208153.cif,0.1057333648204803,0.5769709348678589,mp-1208153,0.5769709348678589,0.1057333648204803,0.4712375700473786,2.0,sp-like
mp-1212734.cif,-1.1123639345169067,-0.812980055809021,mp-1212734,-0.812980055809021,-1.1123639345169067,0.29938387870788574,2.0,sp-like
mp-1100152.cif,0.0720504000782966,0.1877019554376602,mp-1100152,0.1877019554376602,0.0720504000782966,0.11565155535936358,5.0,sp3-like
mp-978595.cif,-0.3238853812217712,-0.1914486140012741,mp-978595,-0.1914486140012741,-0.3238853812217712,0.13243676722049708,4.0,sp3-like
mp-8129.cif,0.0885799005627632,-0.0275136455893516,mp-8129,-0.0275136455893516,0.0885799005627632,0.1160935461521148,2.0,sp-like
mp-1079798.cif,0.1241447702050209,0.2398886531591415,mp-1079798,0.2398886531591415,0.1241447702050209,0.11574388295412061,3.0,sp2-like
mp-1026798.cif,0.2762315571308136,0.3115440309047699,mp-1026798,0.3115440309047699,0.2762315571308136,0.0353124737739563,6.0,sp3-like
mp-1279659.cif,-1.8350131511688232,-1.758153200149536,mp-1279659,-1.758153200149536,-1.8350131511688232,0.07685995101928733,3.0,sp2-like
mp-1022713.cif,0.1089391112327575,0.3789616823196411,mp-1022713,0.3789616823196411,0.1089391112327575,0.2700225710868836,4.0,sp3-like
mp-1228641.cif,-0.2703789472579956,-0.2009952217340469,mp-1228641,-0.2009952217340469,-0.2703789472579956,0.0693837255239487,6.0,sp3-like
mp-758508.cif,-1.8285291194915767,-1.836209416389465,mp-758508,-1.836209416389465,-1.8285291194915767,0.007680296897888406,3.0,sp2-like
mp-1211696.cif,-2.727325677871704,-2.314146041870117,mp-1211696,-2.314146041870117,-2.727325677871704,0.4131796360015869,4.0,sp3-like
mp-1103126.cif,-0.4056867063045501,-0.3368038535118103,mp-1103126,-0.3368038535118103,-0.4056867063045501,0.06888285279273981,2.0,sp-like
mp-2646980.cif,0.7796609401702881,0.6426556706428528,mp-2646980,0.6426556706428528,0.7796609401702881,0.1370052695274353,3.3333333333333335,sp2-like
mp-1025174.cif,-0.3489086925983429,-0.2796537280082702,mp-1025174,-0.2796537280082702,-0.3489086925983429,0.06925496459007269,6.0,sp3-like
mp-1222817.cif,-0.4247948825359344,-0.311488926410675,mp-1222817,-0.311488926410675,-0.4247948825359344,0.1133059561252594,6.0,sp3-like
mp-28321.cif,-1.860012769699097,-1.3581963777542114,mp-28321,-1.3581963777542114,-1.860012769699097,0.5018163919448855,6.0,sp3-like
mp-15177.cif,-0.5644581913948059,-0.28179532289505,mp-15177,-0.28179532289505,-0.5644581913948059,0.2826628684997559,5.428571428571429,sp3-like
mp-562815.cif,-1.3282437324523926,-1.5191195011138916,mp-562815,-1.5191195011138916,-1.3282437324523926,0.19087576866149902,4.0,sp3-like
mp-1201032.cif,-0.1016167104244232,-0.0906678438186645,mp-1201032,-0.0906678438186645,-0.1016167104244232,0.010948866605758709,3.0,sp2-like
mp-1202637.cif,-1.6404259204864502,-1.2691092491149902,mp-1202637,-1.2691092491149902,-1.6404259204864502,0.37131667137145996,2.6666666666666665,sp2-like
mp-9267.cif,-0.4348619282245636,-0.277533620595932,mp-9267,-0.277533620595932,-0.4348619282245636,0.1573283076286316,5.5,sp3-like
mp-1222039.cif,-0.5000115633010864,-0.3269484937191009,mp-1222039,-0.3269484937191009,-0.5000115633010864,0.17306306958198553,6.0,sp3-like
mp-696695.cif,-2.3350861072540283,-2.1044585704803467,mp-696695,-2.1044585704803467,-2.3350861072540283,0.23062753677368164,3.0,sp2-like
mp-1197329.cif,0.416092574596405,0.6517714262008667,mp-1197329,0.6517714262008667,0.416092574596405,0.23567885160446173,1.5,sp-like
mp-1214383.cif,-1.1726176738739014,-0.7523453831672668,mp-1214383,-0.7523453831672668,-1.1726176738739014,0.4202722907066345,2.0,sp-like
mp-1201042.cif,-1.2358125448226929,-1.1024904251098633,mp-1201042,-1.1024904251098633,-1.2358125448226929,0.1333221197128296,3.0,sp2-like
mp-567770.cif,-0.4140298664569855,-0.2351980060338974,mp-567770,-0.2351980060338974,-0.4140298664569855,0.17883186042308807,5.0,sp3-like
mp-557251.cif,-0.301228791475296,-0.3309957087039947,mp-557251,-0.3309957087039947,-0.301228791475296,0.029766917228698675,3.0,sp2-like
mp-1215921.cif,-0.597745954990387,-0.1780954599380493,mp-1215921,-0.1780954599380493,-0.597745954990387,0.41965049505233765,6.0,sp3-like
mp-35751.cif,0.1075914204120636,0.1218933910131454,mp-35751,0.1218933910131454,0.1075914204120636,0.014301970601081807,2.0,sp-like
mp-1147763.cif,0.2177760004997253,0.6020976901054382,mp-1147763,0.6020976901054382,0.2177760004997253,0.38432168960571295,5.333333333333333,sp3-like
mp-1221888.cif,-0.1033750176429748,0.0491948351263999,mp-1221888,0.0491948351263999,-0.1033750176429748,0.15256985276937468,6.0,sp3-like
mp-1225760.cif,-1.7828483581542969,-1.3478937149047852,mp-1225760,-1.3478937149047852,-1.7828483581542969,0.4349546432495117,5.5,sp3-like
mp-1181520.cif,0.4530270993709564,0.3128080070018768,mp-1181520,0.3128080070018768,0.4530270993709564,0.14021909236907965,1.5,sp-like
mp-1068389.cif,0.8250990509986877,0.8221461176872253,mp-1068389,0.8221461176872253,0.8250990509986877,0.0029529333114624023,0.0,sp-like
mp-696658.cif,-0.6877579092979431,-0.7780852913856506,mp-696658,-0.7780852913856506,-0.6877579092979431,0.09032738208770752,3.0,sp2-like
mp-1423.cif,-0.3971084952354431,-0.1871698051691055,mp-1423,-0.1871698051691055,-0.3971084952354431,0.2099386900663376,6.0,sp3-like
mp-557375.cif,-2.281290292739868,-2.1657700538635254,mp-557375,-2.1657700538635254,-2.281290292739868,0.11552023887634277,3.0,sp2-like
mp-648157.cif,-0.7936245799064636,-0.953000783920288,mp-648157,-0.953000783920288,-0.7936245799064636,0.15937620401382435,1.9473684210526316,sp-like
mp-1225044.cif,-0.9352363348007202,-0.3186703324317932,mp-1225044,-0.3186703324317932,-0.9352363348007202,0.616566002368927,6.0,sp3-like
mp-28479.cif,-2.2501180171966557,-1.7566485404968262,mp-28479,-1.7566485404968262,-2.2501180171966557,0.49346947669982955,6.0,sp3-like
mp-1034501.cif,-2.6250369548797607,-2.59822154045105,mp-1034501,-2.59822154045105,-2.6250369548797607,0.026815414428710938,6.0,sp3-like
mp-722571.cif,-0.8059144616127014,-0.9016745686531068,mp-722571,-0.9016745686531068,-0.8059144616127014,0.09576010704040538,2.0,sp-like
mp-1219408.cif,-0.4336631000041961,-0.3830453753471374,mp-1219408,-0.3830453753471374,-0.4336631000041961,0.050617724657058716,6.0,sp3-like
mp-1222954.cif,-0.6487736105918884,-0.148927167057991,mp-1222954,-0.148927167057991,-0.6487736105918884,0.4998464435338974,6.0,sp3-like
mp-20808.cif,1.8380651473999023,1.4042996168136597,mp-20808,1.4042996168136597,1.8380651473999023,0.4337655305862427,0.0,sp-like
mp-1190844.cif,-0.063729278743267,0.1351531744003296,mp-1190844,0.1351531744003296,-0.063729278743267,0.1988824531435966,6.0,sp3-like
mp-758633.cif,-1.8429828882217407,-1.7621248960494995,mp-758633,-1.7621248960494995,-1.8429828882217407,0.08085799217224121,3.0,sp2-like
mp-1335998.cif,0.063256099820137,1.3225094079971311,mp-1335998,1.3225094079971311,0.063256099820137,1.259253308176994,1.5625,sp-like
mp-995198.cif,-1.3836679458618164,-1.4501264095306396,mp-995198,-1.4501264095306396,-1.3836679458618164,0.06645846366882324,3.0,sp2-like
mp-1189640.cif,-1.0007226467132568,-0.7452632784843445,mp-1189640,-0.7452632784843445,-1.0007226467132568,0.25545936822891235,6.0,sp3-like
mp-1204260.cif,0.9286800026893616,1.0770504474639893,mp-1204260,1.0770504474639893,0.9286800026893616,0.14837044477462769,1.8571428571428572,sp-like
mp-3347313.cif,-0.0355654656887054,0.0,mp-3347313,0.0,-0.0355654656887054,0.0355654656887054,3.0,sp2-like
mp-1217976.cif,-0.6513735055923462,-0.6053147912025452,mp-1217976,-0.6053147912025452,-0.6513735055923462,0.046058714389801025,6.0,sp3-like
mp-9807.cif,-2.77178168296814,-2.574390411376953,mp-9807,-2.574390411376953,-2.77178168296814,0.19739127159118697,3.0,sp2-like
mp-1207962.cif,-0.4761114418506622,-0.2838288843631744,mp-1207962,-0.2838288843631744,-0.4761114418506622,0.1922825574874878,5.5,sp3-like
mp-1021328.cif,-0.1183733940124511,-0.2555634081363678,mp-1021328,-0.2555634081363678,-0.1183733940124511,0.13719001412391668,4.0,sp3-like
mp-698287.cif,-2.1406311988830566,-1.8173694610595703,mp-698287,-1.8173694610595703,-2.1406311988830566,0.32326173782348633,2.0,sp-like
mp-1017159.cif,0.2604725658893585,0.3898262679576874,mp-1017159,0.3898262679576874,0.2604725658893585,0.12935370206832886,6.0,sp3-like
mp-1207957.cif,-0.0383674427866935,-0.0632997751235961,mp-1207957,-0.0632997751235961,-0.0383674427866935,0.024932332336902598,6.0,sp3-like
mp-1106133.cif,-0.964208483695984,-0.8687554597854614,mp-1106133,-0.8687554597854614,-0.964208483695984,0.09545302391052257,6.0,sp3-like
mp-1194668.cif,-1.3054431676864624,-1.1572575569152832,mp-1194668,-1.1572575569152832,-1.3054431676864624,0.1481856107711792,2.1666666666666665,sp-like
mp-1247302.cif,-0.0083672683686017,-0.0288309901952743,mp-1247302,-0.0288309901952743,-0.0083672683686017,0.020463721826672603,2.0,sp-like
mp-1246489.cif,0.1024209484457969,-0.0183358918875455,mp-1246489,-0.0183358918875455,0.1024209484457969,0.1207568403333424,2.25,sp-like
mp-1195111.cif,-1.847135066986084,-1.787870168685913,mp-1195111,-1.787870168685913,-1.847135066986084,0.0592648983001709,3.0,sp2-like
mp-1228940.cif,-2.547823667526245,-2.573378324508667,mp-1228940,-2.573378324508667,-2.547823667526245,0.025554656982421875,6.0,sp3-like
mp-1228599.cif,-0.3484002947807312,-0.2371336370706558,mp-1228599,-0.2371336370706558,-0.3484002947807312,0.1112666577100754,4.666666666666667,sp3-like
mp-1222229.cif,-0.3523488640785217,-0.1153497844934463,mp-1222229,-0.1153497844934463,-0.3523488640785217,0.23699907958507538,4.0,sp3-like
mp-1209601.cif,0.2921429574489593,-0.0994216278195381,mp-1209601,-0.0994216278195381,0.2921429574489593,0.3915645852684974,2.0,sp-like
mp-1199041.cif,-1.8298885822296145,-1.6768187284469604,mp-1199041,-1.6768187284469604,-1.8298885822296145,0.15306985378265403,3.0,sp2-like
mp-999178.cif,-0.5191829800605774,-0.2061608284711837,mp-999178,-0.2061608284711837,-0.5191829800605774,0.3130221515893937,7.0,sp3-like
mp-1206360.cif,-0.1696039140224456,-0.6206852793693542,mp-1206360,-0.6206852793693542,-0.1696039140224456,0.4510813653469087,6.0,sp3-like
mp-758669.cif,-2.063021421432495,-1.9910311698913572,mp-758669,-1.9910311698913572,-2.063021421432495,0.07199025154113792,3.0,sp2-like
mp-1214417.cif,0.0710377544164657,-0.0817633345723152,mp-1214417,-0.0817633345723152,0.0710377544164657,0.15280108898878092,3.0,sp2-like
mp-1104025.cif,-2.1114697456359863,-1.2913641929626465,mp-1104025,-1.2913641929626465,-2.1114697456359863,0.8201055526733398,2.0,sp-like
mp-1204957.cif,-1.7033145427703855,-1.5058412551879885,mp-1204957,-1.5058412551879885,-1.7033145427703855,0.19747328758239702,2.0,sp-like
mp-1030964.cif,-2.432669878005981,-2.087165594100952,mp-1030964,-2.087165594100952,-2.432669878005981,0.34550428390502885,2.0,sp-like
mp-1079918.cif,-2.906545877456665,-2.6808576583862305,mp-1079918,-2.6808576583862305,-2.906545877456665,0.22568821907043457,3.0,sp2-like
mp-1103144.cif,1.7840617895126345,1.2456847429275513,mp-1103144,1.2456847429275513,1.7840617895126345,0.5383770465850832,3.0,sp2-like
mp-1247322.cif,-0.0594685077667236,0.0904433727264404,mp-1247322,0.0904433727264404,-0.0594685077667236,0.149911880493164,2.0,sp-like
mp-1178046.cif,-1.9439268112182615,-1.9574077129364011,mp-1178046,-1.9574077129364011,-1.9439268112182615,0.013480901718139648,3.0,sp2-like
mp-22087.cif,0.2816977798938751,-0.1286253035068512,mp-22087,-0.1286253035068512,0.2816977798938751,0.4103230834007263,6.0,sp3-like
mp-22310.cif,0.0076255816966295,0.0761729702353477,mp-22310,0.0761729702353477,0.0076255816966295,0.06854738853871821,7.0,sp3-like
mp-1068985.cif,0.1877292692661285,0.4613892436027527,mp-1068985,0.4613892436027527,0.1877292692661285,0.27365997433662415,3.0,sp2-like
mp-1027903.cif,0.247035413980484,0.2967168092727661,mp-1027903,0.2967168092727661,0.247035413980484,0.049681395292282104,0.0,sp-like
mp-29196.cif,0.4263674914836883,0.2506029307842254,mp-29196,0.2506029307842254,0.4263674914836883,0.1757645606994629,1.0,sp-like
mp-1181186.cif,-0.1542208194732666,0.4541933834552765,mp-1181186,0.4541933834552765,-0.1542208194732666,0.6084142029285431,2.0,sp-like
mp-1147562.cif,-0.7229076027870178,-0.334345668554306,mp-1147562,-0.334345668554306,-0.7229076027870178,0.38856193423271185,5.0,sp3-like
mp-753812.cif,-1.8449795246124268,-1.8499901294708248,mp-753812,-1.8499901294708248,-1.8449795246124268,0.005010604858397993,3.0,sp2-like
mp-1201626.cif,-0.4395640790462494,-0.113523855805397,mp-1201626,-0.113523855805397,-0.4395640790462494,0.32604022324085236,6.0,sp3-like
mp-1205551.cif,-0.6541838049888611,-0.5330746173858643,mp-1205551,-0.5330746173858643,-0.6541838049888611,0.12110918760299683,6.0,sp3-like
mp-1181952.cif,1.537376880645752,1.266542911529541,mp-1181952,1.266542911529541,1.537376880645752,0.27083396911621094,2.0,sp-like
mp-762401.cif,-1.694251537322998,-1.638923168182373,mp-762401,-1.638923168182373,-1.694251537322998,0.055328369140625,3.0,sp2-like
mp-1219255.cif,-0.0497704446315765,-0.0772930681705474,mp-1219255,-0.0772930681705474,-0.0497704446315765,0.0275226235389709,6.0,sp3-like
mp-20696.cif,-0.3219674527645111,-0.0239635612815618,mp-20696,-0.0239635612815618,-0.3219674527645111,0.2980038914829493,6.0,sp3-like
mp-1195008.cif,-0.3887403905391693,-0.2566203773021698,mp-1195008,-0.2566203773021698,-0.3887403905391693,0.1321200132369995,4.615384615384615,sp3-like
mp-600152.cif,-0.9667891263961792,-1.1532440185546875,mp-600152,-1.1532440185546875,-0.9667891263961792,0.1864548921585083,1.0,sp-like
mp-1189015.cif,-0.9912527203559875,-0.602735698223114,mp-1189015,-0.602735698223114,-0.9912527203559875,0.38851702213287354,6.0,sp3-like
mp-21017.cif,-0.9248735308647156,-0.5440003871917725,mp-21017,-0.5440003871917725,-0.9248735308647156,0.3808731436729431,6.0,sp3-like
mp-510328.cif,0.4368042051792145,0.5595579743385315,mp-510328,0.5595579743385315,0.4368042051792145,0.12275376915931702,6.333333333333333,sp3-like
mp-1017519.cif,1.6181683540344238,1.6669700145721436,mp-1017519,1.6669700145721436,1.6181683540344238,0.04880166053771973,8.0,sp3-like
mp-1212223.cif,-0.5042100548744202,-0.2769358456134796,mp-1212223,-0.2769358456134796,-0.5042100548744202,0.22727420926094055,6.2727272727272725,sp3-like
mp-600366.cif,-0.2664350271224975,-0.2036264985799789,mp-600366,-0.2036264985799789,-0.2664350271224975,0.06280852854251862,3.3333333333333335,sp2-like
mp-738670.cif,-0.9365419149398804,-0.9191420674324036,mp-738670,-0.9191420674324036,-0.9365419149398804,0.017399847507476807,3.0,sp2-like
mp-1571229.cif,-2.19560980796814,-2.097495555877685,mp-1571229,-2.097495555877685,-2.19560980796814,0.09811425209045499,3.0,sp2-like
mp-1213356.cif,-1.936413049697876,-1.8882105350494385,mp-1213356,-1.8882105350494385,-1.936413049697876,0.0482025146484375,2.0,sp-like
mp-1182577.cif,-1.6433804035186768,-1.838465690612793,mp-1182577,-1.838465690612793,-1.6433804035186768,0.1950852870941162,2.3333333333333335,sp-like
mp-679979.cif,-1.1051005125045776,-0.8685875535011292,mp-679979,-0.8685875535011292,-1.1051005125045776,0.2365129590034485,4.333333333333333,sp3-like
mp-1210790.cif,-0.9933127760887146,-1.2401652336120603,mp-1210790,-1.2401652336120603,-0.9933127760887146,0.24685245752334573,2.0,sp-like
mp-1224333.cif,-0.9750288724899292,-0.7401202917098999,mp-1224333,-0.7401202917098999,-0.9750288724899292,0.2349085807800293,6.0,sp3-like
mp-1197051.cif,0.6431501507759094,0.0735699236392974,mp-1197051,0.0735699236392974,0.6431501507759094,0.569580227136612,3.0,sp2-like
mp-1214177.cif,-1.1829116344451904,-1.0252106189727783,mp-1214177,-1.0252106189727783,-1.1829116344451904,0.1577010154724121,2.5,sp2-like
mp-1079324.cif,-0.2286190688610077,-0.0714897736907005,mp-1079324,-0.0714897736907005,-0.2286190688610077,0.1571292951703072,6.0,sp3-like
mp-1180139.cif,1.2886635065078735,1.026608943939209,mp-1180139,1.026608943939209,1.2886635065078735,0.26205456256866455,3.0,sp2-like
mp-1095514.cif,0.2823375761508941,0.2764734029769897,mp-1095514,0.2764734029769897,0.2823375761508941,0.005864173173904419,4.0,sp3-like
mp-1237215.cif,-0.277174562215805,-0.4322115480899811,mp-1237215,-0.4322115480899811,-0.277174562215805,0.15503698587417608,3.0,sp2-like
mp-7224.cif,-0.373604267835617,-0.3939962983131408,mp-7224,-0.3939962983131408,-0.373604267835617,0.020392030477523804,6.0,sp3-like
mp-1077521.cif,-0.8027676343917847,-0.4180208146572113,mp-1077521,-0.4180208146572113,-0.8027676343917847,0.38474681973457336,6.0,sp3-like
mp-1201838.cif,-1.2439970970153809,-1.341194987297058,mp-1201838,-1.341194987297058,-1.2439970970153809,0.09719789028167725,2.5,sp2-like
mp-1001023.cif,1.0795950889587402,0.8492159843444824,mp-1001023,0.8492159843444824,1.0795950889587402,0.2303791046142578,2.0,sp-like
mp-10706.cif,-0.4037699997425079,-0.3774799406528473,mp-10706,-0.3774799406528473,-0.4037699997425079,0.02629005908966059,6.0,sp3-like
mp-1033892.cif,-2.7603976726531982,-2.592008590698242,mp-1033892,-2.592008590698242,-2.7603976726531982,0.16838908195495605,4.0,sp3-like
mp-558579.cif,-1.2897886037826538,-1.1789034605026243,mp-558579,-1.1789034605026243,-1.2897886037826538,0.11088514328002952,3.0,sp2-like
mp-1206211.cif,0.6061320900917053,0.6969900131225586,mp-1206211,0.6969900131225586,0.6061320900917053,0.09085792303085327,2.3333333333333335,sp-like
mp-1222237.cif,-2.6373438835144043,-2.477940559387207,mp-1222237,-2.477940559387207,-2.6373438835144043,0.15940332412719727,3.0,sp2-like
mp-1205283.cif,0.9989229440689088,0.6993029117584229,mp-1205283,0.6993029117584229,0.9989229440689088,0.29962003231048595,3.1333333333333333,sp2-like
mp-1208401.cif,-0.6435818076133728,-0.8736292719841003,mp-1208401,-0.8736292719841003,-0.6435818076133728,0.23004746437072754,1.3333333333333333,sp-like
mp-23724.cif,-2.017289161682129,-1.8814730644226076,mp-23724,-1.8814730644226076,-2.017289161682129,0.13581609725952126,3.0,sp2-like
mp-1069526.cif,2.2861979007720947,1.6150789260864258,mp-1069526,1.6150789260864258,2.2861979007720947,0.671118974685669,0.0,sp-like
mp-1211163.cif,-0.2694002985954284,-0.1007372215390205,mp-1211163,-0.1007372215390205,-0.2694002985954284,0.16866307705640793,6.0,sp3-like
mp-558013.cif,-1.380144476890564,-1.411699891090393,mp-558013,-1.411699891090393,-1.380144476890564,0.0315554141998291,3.0,sp2-like
mp-1213393.cif,-0.253246009349823,-0.3002125322818756,mp-1213393,-0.3002125322818756,-0.253246009349823,0.04696652293205261,3.0,sp2-like
mp-542769.cif,-1.7865715026855469,-1.577478051185608,mp-542769,-1.577478051185608,-1.7865715026855469,0.20909345149993896,2.0,sp-like
mp-1196181.cif,-0.6825088262557983,-0.5595296621322632,mp-1196181,-0.5595296621322632,-0.6825088262557983,0.12297916412353516,2.375,sp-like
mp-28913.cif,-2.0378401279449463,-2.0112881660461426,mp-28913,-2.0112881660461426,-2.0378401279449463,0.02655196189880371,6.0,sp3-like
mp-570535.cif,-0.1733883768320083,-0.234856441617012,mp-570535,-0.234856441617012,-0.1733883768320083,0.06146806478500369,3.5,sp3-like
mp-1036243.cif,-2.8179852962493896,-2.700429916381836,mp-1036243,-2.700429916381836,-2.8179852962493896,0.11755537986755371,6.0,sp3-like
mp-658943.cif,-0.2828820943832397,-0.1891357600688934,mp-658943,-0.1891357600688934,-0.2828820943832397,0.09374633431434629,3.4,sp2-like
mp-574239.cif,1.4590539932250977,1.3321480751037598,mp-574239,1.3321480751037598,1.4590539932250977,0.1269059181213379,0.0,sp-like
mp-1247547.cif,-1.1629070043563845,-0.984230101108551,mp-1247547,-0.984230101108551,-1.1629070043563845,0.17867690324783347,2.0,sp-like
mp-1207163.cif,-0.7548717856407166,-0.4187192022800445,mp-1207163,-0.4187192022800445,-0.7548717856407166,0.33615258336067205,6.8,sp3-like
mp-20430.cif,1.841444492340088,1.6554754972457886,mp-20430,1.6554754972457886,1.841444492340088,0.18596899509429932,0.0,sp-like
mp-1210274.cif,1.5510928630828855,1.2737910747528076,mp-1210274,1.2737910747528076,1.5510928630828855,0.2773017883300779,8.0,sp3-like
mp-726915.cif,-0.8649377822875977,-0.8598510026931763,mp-726915,-0.8598510026931763,-0.8649377822875977,0.005086779594421387,2.0,sp-like
mp-19777.cif,-0.1465965211391449,-0.7594558596611023,mp-19777,-0.7594558596611023,-0.1465965211391449,0.6128593385219574,6.0,sp3-like
mp-767053.cif,-1.9583334922790527,-1.9391541481018064,mp-767053,-1.9391541481018064,-1.9583334922790527,0.019179344177246316,3.0,sp2-like
mp-1206355.cif,-1.9598815441131592,-2.102792263031006,mp-1206355,-2.102792263031006,-1.9598815441131592,0.14291071891784668,5.0,sp3-like
mp-1222053.cif,-0.2144520729780197,-0.1524664461612701,mp-1222053,-0.1524664461612701,-0.2144520729780197,0.06198562681674957,7.5,sp3-like
mp-1212703.cif,-1.9253231287002563,-1.5433192253112793,mp-1212703,-1.5433192253112793,-1.9253231287002563,0.38200390338897705,3.0,sp2-like
mp-567505.cif,-0.4130384027957916,-0.3058834075927734,mp-567505,-0.3058834075927734,-0.4130384027957916,0.10715499520301824,4.0,sp3-like
mp-30229.cif,-2.130534648895264,-1.899610996246338,mp-30229,-1.899610996246338,-2.130534648895264,0.23092365264892623,6.0,sp3-like
mp-542785.cif,-1.6733002662658691,-1.5072022676467896,mp-542785,-1.5072022676467896,-1.6733002662658691,0.1660979986190796,3.0,sp2-like
mp-1214425.cif,-0.6447327733039856,-0.851580798625946,mp-1214425,-0.851580798625946,-0.6447327733039856,0.20684802532196045,1.5,sp-like
mp-1195014.cif,-1.3574925661087036,-1.6187551021575928,mp-1195014,-1.6187551021575928,-1.3574925661087036,0.26126253604888916,2.5,sp2-like
mp-646122.cif,0.4083456099033355,0.2433970719575882,mp-646122,0.2433970719575882,0.4083456099033355,0.16494853794574732,3.15,sp2-like
mp-571003.cif,-0.0284875389188528,0.013844926841557,mp-571003,0.013844926841557,-0.0284875389188528,0.0423324657604098,3.0,sp2-like
mp-1199592.cif,0.421597957611084,0.5907773375511169,mp-1199592,0.5907773375511169,0.421597957611084,0.16917937994003296,1.6666666666666667,sp-like
mp-8127.cif,-2.23047423362732,-2.263282299041748,mp-8127,-2.263282299041748,-2.23047423362732,0.03280806541442827,3.0,sp2-like
mp-1188736.cif,-0.91164630651474,-1.1776955127716064,mp-1188736,-1.1776955127716064,-0.91164630651474,0.26604920625686646,2.0,sp-like
mp-1225209.cif,-0.1140953302383422,-0.0346144586801528,mp-1225209,-0.0346144586801528,-0.1140953302383422,0.07948087155818939,6.0,sp3-like
mp-935266.cif,-0.9273859858512878,-0.9460791945457458,mp-935266,-0.9460791945457458,-0.9273859858512878,0.018693208694458008,3.0,sp2-like
mp-571510.cif,-0.523513674736023,-0.3494478464126587,mp-571510,-0.3494478464126587,-0.523513674736023,0.17406582832336426,6.0,sp3-like
mp-780774.cif,-2.223317861557007,-2.0247344970703125,mp-780774,-2.0247344970703125,-2.223317861557007,0.19858336448669434,3.0,sp2-like
mp-1033488.cif,-2.46941351890564,-2.2297377586364746,mp-1033488,-2.2297377586364746,-2.46941351890564,0.23967576026916548,0.0,sp-like
mp-1210339.cif,1.4859764575958252,1.721863031387329,mp-1210339,1.721863031387329,1.4859764575958252,0.2358865737915039,2.0,sp-like
mp-1208034.cif,-0.5945382118225098,-0.1543417870998382,mp-1208034,-0.1543417870998382,-0.5945382118225098,0.44019642472267156,7.0,sp3-like
mp-550320.cif,-1.99894380569458,-2.054330825805664,mp-550320,-2.054330825805664,-1.99894380569458,0.055387020111083984,4.0,sp3-like
mp-1191607.cif,-0.6662151217460632,-0.4042478203773498,mp-1191607,-0.4042478203773498,-0.6662151217460632,0.26196730136871343,5.833333333333333,sp3-like
mp-1029602.cif,-1.2343027591705322,-0.933331310749054,mp-1029602,-0.933331310749054,-1.2343027591705322,0.30097144842147827,2.0,sp-like
mp-1190824.cif,0.4649412930011749,0.9005261659622192,mp-1190824,0.9005261659622192,0.4649412930011749,0.4355848729610443,2.0,sp-like
mp-1190934.cif,-0.599391758441925,-0.411295086145401,mp-1190934,-0.411295086145401,-0.599391758441925,0.18809667229652405,5.833333333333333,sp3-like
mp-1103408.cif,0.0512437894940376,0.0995443165302276,mp-1103408,0.0995443165302276,0.0512437894940376,0.048300527036190005,4.0,sp3-like
mp-554928.cif,-0.68879234790802,-0.7483184933662415,mp-554928,-0.7483184933662415,-0.68879234790802,0.059526145458221436,4.0,sp3-like
mp-1196757.cif,-0.1675362735986709,-0.187023639678955,mp-1196757,-0.187023639678955,-0.1675362735986709,0.01948736608028409,1.5,sp-like
mp-1202794.cif,-0.2818656265735626,-0.1938304007053375,mp-1202794,-0.1938304007053375,-0.2818656265735626,0.08803522586822513,4.0,sp3-like
mp-6982.cif,-0.7973435521125793,-0.5773872137069702,mp-6982,-0.5773872137069702,-0.7973435521125793,0.21995633840560913,2.0,sp-like
mp-1180510.cif,0.3078805804252624,0.459218680858612,mp-1180510,0.459218680858612,0.3078805804252624,0.1513381004333496,2.0,sp-like
mp-561891.cif,2.4161858558654785,2.1906652450561523,mp-561891,2.1906652450561523,2.4161858558654785,0.22552061080932617,2.0,sp-like
mp-752765.cif,-2.0742781162261963,-1.9983950853347776,mp-752765,-1.9983950853347776,-2.0742781162261963,0.07588303089141868,3.0,sp2-like
mp-1223605.cif,-2.305670022964477,-2.2045838832855225,mp-1223605,-2.2045838832855225,-2.305670022964477,0.10108613967895463,5.0,sp3-like
mp-1097791.cif,-0.2864443361759186,-0.2112424969673156,mp-1097791,-0.2112424969673156,-0.2864443361759186,0.07520183920860299,2.0,sp-like
mp-1201671.cif,-0.9897118806838988,-0.9109400510787964,mp-1201671,-0.9109400510787964,-0.9897118806838988,0.07877182960510243,1.5,sp-like
mp-1179958.cif,1.0936038494110107,1.0079760551452637,mp-1179958,1.0079760551452637,1.0936038494110107,0.08562779426574707,2.0,sp-like
mp-1001789.cif,0.5759814977645874,0.5319193601608276,mp-1001789,0.5319193601608276,0.5759814977645874,0.044062137603759766,4.0,sp3-like
mp-1216139.cif,-1.5507280826568604,-1.0345759391784668,mp-1216139,-1.0345759391784668,-1.5507280826568604,0.5161521434783936,6.0,sp3-like
mp-734199.cif,-0.7431405782699585,-0.6410677433013916,mp-734199,-0.6410677433013916,-0.7431405782699585,0.1020728349685669,2.0,sp-like
mp-1217730.cif,0.0373780876398086,-0.0309434086084365,mp-1217730,-0.0309434086084365,0.0373780876398086,0.0683214962482451,6.0,sp3-like
mp-698158.cif,-1.258976936340332,-1.2726396322250366,mp-698158,-1.2726396322250366,-1.258976936340332,0.01366269588470459,1.0,sp-like
mp-27769.cif,-0.5920442938804626,-0.5797595381736755,mp-27769,-0.5797595381736755,-0.5920442938804626,0.01228475570678711,6.0,sp3-like
mp-2647017.cif,0.0728821456432342,0.1775719970464706,mp-2647017,0.1775719970464706,0.0728821456432342,0.10468985140323639,3.0,sp2-like
mp-1087519.cif,0.0291640032082796,-0.2564934194087982,mp-1087519,-0.2564934194087982,0.0291640032082796,0.2856574226170778,2.5,sp2-like
mp-1199252.cif,-1.819332718849182,-1.6698458194732666,mp-1199252,-1.6698458194732666,-1.819332718849182,0.1494868993759153,3.0,sp2-like
mp-1246898.cif,0.5008541941642761,0.3010719716548919,mp-1246898,0.3010719716548919,0.5008541941642761,0.1997822225093842,2.25,sp-like
mp-1199178.cif,-2.09794282913208,-1.5328950881958008,mp-1199178,-1.5328950881958008,-2.09794282913208,0.5650477409362793,2.0,sp-like
mp-1204115.cif,-1.1395952701568604,-1.1308351755142212,mp-1204115,-1.1308351755142212,-1.1395952701568604,0.00876009464263916,1.0,sp-like
mp-1197204.cif,0.2282524704933166,0.624369204044342,mp-1197204,0.624369204044342,0.2282524704933166,0.39611673355102545,1.6666666666666667,sp-like
mp-10700.cif,-0.2422678768634796,-0.129826545715332,mp-10700,-0.129826545715332,-0.2422678768634796,0.11244133114814758,6.0,sp3-like
mp-550798.cif,-1.9395211935043333,-1.9052212238311768,mp-550798,-1.9052212238311768,-1.9395211935043333,0.034299969673156516,4.0,sp3-like
mp-10990.cif,-1.4621453285217283,-0.8206197023391724,mp-10990,-0.8206197023391724,-1.4621453285217283,0.6415256261825559,4.0,sp3-like
mp-1216260.cif,-0.110224962234497,-0.0137168625369668,mp-1216260,-0.0137168625369668,-0.110224962234497,0.0965080996975302,6.0,sp3-like
mp-1206138.cif,-0.4415611624717712,-0.7479028105735779,mp-1206138,-0.7479028105735779,-0.4415611624717712,0.3063416481018067,6.0,sp3-like
mp-1002165.cif,1.4671074151992798,1.2717913389205933,mp-1002165,1.2717913389205933,1.4671074151992798,0.19531607627868652,6.0,sp3-like
mp-568400.cif,-0.7547928690910339,-0.5005905032157898,mp-568400,-0.5005905032157898,-0.7547928690910339,0.25420236587524414,6.0,sp3-like
mp-818615.cif,-1.301346778869629,-1.1938728094100952,mp-818615,-1.1938728094100952,-1.301346778869629,0.10747396945953369,2.0,sp-like
mp-570655.cif,-0.7042518258094788,-0.5431205630302429,mp-570655,-0.5431205630302429,-0.7042518258094788,0.16113126277923584,6.0,sp3-like
mp-1214136.cif,-1.0986733436584473,-1.358837604522705,mp-1214136,-1.358837604522705,-1.0986733436584473,0.2601642608642578,2.0,sp-like
mp-573096.cif,-2.3893110752105717,-2.453352689743042,mp-573096,-2.453352689743042,-2.3893110752105717,0.06404161453247026,3.0,sp2-like
mp-999287.cif,-0.4769218266010284,-0.2523930668830871,mp-999287,-0.2523930668830871,-0.4769218266010284,0.22452875971794128,7.0,sp3-like
mp-999377.cif,-0.0926813185214996,-0.1554779410362243,mp-999377,-0.1554779410362243,-0.0926813185214996,0.0627966225147247,6.0,sp3-like
mp-32679.cif,-0.5642301440238953,-0.5405579805374146,mp-32679,-0.5405579805374146,-0.5642301440238953,0.023672163486480713,6.0,sp3-like
mp-1105676.cif,-0.9772886633872986,-0.7097343802452087,mp-1105676,-0.7097343802452087,-0.9772886633872986,0.26755428314208984,6.0,sp3-like
mp-997570.cif,-0.5594155192375183,-0.3936097323894501,mp-997570,-0.3936097323894501,-0.5594155192375183,0.16580578684806824,4.0,sp3-like
mp-1215068.cif,0.299580305814743,-0.5151094198226929,mp-1215068,-0.5151094198226929,0.299580305814743,0.8146897256374359,2.3333333333333335,sp-like
mp-998893.cif,-0.5674362182617188,0.0668839812278747,mp-998893,0.0668839812278747,-0.5674362182617188,0.6343201994895935,6.0,sp3-like
mp-31306.cif,-1.5608203411102295,-1.751104712486267,mp-31306,-1.751104712486267,-1.5608203411102295,0.1902843713760376,3.0,sp2-like
mp-1164.cif,-0.1756342947483062,-0.4307376742362976,mp-1164,-0.4307376742362976,-0.1756342947483062,0.25510337948799144,6.0,sp3-like
mp-615529.cif,-0.8564117550849915,-0.9313886761665344,mp-615529,-0.9313886761665344,-0.8564117550849915,0.07497692108154297,2.0,sp-like
mp-1018052.cif,-0.5041092038154602,-0.2661457657814026,mp-1018052,-0.2661457657814026,-0.5041092038154602,0.23796343803405762,7.0,sp3-like
mp-571433.cif,-0.1125034689903259,-0.0635179281234741,mp-571433,-0.0635179281234741,-0.1125034689903259,0.04898554086685181,2.0,sp-like
mp-573318.cif,-0.8224640488624573,-0.7885829210281372,mp-573318,-0.7885829210281372,-0.8224640488624573,0.03388112783432007,2.0,sp-like
mp-567462.cif,-0.5765636563301086,-0.4900148510932922,mp-567462,-0.4900148510932922,-0.5765636563301086,0.08654880523681646,7.0,sp3-like
mp-1220326.cif,-1.0112264156341553,-0.748845636844635,mp-1220326,-0.748845636844635,-1.0112264156341553,0.26238077878952026,6.0,sp3-like
mp-1695.cif,-0.67234867811203,-0.2370798587799072,mp-1695,-0.2370798587799072,-0.67234867811203,0.4352688193321228,5.0,sp3-like
mp-1211628.cif,-2.679863691329956,-2.574837684631348,mp-1211628,-2.574837684631348,-2.679863691329956,0.10502600669860795,3.0,sp2-like
mp-1204426.cif,-2.560157060623169,-2.4978673458099365,mp-1204426,-2.4978673458099365,-2.560157060623169,0.06228971481323242,2.0,sp-like
mp-1069790.cif,-0.6348894238471985,-0.4656363427639007,mp-1069790,-0.4656363427639007,-0.6348894238471985,0.16925308108329779,6.0,sp3-like
mp-1222310.cif,-1.1639918088912964,-0.3711911737918854,mp-1222310,-0.3711911737918854,-1.1639918088912964,0.792800635099411,6.0,sp3-like
mp-1182529.cif,-1.282468557357788,-1.3537148237228394,mp-1182529,-1.3537148237228394,-1.282468557357788,0.07124626636505127,2.0,sp-like
mp-1202276.cif,-1.655384182929993,-1.6571104526519775,mp-1202276,-1.6571104526519775,-1.655384182929993,0.0017262697219846412,2.0,sp-like
mp-1102385.cif,1.4508087635040283,1.2994098663330078,mp-1102385,1.2994098663330078,1.4508087635040283,0.1513988971710205,1.0,sp-like
mp-1182559.cif,-1.214174509048462,-0.875221312046051,mp-1182559,-0.875221312046051,-1.214174509048462,0.3389531970024109,2.0,sp-like
mp-995217.cif,-0.1648454517126083,0.0146603481844067,mp-995217,0.0146603481844067,-0.1648454517126083,0.179505799897015,1.6666666666666667,sp-like
mp-600169.cif,-1.25276517868042,-1.1368834972381592,mp-600169,-1.1368834972381592,-1.25276517868042,0.11588168144226074,3.0,sp2-like
mp-699482.cif,-1.5826289653778076,-1.3973807096481323,mp-699482,-1.3973807096481323,-1.5826289653778076,0.1852482557296753,3.0,sp2-like
mp-1222833.cif,-0.5749388337135315,-0.2832840383052826,mp-1222833,-0.2832840383052826,-0.5749388337135315,0.2916547954082489,6.0,sp3-like
mp-1229212.cif,-0.3285839855670929,-0.4187777042388916,mp-1229212,-0.4187777042388916,-0.3285839855670929,0.0901937186717987,3.0,sp2-like
mp-21231.cif,-0.0229697581380605,0.0855723991990089,mp-21231,0.0855723991990089,-0.0229697581380605,0.1085421573370694,2.0,sp-like
mp-1201971.cif,-0.6816283464431763,-0.6300824880599976,mp-1201971,-0.6300824880599976,-0.6816283464431763,0.05154585838317871,2.125,sp-like
mp-19741.cif,-0.4267768561840057,-0.2263372838497162,mp-19741,-0.2263372838497162,-0.4267768561840057,0.2004395723342895,7.0,sp3-like
mp-1224461.cif,-0.246880829334259,-0.4644267857074737,mp-1224461,-0.4644267857074737,-0.246880829334259,0.2175459563732147,4.0,sp3-like
mp-1079701.cif,-0.2860180139541626,-0.1768644154071808,mp-1079701,-0.1768644154071808,-0.2860180139541626,0.10915359854698181,5.5,sp3-like
mp-1105708.cif,-0.9063484072685242,-0.7066420912742615,mp-1105708,-0.7066420912742615,-0.9063484072685242,0.1997063159942627,6.0,sp3-like
mp-1179109.cif,1.1357438564300537,1.426003336906433,mp-1179109,1.426003336906433,1.1357438564300537,0.2902594804763794,1.0,sp-like
mp-1246252.cif,0.3663278520107269,0.064690463244915,mp-1246252,0.064690463244915,0.3663278520107269,0.30163738876581186,2.25,sp-like
mp-1201853.cif,-1.9262834787368772,-1.8318687677383425,mp-1201853,-1.8318687677383425,-1.9262834787368772,0.09441471099853471,2.0,sp-like
mp-1191686.cif,1.0965299606323242,1.1751079559326172,mp-1191686,1.1751079559326172,1.0965299606323242,0.07857799530029297,4.0,sp3-like
mp-1009538.cif,1.5891332626342771,1.216097712516785,mp-1009538,1.216097712516785,1.5891332626342771,0.37303555011749223,4.0,sp3-like
mp-1190675.cif,0.0050045121461153,0.2127593457698822,mp-1190675,0.2127593457698822,0.0050045121461153,0.2077548336237669,7.0,sp3-like
mp-1014316.cif,5.487094402313232,4.403934001922607,mp-1014316,4.403934001922607,5.487094402313232,1.083160400390625,0.0,sp-like
mp-1182835.cif,2.3773930072784424,1.7505958080291748,mp-1182835,1.7505958080291748,2.3773930072784424,0.6267971992492676,2.0,sp-like
mp-607917.cif,-0.4784564673900604,-0.4520471692085266,mp-607917,-0.4520471692085266,-0.4784564673900604,0.026409298181533813,6.0,sp3-like
mp-1192607.cif,-0.2164992392063141,-0.0864622145891189,mp-1192607,-0.0864622145891189,-0.2164992392063141,0.13003702461719518,6.0,sp3-like
mp-1198382.cif,-0.1648217290639877,-0.0626321285963058,mp-1198382,-0.0626321285963058,-0.1648217290639877,0.1021896004676819,2.4615384615384617,sp-like
mp-1173626.cif,-3.2234408855438232,-3.0649659633636475,mp-1173626,-3.0649659633636475,-3.2234408855438232,0.15847492218017578,3.0,sp2-like
mp-752890.cif,-1.5088149309158323,-1.4881987571716309,mp-752890,-1.4881987571716309,-1.5088149309158323,0.020616173744201438,3.0,sp2-like
mp-1195847.cif,-0.159009575843811,-0.0498336628079414,mp-1195847,-0.0498336628079414,-0.159009575843811,0.1091759130358696,2.3636363636363638,sp-like
mp-1212762.cif,0.1023354232311248,-0.202717512845993,mp-1212762,-0.202717512845993,0.1023354232311248,0.3050529360771178,3.0,sp2-like
mp-1031984.cif,-2.320667028427124,-2.120999574661255,mp-1031984,-2.120999574661255,-2.320667028427124,0.19966745376586914,6.0,sp3-like
mp-622901.cif,-0.6937910914421082,-0.5907276272773743,mp-622901,-0.5907276272773743,-0.6937910914421082,0.10306346416473389,2.3076923076923075,sp-like
mp-1201695.cif,-0.3037074506282806,-0.1493603438138961,mp-1201695,-0.1493603438138961,-0.3037074506282806,0.1543471068143845,4.0,sp3-like
mp-9006.cif,-3.015047073364258,-2.6017212867736816,mp-9006,-2.6017212867736816,-3.015047073364258,0.41332578659057617,6.0,sp3-like
mp-758125.cif,-1.6199498176574707,-1.6422523260116575,mp-758125,-1.6422523260116575,-1.6199498176574707,0.02230250835418679,3.0,sp2-like
mp-3346420.cif,-2.819055318832397,-2.3793246746063232,mp-3346420,-2.3793246746063232,-2.819055318832397,0.4397306442260738,3.0,sp2-like
mp-1182029.cif,1.3725625276565552,1.0024091005325315,mp-1182029,1.0024091005325315,1.3725625276565552,0.37015342712402366,2.0,sp-like
mp-1214158.cif,-0.6219328045845032,-0.8826435208320618,mp-1214158,-0.8826435208320618,-0.6219328045845032,0.2607107162475586,2.5,sp2-like
mp-1216000.cif,-0.2727436125278473,-0.0894086584448814,mp-1216000,-0.0894086584448814,-0.2727436125278473,0.1833349540829659,6.0,sp3-like
mp-653596.cif,-0.7806405425071716,-0.5947830677032471,mp-653596,-0.5947830677032471,-0.7806405425071716,0.18585747480392456,2.0,sp-like
mp-3346415.cif,-2.517700433731079,-2.2098805904388428,mp-3346415,-2.2098805904388428,-2.517700433731079,0.30781984329223633,3.0,sp2-like
mp-1181795.cif,0.5769285559654236,0.4093532860279083,mp-1181795,0.4093532860279083,0.5769285559654236,0.16757526993751526,1.875,sp-like
mp-1190673.cif,-0.6172428727149963,-0.3440890908241272,mp-1190673,-0.3440890908241272,-0.6172428727149963,0.27315378189086914,6.5,sp3-like
mp-606650.cif,0.56977379322052,0.3241342902183532,mp-606650,0.3241342902183532,0.56977379322052,0.2456395030021668,2.0,sp-like
mp-974452.cif,1.8523147106170652,1.360244870185852,mp-974452,1.360244870185852,1.8523147106170652,0.49206984043121316,8.0,sp3-like
mp-1008912.cif,2.948522090911865,2.2586824893951416,mp-1008912,2.2586824893951416,2.948522090911865,0.6898396015167232,4.0,sp3-like
mp-972937.cif,-2.4186441898345947,-1.86734139919281,mp-972937,-1.86734139919281,-2.4186441898345947,0.5513027906417847,6.0,sp3-like
mp-608031.cif,-2.705475330352783,-2.647696018218994,mp-608031,-2.647696018218994,-2.705475330352783,0.05777931213378906,3.0,sp2-like
mp-1207473.cif,1.9802303314208984,1.125662088394165,mp-1207473,1.125662088394165,1.9802303314208984,0.8545682430267334,1.0,sp-like
mp-863692.cif,-0.1607615053653717,-0.2863430082798004,mp-863692,-0.2863430082798004,-0.1607615053653717,0.1255815029144287,2.0,sp-like
mp-638445.cif,-0.1860371381044387,-0.341084212064743,mp-638445,-0.341084212064743,-0.1860371381044387,0.1550470739603043,2.0,sp-like
mp-10857.cif,-0.8690890669822693,-0.5349006056785583,mp-10857,-0.5349006056785583,-0.8690890669822693,0.33418846130371094,3.0,sp2-like
mp-1095577.cif,-0.859279215335846,-0.6748960018157959,mp-1095577,-0.6748960018157959,-0.859279215335846,0.18438321352005005,6.0,sp3-like
mp-616541.cif,-1.0493099689483645,-0.908660650253296,mp-616541,-0.908660650253296,-1.0493099689483645,0.14064931869506847,2.0,sp-like
mp-978091.cif,-0.0662664324045181,-0.0127320494502782,mp-978091,-0.0127320494502782,-0.0662664324045181,0.0535343829542399,6.0,sp3-like
mp-1191040.cif,-0.6088888049125671,-0.3396716713905334,mp-1191040,-0.3396716713905334,-0.6088888049125671,0.26921713352203375,6.5,sp3-like
mp-1197707.cif,-1.0756769180297852,-0.7084410786628723,mp-1197707,-0.7084410786628723,-1.0756769180297852,0.36723583936691284,2.125,sp-like
mp-762511.cif,-1.860527753829956,-1.7836551666259766,mp-762511,-1.7836551666259766,-1.860527753829956,0.07687258720397949,3.0,sp2-like
mp-556053.cif,-1.2606210708618164,-1.457890510559082,mp-556053,-1.457890510559082,-1.2606210708618164,0.19726943969726562,2.0,sp-like
mp-1246532.cif,0.0344660878181457,0.032465387135744,mp-1246532,0.032465387135744,0.0344660878181457,0.0020007006824017057,2.0,sp-like
mp-1070333.cif,0.4700281918048858,0.2790330946445465,mp-1070333,0.2790330946445465,0.4700281918048858,0.1909950971603393,8.0,sp3-like
mp-662643.cif,-0.5092952847480774,-0.7384787201881409,mp-662643,-0.7384787201881409,-0.5092952847480774,0.22918343544006348,3.0,sp2-like
mp-23071.cif,-0.8614556193351746,-0.5863191485404968,mp-23071,-0.5863191485404968,-0.8614556193351746,0.27513647079467773,4.0,sp3-like
mp-709098.cif,0.0298797618597745,0.0691090375185012,mp-709098,0.0691090375185012,0.0298797618597745,0.0392292756587267,3.0,sp2-like
mp-1104832.cif,-1.064782977104187,-0.9407185912132264,mp-1104832,-0.9407185912132264,-1.064782977104187,0.12406438589096058,3.0,sp2-like
mp-616215.cif,-0.7720492482185364,-0.5508192181587219,mp-616215,-0.5508192181587219,-0.7720492482185364,0.22123003005981445,2.0,sp-like
mp-1216653.cif,-0.6455640196800232,-0.508671224117279,mp-1216653,-0.508671224117279,-0.6455640196800232,0.13689279556274414,6.0,sp3-like
mp-1212506.cif,0.4356296360492706,0.2425448298454284,mp-1212506,0.2425448298454284,0.4356296360492706,0.19308480620384216,2.0,sp-like
mp-1188839.cif,-0.6953034996986389,-0.5618800520896912,mp-1188839,-0.5618800520896912,-0.6953034996986389,0.13342344760894775,6.0,sp3-like
mp-1201089.cif,-1.2524168491363523,-1.2716740369796753,mp-1201089,-1.2716740369796753,-1.2524168491363523,0.019257187843322976,2.0,sp-like
mp-652337.cif,-0.8445502519607544,-0.5264562368392944,mp-652337,-0.5264562368392944,-0.8445502519607544,0.31809401512145996,2.0,sp-like
mp-1198011.cif,-1.494400978088379,-1.3813374042510986,mp-1198011,-1.3813374042510986,-1.494400978088379,0.11306357383728027,2.0,sp-like
mp-1188937.cif,0.7610822319984436,0.8681025505065918,mp-1188937,0.8681025505065918,0.7610822319984436,0.1070203185081482,3.0,sp2-like
mp-1232339.cif,0.0942490771412849,-0.0225246269255876,mp-1232339,-0.0225246269255876,0.0942490771412849,0.1167737040668725,4.0,sp3-like
mp-1028076.cif,0.5030333995819092,0.3512309193611145,mp-1028076,0.3512309193611145,0.5030333995819092,0.15180248022079468,0.0,sp-like
mp-726154.cif,-0.8514187932014465,-0.7914618849754333,mp-726154,-0.7914618849754333,-0.8514187932014465,0.059956908226013184,3.0,sp2-like
mp-1218036.cif,-1.2017152309417725,-1.1069176197052002,mp-1218036,-1.1069176197052002,-1.2017152309417725,0.09479761123657227,6.0,sp3-like
mp-663471.cif,-1.007739782333374,0.8418927192687988,mp-663471,0.8418927192687988,-1.007739782333374,1.8496325016021729,6.0,sp3-like
mp-1018655.cif,1.234173059463501,0.5964921712875366,mp-1018655,0.5964921712875366,1.234173059463501,0.6376808881759644,4.0,sp3-like
mp-20197.cif,-0.3614424169063568,-0.1296341866254806,mp-20197,-0.1296341866254806,-0.3614424169063568,0.23180823028087622,6.0,sp3-like
mp-31302.cif,-1.5480608940124512,-1.7357670068740845,mp-31302,-1.7357670068740845,-1.5480608940124512,0.1877061128616333,3.0,sp2-like
mp-1214152.cif,0.3113579154014587,0.2748197019100189,mp-1214152,0.2748197019100189,0.3113579154014587,0.036538213491439764,3.0,sp2-like
mp-1203749.cif,-0.2330866008996963,-0.0864921063184738,mp-1203749,-0.0864921063184738,-0.2330866008996963,0.14659449458122248,6.0,sp3-like
mp-1247832.cif,-0.2710610926151275,-0.0813902392983436,mp-1247832,-0.0813902392983436,-0.2710610926151275,0.1896708533167839,4.5,sp3-like
mp-1224285.cif,-1.1655352115631104,-0.9431467652320862,mp-1224285,-0.9431467652320862,-1.1655352115631104,0.22238844633102417,6.0,sp3-like
mp-703527.cif,-0.2236686050891876,-0.1288205981254577,mp-703527,-0.1288205981254577,-0.2236686050891876,0.09484800696372989,2.0,sp-like
mp-1098256.cif,0.2054917514324188,0.3822236359119415,mp-1098256,0.3822236359119415,0.2054917514324188,0.17673188447952268,6.0,sp3-like
mp-1212572.cif,-0.497355967760086,-0.3162254989147186,mp-1212572,-0.3162254989147186,-0.497355967760086,0.18113046884536743,6.0,sp3-like
mp-569704.cif,0.0370829626917839,0.1317427307367324,mp-569704,0.1317427307367324,0.0370829626917839,0.0946597680449485,2.0,sp-like
mp-1031354.cif,-2.581439733505249,-2.384580135345459,mp-1031354,-2.384580135345459,-2.581439733505249,0.19685959815979004,4.0,sp3-like
mp-1213045.cif,-0.5686323642730713,-0.2689684629440307,mp-1213045,-0.2689684629440307,-0.5686323642730713,0.2996639013290406,6.2727272727272725,sp3-like
mp-662802.cif,-0.7502247095108032,-0.928449273109436,mp-662802,-0.928449273109436,-0.7502247095108032,0.1782245635986328,2.0,sp-like
mp-1197911.cif,-2.094625234603882,-1.881374478340149,mp-1197911,-1.881374478340149,-2.094625234603882,0.2132507562637329,1.5,sp-like
mp-645316.cif,-0.4426082968711853,-0.454336404800415,mp-645316,-0.454336404800415,-0.4426082968711853,0.01172810792922968,3.142857142857143,sp2-like
mp-864879.cif,-0.7539398074150085,-0.6477295756340027,mp-864879,-0.6477295756340027,-0.7539398074150085,0.10621023178100586,3.0,sp2-like
mp-653887.cif,-0.8608846664428711,-0.7940822839736938,mp-653887,-0.7940822839736938,-0.8608846664428711,0.06680238246917725,2.0,sp-like
mp-22714.cif,-0.7115222215652466,-0.3546595275402069,mp-22714,-0.3546595275402069,-0.7115222215652466,0.3568626940250397,6.0,sp3-like
mp-582034.cif,-0.414550632238388,-0.3059180080890655,mp-582034,-0.3059180080890655,-0.414550632238388,0.10863262414932251,4.0,sp3-like
mp-1177153.cif,-2.179810047149658,-2.1132290363311768,mp-1177153,-2.1132290363311768,-2.179810047149658,0.06658101081848145,3.0,sp2-like
mp-567885.cif,0.5241560339927673,0.1475561112165451,mp-567885,0.1475561112165451,0.5241560339927673,0.37659992277622223,3.0,sp2-like
mp-600220.cif,-1.6252784729003906,-1.4674482345581057,mp-600220,-1.4674482345581057,-1.6252784729003906,0.15783023834228493,2.0,sp-like
mp-1035605.cif,-2.6753151416778564,-2.505582094192505,mp-1035605,-2.505582094192505,-2.6753151416778564,0.16973304748535156,6.0,sp3-like
mp-1018177.cif,-0.2959340512752533,-0.181588128209114,mp-1018177,-0.181588128209114,-0.2959340512752533,0.1143459230661393,6.0,sp3-like
mp-1070917.cif,-0.5829275250434875,-0.4361756443977356,mp-1070917,-0.4361756443977356,-0.5829275250434875,0.14675188064575195,6.0,sp3-like
mp-1246539.cif,0.3481843173503876,0.3280972242355346,mp-1246539,0.3280972242355346,0.3481843173503876,0.02008709311485296,2.25,sp-like
mp-2455462.cif,-0.3259262442588806,-0.3404953181743622,mp-2455462,-0.3404953181743622,-0.3259262442588806,0.014569073915481567,2.0,sp-like
mp-1579.cif,-0.3953756093978882,-0.1939256936311721,mp-1579,-0.1939256936311721,-0.3953756093978882,0.2014499157667161,6.0,sp3-like
mp-1190846.cif,0.1305428445339203,-0.0090833250433206,mp-1190846,-0.0090833250433206,0.1305428445339203,0.1396261695772409,6.0,sp3-like
mp-568358.cif,-0.3769802451133728,-0.2926914095878601,mp-568358,-0.2926914095878601,-0.3769802451133728,0.0842888355255127,4.0,sp3-like
mp-757609.cif,-2.2085883617401123,-1.97297477722168,mp-757609,-1.97297477722168,-2.2085883617401123,0.2356135845184324,3.0,sp2-like
mp-1216471.cif,-0.5938704609870911,-0.5271078944206238,mp-1216471,-0.5271078944206238,-0.5938704609870911,0.06676256656646729,6.0,sp3-like
mp-638731.cif,-3.105853796005249,-3.132186889648437,mp-638731,-3.132186889648437,-3.105853796005249,0.026333093643188032,3.0,sp2-like
mp-1105268.cif,-0.7461979985237122,-0.6853476762771606,mp-1105268,-0.6853476762771606,-0.7461979985237122,0.060850322246551514,1.0,sp-like
mp-1221234.cif,-0.5910206437110901,-0.3537410497665405,mp-1221234,-0.3537410497665405,-0.5910206437110901,0.23727959394454956,4.153846153846154,sp3-like
mp-4077.cif,0.4077850878238678,0.2582785189151764,mp-4077,0.2582785189151764,0.4077850878238678,0.1495065689086914,2.0,sp-like
mp-1025245.cif,-0.674034833908081,-0.5277687311172485,mp-1025245,-0.5277687311172485,-0.674034833908081,0.14626610279083252,6.0,sp3-like
mp-867215.cif,-0.5901144742965698,-0.4365457594394684,mp-867215,-0.4365457594394684,-0.5901144742965698,0.15356871485710144,7.0,sp3-like
mp-728301.cif,-1.3725430965423584,-1.521583914756775,mp-728301,-1.521583914756775,-1.3725430965423584,0.1490408182144165,2.0,sp-like
mp-1099230.cif,-2.3193299770355225,-2.257084369659424,mp-1099230,-2.257084369659424,-2.3193299770355225,0.06224560737609863,6.0,sp3-like
mp-675271.cif,-1.384868860244751,-1.2201642990112305,mp-675271,-1.2201642990112305,-1.384868860244751,0.1647045612335205,3.0,sp2-like
mp-729187.cif,0.4727102816104889,0.4383597671985626,mp-729187,0.4383597671985626,0.4727102816104889,0.03435051441192627,1.5,sp-like
mp-1021726.cif,0.8930861353874207,0.6535800695419312,mp-1021726,0.6535800695419312,0.8930861353874207,0.2395060658454895,6.0,sp3-like
mp-1219247.cif,-0.0171637032181024,-0.0329815782606601,mp-1219247,-0.0329815782606601,-0.0171637032181024,0.015817875042557702,6.0,sp3-like
mp-1366149.cif,1.0460923910140991,1.657374620437622,mp-1366149,1.657374620437622,1.0460923910140991,0.611282229423523,3.028169014084507,sp2-like
mp-623837.cif,0.5134404301643372,0.5109180808067322,mp-623837,0.5109180808067322,0.5134404301643372,0.0025223493576049805,2.0,sp-like
mp-708997.cif,-0.7659628987312317,-0.8494338989257812,mp-708997,-0.8494338989257812,-0.7659628987312317,0.08347100019454956,4.0,sp3-like
mp-1246950.cif,0.5098128914833069,0.2569436132907867,mp-1246950,0.2569436132907867,0.5098128914833069,0.2528692781925202,1.5,sp-like
mp-1214836.cif,-0.2904079854488373,-0.2341248095035553,mp-1214836,-0.2341248095035553,-0.2904079854488373,0.05628317594528198,5.0,sp3-like
mp-1009835.cif,0.2089209854602813,0.3731038570404053,mp-1009835,0.3731038570404053,0.2089209854602813,0.16418287158012398,8.0,sp3-like
mp-23683.cif,-0.5131554007530212,-0.7268574237823486,mp-23683,-0.7268574237823486,-0.5131554007530212,0.2137020230293274,4.0,sp3-like
mp-1096983.cif,0.3594515025615692,-0.1479396522045135,mp-1096983,-0.1479396522045135,0.3594515025615692,0.5073911547660828,3.0,sp2-like
mp-19147.cif,-1.5822134017944336,-1.6542192697525024,mp-19147,-1.6542192697525024,-1.5822134017944336,0.07200586795806885,3.0,sp2-like
mp-1638962.cif,-1.846395492553711,-1.8526585102081297,mp-1638962,-1.8526585102081297,-1.846395492553711,0.006263017654418723,3.0,sp2-like
mp-582023.cif,-0.5903120040893555,-0.5511664152145386,mp-582023,-0.5511664152145386,-0.5903120040893555,0.039145588874816895,6.0,sp3-like
mp-669526.cif,0.2347918152809143,0.203360378742218,mp-669526,0.203360378742218,0.2347918152809143,0.03143143653869632,2.0,sp-like
mp-649805.cif,-0.798697292804718,-0.5853231549263,mp-649805,-0.5853231549263,-0.798697292804718,0.21337413787841797,2.0,sp-like
mp-1222006.cif,-0.2305080592632293,-0.222190111875534,mp-1222006,-0.222190111875534,-0.2305080592632293,0.008317947387695285,7.5,sp3-like
mp-1199404.cif,-1.807516098022461,-1.8472181558609009,mp-1199404,-1.8472181558609009,-1.807516098022461,0.03970205783843994,2.25,sp-like
mp-1064282.cif,4.324976921081543,3.387887716293335,mp-1064282,3.387887716293335,4.324976921081543,0.937089204788208,4.0,sp3-like
mp-1214340.cif,0.3925023376941681,0.0082542039453983,mp-1214340,0.0082542039453983,0.3925023376941681,0.3842481337487698,3.4,sp2-like
mp-1282.cif,-0.6235209107398987,-0.4942899644374847,mp-1282,-0.4942899644374847,-0.6235209107398987,0.129230946302414,6.0,sp3-like
mp-1006887.cif,2.353714227676392,1.9901083707809448,mp-1006887,1.9901083707809448,2.353714227676392,0.3636058568954472,6.0,sp3-like
mp-22158.cif,-0.6547079682350159,-0.2896363735198974,mp-22158,-0.2896363735198974,-0.6547079682350159,0.36507159471511846,6.0,sp3-like
mp-1216509.cif,-0.5241979360580444,-0.4495817422866821,mp-1216509,-0.4495817422866821,-0.5241979360580444,0.07461619377136236,6.0,sp3-like
mp-1104057.cif,-1.2359611988067627,-0.9634049534797668,mp-1104057,-0.9634049534797668,-1.2359611988067627,0.27255624532699585,2.0,sp-like
mp-1245833.cif,0.1214756220579147,0.2232624739408493,mp-1245833,0.2232624739408493,0.1214756220579147,0.1017868518829346,2.0,sp-like
mp-568190.cif,-1.5194371938705444,-1.1858835220336914,mp-568190,-1.1858835220336914,-1.5194371938705444,0.333553671836853,6.0,sp3-like
mp-2486.cif,-0.4703688025474548,-0.2383208721876144,mp-2486,-0.2383208721876144,-0.4703688025474548,0.23204793035984037,6.0,sp3-like
mp-2679737.cif,-0.2194640040397644,-0.3421880006790161,mp-2679737,-0.3421880006790161,-0.2194640040397644,0.12272399663925171,3.0,sp2-like
mp-1247836.cif,0.1029669418931007,0.3193237781524658,mp-1247836,0.3193237781524658,0.1029669418931007,0.21635683625936514,4.0,sp3-like
mp-1190837.cif,-1.5473577976226809,-1.5447901487350464,mp-1190837,-1.5447901487350464,-1.5473577976226809,0.0025676488876344994,3.0,sp2-like
mp-1026487.cif,0.5314451456069946,0.3694503307342529,mp-1026487,0.3694503307342529,0.5314451456069946,0.16199481487274175,6.0,sp3-like
mp-1202853.cif,-2.214341640472412,-1.850507378578186,mp-1202853,-1.850507378578186,-2.214341640472412,0.3638342618942261,1.0,sp-like
mp-1208230.cif,-0.7729455828666687,-0.251481682062149,mp-1208230,-0.251481682062149,-0.7729455828666687,0.5214639008045197,3.0,sp2-like
mp-1037884.cif,-2.9261584281921387,-2.840239286422729,mp-1037884,-2.840239286422729,-2.9261584281921387,0.08591914176940962,6.0,sp3-like
mp-1226082.cif,-0.9976311326026917,-1.0326095819473269,mp-1226082,-1.0326095819473269,-0.9976311326026917,0.03497844934463523,3.0,sp2-like
mp-1200504.cif,-1.5574326515197754,-1.3761922121047974,mp-1200504,-1.3761922121047974,-1.5574326515197754,0.18124043941497803,2.8,sp2-like
mp-1199197.cif,0.0408594757318496,-0.1862288117408752,mp-1199197,-0.1862288117408752,0.0408594757318496,0.2270882874727248,3.0,sp2-like
mp-995202.cif,-0.0263935085386037,0.0401100069284439,mp-995202,0.0401100069284439,-0.0263935085386037,0.06650351546704761,2.6666666666666665,sp2-like
mp-6046.cif,-2.335360050201416,-2.4191012382507324,mp-6046,-2.4191012382507324,-2.335360050201416,0.0837411880493164,3.0,sp2-like
mp-547864.cif,0.692668616771698,1.4783401489257812,mp-547864,1.4783401489257812,0.692668616771698,0.7856715321540833,0.0,sp-like
mp-1199787.cif,0.0755634233355522,0.2363326847553253,mp-1199787,0.2363326847553253,0.0755634233355522,0.1607692614197731,2.3333333333333335,sp-like
mp-1008776.cif,0.285276859998703,0.0741803050041198,mp-1008776,0.0741803050041198,0.285276859998703,0.21109655499458319,5.0,sp3-like
mp-4448.cif,-0.6535294651985168,-0.3920328915119171,mp-4448,-0.3920328915119171,-0.6535294651985168,0.26149657368659973,6.0,sp3-like
mp-1087507.cif,-0.6282168030738831,-0.40327188372612,mp-1087507,-0.40327188372612,-0.6282168030738831,0.22494491934776306,3.0,sp2-like
mp-10928.cif,-0.5937387347221375,-0.7265698313713074,mp-10928,-0.7265698313713074,-0.5937387347221375,0.13283109664916992,2.0,sp-like
mp-757939.cif,-1.959685206413269,-1.8473384380340576,mp-757939,-1.8473384380340576,-1.959685206413269,0.11234676837921143,3.0,sp2-like
mp-1191171.cif,-0.0328813046216964,-0.1397919058799743,mp-1191171,-0.1397919058799743,-0.0328813046216964,0.10691060125827791,2.0,sp-like
mp-1195106.cif,-0.339594155550003,-0.1402232497930526,mp-1195106,-0.1402232497930526,-0.339594155550003,0.1993709057569504,1.6,sp-like
mp-1031965.cif,-2.6217145919799805,-2.419907808303833,mp-1031965,-2.419907808303833,-2.6217145919799805,0.20180678367614746,0.0,sp-like
mp-1223241.cif,-1.9065146446228027,-1.8114280700683596,mp-1223241,-1.8114280700683596,-1.9065146446228027,0.09508657455444314,2.0,sp-like
mp-973586.cif,-0.7204394936561584,-0.3379891812801361,mp-973586,-0.3379891812801361,-0.7204394936561584,0.38245031237602234,5.666666666666667,sp3-like
mp-758080.cif,-2.1608006954193115,-2.0422983169555664,mp-758080,-2.0422983169555664,-2.1608006954193115,0.11850237846374512,3.0,sp2-like
mp-1188092.cif,-0.3485413789749145,-0.0664058700203895,mp-1188092,-0.0664058700203895,-0.3485413789749145,0.282135508954525,6.0,sp3-like
mp-1080794.cif,-0.6184176802635193,-0.6773391366004944,mp-1080794,-0.6773391366004944,-0.6184176802635193,0.0589214563369751,6.0,sp3-like
mp-580962.cif,0.1809496283531189,-0.2122049480676651,mp-580962,-0.2122049480676651,0.1809496283531189,0.393154576420784,2.0,sp-like
mp-1199102.cif,-1.402916669845581,-1.5273096561431885,mp-1199102,-1.5273096561431885,-1.402916669845581,0.12439298629760742,2.0,sp-like
mp-551561.cif,-1.3950679302215576,-1.6292130947113037,mp-551561,-1.6292130947113037,-1.3950679302215576,0.2341451644897461,4.0,sp3-like
mp-1009537.cif,1.6140289306640625,1.4795162677764893,mp-1009537,1.4795162677764893,1.6140289306640625,0.13451266288757324,8.0,sp3-like
mp-722045.cif,1.441115140914917,1.353402853012085,mp-722045,1.353402853012085,1.441115140914917,0.08771228790283203,3.0,sp2-like
mp-1181261.cif,-1.7702569961547852,-1.4811217784881592,mp-1181261,-1.4811217784881592,-1.7702569961547852,0.289135217666626,2.0,sp-like
mp-974038.cif,-0.362134724855423,-0.0563081838190555,mp-974038,-0.0563081838190555,-0.362134724855423,0.30582654103636747,6.0,sp3-like
mp-579552.cif,-3.3107669353485107,-3.275854110717773,mp-579552,-3.275854110717773,-3.3107669353485107,0.03491282463073775,3.0,sp2-like
mp-1226832.cif,-0.4042887985706329,-0.2453769743442535,mp-1226832,-0.2453769743442535,-0.4042887985706329,0.15891182422637937,6.0,sp3-like
mp-1104250.cif,-0.4789626598358154,-0.2857910096645355,mp-1104250,-0.2857910096645355,-0.4789626598358154,0.19317165017127985,5.5,sp3-like
mp-14734.cif,-2.5258243083953857,-2.328574180603028,mp-14734,-2.328574180603028,-2.5258243083953857,0.19725012779235795,4.0,sp3-like
mp-21434.cif,-1.6532342433929443,-1.6657042503356934,mp-21434,-1.6657042503356934,-1.6532342433929443,0.012470006942749023,3.0,sp2-like
mp-1203970.cif,-2.1407759189605717,-2.014177799224853,mp-1203970,-2.014177799224853,-2.1407759189605717,0.12659811973571866,2.3333333333333335,sp-like
mp-1215108.cif,-0.0288811456412076,-0.0331262126564979,mp-1215108,-0.0331262126564979,-0.0288811456412076,0.0042450670152902985,6.0,sp3-like
mp-1212727.cif,0.1290047317743301,0.9929843544960022,mp-1212727,0.9929843544960022,0.1290047317743301,0.8639796227216721,2.0,sp-like
mp-21292.cif,1.749856948852539,1.4651490449905396,mp-21292,1.4651490449905396,1.749856948852539,0.2847079038619995,0.0,sp-like
mp-618423.cif,-1.015260934829712,-0.9941719174385072,mp-618423,-0.9941719174385072,-1.015260934829712,0.021089017391204723,2.0,sp-like
mp-20501.cif,2.090118646621704,1.4579613208770752,mp-20501,1.4579613208770752,2.090118646621704,0.6321573257446289,0.0,sp-like
mp-1179892.cif,-1.6892662048339844,-1.6632804870605469,mp-1179892,-1.6632804870605469,-1.6892662048339844,0.0259857177734375,3.0,sp2-like
mp-985610.cif,-1.422863245010376,-1.4697000980377195,mp-985610,-1.4697000980377195,-1.422863245010376,0.04683685302734353,2.0,sp-like
mp-1196075.cif,-0.2655521929264068,-0.1894408166408538,mp-1196075,-0.1894408166408538,-0.2655521929264068,0.076111376285553,4.0,sp3-like
mp-1204651.cif,-0.6482660174369812,-0.5133751034736633,mp-1204651,-0.5133751034736633,-0.6482660174369812,0.13489091396331787,5.8,sp3-like
mp-1197524.cif,0.5938754677772522,0.7129338383674622,mp-1197524,0.7129338383674622,0.5938754677772522,0.11905837059020996,2.0,sp-like
mp-1246886.cif,-0.0413725078105926,0.0720059052109718,mp-1246886,0.0720059052109718,-0.0413725078105926,0.1133784130215644,2.0,sp-like
mp-1198466.cif,-0.0484073460102081,0.5742821097373962,mp-1198466,0.5742821097373962,-0.0484073460102081,0.6226894557476044,2.142857142857143,sp-like
mp-1026534.cif,0.3560259938240051,0.3498399555683136,mp-1026534,0.3498399555683136,0.3560259938240051,0.006186038255691528,6.0,sp3-like
mp-650978.cif,-0.8673529624938965,-0.9507285356521606,mp-650978,-0.9507285356521606,-0.8673529624938965,0.08337557315826416,1.8571428571428572,sp-like
mp-1195492.cif,-1.1870805025100708,-1.2041728496551514,mp-1195492,-1.2041728496551514,-1.1870805025100708,0.017092347145080566,3.0,sp2-like
mp-1067743.cif,-0.2742592692375183,-0.4273154437541961,mp-1067743,-0.4273154437541961,-0.2742592692375183,0.1530561745166778,7.0,sp3-like
mp-1200269.cif,-2.2358200550079346,-2.175311326980591,mp-1200269,-2.175311326980591,-2.2358200550079346,0.06050872802734375,2.0,sp-like
mp-1180596.cif,-2.146707773208618,-1.9964390993118288,mp-1180596,-1.9964390993118288,-2.146707773208618,0.15026867389678933,4.0,sp3-like
mp-1213006.cif,-0.5578731298446655,-0.4072045087814331,mp-1213006,-0.4072045087814331,-0.5578731298446655,0.15066862106323242,6.0,sp3-like
mp-997616.cif,1.772940158843994,1.394465684890747,mp-997616,1.394465684890747,1.772940158843994,0.37847447395324685,6.0,sp3-like
mp-1077743.cif,0.1487798392772674,0.2463954836130142,mp-1077743,0.2463954836130142,0.1487798392772674,0.09761564433574679,4.0,sp3-like
mp-652407.cif,-1.0227056741714478,-0.957502543926239,mp-652407,-0.957502543926239,-1.0227056741714478,0.06520313024520874,2.0,sp-like
mp-569564.cif,-0.5967627763748169,-0.4694336056709289,mp-569564,-0.4694336056709289,-0.5967627763748169,0.127329170703888,6.0,sp3-like
mp-1215167.cif,-0.588573694229126,-0.4762540459632873,mp-1215167,-0.4762540459632873,-0.588573694229126,0.11231964826583868,6.0,sp3-like
mp-1032348.cif,-2.2592270374298096,-2.143486738204956,mp-1032348,-2.143486738204956,-2.2592270374298096,0.11574029922485352,6.0,sp3-like
mp-1181174.cif,-1.3436095714569092,-1.3318088054656982,mp-1181174,-1.3318088054656982,-1.3436095714569092,0.011800765991210938,2.0,sp-like
mp-653788.cif,-0.7699539065361023,-0.7598697543144226,mp-653788,-0.7598697543144226,-0.7699539065361023,0.010084152221679688,2.0,sp-like
mp-1246224.cif,-0.8662049174308777,-0.6120820641517639,mp-1246224,-0.6120820641517639,-0.8662049174308777,0.25412285327911377,2.0,sp-like
mp-22556.cif,1.832972526550293,1.484870672225952,mp-22556,1.484870672225952,1.832972526550293,0.34810185432434104,0.0,sp-like
mp-652608.cif,-0.6195511817932129,-0.3680551648139953,mp-652608,-0.3680551648139953,-0.6195511817932129,0.2514960169792176,6.0,sp3-like
mp-1216137.cif,-0.2792925834655761,-0.0438049249351024,mp-1216137,-0.0438049249351024,-0.2792925834655761,0.2354876585304737,6.0,sp3-like
mp-557333.cif,-0.254134863615036,-0.2077117413282394,mp-557333,-0.2077117413282394,-0.254134863615036,0.0464231222867966,3.8,sp3-like
mp-865009.cif,0.2056801319122314,0.4073772728443146,mp-865009,0.4073772728443146,0.2056801319122314,0.20169714093208319,1.6666666666666667,sp-like
mp-645330.cif,-1.4597244262695312,-1.5388972759246826,mp-645330,-1.5388972759246826,-1.4597244262695312,0.07917284965515137,4.0,sp3-like
mp-1219966.cif,-0.3625631332397461,-0.2808767557144165,mp-1219966,-0.2808767557144165,-0.3625631332397461,0.08168637752532959,6.0,sp3-like
mp-6223.cif,-0.9076610803604126,-0.5135575532913208,mp-6223,-0.5135575532913208,-0.9076610803604126,0.3941035270690918,6.0,sp3-like
mp-696886.cif,0.0607290565967559,0.418287068605423,mp-696886,0.418287068605423,0.0607290565967559,0.3575580120086671,2.3333333333333335,sp-like
mp-1210853.cif,-0.6642361879348755,-0.8813378214836121,mp-1210853,-0.8813378214836121,-0.6642361879348755,0.21710163354873657,1.3333333333333333,sp-like
mp-760222.cif,-2.1758182048797607,-2.0907435417175293,mp-760222,-2.0907435417175293,-2.1758182048797607,0.08507466316223145,3.0,sp2-like
mp-1102751.cif,1.7232646942138672,1.558272123336792,mp-1102751,1.558272123336792,1.7232646942138672,0.1649925708770752,2.0,sp-like
mp-20441.cif,0.0434781461954116,0.0886995941400528,mp-20441,0.0886995941400528,0.0434781461954116,0.0452214479446412,6.0,sp3-like
mp-1018065.cif,-0.4629847705364227,-0.260320782661438,mp-1018065,-0.260320782661438,-0.4629847705364227,0.20266398787498469,7.0,sp3-like
mp-540895.cif,-1.1636183261871338,-0.9853895902633668,mp-540895,-0.9853895902633668,-1.1636183261871338,0.17822873592376698,2.0,sp-like
mp-1361722.cif,0.1891373395919799,2.703761339187622,mp-1361722,2.703761339187622,0.1891373395919799,2.514623999595642,1.0,sp-like
mp-1203788.cif,-0.176238939166069,-0.2076682448387146,mp-1203788,-0.2076682448387146,-0.176238939166069,0.0314293056726456,4.0,sp3-like
mp-707821.cif,-0.7096779346466064,-0.7054318785667419,mp-707821,-0.7054318785667419,-0.7096779346466064,0.004246056079864502,1.8,sp-like
mp-971683.cif,0.4309830665588379,0.1216764822602272,mp-971683,0.1216764822602272,0.4309830665588379,0.3093065842986107,3.0,sp2-like
mp-1224620.cif,0.034397155046463,0.0505103506147861,mp-1224620,0.0505103506147861,0.034397155046463,0.0161131955683231,6.0,sp3-like
mp-1214186.cif,-0.487553209066391,-0.6529866456985474,mp-1214186,-0.6529866456985474,-0.487553209066391,0.16543343663215637,1.6666666666666667,sp-like
mp-559291.cif,-1.9355486631393437,-2.0487396717071533,mp-559291,-2.0487396717071533,-1.9355486631393437,0.11319100856780961,2.0,sp-like
mp-1202513.cif,-0.5329726338386536,-0.5777801871299744,mp-1202513,-0.5777801871299744,-0.5329726338386536,0.0448075532913208,2.0,sp-like
mp-15661.cif,-0.7361710071563721,-0.623887300491333,mp-15661,-0.623887300491333,-0.7361710071563721,0.11228370666503906,8.0,sp3-like
mp-1208639.cif,1.4498836994171145,1.1991472244262695,mp-1208639,1.1991472244262695,1.4498836994171145,0.25073647499084495,6.0,sp3-like
mp-758341.cif,-2.24275279045105,-2.024193048477173,mp-758341,-2.024193048477173,-2.24275279045105,0.21855974197387695,3.0,sp2-like
mp-1225513.cif,-0.260737806558609,-0.1027098894119262,mp-1225513,-0.1027098894119262,-0.260737806558609,0.1580279171466828,6.0,sp3-like
mp-1214118.cif,-1.4912054538726809,-1.2723336219787598,mp-1214118,-1.2723336219787598,-1.4912054538726809,0.21887183189392112,3.0,sp2-like
mp-1025439.cif,-0.0663043856620788,0.2783571481704712,mp-1025439,0.2783571481704712,-0.0663043856620788,0.34466153383255,2.0,sp-like
mp-568727.cif,-0.6327120065689087,-0.5271918177604675,mp-568727,-0.5271918177604675,-0.6327120065689087,0.10552018880844116,6.0,sp3-like
mp-1207093.cif,-0.3995245993137359,-0.2791756689548492,mp-1207093,-0.2791756689548492,-0.3995245993137359,0.12034893035888672,6.0,sp3-like
mp-1225150.cif,-0.0551414489746093,-0.0369259007275104,mp-1225150,-0.0369259007275104,-0.0551414489746093,0.018215548247098902,6.0,sp3-like
mp-1213381.cif,-0.1426702439785003,-0.2576667368412018,mp-1213381,-0.2576667368412018,-0.1426702439785003,0.11499649286270147,3.0,sp2-like
mp-1079992.cif,-1.164806604385376,-0.8026178479194641,mp-1079992,-0.8026178479194641,-1.164806604385376,0.36218875646591187,6.0,sp3-like
mp-2382752.cif,-0.0263866763561964,-0.1311241388320922,mp-2382752,-0.1311241388320922,-0.0263866763561964,0.1047374624758958,5.0,sp3-like
mp-1188646.cif,-1.084026575088501,-0.5789886116981506,mp-1188646,-0.5789886116981506,-1.084026575088501,0.5050379633903503,6.0,sp3-like
mp-729505.cif,-1.0302939414978027,-1.1804873943328855,mp-729505,-1.1804873943328855,-1.0302939414978027,0.15019345283508279,1.0,sp-like
mp-1204132.cif,-1.0453884601593018,-0.9843716621398926,mp-1204132,-0.9843716621398926,-1.0453884601593018,0.06101679801940918,2.8,sp2-like
mp-24625.cif,-0.6226305961608887,-0.4567448496818542,mp-24625,-0.4567448496818542,-0.6226305961608887,0.16588574647903448,2.0,sp-like
mp-1245872.cif,0.4156989753246307,0.2581816613674164,mp-1245872,0.2581816613674164,0.4156989753246307,0.1575173139572143,2.0,sp-like
mp-1209486.cif,-2.504191637039185,-2.4573068618774414,mp-1209486,-2.4573068618774414,-2.504191637039185,0.04688477516174361,3.0,sp2-like
mp-1196543.cif,-0.0686723887920379,-0.0687897652387619,mp-1196543,-0.0687897652387619,-0.0686723887920379,0.00011737644672400738,6.0,sp3-like
mp-28724.cif,-1.168718338012695,-0.8524399399757385,mp-28724,-0.8524399399757385,-1.168718338012695,0.31627839803695657,6.0,sp3-like
mp-1207574.cif,-0.2194395363330841,-0.0853281393647193,mp-1207574,-0.0853281393647193,-0.2194395363330841,0.13411139696836483,6.0,sp3-like
mp-571330.cif,-0.2320878803730011,-0.2824417650699615,mp-571330,-0.2824417650699615,-0.2320878803730011,0.050353884696960394,6.0,sp3-like
mp-605853.cif,-2.128401756286621,-1.9998466968536377,mp-605853,-1.9998466968536377,-2.128401756286621,0.1285550594329834,4.0,sp3-like
mp-28765.cif,-0.2797387838363647,-0.6832271814346313,mp-28765,-0.6832271814346313,-0.2797387838363647,0.40348839759826666,4.0,sp3-like
mp-1103128.cif,-0.4122216999530792,-0.5552962422370911,mp-1103128,-0.5552962422370911,-0.4122216999530792,0.14307454228401184,6.8,sp3-like
mp-1189642.cif,0.0703186094760894,0.2514326870441437,mp-1189642,0.2514326870441437,0.0703186094760894,0.18111407756805428,6.0,sp3-like
mp-1202707.cif,-0.3144703805446625,-0.2386267483234405,mp-1202707,-0.2386267483234405,-0.3144703805446625,0.07584363222122198,1.0,sp-like
mp-1035674.cif,-2.846109628677368,-2.5596508979797363,mp-1035674,-2.5596508979797363,-2.846109628677368,0.28645873069763184,2.0,sp-like
mp-1238770.cif,-1.1248725652694702,-1.015155792236328,mp-1238770,-1.015155792236328,-1.1248725652694702,0.10971677303314231,5.0,sp3-like
mp-1018645.cif,-0.5651982426643372,-0.2532588243484497,mp-1018645,-0.2532588243484497,-0.5651982426643372,0.31193941831588745,6.0,sp3-like
mp-10038.cif,1.7084113359451294,1.4457319974899292,mp-10038,1.4457319974899292,1.7084113359451294,0.2626793384552002,0.0,sp-like
mp-698316.cif,-1.4709227085113523,-1.455252766609192,mp-698316,-1.455252766609192,-1.4709227085113523,0.015669941902160422,2.0,sp-like
mp-1211846.cif,-2.0631844997406006,-1.6149109601974487,mp-1211846,-1.6149109601974487,-2.0631844997406006,0.44827353954315186,2.0,sp-like
mp-1206991.cif,-0.1998890489339828,-0.065463401377201,mp-1206991,-0.065463401377201,-0.1998890489339828,0.1344256475567818,6.0,sp3-like
mp-1210382.cif,-0.8266456723213196,-0.8931861519813538,mp-1210382,-0.8931861519813538,-0.8266456723213196,0.06654047966003418,1.3333333333333333,sp-like
mp-1216714.cif,-0.8034387826919556,-0.6039865016937256,mp-1216714,-0.6039865016937256,-0.8034387826919556,0.19945228099822998,6.0,sp3-like
mp-569515.cif,0.4121170938014984,0.0179911442101001,mp-569515,0.0179911442101001,0.4121170938014984,0.3941259495913983,2.0,sp-like
mp-1197127.cif,0.9328048825263976,1.015406847000122,mp-1197127,1.015406847000122,0.9328048825263976,0.08260196447372448,2.0,sp-like
mp-1214762.cif,-1.5089075565338137,-1.1998142004013062,mp-1214762,-1.1998142004013062,-1.5089075565338137,0.30909335613250755,2.0,sp-like
mp-1179716.cif,-1.4848566055297852,-1.3177533149719238,mp-1179716,-1.3177533149719238,-1.4848566055297852,0.16710329055786133,2.0,sp-like
mp-1995.cif,-0.3721243143081665,-0.2697220742702484,mp-1995,-0.2697220742702484,-0.3721243143081665,0.10240224003791809,6.0,sp3-like
mp-1206116.cif,-0.8033726811408997,-0.4960703551769256,mp-1206116,-0.4960703551769256,-0.8033726811408997,0.30730232596397405,6.0,sp3-like
mp-568806.cif,-0.0356443673372268,0.0119362827390432,mp-568806,0.0119362827390432,-0.0356443673372268,0.04758065007627,3.0,sp2-like
mp-1100162.cif,0.3447093963623047,0.4575807154178619,mp-1100162,0.4575807154178619,0.3447093963623047,0.1128713190555572,6.0,sp3-like
mp-20446.cif,0.4464803040027618,0.3231894373893738,mp-20446,0.3231894373893738,0.4464803040027618,0.123290866613388,6.0,sp3-like
mp-1219777.cif,-0.628367006778717,0.1917490810155868,mp-1219777,0.1917490810155868,-0.628367006778717,0.8201160877943039,6.0,sp3-like
mp-729188.cif,-0.9348990321159364,-1.0250273942947388,mp-729188,-1.0250273942947388,-0.9348990321159364,0.09012836217880238,3.0,sp2-like
mp-9241.cif,-0.6061406135559082,-0.3407970666885376,mp-9241,-0.3407970666885376,-0.6061406135559082,0.2653435468673706,7.0,sp3-like
mp-1197388.cif,0.0175117719918489,-0.0092320125550031,mp-1197388,-0.0092320125550031,0.0175117719918489,0.026743784546852,6.0,sp3-like
mp-1191654.cif,-0.3705178797245025,-0.1921561658382415,mp-1191654,-0.1921561658382415,-0.3705178797245025,0.17836171388626101,5.0,sp3-like
mp-978850.cif,-0.6901504397392273,-0.4650275707244873,mp-978850,-0.4650275707244873,-0.6901504397392273,0.22512286901474,6.0,sp3-like
mp-1246920.cif,0.3944208323955536,0.2936561405658722,mp-1246920,0.2936561405658722,0.3944208323955536,0.1007646918296814,2.25,sp-like
mp-734141.cif,0.9633595943450928,1.129340887069702,mp-734141,1.129340887069702,0.9633595943450928,0.16598129272460915,2.0,sp-like
mp-24.cif,0.998257339000702,0.8349742293357849,mp-24,0.8349742293357849,0.998257339000702,0.1632831096649171,4.0,sp3-like
mp-28240.cif,-0.5395166873931885,-0.9238462448120116,mp-28240,-0.9238462448120116,-0.5395166873931885,0.38432955741882313,2.0,sp-like
mp-510458.cif,-0.0370557308197021,-0.0920741558074951,mp-510458,-0.0920741558074951,-0.0370557308197021,0.055018424987793,2.25,sp-like
mp-1095215.cif,-2.212883710861206,-2.2616782188415527,mp-1095215,-2.2616782188415527,-2.212883710861206,0.04879450798034668,3.0,sp2-like
mp-1214198.cif,-2.0083038806915283,-1.6999069452285769,mp-1214198,-1.6999069452285769,-2.0083038806915283,0.30839693546295144,2.0,sp-like
mp-1265399.cif,-1.120980978012085,-0.5898523330688477,mp-1265399,-0.5898523330688477,-1.120980978012085,0.5311286449432373,6.0,sp3-like
mp-1200027.cif,-0.1583841145038604,0.0746074467897415,mp-1200027,0.0746074467897415,-0.1583841145038604,0.23299156129360188,1.75,sp-like
mp-1193413.cif,-1.7445154190063477,-1.717775821685791,mp-1193413,-1.717775821685791,-1.7445154190063477,0.02673959732055664,3.0,sp2-like
mp-752540.cif,-2.074699640274048,-1.940791368484497,mp-752540,-1.940791368484497,-2.074699640274048,0.13390827178955078,3.0,sp2-like
mp-1079629.cif,-0.294819712638855,-0.2239381074905395,mp-1079629,-0.2239381074905395,-0.294819712638855,0.07088160514831549,3.0,sp2-like
mp-1245933.cif,-0.8648271560668945,-0.6247789263725281,mp-1245933,-0.6247789263725281,-0.8648271560668945,0.24004822969436646,3.0,sp2-like
mp-30054.cif,0.1028511673212051,0.2566468119621277,mp-30054,0.2566468119621277,0.1028511673212051,0.1537956446409226,2.0,sp-like
mp-559618.cif,-1.7079569101333618,-1.8329163789749143,mp-559618,-1.8329163789749143,-1.7079569101333618,0.12495946884155251,2.0,sp-like
mp-1026678.cif,0.2979232966899872,0.3201057016849518,mp-1026678,0.3201057016849518,0.2979232966899872,0.0221824049949646,6.0,sp3-like
mp-1200138.cif,-0.905423104763031,-1.0591201782226562,mp-1200138,-1.0591201782226562,-0.905423104763031,0.15369707345962524,3.0,sp2-like
mp-7088.cif,-0.6267378330230713,-0.6790556311607361,mp-7088,-0.6790556311607361,-0.6267378330230713,0.052317798137664795,6.0,sp3-like
mp-16287.cif,-0.5373418927192688,-0.3856343328952789,mp-16287,-0.3856343328952789,-0.5373418927192688,0.15170755982398992,6.0,sp3-like
mp-727242.cif,-1.73944091796875,-1.785440444946289,mp-727242,-1.785440444946289,-1.73944091796875,0.04599952697753906,3.0,sp2-like
mp-1213315.cif,-0.6428754925727844,-0.3952513933181762,mp-1213315,-0.3952513933181762,-0.6428754925727844,0.2476240992546082,5.833333333333333,sp3-like
mp-765385.cif,-2.2443394660949707,-2.0763330459594727,mp-765385,-2.0763330459594727,-2.2443394660949707,0.16800642013549805,3.0,sp2-like
mp-1199826.cif,0.8826950192451477,0.7330775856971741,mp-1199826,0.7330775856971741,0.8826950192451477,0.14961743354797363,1.6666666666666667,sp-like
mp-1232365.cif,0.0891410112380981,0.2232481390237808,mp-1232365,0.2232481390237808,0.0891410112380981,0.13410712778568268,4.0,sp3-like
mp-1219129.cif,-0.1110311672091484,-0.0492011085152626,mp-1219129,-0.0492011085152626,-0.1110311672091484,0.061830058693885796,6.0,sp3-like
mp-1214237.cif,0.6938765645027161,0.2901989221572876,mp-1214237,0.2901989221572876,0.6938765645027161,0.40367764234542847,3.0,sp2-like
mp-6424.cif,-0.4436911642551422,-0.2385642826557159,mp-6424,-0.2385642826557159,-0.4436911642551422,0.20512688159942633,2.0,sp-like
mp-1199200.cif,-1.5889822244644165,-1.5032057762145996,mp-1199200,-1.5032057762145996,-1.5889822244644165,0.0857764482498169,3.0,sp2-like
mp-1026465.cif,0.1557064354419708,0.2102900892496109,mp-1026465,0.2102900892496109,0.1557064354419708,0.0545836538076401,4.0,sp3-like
mp-973155.cif,1.5410029888153076,1.3862357139587402,mp-973155,1.3862357139587402,1.5410029888153076,0.15476727485656738,0.0,sp-like
mp-910.cif,-0.3432546555995941,-0.5358045697212219,mp-910,-0.5358045697212219,-0.3432546555995941,0.1925499141216278,6.0,sp3-like
mp-616196.cif,-0.7195290923118591,-0.9219372272491456,mp-616196,-0.9219372272491456,-0.7195290923118591,0.2024081349372865,2.0,sp-like
mp-1069004.cif,-0.4214802980422973,-0.192850261926651,mp-1069004,-0.192850261926651,-0.4214802980422973,0.2286300361156463,6.0,sp3-like
mp-1193149.cif,0.3116405308246612,0.1826433688402176,mp-1193149,0.1826433688402176,0.3116405308246612,0.1289971619844436,8.0,sp3-like
mp-542332.cif,-1.7290878295898438,-1.854281306266785,mp-542332,-1.854281306266785,-1.7290878295898438,0.12519347667694114,3.0,sp2-like
mp-1035738.cif,-2.7003462314605717,-2.6342759132385254,mp-1035738,-2.6342759132385254,-2.7003462314605717,0.06607031822204634,6.0,sp3-like
mp-1204170.cif,-1.9314852952957156,-1.6656341552734375,mp-1204170,-1.6656341552734375,-1.9314852952957156,0.26585114002227805,3.0,sp2-like
mp-22747.cif,-1.610880732536316,-1.6080089807510376,mp-22747,-1.6080089807510376,-1.610880732536316,0.0028717517852783203,2.0,sp-like
mp-1204989.cif,-0.1655426323413849,-0.1613334268331527,mp-1204989,-0.1613334268331527,-0.1655426323413849,0.0042092055082322,3.0,sp2-like
mp-1182827.cif,-2.1710398197174072,-1.801811695098877,mp-1182827,-1.801811695098877,-2.1710398197174072,0.3692281246185303,3.0,sp2-like
mp-4534.cif,-1.7787392139434814,-1.876621127128601,mp-4534,-1.876621127128601,-1.7787392139434814,0.09788191318511963,2.0,sp-like
mp-1072492.cif,-0.1881536543369293,0.0796982049942016,mp-1072492,0.0796982049942016,-0.1881536543369293,0.26785185933113087,5.5,sp3-like
mp-1014311.cif,5.2361555099487305,4.211794853210449,mp-1014311,4.211794853210449,5.2361555099487305,1.0243606567382812,8.0,sp3-like
mp-752929.cif,-1.6873722076416016,-1.5840438604354858,mp-752929,-1.5840438604354858,-1.6873722076416016,0.10332834720611572,3.0,sp2-like
mp-15702.cif,-0.3684364557266235,-0.245293915271759,mp-15702,-0.245293915271759,-0.3684364557266235,0.12314254045486447,4.0,sp3-like
mp-1034537.cif,-2.783820629119873,-2.654797315597534,mp-1034537,-2.654797315597534,-2.783820629119873,0.12902331352233887,4.0,sp3-like
mp-759603.cif,-0.4702014625072479,-0.4542729258537292,mp-759603,-0.4542729258537292,-0.4702014625072479,0.015928536653518732,3.0,sp2-like
mp-684011.cif,-1.6092429161071775,-1.368725061416626,mp-684011,-1.368725061416626,-1.6092429161071775,0.24051785469055154,2.0,sp-like
mp-759866.cif,-0.636480987071991,-0.6104565858840942,mp-759866,-0.6104565858840942,-0.636480987071991,0.02602440118789673,3.0,sp2-like
mp-1225775.cif,-0.1040163859724998,-0.0673353821039199,mp-1225775,-0.0673353821039199,-0.1040163859724998,0.036681003868579906,6.0,sp3-like
mp-995206.cif,-0.8627747297286987,-0.5903169512748718,mp-995206,-0.5903169512748718,-0.8627747297286987,0.2724577784538269,3.0,sp2-like
mp-1181198.cif,-0.1733783334493637,-0.1717789769172668,mp-1181198,-0.1717789769172668,-0.1733783334493637,0.0015993565320969183,3.0,sp2-like
mp-648988.cif,0.0607500672340393,0.0478961467742919,mp-648988,0.0478961467742919,0.0607500672340393,0.012853920459747398,4.333333333333333,sp3-like
mp-1227149.cif,0.1397968530654907,-0.0074086599051952,mp-1227149,-0.0074086599051952,0.1397968530654907,0.1472055129706859,6.0,sp3-like
mp-29404.cif,-1.6976479291915894,-1.1835694313049316,mp-29404,-1.1835694313049316,-1.6976479291915894,0.5140784978866577,6.0,sp3-like
mp-1209165.cif,-1.0735810995101929,-1.3758455514907837,mp-1209165,-1.3758455514907837,-1.0735810995101929,0.3022644519805908,2.0,sp-like
mp-1216627.cif,-0.774526059627533,-0.5810691118240356,mp-1216627,-0.5810691118240356,-0.774526059627533,0.19345694780349731,6.0,sp3-like
mp-1176889.cif,-2.1507387161254883,-2.0471198558807373,mp-1176889,-2.0471198558807373,-2.1507387161254883,0.10361886024475098,3.0,sp2-like
mp-1206327.cif,-0.6328871250152588,-0.3798476159572601,mp-1206327,-0.3798476159572601,-0.6328871250152588,0.2530395090579987,6.0,sp3-like
mp-1193527.cif,-0.803750216960907,-0.638015866279602,mp-1193527,-0.638015866279602,-0.803750216960907,0.16573435068130493,6.0,sp3-like
mp-1181787.cif,-1.416560411453247,-1.3124024868011477,mp-1181787,-1.3124024868011477,-1.416560411453247,0.10415792465209939,2.0,sp-like
mp-1200920.cif,-1.6748234033584597,-1.5342501401901243,mp-1200920,-1.5342501401901243,-1.6748234033584597,0.1405732631683354,3.0,sp2-like
mp-1214952.cif,1.5694550275802612,0.2253918349742889,mp-1214952,0.2253918349742889,1.5694550275802612,1.3440631926059723,1.0,sp-like
mp-972049.cif,-0.6406682729721069,-0.4382416307926178,mp-972049,-0.4382416307926178,-0.6406682729721069,0.20242664217948914,5.666666666666667,sp3-like
mp-1196274.cif,-0.9084281325340272,-0.7582612633705139,mp-1196274,-0.7582612633705139,-0.9084281325340272,0.1501668691635133,3.0,sp2-like
mp-1079046.cif,0.1811143457889557,0.2270403057336807,mp-1079046,0.2270403057336807,0.1811143457889557,0.04592595994472501,4.0,sp3-like
mp-728279.cif,-0.892907977104187,-0.7685321569442749,mp-728279,-0.7685321569442749,-0.892907977104187,0.12437582015991211,2.0,sp-like
mp-733789.cif,-0.8223167657852173,-0.8868293762207031,mp-733789,-0.8868293762207031,-0.8223167657852173,0.06451261043548584,1.9375,sp-like
mp-582826.cif,-0.340229719877243,-0.2713595926761627,mp-582826,-0.2713595926761627,-0.340229719877243,0.06887012720108027,7.0,sp3-like
mp-1220428.cif,-1.134182095527649,-0.9377028942108154,mp-1220428,-0.9377028942108154,-1.134182095527649,0.1964792013168335,6.0,sp3-like
mp-1246040.cif,0.5250982046127319,0.1609711498022079,mp-1246040,0.1609711498022079,0.5250982046127319,0.36412705481052404,2.0,sp-like
mp-1246850.cif,0.3040534555912018,0.3657494783401489,mp-1246850,0.3657494783401489,0.3040534555912018,0.061696022748947144,2.0,sp-like
mp-1195442.cif,-1.4714272022247314,-1.4170620441436768,mp-1195442,-1.4170620441436768,-1.4714272022247314,0.05436515808105469,2.0,sp-like
mp-696231.cif,-0.2725556790828705,-0.3091386258602142,mp-696231,-0.3091386258602142,-0.2725556790828705,0.036582946777343694,3.0,sp2-like
mp-1216616.cif,-1.0662562847137451,-0.8440022468566895,mp-1216616,-0.8440022468566895,-1.0662562847137451,0.22225403785705566,6.0,sp3-like
mp-1038590.cif,-2.9633615016937256,-2.809620857238769,mp-1038590,-2.809620857238769,-2.9633615016937256,0.1537406444549565,0.0,sp-like
mp-1036764.cif,-2.843736410140991,-2.819110631942749,mp-1036764,-2.819110631942749,-2.843736410140991,0.024625778198242188,6.0,sp3-like
mp-10853.cif,-0.7182813286781311,-0.4909527599811554,mp-10853,-0.4909527599811554,-0.7182813286781311,0.2273285686969757,3.0,sp2-like
mp-732241.cif,-0.490995705127716,-0.277152955532074,mp-732241,-0.277152955532074,-0.490995705127716,0.21384274959564203,2.125,sp-like
mp-1245892.cif,0.5927429795265198,0.3361894190311432,mp-1245892,0.3361894190311432,0.5927429795265198,0.2565535604953766,2.0,sp-like
mp-1221498.cif,-0.2422341108322143,-0.0762856900691986,mp-1221498,-0.0762856900691986,-0.2422341108322143,0.1659484207630157,6.0,sp3-like
mp-726614.cif,-2.443603992462158,-2.460221529006958,mp-726614,-2.460221529006958,-2.443603992462158,0.016617536544799805,3.0,sp2-like
mp-540903.cif,0.1238297447562217,-0.0373427718877792,mp-540903,-0.0373427718877792,0.1238297447562217,0.1611725166440009,2.0,sp-like
mp-24749.cif,-1.3617483377456665,-1.273617386817932,mp-24749,-1.273617386817932,-1.3617483377456665,0.0881309509277346,3.0,sp2-like
mp-1220656.cif,0.0575848817825317,-0.0337544158101081,mp-1220656,-0.0337544158101081,0.0575848817825317,0.0913392975926398,6.0,sp3-like
mp-722472.cif,0.576095461845398,0.5428135395050049,mp-722472,0.5428135395050049,0.576095461845398,0.033281922340393066,2.6666666666666665,sp2-like
mp-1212501.cif,-0.5339154005050659,-0.3574759066104889,mp-1212501,-0.3574759066104889,-0.5339154005050659,0.17643949389457703,5.8,sp3-like
mp-758568.cif,-2.031858444213867,-1.8695855140686035,mp-758568,-1.8695855140686035,-2.031858444213867,0.16227293014526367,3.0,sp2-like
mp-1224177.cif,-0.0727868825197219,0.170859009027481,mp-1224177,0.170859009027481,-0.0727868825197219,0.2436458915472029,6.0,sp3-like
mp-1207803.cif,-0.7282848954200745,-0.3417395055294037,mp-1207803,-0.3417395055294037,-0.7282848954200745,0.3865453898906708,5.8,sp3-like
mp-1008374.cif,0.4998849630355835,0.4384115040302276,mp-1008374,0.4384115040302276,0.4998849630355835,0.06147345900535589,3.5,sp3-like
mp-1017366.cif,0.4293018281459808,0.4722658097743988,mp-1017366,0.4722658097743988,0.4293018281459808,0.042963981628418024,6.0,sp3-like
mp-1207951.cif,-0.6949896812438965,-0.414844661951065,mp-1207951,-0.414844661951065,-0.6949896812438965,0.2801450192928315,5.428571428571429,sp3-like
mp-542730.cif,-0.7275387048721313,-0.6140482425689697,mp-542730,-0.6140482425689697,-0.7275387048721313,0.11349046230316162,6.0,sp3-like
mp-1189451.cif,-0.6094772219657898,-0.564868688583374,mp-1189451,-0.564868688583374,-0.6094772219657898,0.04460853338241577,4.0,sp3-like
mp-1226536.cif,-0.353304386138916,-0.258506178855896,mp-1226536,-0.258506178855896,-0.353304386138916,0.09479820728302002,6.0,sp3-like
mp-561848.cif,-0.4400733411312103,-0.5513114929199219,mp-561848,-0.5513114929199219,-0.4400733411312103,0.11123815178871155,1.3333333333333333,sp-like
mp-1001925.cif,0.1793857812881469,0.4236770570278168,mp-1001925,0.4236770570278168,0.1793857812881469,0.24429127573966988,6.0,sp3-like
mp-1216273.cif,-0.7694480419158936,0.7485191822052002,mp-1216273,0.7485191822052002,-0.7694480419158936,1.5179672241210938,6.0,sp3-like
mp-1588.cif,-0.46558877825737,-0.5590023994445801,mp-1588,-0.5590023994445801,-0.46558877825737,0.09341362118721008,1.5454545454545454,sp-like
mp-1195560.cif,-1.1642742156982422,-1.2545161247253418,mp-1195560,-1.2545161247253418,-1.1642742156982422,0.09024190902709961,1.6666666666666667,sp-like
mp-752834.cif,-2.1056058406829834,-2.021202325820923,mp-752834,-2.021202325820923,-2.1056058406829834,0.08440351486206055,3.0,sp2-like
mp-10709.cif,1.09132719039917,0.92831152677536,mp-10709,0.92831152677536,1.09132719039917,0.16301566362380993,6.0,sp3-like
mp-758407.cif,-2.1879165172576904,-1.89796781539917,mp-758407,-1.89796781539917,-2.1879165172576904,0.2899487018585205,3.0,sp2-like
mp-1182630.cif,0.1037813872098922,0.2775627076625824,mp-1182630,0.2775627076625824,0.1037813872098922,0.17378132045269018,6.0,sp3-like
mp-1219523.cif,0.3163374364376068,0.5210326313972473,mp-1219523,0.5210326313972473,0.3163374364376068,0.2046951949596405,6.0,sp3-like
mp-1211632.cif,0.8224158883094788,1.2845847606658936,mp-1211632,1.2845847606658936,0.8224158883094788,0.4621688723564148,5.0,sp3-like
mp-21035.cif,-0.9986984133720398,-0.7973078489303589,mp-21035,-0.7973078489303589,-0.9986984133720398,0.2013905644416809,6.0,sp3-like
mp-1199920.cif,-0.1973939836025238,-0.0210353247821331,mp-1199920,-0.0210353247821331,-0.1973939836025238,0.1763586588203907,3.0,sp2-like
mp-1245491.cif,0.4774669408798218,0.3746023774147033,mp-1245491,0.3746023774147033,0.4774669408798218,0.10286456346511846,2.0,sp-like
mp-1208198.cif,-1.9306854009628296,-1.8584764003753664,mp-1208198,-1.8584764003753664,-1.9306854009628296,0.07220900058746316,2.0,sp-like
mp-1200309.cif,-1.451136827468872,-1.0083509683609009,mp-1200309,-1.0083509683609009,-1.451136827468872,0.4427858591079712,2.0,sp-like
mp-1086653.cif,-0.4469969570636749,-0.3639301061630249,mp-1086653,-0.3639301061630249,-0.4469969570636749,0.08306685090065002,7.0,sp3-like
mp-1105868.cif,-2.0210447311401367,-1.7986541986465454,mp-1105868,-1.7986541986465454,-2.0210447311401367,0.2223905324935913,3.0,sp2-like
mp-22966.cif,-1.2373939752578735,-1.0159564018249512,mp-22966,-1.0159564018249512,-1.2373939752578735,0.22143757343292236,4.0,sp3-like
mp-23821.cif,-1.6067311763763428,-1.529960870742798,mp-23821,-1.529960870742798,-1.6067311763763428,0.0767703056335447,2.0,sp-like
mp-9497.cif,-2.313296318054199,-2.344858169555664,mp-9497,-2.344858169555664,-2.313296318054199,0.031561851501464844,2.0,sp-like
mp-1026448.cif,0.2332579791545868,0.2892439365386963,mp-1026448,0.2892439365386963,0.2332579791545868,0.0559859573841095,6.0,sp3-like
mp-727207.cif,-2.504300832748413,-2.3900599479675293,mp-727207,-2.3900599479675293,-2.504300832748413,0.11424088478088379,1.5,sp-like
mp-1201367.cif,-1.6500324010849,-1.9318615198135376,mp-1201367,-1.9318615198135376,-1.6500324010849,0.2818291187286377,3.0,sp2-like
mp-1247310.cif,0.5248746275901794,0.3610457479953766,mp-1247310,0.3610457479953766,0.5248746275901794,0.16382887959480286,2.0,sp-like
mp-1224284.cif,-1.235043168067932,-0.8516813516616821,mp-1224284,-0.8516813516616821,-1.235043168067932,0.3833618164062498,6.0,sp3-like
mp-1214223.cif,0.1385648697614669,0.1002416014671325,mp-1214223,0.1002416014671325,0.1385648697614669,0.0383232682943344,3.0,sp2-like
mp-1077595.cif,1.1246116161346436,0.7074308395385742,mp-1077595,0.7074308395385742,1.1246116161346436,0.41718077659606934,4.0,sp3-like
mp-556458.cif,-2.8143763542175293,-2.6739752292633057,mp-556458,-2.6739752292633057,-2.8143763542175293,0.14040112495422363,3.0,sp2-like
mp-1203794.cif,-0.1599926948547363,-0.2656381726264953,mp-1203794,-0.2656381726264953,-0.1599926948547363,0.105645477771759,3.8,sp3-like
mp-622020.cif,0.4697681963443756,0.6246675252914429,mp-622020,0.6246675252914429,0.4697681963443756,0.15489932894706726,2.0,sp-like
mp-1217107.cif,-2.142486810684204,-1.7158857583999634,mp-1217107,-1.7158857583999634,-2.142486810684204,0.4266010522842407,6.0,sp3-like
mp-1005666.cif,-2.944171190261841,-2.564503669738769,mp-1005666,-2.564503669738769,-2.944171190261841,0.37966752052307173,6.0,sp3-like
mp-762515.cif,-1.5988259315490725,-1.5710108280181885,mp-762515,-1.5710108280181885,-1.5988259315490725,0.02781510353088401,3.0,sp2-like
mp-1209971.cif,-0.322416603565216,-0.3554933071136474,mp-1209971,-0.3554933071136474,-0.322416603565216,0.033076703548431396,5.8,sp3-like
mp-1026411.cif,0.1329699754714965,0.2798215448856354,mp-1026411,0.2798215448856354,0.1329699754714965,0.14685156941413888,6.0,sp3-like
mp-1014298.cif,2.152738332748413,1.7986339330673218,mp-1014298,1.7986339330673218,2.152738332748413,0.3541043996810913,2.6666666666666665,sp2-like
mp-1295192.cif,-2.111415147781372,-1.984233021736145,mp-1295192,-1.984233021736145,-2.111415147781372,0.12718212604522705,3.0,sp2-like
mp-571589.cif,0.81552654504776,0.5189526081085205,mp-571589,0.5189526081085205,0.81552654504776,0.2965739369392395,6.0,sp3-like
mp-1380343.cif,-0.885495126247406,-0.0627165511250495,mp-1380343,-0.0627165511250495,-0.885495126247406,0.8227785751223565,2.75,sp2-like
mp-1099287.cif,0.1494071930646896,0.1918875873088836,mp-1099287,0.1918875873088836,0.1494071930646896,0.042480394244194,8.0,sp3-like
mp-1212746.cif,0.39940145611763,0.1718267798423767,mp-1212746,0.1718267798423767,0.39940145611763,0.2275746762752533,2.0,sp-like
mp-29687.cif,0.5728455185890198,0.3560148477554321,mp-29687,0.3560148477554321,0.5728455185890198,0.2168306708335877,3.066666666666667,sp2-like
mp-683501.cif,-0.8472622632980347,-0.2338687926530838,mp-683501,-0.2338687926530838,-0.8472622632980347,0.6133934706449509,1.0,sp-like
mp-543017.cif,-0.5463290810585022,-0.3482772409915924,mp-543017,-0.3482772409915924,-0.5463290810585022,0.1980518400669098,5.8,sp3-like
mp-647812.cif,-1.2750012874603271,-0.8676143884658813,mp-647812,-0.8676143884658813,-1.2750012874603271,0.4073868989944458,2.0,sp-like
mp-698558.cif,0.3322497904300689,1.1128089427947998,mp-698558,1.1128089427947998,0.3322497904300689,0.7805591523647308,1.7777777777777777,sp-like
mp-1246964.cif,0.5895281434059143,0.5424025058746338,mp-1246964,0.5424025058746338,0.5895281434059143,0.04712563753128052,2.0,sp-like
mp-550895.cif,-1.5347546339035034,-1.59673810005188,mp-550895,-1.59673810005188,-1.5347546339035034,0.06198346614837669,4.0,sp3-like
mp-1025290.cif,-0.5967035889625549,-0.562084436416626,mp-1025290,-0.562084436416626,-0.5967035889625549,0.034619152545928955,6.0,sp3-like
mp-6524.cif,-2.59180760383606,-2.501753330230713,mp-6524,-2.501753330230713,-2.59180760383606,0.09005427360534712,3.0,sp2-like
mp-574060.cif,-0.1203148663043975,-0.1348675638437271,mp-574060,-0.1348675638437271,-0.1203148663043975,0.014552697539329612,2.0,sp-like
mp-1105738.cif,-1.1085058450698853,-0.8801416158676147,mp-1105738,-0.8801416158676147,-1.1085058450698853,0.2283642292022705,6.0,sp3-like
mp-1104073.cif,0.4384437203407287,0.3108835220336914,mp-1104073,0.3108835220336914,0.4384437203407287,0.1275601983070373,4.0,sp3-like
mp-763549.cif,-1.892188549041748,-1.9242830276489256,mp-763549,-1.9242830276489256,-1.892188549041748,0.03209447860717751,3.0,sp2-like
mp-753641.cif,-2.1906161308288574,-2.0830373764038086,mp-753641,-2.0830373764038086,-2.1906161308288574,0.10757875442504883,3.0,sp2-like
mp-1192643.cif,-0.230005532503128,-0.0647102668881416,mp-1192643,-0.0647102668881416,-0.230005532503128,0.1652952656149864,6.0,sp3-like
mp-22156.cif,-1.0446089506149292,-0.8380844593048096,mp-22156,-0.8380844593048096,-1.0446089506149292,0.20652449131011963,6.0,sp3-like
mp-1199075.cif,-0.6655786633491516,-0.7327736616134644,mp-1199075,-0.7327736616134644,-0.6655786633491516,0.06719499826431274,3.0,sp2-like
mp-570108.cif,-0.1306685656309127,-0.0711200684309005,mp-570108,-0.0711200684309005,-0.1306685656309127,0.05954849720001219,5.0,sp3-like
mp-1205848.cif,-0.6511309742927551,-0.6743224859237671,mp-1205848,-0.6743224859237671,-0.6511309742927551,0.023191511631011963,6.0,sp3-like
mp-10293.cif,0.1114467680454254,0.083241768181324,mp-10293,0.083241768181324,0.1114467680454254,0.028204999864101396,5.0,sp3-like
mp-722003.cif,0.6502000689506531,0.8891316652297974,mp-722003,0.8891316652297974,0.6502000689506531,0.2389315962791443,2.0,sp-like
mp-1200692.cif,-0.4030724167823791,-0.3059245944023132,mp-1200692,-0.3059245944023132,-0.4030724167823791,0.09714782238006592,4.0,sp3-like
mp-1189663.cif,-2.14013671875,-2.0088891983032227,mp-1189663,-2.0088891983032227,-2.14013671875,0.13124752044677734,2.5,sp2-like
mp-1224468.cif,-1.2535648345947266,-0.940439522266388,mp-1224468,-0.940439522266388,-1.2535648345947266,0.3131253123283385,6.0,sp3-like
mp-1189850.cif,-0.3987513482570648,-0.2995796799659729,mp-1189850,-0.2995796799659729,-0.3987513482570648,0.09917166829109192,3.0,sp2-like
mp-30161.cif,-0.9362012147903442,-0.807115912437439,mp-30161,-0.807115912437439,-0.9362012147903442,0.12908530235290527,2.0,sp-like
mp-973461.cif,2.157292366027832,1.51034677028656,mp-973461,1.51034677028656,2.157292366027832,0.646945595741272,0.0,sp-like
mp-30068.cif,0.9082213640213012,0.3017649352550506,mp-30068,0.3017649352550506,0.9082213640213012,0.6064564287662506,2.0,sp-like
mp-3346398.cif,-2.7232425212860107,-2.5568647384643555,mp-3346398,-2.5568647384643555,-2.7232425212860107,0.16637778282165527,3.0,sp2-like
mp-1640104.cif,-1.860759258270264,-1.8526756763458248,mp-1640104,-1.8526756763458248,-1.860759258270264,0.008083581924439143,3.0,sp2-like
mp-1213545.cif,-1.465253472328186,-1.1721044778823853,mp-1213545,-1.1721044778823853,-1.465253472328186,0.2931489944458008,2.0,sp-like
mp-1209673.cif,-2.1396706104278564,-1.67449152469635,mp-1209673,-1.67449152469635,-2.1396706104278564,0.46517908573150635,2.0,sp-like
mp-505538.cif,-1.0285564661026,-0.6787004470825195,mp-505538,-0.6787004470825195,-1.0285564661026,0.34985601902008057,6.0,sp3-like
mp-31321.cif,-0.2225193530321121,-0.0658486038446426,mp-31321,-0.0658486038446426,-0.2225193530321121,0.15667074918746948,2.0,sp-like
mp-1180803.cif,-2.145951986312866,-1.5103334188461304,mp-1180803,-1.5103334188461304,-2.145951986312866,0.6356185674667358,2.0,sp-like
mp-1037140.cif,-2.749334812164306,-2.7977216243743896,mp-1037140,-2.7977216243743896,-2.749334812164306,0.04838681221008345,6.0,sp3-like
mp-1200780.cif,0.0447684451937675,0.0038765722420066,mp-1200780,0.0038765722420066,0.0447684451937675,0.0408918729517609,6.0,sp3-like
mp-1195478.cif,-1.3433549404144287,-1.2511168718338013,mp-1195478,-1.2511168718338013,-1.3433549404144287,0.09223806858062744,2.0,sp-like
mp-1245727.cif,-0.6979455351829529,-0.4995934665203094,mp-1245727,-0.4995934665203094,-0.6979455351829529,0.1983520686626435,2.0,sp-like
mp-1105990.cif,-0.8856484889984131,-0.7220814228057861,mp-1105990,-0.7220814228057861,-0.8856484889984131,0.16356706619262695,6.0,sp3-like
mp-1191774.cif,0.0490635782480239,0.1771328598260879,mp-1191774,0.1771328598260879,0.0490635782480239,0.128069281578064,5.5,sp3-like
mp-999122.cif,-0.5359956622123718,-0.2540872693061828,mp-999122,-0.2540872693061828,-0.5359956622123718,0.281908392906189,7.0,sp3-like
mp-1038425.cif,-2.9140985012054443,-2.7642056941986084,mp-1038425,-2.7642056941986084,-2.9140985012054443,0.14989280700683594,2.0,sp-like
mp-1215389.cif,-1.6375741958618164,-1.2975107431411743,mp-1215389,-1.2975107431411743,-1.6375741958618164,0.3400634527206421,6.0,sp3-like
mp-1223002.cif,-0.5612080693244934,-0.3118471801280975,mp-1223002,-0.3118471801280975,-0.5612080693244934,0.24936088919639593,6.0,sp3-like
mp-1203662.cif,-0.9710363745689392,-0.855994701385498,mp-1203662,-0.855994701385498,-0.9710363745689392,0.11504167318344116,3.0,sp2-like
mp-1194548.cif,-0.2493934035301208,-0.0820792391896247,mp-1194548,-0.0820792391896247,-0.2493934035301208,0.1673141643404961,6.0,sp3-like
mp-6825.cif,-1.6015064716339111,-1.377012014389038,mp-6825,-1.377012014389038,-1.6015064716339111,0.22449445724487305,4.0,sp3-like
mp-1018649.cif,0.1892700642347335,0.2523757219314575,mp-1018649,0.2523757219314575,0.1892700642347335,0.06310565769672402,4.0,sp3-like
mp-6796.cif,-3.651176691055298,-3.2585573196411133,mp-6796,-3.2585573196411133,-3.651176691055298,0.39261937141418457,3.0,sp2-like
mp-1034615.cif,-2.87926983833313,-2.6523654460906982,mp-1034615,-2.6523654460906982,-2.87926983833313,0.22690439224243164,2.0,sp-like
mp-559900.cif,0.2932745516300201,-0.1190597638487815,mp-559900,-0.1190597638487815,0.2932745516300201,0.4123343154788016,3.0,sp2-like
mp-729795.cif,0.8561602234840393,0.7064399719238281,mp-729795,0.7064399719238281,0.8561602234840393,0.14972025156021118,2.0,sp-like
mp-729728.cif,-1.4622994661331177,-1.75321364402771,mp-729728,-1.75321364402771,-1.4622994661331177,0.2909141778945923,2.0,sp-like
mp-1197710.cif,-0.4547257423400879,-0.1259221881628036,mp-1197710,-0.1259221881628036,-0.4547257423400879,0.3288035541772843,5.666666666666667,sp3-like
mp-1033209.cif,-2.6420929431915283,-2.373534202575684,mp-1033209,-2.373534202575684,-2.6420929431915283,0.2685587406158443,4.0,sp3-like
mp-1224588.cif,-0.8228457570075989,-0.9353532791137696,mp-1224588,-0.9353532791137696,-0.8228457570075989,0.11250752210617077,2.0,sp-like
mp-1245869.cif,-0.2211719453334808,0.0286819972097873,mp-1245869,0.0286819972097873,-0.2211719453334808,0.2498539425432681,2.0,sp-like
mp-1049181.cif,-0.4273566603660583,-0.3145468831062317,mp-1049181,-0.3145468831062317,-0.4273566603660583,0.1128097772598266,2.75,sp2-like
mp-543045.cif,-1.4134260416030884,-1.4924989938735962,mp-543045,-1.4924989938735962,-1.4134260416030884,0.07907295227050781,3.0,sp2-like
mp-1026737.cif,0.241138145327568,0.3564122021198272,mp-1026737,0.3564122021198272,0.241138145327568,0.11527405679225922,2.0,sp-like
mp-1203259.cif,-0.4843683540821075,-0.4295853972434997,mp-1203259,-0.4295853972434997,-0.4843683540821075,0.05478295683860779,3.0,sp2-like
